education,age,n,weights_total,avg_labor_income,avg_add_labor_income,avg_no_labor_income,avg_remittances,year,sample
At most primary school,14,76,77387,747.6664685283058,9.17867342060036,17.92333768376256,0,2022,general
At most primary school,15,60,60699,773.7293036129096,80.84251799864907,3.5997298143297254,0,2022,general
At most primary school,16,51,57513,939.164432389199,22.455792603411403,2.699389703197538,0,2022,general
At most primary school,17,46,50285,1064.510655927878,16.671174306453217,31.575022372476887,42.31878293725763,2022,general
At most primary school,18,53,55186,1728.7548472438662,64.43971297068097,52.89838002391911,111.37607364186569,2022,general
At most primary school,19,51,53677,1045.9405331892617,22.238388881643907,9.130229583123747,63.873726176947294,2022,general
At most primary school,20,72,77408,1491.8286266708005,25.85908433236875,7.251349989665151,0,2022,general
At most primary school,21,45,46946,2069.9747795339326,79.59655774719891,41.78201905735668,0,2022,general
At most primary school,22,73,65909,1592.8728372958674,51.31165698159584,13.454725454793731,19.25381966044091,2022,general
At most primary school,23,60,68690,2137.3325326345416,55.11937691075848,39.741107390692484,0,2022,general
At most primary school,24,49,50304,1682.174787293257,3.1712189885496183,18.97595949957591,6.825500954198473,2022,general
At most primary school,25,65,70251,1773.5487324023857,80.73621727804587,5.103486071372649,5.893154545842764,2022,general
At most primary school,26,51,56105,1384.985042925467,33.63693075483469,9.982918931764845,14.437215934408698,2022,general
At most primary school,27,56,56175,2244.982141106661,36.36564307966177,90.32487761459724,0,2022,general
At most primary school,28,72,70368,2222.0032306351372,29.767081628012733,69.59703511065636,77.91515082613309,2022,general
At most primary school,29,60,69345,2014.797654240873,73.6102098204629,60.566731559593336,30.22568317831134,2022,general
At most primary school,30,93,82039,2604.326417923183,33.35121100939797,29.337576234067534,78.74059898341032,2022,general
At most primary school,31,65,57402,2606.231310175023,21.66161457788927,106.88239318026086,66.54994599491307,2022,general
At most primary school,32,89,87218,2070.0086564699945,15.893508220780115,22.16182917134842,126.6278061867963,2022,general
At most primary school,33,88,84246,2349.425313961494,27.001519359969613,146.85395547958757,26.411540805102522,2022,general
At most primary school,34,84,86233,2418.140180286742,26.247492259343872,172.37044789504407,44.69750559530574,2022,general
At most primary school,35,79,83510,2264.2757434239415,1.0777152436833912,37.40128627310102,44.74434199497066,2022,general
At most primary school,36,79,74416,2202.386072887551,23.458664803268114,56.00822851716477,39.01289149286892,2022,general
At most primary school,37,71,73341,1964.3950859682852,86.54913349967958,47.10393913363603,279.2836203487817,2022,general
At most primary school,38,108,101201,2529.2253031755286,14.19570952856197,20.976653722130546,123.43306884319325,2022,general
At most primary school,39,69,63533,2087.3138369036565,74.27022177451089,33.0308658492437,50.90268049674972,2022,general
At most primary school,40,125,120327,2792.8566046412416,30.11610029336724,65.47931193054481,72.03321504455913,2022,general
At most primary school,41,61,55339,2277.509614918954,77.63060409476138,30.826737623255447,213.71425817837934,2022,general
At most primary school,42,96,95383,2316.149322206263,13.957413794911043,67.73206441399411,205.71485484834824,2022,general
At most primary school,43,86,85788,2576.2253675727766,35.157597799226,18.315181027649555,31.389005455308435,2022,general
At most primary school,44,75,67704,2618.21974329434,32.455984875339716,123.9202385875773,220.87321280869668,2022,general
At most primary school,45,84,71156,2453.5209328798696,14.031142841081568,87.3079922986115,29.302752637397642,2022,general
At most primary school,46,81,77803,2958.020029219096,22.01007673225968,130.7682865699266,21.315373443183425,2022,general
At most primary school,47,73,72336,2601.3724977881,30.834162795841628,607.8985682555482,94.24767750497678,2022,general
At most primary school,48,84,74357,2672.64662735183,30.974218970641633,59.93069471154924,114.82846268676789,2022,general
At most primary school,49,65,60876,3851.2909028188446,23.315428083316906,915.3481393871696,297.05329960356573,2022,general
At most primary school,50,97,94922,3021.4526207482636,13.515096605634099,134.18371575258283,66.77596693425478,2022,general
At most primary school,51,56,45715,2467.1082431003683,23.211199825002733,72.45831054723104,0,2022,general
At most primary school,52,94,79635,2377.779703229317,0,40.38707854586551,60.412507063477115,2022,general
At most primary school,53,62,56793,3531.632501658068,0,29.512596916286633,97.05186672066394,2022,general
At most primary school,54,52,44022,3174.597583783866,9.170414792603697,82.51703693607742,32.98350824587706,2022,general
At most primary school,55,72,60363,2364.359696061053,22.417706210758247,57.506005334393585,80.35882908404155,2022,general
At most primary school,56,55,59795,3277.7057818100734,0,107.69908019065139,0,2022,general
At most primary school,57,55,50063,2726.9975614059617,24.310169186824602,97.51366611402966,212.4399922763984,2022,general
At most primary school,58,45,43946,2004.0126282255494,65.5012970463751,30.093941048862998,172.73183755821537,2022,general
At most primary school,59,55,42091,2237.738788181163,23.48720629113112,120.15477378378591,72.43111353971157,2022,general
At most primary school,60,68,59533,3088.3838571324586,13.787311239144676,41.186190852132434,43.916259329559516,2022,general
Secondary school or above,14,32,32819,672.9734032115543,11.580486913068649,7.448429263536367,288.19129162984854,2022,general
Secondary school or above,15,45,40459,608.3122719296077,6.001136953459057,16.986331842111767,0,2022,general
Secondary school or above,16,55,53897,1507.5131732749503,16.404623633968495,4.56775578108862,93.4467595599013,2022,general
Secondary school or above,17,66,57877,906.869337848656,85.92877999896332,17.19163052680685,6.325483352627123,2022,general
Secondary school or above,18,107,89641,1324.273258999788,12.440735824009103,22.614093997166474,6.148972010575518,2022,general
Secondary school or above,19,136,113410,2166.4566543220762,25.39671986597302,14.54861417276548,100.14839961202716,2022,general
Secondary school or above,20,143,111428,2440.3434983427264,62.11921599597947,9.175177394072106,53.89309688767635,2022,general
Secondary school or above,21,129,108014,2387.3150963455355,53.07219434517748,54.70741447096364,19.525246727276095,2022,general
Secondary school or above,22,202,160829,2524.446941575628,54.05695490241188,42.97110595725895,80.48019946651412,2022,general
Secondary school or above,23,156,118476,2843.7496756305072,46.72507512069955,75.46619849871142,35.94398865593031,2022,general
Secondary school or above,24,133,105684,3236.6526516155077,23.45596305968737,141.13563390232517,18.54206880890201,2022,general
Secondary school or above,25,160,107327,3338.03213698945,40.988940341200255,31.49393908336206,31.240973846282856,2022,general
Secondary school or above,26,139,111881,3454.9659062158307,20.64738427436294,41.086437077490075,20.709503847838327,2022,general
Secondary school or above,27,166,110691,3369.1156432471175,17.185137003008375,14.809228693690844,17.59808837213504,2022,general
Secondary school or above,28,161,119917,4026.0130804917844,24.201889640334564,181.24831480663016,220.16436368488203,2022,general
Secondary school or above,29,132,93133,3600.5909646419636,122.8481848539186,69.09393018586323,45.92249793306347,2022,general
Secondary school or above,30,149,106441,3416.4176194636775,95.95156001916554,74.10000219213775,95.39369228023037,2022,general
Secondary school or above,31,132,105107,3952.154030337339,33.892604679041355,38.17720671950171,110.31028697739764,2022,general
Secondary school or above,32,138,96853,4015.772329922667,16.77439005503185,34.04076916392196,113.89115463640775,2022,general
Secondary school or above,33,138,94561,4889.685793826207,16.974757035141337,95.68345653423012,61.73898330178403,2022,general
Secondary school or above,34,95,63307,5810.877433248562,84.99218095945156,153.58491162114774,2.6316205158987156,2022,general
Secondary school or above,35,120,91491,4738.963157031839,0.7864161502224263,53.06678616840273,28.95978839448689,2022,general
Secondary school or above,36,118,81875,4394.371106361323,22.78412213740458,76.80183206106871,29.64812213740458,2022,general
Secondary school or above,37,89,65576,5408.773379996747,154.12849213126754,170.6467813427677,92.85816457240453,2022,general
Secondary school or above,38,121,85913,5744.017537120886,33.958190262242034,654.1487706555857,90.25409425814486,2022,general
Secondary school or above,39,81,55901,4650.802803587294,42.674370762598166,34.605821004990965,246.34800808572297,2022,general
Secondary school or above,40,112,71376,7211.169347306284,52.248655010087425,532.8272108271688,64.70746469401479,2022,general
Secondary school or above,41,77,52232,4452.380433450759,17.481620462551692,59.52927962424056,69.37611681217135,2022,general
Secondary school or above,42,103,62823,4870.809788347155,57.95648090667431,97.13507261141089,113.6208076659822,2022,general
Secondary school or above,43,95,60295,4982.60817646571,61.20739696492247,318.4016778616248,115.70208972551622,2022,general
Secondary school or above,44,67,45888,5007.966973936541,67.29297419804742,2.058147010111576,629.5981520223152,2022,general
Secondary school or above,45,61,43478,5490.349180428416,0,185.77748133155464,359.98205989235936,2022,general
Secondary school or above,46,65,41883,4514.536486561771,9.913329990688347,158.5181736424484,32.19205883055177,2022,general
Secondary school or above,47,52,33357,5233.690429794845,19.294301046257157,287.4639006305523,9.389333573163054,2022,general
Secondary school or above,48,70,49569,4078.290776493373,14.422320401864068,89.92851715117648,40.970969759325385,2022,general
Secondary school or above,49,57,36965,4800.649019342622,4.628702826998512,138.92510933766172,10.128499932368456,2022,general
Secondary school or above,50,58,41687,4201.232518530956,159.54374265358504,53.18524560014712,30.009955141890757,2022,general
Secondary school or above,51,49,35507,5893.106861557815,2.3995268538598022,46.14822429380122,31.900751964401387,2022,general
Secondary school or above,52,47,32296,5863.1988378333745,30.013004706465196,173.85296682767734,159.74424077285113,2022,general
Secondary school or above,53,43,33285,5228.779480246357,29.92579239897852,32.765509989484755,87.81733513594712,2022,general
Secondary school or above,54,31,18152,5021.625716174526,0,308.67489349199354,127.20912296165712,2022,general
Secondary school or above,55,37,23505,5829.8923633269515,117.1495426504999,421.0247465078353,44.322484577749414,2022,general
Secondary school or above,56,41,26019,6586.603232253353,81.4366424535916,654.5507769962976,226.257734732311,2022,general
Secondary school or above,57,41,31683,5790.064082736273,0,71.85767341055667,188.35232353838543,2022,general
Secondary school or above,58,43,29661,6217.927143386939,32.404504231145275,240.21835631525124,0,2022,general
Secondary school or above,59,22,11799,4720.631974461112,0,407.58256349408146,0,2022,general
Secondary school or above,60,38,22807,7068.0110273161745,30.60463892664533,675.266058666199,53.075810058315426,2022,general
At most primary school,14,45,48995,862.4632105316869,0,0,0,2022,males
At most primary school,15,48,47935,808.7448628350892,63.065818295608636,4.558255971628246,0,2022,males
At most primary school,16,43,46111,981.7888139489493,28.00850122530416,3.36687558283273,0,2022,males
At most primary school,17,28,33901,1319.0480615124432,24.728179109760774,46.262155491971725,62.77100970472848,2022,males
At most primary school,18,40,40949,2056.851205157635,19.461281105765707,71.28989718918655,150.09890351412733,2022,males
At most primary school,19,35,36900,1189.3131436314363,16.281842818428185,12.522583559168924,0,2022,males
At most primary school,20,47,50777,1758.7339477847584,32.481241506981505,4.970262126553361,0,2022,males
At most primary school,21,26,26970,3078.3843529847977,104.23581757508343,69.55871956494872,0,2022,males
At most primary school,22,45,38592,1986.5772914939191,80.19537728026533,16.69484608208955,32.882462686567166,2022,males
At most primary school,23,38,44516,2618.1286878126216,42.75990655045377,58.42618384401114,0,2022,males
At most primary school,24,35,32252,1832.485597792385,4.946204886518665,25.820879325313157,0,2022,males
At most primary school,25,42,48945,2118.6188579017266,88.95699254264991,7.325058739401369,0,2022,males
At most primary school,26,27,28199,1685.5980117498257,0,1.6005886733572112,0,2022,males
At most primary school,27,38,40712,2486.5382633294034,50.17783454509727,124.63155826292002,0,2022,males
At most primary school,28,47,46911,2294.3554461284843,26.187887702244677,55.355087292959006,33.275777536185544,2022,males
At most primary school,29,30,34749,2652.1382869531017,135.655702322369,39.078342782046484,0,2022,males
At most primary school,30,54,50273,3335.035108308635,50.30732202176118,13.974698148111312,25.043263779762498,2022,males
At most primary school,31,38,37632,3072.7014508928573,33.04156037414966,127.76989884495464,29.66889880952381,2022,males
At most primary school,32,51,47760,2155.188407314349,3.2600502512562812,5.122007607481854,29.690619765494137,2022,males
At most primary school,33,50,47596,3029.476286522677,20.925497941003446,48.423712076645096,0,2022,males
At most primary school,34,59,60684,2692.7335404170235,26.792894337881485,225.05575330125458,63.515918528772,2022,males
At most primary school,35,40,47634,2857.5669339827296,1.8894067262879455,21.131614672992683,0,2022,males
At most primary school,36,45,44707,2685.8852603246323,11.70957568166059,57.27831584912131,45.37991813362561,2022,males
At most primary school,37,48,47811,2524.008944942935,111.64794712513857,36.50484895386696,377.0680387358558,2022,males
At most primary school,38,67,65346,3043.9210765259795,20.32289658127506,25.764137565165935,8.569767085973128,2022,males
At most primary school,39,39,37778,2424.907529955706,104.6704431150405,6.8159157887306545,0,2022,males
At most primary school,40,70,70855,3159.7394208830237,3.3815538776374288,96.24750076447204,66.97127937336815,2022,males
At most primary school,41,29,28391,2459.6544531717796,144.02451481103168,10.035750766087844,0,2022,males
At most primary school,42,57,61084,2859.0395106192564,0,67.08692128871718,205.7003470630607,2022,males
At most primary school,43,56,61559,2926.518979082398,39.40934713039523,18.79842914927143,43.74340064003639,2022,males
At most primary school,44,47,45616,3164.7829745410963,35.5313924938618,133.8090436104291,36.34689582602596,2022,males
At most primary school,45,50,41880,2893.9328915950337,11.709646609360076,88.93823623049984,0,2022,males
At most primary school,46,48,44029,3960.631757856564,24.525653546526154,195.8878996419027,18.533239455813213,2022,males
At most primary school,47,44,45579,3295.3252813795825,33.65804427477566,912.0556250319958,68.22878957414599,2022,males
At most primary school,48,45,38742,2968.919551649373,25.918899385679623,71.68361640252611,0,2022,males
At most primary school,49,38,39421,4951.032909701259,3.1544100859947743,1397.7038465115886,402.66144102551095,2022,males
At most primary school,50,62,62335,3457.940060426192,9.343065693430656,74.90829122215983,85.58594689981551,2022,males
At most primary school,51,38,30363,2903.6208543292823,11.560122517537792,103.46825632074125,0,2022,males
At most primary school,52,56,47713,2788.728159341619,0,56.52652316978601,67.90602141973885,2022,males
At most primary school,53,39,39709,4287.334777170582,0,33.02847381366105,107.59945268494968,2022,males
At most primary school,54,26,22795,4374.417613511735,0,107.29143818088762,0,2022,males
At most primary school,55,42,36657,2776.762373716707,31.07728401123933,54.776486528266545,89.00346454974493,2022,males
At most primary school,56,36,39282,2868.4270715170646,0,152.09478896186548,0,2022,males
At most primary school,57,37,31671,3733.9453416900847,0.9159799185374633,17.876290612863503,220.49351141422753,2022,males
At most primary school,58,23,23952,2217.5815364061455,120.17869071476287,10.764584725005566,102.74298597194388,2022,males
At most primary school,59,29,20680,2794.9437459703418,47.804642166344294,227.75392891682785,0,2022,males
At most primary school,60,46,42269,3615.7569653094856,0,43.43411641313176,24.603531350792938,2022,males
Secondary school or above,14,19,18568,917.9897738043948,1.2634640241275312,1.4406505816458424,186.7729426971133,2022,males
Secondary school or above,15,29,28647,755.4196324222432,6.0878975110831846,10.568296854819003,0,2022,males
Secondary school or above,16,36,38850,1884.7519948519948,22.75830115830116,6.336894036894037,129.63963963963963,2022,males
Secondary school or above,17,42,38587,959.1043615725504,94.1327390053645,21.66532770103921,9.487651281519684,2022,males
Secondary school or above,18,65,56366,1401.6924741865664,15.165170492850299,35.9640563460242,6.670688003406309,2022,males
Secondary school or above,19,82,74511,2425.113417258302,32.36501992994323,16.715764562726754,10.280361288937204,2022,males
Secondary school or above,20,93,75994,2550.9142695475957,44.93209990262389,3.0753085769929207,63.89320209490223,2022,males
Secondary school or above,21,82,73599,2391.501314555904,66.23106292205057,68.98870908572127,19.16602127746301,2022,males
Secondary school or above,22,125,97978,2773.7966856505204,51.17603951907571,39.26561745153674,18.360754455081754,2022,males
Secondary school or above,23,96,76417,3135.643288360792,50.1179057016109,116.04660394065894,22.97918002538702,2022,males
Secondary school or above,24,84,64802,3235.958921020956,4.844294929168853,221.6752569365143,0,2022,males
Secondary school or above,25,85,62059,3638.075669927005,59.652910939589745,38.82676163006172,22.288467426158977,2022,males
Secondary school or above,26,80,64490,3744.53862180183,28.14777484881377,33.49123895177547,26.78864940300822,2022,males
Secondary school or above,27,98,67929,3519.8352814458235,4.28388464426092,20.17302379445205,7.953156972721518,2022,males
Secondary school or above,28,86,66782,3790.773982110948,33.07355275373604,265.82936519820714,375.8003653679135,2022,males
Secondary school or above,29,79,55014,4096.9567382848,137.00403533645982,96.37880054773936,77.74202930163231,2022,males
Secondary school or above,30,98,66778,3921.3259232082423,83.87238312018928,103.34141982888578,71.05334092066249,2022,males
Secondary school or above,31,76,63615,4301.108905132437,26.66902460111609,42.15122219602295,159.39217689748227,2022,males
Secondary school or above,32,84,60723,4364.28086782054,22.170347314855984,41.77878782888417,111.40259868583568,2022,males
Secondary school or above,33,91,63270,5701.000980190717,19.00632211158527,54.78939465781571,52.61419314050893,2022,males
Secondary school or above,34,59,42859,6493.749395303981,116.65694486572248,125.25412787668091,0,2022,males
Secondary school or above,35,70,52332,5270.979248515886,1.3748757930138347,56.06193788376774,16.864633493846977,2022,males
Secondary school or above,36,66,44661,4673.213892807296,11.273818320234657,81.86225118111999,54.35256711672376,2022,males
Secondary school or above,37,50,34823,6541.1181068068045,285.78382103781985,273.3059567910098,163.17568848175057,2022,males
Secondary school or above,38,75,58206,6351.819749395823,48.89100779988318,944.2525970976645,84.24389238222864,2022,males
Secondary school or above,39,44,32386,5550.194689886576,73.65960600259372,38.977747586405656,292.98153523127274,2022,males
Secondary school or above,40,73,46100,8076.222487346349,75.54013015184381,767.1012292118584,74.77223427331887,2022,males
Secondary school or above,41,43,33863,5283.252167065331,26.633789091338627,72.33804841075312,49.858547677406015,2022,males
Secondary school or above,42,58,36439,5440.266106826934,5.491369137462609,58.74841058572774,0,2022,males
Secondary school or above,43,52,32190,5761.701563632599,92.42000621310966,120.05798902350627,8.97794346070208,2022,males
Secondary school or above,44,35,23633,5168.017870491826,15.25832522320484,0,973.723183683832,2022,males
Secondary school or above,45,32,19322,6053.4283890556535,0,208.20739743987852,267.8449435876203,2022,males
Secondary school or above,46,37,25240,4593.947966191231,9.60380348652932,181.88061278394082,4.80190174326466,2022,males
Secondary school or above,47,26,15080,5990.487113174183,36.783819628647215,617.1861184792219,0,2022,males
Secondary school or above,48,39,28711,4651.0151916222585,19.706732611194315,74.15856872511117,31.108286022778724,2022,males
Secondary school or above,49,36,25868,5029.312599865986,1.731869491263337,101.65713107571774,14.47348074841503,2022,males
Secondary school or above,50,37,29385,4057.3929442459307,221.0005104645227,17.716238443650386,0,2022,males
Secondary school or above,51,25,19792,4801.37917677176,4.304769603880356,82.79026879547291,0,2022,males
Secondary school or above,52,31,21641,6174.84245182755,30.5300124763181,259.3449162854459,238.39471373781248,2022,males
Secondary school or above,53,27,19120,6985.3033472803345,22.332635983263597,13.519874476987448,0,2022,males
Secondary school or above,54,14,8750,4732.13619047619,0,268.8457142857143,0,2022,males
Secondary school or above,55,22,15907,5644.343370843025,173.10617966932796,65.88294461557805,48.02916954799774,2022,males
Secondary school or above,56,20,12388,9591.913572274243,89.02970616725864,503.98288666451407,363.3354859541492,2022,males
Secondary school or above,57,30,24821,5573.898123900461,0,55.886816271168236,240.42410324590733,2022,males
Secondary school or above,58,30,21504,6283.0364505828375,44.69633556547619,331.3391307043651,0,2022,males
Secondary school or above,59,15,8554,5084.752162730886,0,350.3701971787078,0,2022,males
Secondary school or above,60,23,12857,8403.633169998186,54.289492105467836,937.3622669881516,20.300225558061758,2022,males
At most primary school,14,31,28392,549.5660749506903,25.017962806424343,48.8529632760402,0,2022,females
At most primary school,15,12,12764,642.228925101849,147.60263240363523,0,0,2022,females
At most primary school,16,8,11402,766.7865286791791,0,0,0,2022,females
At most primary school,17,18,16384,537.8338623046875,0,1.1850992838541667,0,2022,females
At most primary school,18,13,14237,785.0716443070871,193.80838659830022,0,0,2022,females
At most primary school,19,16,16777,730.6011205817488,35.33945282231627,1.6689515407999047,204.36013590033974,2022,females
At most primary school,20,25,26631,982.923535228368,13.23269873455747,11.600672148999287,0,2022,females
At most primary school,21,19,19976,708.5007008410092,46.33059671605927,4.280136163396075,0,2022,females
At most primary school,22,28,27317,1036.6681919683713,10.506278141816452,8.877255921221218,0,2022,females
At most primary school,23,22,24174,1251.9547861338629,77.87912633407794,5.332864510079699,0,2022,females
At most primary school,24,14,18052,1413.6270219366274,0,6.746713198906862,19.02005317970308,2022,females
At most primary school,25,23,21306,980.8397634469163,61.85112174974186,0,19.431146156012392,2022,females
At most primary school,26,24,27906,1081.2157779688955,67.62703361284312,18.453259752980244,29.02601591055687,2022,females
At most primary school,27,18,15463,1608.9973485093449,0,0,0,2022,females
At most primary school,28,25,23457,2077.3080530332095,36.92501172357932,98.07910929218001,167.18818831620982,2022,females
At most primary school,29,30,34596,1374.6383975026015,11.290322580645162,82.15015223339884,60.58503873280147,2022,females
At most primary school,30,39,31766,1447.903890952591,6.51640118365548,53.65092919053915,163.72221872442233,2022,females
At most primary school,31,27,19770,1718.3099983139437,0,67.12323216995448,136.752655538695,2022,females
At most primary school,32,38,39458,1966.9070066061806,31.185057529525064,42.786845084224574,243.9606670383699,2022,females
At most primary school,33,38,36650,1466.2682582992268,34.892223738062754,274.68167348794907,60.711232378353806,2022,females
At most primary school,34,25,25549,1765.9258679400368,24.952052917922423,47.23227914986888,0,2022,females
At most primary school,35,39,35876,1476.5393020403612,0,59.00317993458952,104.15319433604638,2022,females
At most primary school,36,34,29709,1474.8019006586107,41.13904877309906,54.096962761003965,29.43159760790782,2022,females
At most primary school,37,23,25530,916.3849719284501,39.54563258911085,66.95325760543152,96.1590285938112,2022,females
At most primary school,38,41,35855,1591.1884880769767,3.028866266908381,12.251429368288942,332.7722772277228,2022,females
At most primary school,39,30,25755,1592.1239888694752,29.678509027373327,71.48353070601178,125.56785090273733,2022,females
At most primary school,40,55,49472,2267.3981241914616,68.40596701164294,21.412364569857697,79.28304225959465,2022,females
At most primary school,41,32,26948,2085.6113626243136,7.681460590767404,52.73103136905645,438.8723962198803,2022,females
At most primary school,42,39,34299,1349.3017677872047,38.81454269803784,68.88101693926937,205.74069214845915,2022,females
At most primary school,43,30,24229,1686.2288992529614,24.355111643072352,17.087384951917123,0,2022,females
At most primary school,44,28,22088,1489.4607630085718,26.10467222021007,103.49794005795002,601.9558131111916,2022,females
At most primary school,45,34,29276,1823.5013663068726,17.352097281049325,84.97589037664527,71.2210229084119,2022,females
At most primary school,46,33,33774,1650.9793529539488,18.7306804050453,45.87601902844397,24.942263279445726,2022,females
At most primary school,47,29,26757,1419.2641178009492,26.023844227678737,89.78463579624024,138.5693463392757,2022,females
At most primary school,48,39,35615,2350.360915344658,36.47339604099396,47.14586550610698,239.73887406991437,2022,females
At most primary school,49,27,21455,1830.6463139905227,60.35889070146819,29.077138196224656,103.01095315777208,2022,females
At most primary school,50,35,32587,2186.5048025286155,21.4956884647252,247.57045242990557,30.794744325446754,2022,females
At most primary school,51,18,15352,1603.7788778877887,46.254559666492966,11.127214695153725,0,2022,females
At most primary school,52,38,31922,1763.5455171981705,0,16.263861913413947,49.21214209635988,2022,females
At most primary school,53,23,17084,1775.1245609927416,0,21.340508663076562,72.53570592367127,2022,females
At most primary school,54,26,21227,1886.1490240417081,19.018231497620956,55.912595593662154,68.4034484383097,2022,females
At most primary school,55,30,23706,1726.654264743103,9.027250485109255,61.72670772518912,66.99147895047668,2022,females
At most primary school,56,19,20513,4061.4666309169793,0,22.682152781163165,0,2022,females
At most primary school,57,18,18392,993.0347977381471,64.59493257938234,234.64912280701756,198.571842830216,2022,females
At most primary school,58,22,19994,1748.1657497249175,0,53.24972491747524,256.5756393584742,2022,females
At most primary school,59,26,21411,1699.5575483007176,0,16.229196830289727,142.3893325860539,2022,females
At most primary school,60,22,17264,1797.1689643188138,47.54402224281743,35.68239303367316,91.20134383688601,2022,females
Secondary school or above,14,13,14251,353.7351764788436,25.022805417163706,15.27612097396674,420.3319065328749,2022,females
Secondary school or above,15,16,11812,251.54080596004064,5.790721300372502,32.5516423975618,0,2022,females
Secondary school or above,16,19,15047,533.5164816907024,0,0,0,2022,females
Secondary school or above,17,24,19290,802.3803352341455,69.51788491446345,8.242612752721618,0,2022,females
Secondary school or above,18,42,33275,1193.1294127723515,7.825694966190834,0,5.265214124718257,2022,females
Secondary school or above,19,54,38899,1670.9998543235902,12.048947273708835,10.397439522866911,272.290547314841,2022,females
Secondary school or above,20,50,35434,2203.2064213279145,98.97979341875035,22.257342288950348,32.446238076423775,2022,females
Secondary school or above,21,47,34415,2378.3625618674027,24.930989394159525,24.16581916799845,20.2934766816795,2022,females
Secondary school or above,22,77,62851,2135.7373072823025,58.54799446309526,48.74756699707774,177.31778332882533,2022,females
Secondary school or above,23,60,42059,2313.4081505345666,40.56064100430348,1.7356570531871893,59.49975035069783,2022,females
Secondary school or above,24,49,40882,3237.7522829933305,52.95729171762634,13.472392087797402,47.9330756812289,2022,females
Secondary school or above,25,75,45268,2926.695174663486,15.402050013254396,21.441194662896528,43.51418220376425,2022,females
Secondary school or above,26,59,47391,3060.913355559776,10.440800995969699,51.42203512621947,12.436960604334157,2022,females
Secondary school or above,27,68,42762,3129.691988993343,37.6792479304055,6.288644123287031,32.91941443337543,2022,females
Secondary school or above,28,75,53135,4321.670132680907,13.051660863837395,74.94377528935729,24.555377811235534,2022,females
Secondary school or above,29,53,38119,2884.2272963613946,102.41821663737244,29.715933436518974,0,2022,females
Secondary school or above,30,51,39663,2566.33651850171,116.28848044777249,24.868139071678893,136.37395053324258,2022,females
Secondary school or above,31,56,41492,3417.1409106976444,44.96770461775764,32.0842973745943,35.058565506603685,2022,females
Secondary school or above,32,54,36130,3430.0406956361285,7.705507888181566,21.035629186271795,118.07362302795461,2022,females
Secondary school or above,33,47,31291,3249.216910080641,12.866958550381899,178.370724276416,80.18919178038414,2022,females
Secondary school or above,34,36,20448,4379.578067944705,18.62284820031299,212.96622326551903,8.147496087636933,2022,females
Secondary school or above,35,50,39159,4027.9780425104486,0,49.06407211624403,45.12372634643377,2022,females
Secondary school or above,36,52,37214,4059.7282922197737,36.59778577954533,70.72875799430322,0,2022,females
Secondary school or above,37,39,30753,4126.568703324338,5.049263486489123,54.40119663122297,13.234481188827106,2022,females
Secondary school or above,38,46,27707,4467.165638045741,2.587793698343379,44.70771525847861,102.88013859313531,2022,females
Secondary school or above,39,37,23515,3412.116619037494,0,28.584591395563113,182.12204975547522,2022,females
Secondary school or above,40,39,25276,5633.42960384027,9.76815951891122,105.54313709975207,46.3506884000633,2022,females
Secondary school or above,41,34,18369,2920.679768450469,0.6097229027165333,35.91648973814579,105.3564882864246,2022,females
Secondary school or above,42,45,26384,4084.332423691126,130.41616130988479,150.15097533858906,270.5427531837477,2022,females
Secondary school or above,43,43,28105,4090.2752772341814,25.458103540295323,545.5741860878848,237.93835616438355,2022,females
Secondary school or above,44,32,22255,4838.005938740358,122.54953942934172,4.243731745675129,264.16535609975284,2022,females
Secondary school or above,45,29,24156,5039.95108185682,0,167.83614836893526,433.6810730253353,2022,females
Secondary school or above,46,28,16643,4394.104728714775,10.382743495763984,123.08778465420897,73.73069759057861,2022,females
Secondary school or above,47,26,18277,4609.272090605679,4.864036767522022,15.416461490762522,17.136291513924604,2022,females
Secondary school or above,48,31,20858,3289.936635024131,7.14833636973823,111.63582318534857,54.54693642727011,2022,females
Secondary school or above,49,21,11097,4267.615812081343,11.381454447147878,225.7997657024421,0,2022,females
Secondary school or above,50,21,12302,4544.8129030509945,12.745894976426598,137.90779277082316,101.69281417655665,2022,females
Secondary school or above,51,24,15715,7268.065457630714,0,0,72.07763283487114,2022,females
Secondary school or above,52,16,10655,5230.23033004849,28.962928202721727,0.21324104489285153,0,2022,females
Secondary school or above,53,16,14165,2857.8132721496645,40.175079421108364,58.74338157430286,206.3536886692552,2022,females
Secondary school or above,54,17,9402,5291.040026944622,0,345.7420407005602,245.59668155711552,2022,females
Secondary school or above,55,15,7598,6218.353514082653,0,1164.5415460208828,36.562253224532775,2022,females
Secondary school or above,56,21,13631,3855.3447411537427,74.53598415376715,791.3885016995574,101.67999413102487,2022,females
Secondary school or above,57,11,6862,6571.972457009618,0,129.62693092392888,0,2022,females
Secondary school or above,58,13,8157,6046.281864247477,0,0,0,2022,females
Secondary school or above,59,7,3245,3760.7909604519773,0,558.3975346687212,0,2022,females
Secondary school or above,60,15,9950,5342.172445561139,0,336.5956113902848,95.42713567839196,2022,females
At most primary school,14,33,19375,791.916129032258,14.121290322580645,5.266236559139785,0,2022,urban
At most primary school,15,20,11570,1503.6145203111496,0,18.88504753673293,0,2022,urban
At most primary school,16,17,12337,1049.7406176542108,22.922914809110804,0,0,2022,urban
At most primary school,17,18,11710,2058.239111870196,70.49530315969257,0,0,2022,urban
At most primary school,18,20,13372,2214.8399641040983,265.9415195931798,0,0,2022,urban
At most primary school,19,20,12594,1173.7500661690754,21.013974908686677,0,0,2022,urban
At most primary school,20,32,20367,1499.8949280699171,18.40722737762066,15.0856778121471,0,2022,urban
At most primary school,21,16,8149,1598.0611117928581,14.092526690391459,7.620403321470937,0,2022,urban
At most primary school,22,42,24209,2115.0738912525644,71.91127266718989,0,0,2022,urban
At most primary school,23,21,13646,3092.05334896673,137.96350578924228,26.088230983438372,0,2022,urban
At most primary school,24,25,15224,1949.3534879138203,10.478520756699947,40.07597652828866,0,2022,urban
At most primary school,25,29,17414,2585.4038130240037,0,1.4729527966004363,23.773974962673712,2022,urban
At most primary school,26,21,14476,2031.7510016579165,0,21.000276319425257,55.95468361425808,2022,urban
At most primary school,27,23,13795,2149.1417180137732,25.574483508517577,0,0,2022,urban
At most primary school,28,39,25160,2832.860691573927,28.944753577106518,140.4656862745098,62.04292527821939,2022,urban
At most primary school,29,21,13896,1219.2278353483016,0,86.50690846286702,0,2022,urban
At most primary school,30,51,29153,2508.1236350747204,8.50341302781875,23.097108359345523,56.56364696600693,2022,urban
At most primary school,31,34,18982,2193.2480068837144,3.3189337266884418,83.13332806518457,109.26667369086503,2022,urban
At most primary school,32,47,30075,1955.4395455804934,16.798004987531172,55.92137711277362,8.246051537822112,2022,urban
At most primary school,33,43,24415,2968.426923339477,6.7007986893303295,22.26431838350741,14.937538398525497,2022,urban
At most primary school,34,43,29141,2789.7405316678673,10.508904979238872,20.43398190407559,6.67101334888988,2022,urban
At most primary school,35,38,20175,3098.2291945477077,4.4609665427509295,108.17090871540687,28.550185873605948,2022,urban
At most primary school,36,47,26280,2204.2475900558093,36.70091324200913,61.98154490106545,33.27181633688483,2022,urban
At most primary school,37,37,21609,2287.431162941367,0.9671895969272063,5.803908865133355,61.99916701374428,2022,urban
At most primary school,38,55,31690,3213.0302934679708,13.09561375828337,28.02435047859472,44.7948879772799,2022,urban
At most primary school,39,34,19290,2551.6006566442024,79.36547433903577,13.929065146016935,0,2022,urban
At most primary school,40,67,35699,2297.4269120516915,10.644555869912322,17.858576804205534,30.87735417425324,2022,urban
At most primary school,41,36,19478,2560.424427559298,13.861792791867748,8.682872984906048,45.132970530855324,2022,urban
At most primary school,42,55,36168,2721.4690094374405,13.666777261667773,56.03917827914178,77.96947577969476,2022,urban
At most primary school,43,44,27103,2693.3976435572936,34.26926908460318,11.218386033526425,0,2022,urban
At most primary school,44,43,23456,2556.7364213847204,33.56923601637108,50.8043428831287,0,2022,urban
At most primary school,45,47,26382,2302.0653602203524,19.911303161246305,67.95921461602607,57.55439314684254,2022,urban
At most primary school,46,45,25709,2572.851465764259,10.047065230075072,0.949732259779325,0,2022,urban
At most primary school,47,37,21882,2835.4844621149805,5.4620235810255,140.13877463973432,22.210035645736223,2022,urban
At most primary school,48,44,27032,2760.1531988014203,0,94.74450034526981,0,2022,urban
At most primary school,49,34,20481,3260.887977475058,63.229334505151115,9.419299187865175,0,2022,urban
At most primary school,50,54,29324,3553.9394011731006,31.52639476196972,318.62865457190924,2.938719137907516,2022,urban
At most primary school,51,35,18193,2655.8612286776965,39.031495630187436,110.75505230949634,0,2022,urban
At most primary school,52,60,33197,3200.381861814823,0,66.52408350152122,73.2581257342531,2022,urban
At most primary school,53,37,21989,3752.7711431473313,0,37.40744235754241,33.88967210878166,2022,urban
At most primary school,54,29,16773,2189.8129334843698,24.068443331544746,31.205111389336036,45.07243784653908,2022,urban
At most primary school,55,42,23676,2942.166230219069,9.038688967731035,102.75454750239344,117.6887987835783,2022,urban
At most primary school,56,29,16819,2407.1210535703667,0,128.96400895812278,0,2022,urban
At most primary school,57,31,17606,4759.5247595516685,1.3648756105873,211.07349767124845,377.4470824340187,2022,urban
At most primary school,58,23,14760,2587.2960000000003,169.49322493224932,3.17920054200542,78.28410117434508,2022,urban
At most primary school,59,39,19812,2049.355777643179,0,85.47319806178074,76.16333535231173,2022,urban
At most primary school,60,39,22603,3190.4493282602607,0,36.25108761373859,51.345691574864695,2022,urban
Secondary school or above,14,15,8340,298.7906618705036,45.57074340527578,7.589928057553957,0,2022,urban
Secondary school or above,15,24,13285,883.9598200978548,13.127587504704554,28.942416258938653,0,2022,urban
Secondary school or above,16,29,16213,673.6561709739099,54.53401591315611,1.5998478587142007,129.9574415592426,2022,urban
Secondary school or above,17,36,21170,780.4292237442922,1.9839395370807746,7.510628247520075,0,2022,urban
Secondary school or above,18,67,35596,1571.3442861557478,4.407798629059445,41.06453908678878,15.484885942240702,2022,urban
Secondary school or above,19,91,52737,2080.099123954719,9.35191611202761,23.251859858037683,140.08438098488728,2022,urban
Secondary school or above,20,102,59172,2295.3332572838503,115.19924964510241,12.46712972351788,20.81981342526871,2022,urban
Secondary school or above,21,85,45413,2891.7977044018235,72.54090238477968,35.93244225221853,7.068460572963689,2022,urban
Secondary school or above,22,140,73348,2999.015592336078,69.6920161422261,34.39403028485212,140.27240006544145,2022,urban
Secondary school or above,23,116,62490,3013.507749026511,46.53544567130741,103.25252040326453,0,2022,urban
Secondary school or above,24,93,50210,3265.535417911439,6.252141007767377,72.14100776737702,7.737502489543916,2022,urban
Secondary school or above,25,126,68510,3388.705437162458,54.710553203911836,16.898263027295286,22.10480221865421,2022,urban
Secondary school or above,26,102,59029,3592.3528745757735,39.13415439868539,60.53182898801155,39.25189313727151,2022,urban
Secondary school or above,27,145,81750,3313.2957859327216,13.39743119266055,14.783873598369013,16.477064220183486,2022,urban
Secondary school or above,28,125,68681,4370.952037778522,27.49694966584645,247.69981266046406,42.31519634251103,2022,urban
Secondary school or above,29,108,61423,3806.210083790545,110.28800286537616,46.097146020220436,48.88071243670937,2022,urban
Secondary school or above,30,125,68954,3732.2814992603767,81.30173739014415,100.07364813257148,35.74846999448908,2022,urban
Secondary school or above,31,100,56278,4135.262541905066,34.913287607946266,43.99054692775152,28.626639184050607,2022,urban
Secondary school or above,32,107,57411,4304.547261035922,3.1457386215185243,34.116574640167684,111.61798261657174,2022,urban
Secondary school or above,33,111,60358,4653.513039144217,20.808343550150767,63.857980715066766,59.93737367043308,2022,urban
Secondary school or above,34,83,44486,5932.94149844895,18.331609944701704,95.31650406869576,3.7449984264712493,2022,urban
Secondary school or above,35,95,53547,4312.2534222272025,1.3436793844659831,56.79683268903953,32.999047565689956,2022,urban
Secondary school or above,36,96,52377,4743.997346163393,30.644175878725395,106.31002157435516,46.34553334478874,2022,urban
Secondary school or above,37,73,42374,4743.444175673762,8.569641761457497,236.00163622347037,75.21751545759192,2022,urban
Secondary school or above,38,99,52864,5469.295494098063,20.85445671912833,164.70786672719933,88.75605326876513,2022,urban
Secondary school or above,39,66,38023,3894.166754946568,0,39.80923826806582,140.4702416958157,2022,urban
Secondary school or above,40,100,55775,6022.31567309129,66.8632900044823,231.2692365157627,82.8069923800986,2022,urban
Secondary school or above,41,62,31664,4605.037049435742,18.41523496715513,88.19426899107292,80.57394306889002,2022,urban
Secondary school or above,42,89,46259,5948.918768960274,66.62703473918589,3.1525396859710186,154.30510819516203,2022,urban
Secondary school or above,43,82,44012,5602.168916053197,74.93638098700355,413.84234223999516,158.50807734254295,2022,urban
Secondary school or above,44,55,29196,5477.116380097731,72.04891080969996,1.2414114947253048,258.28880668584736,2022,urban
Secondary school or above,45,51,28690,6296.019577088416,0,275.1126989659579,235.45834785639596,2022,urban
Secondary school or above,46,60,32296,5014.985756750062,12.85608124845182,118.24890595326562,22.848030715878128,2022,urban
Secondary school or above,47,43,21143,5926.920809093633,30.44033486260228,79.44000378375821,14.813413422882277,2022,urban
Secondary school or above,48,61,36716,3994.586706068199,19.471075280531647,116.52957838544503,55.31348730798562,2022,urban
Secondary school or above,49,49,26707,5324.108198849241,1.6774628374583442,139.4902709651652,14.018796570187591,2022,urban
Secondary school or above,50,48,27707,4375.559485569231,5.659219691774641,67.13556141047388,45.15194716136716,2022,urban
Secondary school or above,51,45,26074,6257.027255759249,3.2676229193832937,62.8436373398788,43.44174273222367,2022,urban
Secondary school or above,52,40,24332,5841.620897035454,39.83642939339142,228.0681989424078,212.0294262699326,2022,urban
Secondary school or above,53,38,19771,6834.307403098815,0.25694198573668503,55.16160032370644,0,2022,urban
Secondary school or above,54,27,14403,4778.692517762503,0,389.020805850633,160.32076650697772,2022,urban
Secondary school or above,55,32,17645,6455.931992065741,61.02578634173987,501.4557476149996,59.04222159251913,2022,urban
Secondary school or above,56,37,20939,7602.9281643504155,56.07240078322747,813.351003709187,281.15000716366586,2022,urban
Secondary school or above,57,36,19396,7591.787842854197,0,115.56936138035334,156.9687908159758,2022,urban
Secondary school or above,58,38,21887,6549.896414919054,12.706172613880385,223.7660102648452,0,2022,urban
Secondary school or above,59,21,10771,3672.7450252220465,0,446.4828397239501,0,2022,urban
Secondary school or above,60,35,19394,7502.527972568836,35.99051252964834,726.7090337217696,62.416211199340005,2022,urban
At most primary school,14,43,58012,732.8878507894918,7.527925256843412,22.150589533200026,0,2022,rural
At most primary school,15,40,49129,601.8395448716644,99.88112927191679,0,0,2022,rural
At most primary school,16,34,45176,908.9674605985479,22.328227377368513,3.436559234992031,0,2022,rural
At most primary school,17,28,38575,762.849989198531,0.3320803629293584,41.160077770576805,55.16526247569669,2022,rural
At most primary school,18,33,41814,1573.3061893145837,0,69.81513368728177,146.99382981776438,2022,rural
At most primary school,19,31,41083,1006.7605010994004,22.613733174305676,11.929102873045622,83.45422680914247,2022,rural
At most primary school,20,40,57041,1488.9484815016099,28.519836608755107,4.454033063936467,0,2022,rural
At most primary school,21,29,38797,2169.0964765316908,93.35515632652009,48.95739361290821,0,2022,rural
At most primary school,22,31,41700,1289.7082014388488,39.35251798561151,21.265887290167864,30.431654676258994,2022,rural
At most primary school,23,39,55044,1900.6469672746653,34.58142576847613,43.125802388392316,0,2022,rural
At most primary school,24,24,35080,1566.2247149372863,0,9.818985176738883,9.78762827822121,2022,rural
At most primary school,25,36,52837,1505.9778185741052,107.34523156121656,6.300035959649488,0,2022,rural
At most primary school,26,30,41629,1160.079712059702,45.333781738691776,6.151761192117674,0,2022,rural
At most primary school,27,33,42380,2276.1788998741545,39.87824445493157,119.7262859839547,0,2022,rural
At most primary school,28,33,45208,1882.0374343773963,30.224738984250575,30.15589055034507,86.7486580546216,2022,rural
At most primary school,29,39,55449,2214.174346396388,92.05756641237895,54.065898393118,37.800501361611566,2022,rural
At most primary school,30,42,52886,2657.357460701635,47.048368188178344,32.777586065625435,90.96547290398215,2022,rural
At most primary school,31,31,38420,2810.2721499219156,30.724102030192608,118.61598906819364,45.44508068714212,2022,rural
At most primary school,32,42,57143,2130.3076608975143,15.41746145634636,4.393801515496211,188.93344766638083,2022,rural
At most primary school,33,45,59831,2096.8317705982963,35.28555431131019,197.69475689859772,31.093691675998507,2022,rural
At most primary school,34,41,57092,2228.467269202924,34.28080992082954,249.9221286111306,64.10705527919849,2022,rural
At most primary school,35,41,63335,1998.6246677719007,0,14.85803005184074,49.90289729217652,2022,rural
At most primary school,36,32,48136,2201.369771757797,16.229017782948315,52.74707772422581,42.14724945986372,2022,rural
At most primary school,37,34,51732,1829.4595221526329,122.297610763164,64.35539575762262,370.04561973246734,2022,rural
At most primary school,38,53,69511,2217.47924654611,14.697242163110875,17.763615351047555,159.28414207823224,2022,rural
At most primary school,39,35,44243,1884.884237807864,72.04868566778926,41.359273406715936,73.09630902063603,2022,rural
At most primary school,40,58,84628,3001.845882371477,38.329867183438104,85.56737525799184,89.39417214160798,2022,rural
At most primary school,41,25,35861,2123.8436624745545,112.26680795292937,42.85423812312354,305.2796445535075,2022,rural
At most primary school,42,41,59215,2068.5836302738608,14.134932027357934,74.87397618846576,283.7406062653044,2022,rural
At most primary school,43,42,58685,2522.1106841611995,35.5678623157536,21.592755104938796,45.88566073102155,2022,rural
At most primary school,44,32,44248,2650.8122401012474,31.86584704393419,162.6791983065148,337.95877779786656,2022,rural
At most primary school,45,37,44774,2542.76247747949,10.566400142940099,98.70879304953768,12.656154613540599,2022,rural
At most primary school,46,36,52094,3148.105232848313,27.913963220332477,194.83526573757695,31.83476024110262,2022,rural
At most primary school,47,36,50454,2499.8376739207993,41.83810996154914,810.7669197024352,125.49054584373886,2022,rural
At most primary school,48,40,47325,2622.66294770206,48.666666666666664,40.045078358866,180.41838351822503,2022,rural
At most primary school,49,31,40395,4150.635928539011,3.078351281099146,1374.6705450344514,447.6647274827743,2022,rural
At most primary school,50,43,65598,2783.4172789820827,5.463581206744108,51.732065001981766,95.31286522963099,2022,rural
At most primary school,51,21,27522,2342.3359494222805,12.753433616742969,47.14283118959378,0,2022,rural
At most primary school,52,34,46438,1789.7284551444936,0,21.70259270425083,51.229596451182225,2022,rural
At most primary school,53,25,34804,3391.91817032525,0,24.52467149369804,136.9574378423936,2022,rural
At most primary school,54,23,27249,3780.7773679768065,0,114.10186306531126,25.54222173290763,2022,rural
At most primary school,55,30,36687,1991.471547596333,31.051871235042384,28.30480369976649,56.26788780767029,2022,rural
At most primary school,56,26,42976,3618.4160513620004,0,99.37688089476296,0,2022,rural
At most primary school,57,24,32457,1624.471947499769,36.75663185137258,35.91418389458874,122.93341960131866,2022,rural
At most primary school,58,22,29186,1709.033440690742,12.910299458644555,43.705315333835856,220.4961282806825,2022,rural
At most primary school,59,16,22279,2405.261756212876,44.37362538713587,150.99598650448107,69.11216840971318,2022,rural
At most primary school,60,29,36930,3025.914703493095,22.22583265637693,44.20671992057044,39.369076631464935,2022,rural
Secondary school or above,14,17,24479,800.4575350300257,0,7.400220597246621,386.3781200212427,2022,rural
Secondary school or above,15,21,27174,473.55192463384117,2.5171119452417754,11.141164348274085,0,2022,rural
Secondary school or above,16,26,37684,1866.2681774758519,0,5.844655556734954,77.73856278526695,2022,rural
Secondary school or above,17,30,36707,979.7910480289863,134.3422235540905,22.774947557686545,9.973574522570626,2022,rural
Secondary school or above,18,40,54045,1161.5433065038394,17.731520029604958,10.461960711752553,0,2022,rural
Secondary school or above,19,45,60673,2241.5186601398755,39.34287079920228,6.9837489492855145,65.43602590938309,2022,rural
Secondary school or above,20,41,52256,2604.545618365993,2.0141227801592163,5.447540314349866,91.34357777097367,2022,rural
Secondary school or above,21,44,62601,2021.345404493006,38.94889857989489,68.32744950826132,28.561844059999043,2022,rural
Secondary school or above,22,62,87481,2126.547267406637,40.94781724031504,50.162511478682994,30.3477326505184,2022,rural
Secondary school or above,23,40,55986,2654.270484287739,46.93673418354589,44.451886781219116,76.06365877183582,2022,rural
Secondary school or above,24,40,55474,3210.5106085733855,39.02729206475105,203.58327024071338,28.32137577964452,2022,rural
Secondary school or above,25,34,38817,3248.596379593134,16.771002395857487,57.254553417317155,47.36584486178736,2022,rural
Secondary school or above,26,37,52852,3301.5220373874213,0,19.368393501349683,0,2022,rural
Secondary school or above,27,21,28941,3526.7906833442753,27.88431636778273,14.880849544475542,20.764659134100413,2022,rural
Secondary school or above,28,36,51236,3563.6281846097795,19.784916855336093,92.1711947328701,458.5681942384261,2022,rural
Secondary school or above,29,24,31710,3202.3019972668976,147.17754651529486,113.63923052664775,40.1923683380637,2022,rural
Secondary school or above,30,24,37487,2835.4141257858278,122.89860484968122,26.3237922479793,205.10577000026677,2022,rural
Secondary school or above,31,32,48829,3741.1118051431185,32.71621372545004,31.477025265040584,204.45500283301593,2022,rural
Secondary school or above,32,31,39442,3595.4372158274596,36.61198722174332,33.930428202592836,117.19993915115866,2022,rural
Secondary school or above,33,27,34203,5306.4596185519795,10.209630734146128,151.84584198267208,64.91828202204485,2022,rural
Secondary school or above,34,12,18821,5522.362370047642,242.5535306306785,291.31023856330694,0,2022,rural
Secondary school or above,35,25,37944,5341.140738983765,0,47.80290252301638,23.2595403752899,2022,rural
Secondary school or above,36,22,29498,3773.570592356544,8.827717133364974,24.40673943996203,0,2022,rural
Secondary school or above,37,16,23202,6623.869479642559,419.9637962244634,51.288682010171534,125.0754245323679,2022,rural
Secondary school or above,38,22,33049,6183.453104985526,54.91845441616993,1437.0409593835416,92.65030711973131,2022,rural
Secondary school or above,39,15,17878,6260.019297460566,133.4343886340754,23.53917291270463,471.5292538315248,2022,rural
Secondary school or above,40,12,15601,11461.429822874601,0,1610.9245133858942,0,2022,rural
Secondary school or above,41,15,20568,4217.368809153378,16.04434072345391,15.400136133800078,52.13730066122132,2022,rural
Secondary school or above,42,14,16564,1859.9281574498914,33.74184979473557,359.6041616356757,0,2022,rural
Secondary school or above,43,13,16283,3307.9716063788414,24.09875330098876,60.43112448565989,0,2022,rural
Secondary school or above,44,12,16692,4187.377106797668,58.97435897435897,3.4867002156721782,1279.0558351306015,2022,rural
Secondary school or above,45,10,14788,3927.2788747633217,0,12.45942656207736,601.5688395996754,2022,rural
Secondary school or above,46,5,9587,2828.6587740342825,0,294.17440283717536,63.669552519036195,2022,rural
Secondary school or above,47,9,12214,4033.6765187489764,0,647.5629059549151,0,2022,rural
Secondary school or above,48,9,12853,4317.400606862211,0,13.9396768588397,0,2022,rural
Secondary school or above,49,8,10258,3437.8078897770847,12.312341587054007,137.45369467732502,0,2022,rural
Secondary school or above,50,10,13980,3855.733428707678,464.52789699570815,25.53707677634716,0,2022,rural
Secondary school or above,51,4,9433,4887.1850595427395,0,0,0,2022,rural
Secondary school or above,52,7,7964,5929.124811652436,0,8.21195379206429,0,2022,rural
Secondary school or above,53,5,13514,2879.8899906270044,73.33136007103744,0,216.2942134083173,2022,rural
Secondary school or above,54,4,3749,5954.932426424824,0,0,0,2022,rural
Secondary school or above,55,5,5860,3944.8293515358364,286.14334470989763,178.839590443686,0,2022,rural
Secondary school or above,56,4,5080,2397.4639107611547,185.98425196850394,0,0,2022,rural
Secondary school or above,57,5,12287,2945.9008165812106,0,2.8553213423401425,237.8937087979165,2022,rural
Secondary school or above,58,5,7774,5283.297423034045,87.8633907898122,286.53846153846155,0,2022,rural
Secondary school or above,59,1,1028,15700,0,0,0,2022,rural
Secondary school or above,60,3,3413,4598.915909756812,0,382.94696747729273,0,2022,rural
At most primary school,14,37,39348,614.9293483785707,0,2.17291857273559,0,2022,indigenous
At most primary school,15,39,39610,597.9843473870235,71.6990658924514,5.516283766725574,0,2022,indigenous
At most primary school,16,32,37689,1049.9495874127729,12.359043752819124,0,0,2022,indigenous
At most primary school,17,27,28744,1031.4557820762593,0.4456582243250765,12.051790518600985,0,2022,indigenous
At most primary school,18,32,34913,1821.0570561109043,94.17265774926246,83.61498582190015,0,2022,indigenous
At most primary school,19,25,28779,746.5464980251804,14.727405399770666,14.837207686160047,0,2022,indigenous
At most primary school,20,45,48088,1481.2835565352411,15.140991515554816,11.67261063051073,0,2022,indigenous
At most primary school,21,26,28794,2371.706119330416,108.96367298742794,2.9693686184621795,0,2022,indigenous
At most primary school,22,42,41608,1557.6998213484585,38.98529129013651,5.991335800807537,30.498942511055567,2022,indigenous
At most primary school,23,33,38765,2020.362569328002,48.56571649683993,11.425684681198675,0,2022,indigenous
At most primary school,24,21,21526,1283.730837127195,0,3.616169593359968,0,2022,indigenous
At most primary school,25,39,40670,1630.1252028522251,107.05679862306368,8.81546594541431,10.179493484140645,2022,indigenous
At most primary school,26,29,32515,1229.1200471577222,5.314470244502537,6.619457686196115,24.911579271105644,2022,indigenous
At most primary school,27,29,34229,2462.1850867198377,52.109030354377865,67.09223173332555,0,2022,indigenous
At most primary school,28,41,46998,2245.5419379548066,19.91574109536576,62.933617742598976,53.07318041902493,2022,indigenous
At most primary school,29,27,30438,1513.1795781588803,127.82048754845917,51.641040804257834,68.86129180629476,2022,indigenous
At most primary school,30,53,50252,2891.6025232826555,18.508716071002148,32.30800929979569,95.73350314415346,2022,indigenous
At most primary school,31,28,26674,2493.393941666042,44.253580265427004,62.54168228737098,65.45699932518558,2022,indigenous
At most primary school,32,40,37718,1666.6605864573944,5.973275359244923,49.679419198614276,0,2022,indigenous
At most primary school,33,39,39658,2708.421125624086,12.842805991224974,58.40246608502698,56.10637618303159,2022,indigenous
At most primary school,34,29,33213,2841.8967472576,9.220485954295006,77.73060749304992,110.19781410893324,2022,indigenous
At most primary school,35,35,35515,2097.9634145196865,0,19.714205265380826,81.59932422919893,2022,indigenous
At most primary school,36,28,27484,1550.8166933488576,15.543588997234755,19.006209673507012,12.10886333866977,2022,indigenous
At most primary school,37,35,38840,2036.4362341228973,103.70236869207002,4.2357535187092346,374.2260556127703,2022,indigenous
At most primary school,38,58,60304,2961.842332183603,16.941164765189704,22.564838153356327,182.62138498275405,2022,indigenous
At most primary school,39,30,29653,2176.09629155004,55.10133881900651,7.3657527625085715,109.06147775941726,2022,indigenous
At most primary school,40,60,66049,3021.2622446971186,4.190828021620312,61.36681352733072,44.2096019621796,2022,indigenous
At most primary school,41,29,25441,2543.714260445737,20.376557525254512,41.07330031576327,356.77187741572004,2022,indigenous
At most primary school,42,36,35959,2042.1196362523985,28.424038488278317,48.03085921929605,0,2022,indigenous
At most primary school,43,40,48701,2704.3213212596593,25.395782427465555,22.594116821694282,55.29249912732798,2022,indigenous
At most primary school,44,26,31423,2521.4985838398625,0,191.40252893315937,400.9801737580753,2022,indigenous
At most primary school,45,47,46465,2810.308845367481,10.181857311955236,100.1085942824348,36.94537106782883,2022,indigenous
At most primary school,46,42,44659,3360.8170954716106,5.78382856758996,37.41687005978638,37.13473208087955,2022,indigenous
At most primary school,47,27,29741,2900.154097037759,0,141.7330733106934,92.29682929289532,2022,indigenous
At most primary school,48,39,35675,2818.02926419061,64.55921513665031,118.78906797477225,0,2022,indigenous
At most primary school,49,30,27870,3505.5507116373637,0,71.24267432125343,359.2811864609497,2022,indigenous
At most primary school,50,39,47259,2997.7168793245733,7.583740663154108,128.05444465604435,134.1227773193113,2022,indigenous
At most primary school,51,21,21763,2381.1799843771537,0,80.66129056962123,0,2022,indigenous
At most primary school,52,40,37969,2423.522347177961,0,27.563933735415734,18.457162421975823,2022,indigenous
At most primary school,53,30,28959,2763.895852757347,0,35.45366437607191,164.60052718210804,2022,indigenous
At most primary school,54,22,21739,3554.497830320315,6.246837481024886,72.28230369382216,34.77620865725194,2022,indigenous
At most primary school,55,33,26697,1900.9243860109127,25.890549499943813,15.097264361788467,42.45795407723714,2022,indigenous
At most primary school,56,20,21306,1965.8797991176195,0,205.83736193247597,0,2022,indigenous
At most primary school,57,11,11288,2963.536314375148,0,47.587408457358855,492.73564847625795,2022,indigenous
At most primary school,58,18,16350,1798.02874617737,23.045871559633028,27.7986748216106,171.26197757390418,2022,indigenous
At most primary school,59,15,11139,1766.199838405602,50.992010054762545,16.919344944190083,0,2022,indigenous
At most primary school,60,30,25469,4023.652937558077,0,30.36894525370712,20.071459421257213,2022,indigenous
Secondary school or above,14,12,13193,1058.6523156219207,2.903054650193284,16.501174865458957,454.040021223376,2022,indigenous
Secondary school or above,15,15,13667,344.7647618350772,12.760664374039658,0,0,2022,indigenous
Secondary school or above,16,19,16879,491.2745127080988,0,0,0,2022,indigenous
Secondary school or above,17,28,23520,737.9698129251701,191.67942176870747,0,15.56547619047619,2022,indigenous
Secondary school or above,18,42,42199,846.7622455508424,16.53830659494301,0,0,2022,indigenous
Secondary school or above,19,43,42255,2212.6329546799197,44.521358419121995,11.806689543643751,113.95053839782274,2022,indigenous
Secondary school or above,20,42,38123,2912.8082478643687,0,7.676380837464697,30.303229021850328,2022,indigenous
Secondary school or above,21,37,35784,1565.6251863030031,99.82785602503913,30.46519859900141,30.44936284372904,2022,indigenous
Secondary school or above,22,57,55222,1910.9846619101083,66.57745101589946,63.66544734586457,49.871428054036436,2022,indigenous
Secondary school or above,23,37,31551,2000.4837141981764,20.30363538398149,29.835293123303014,37.37440968590536,2022,indigenous
Secondary school or above,24,44,41603,2522.769191324344,26.85864000192294,59.5304425161647,0,2022,indigenous
Secondary school or above,25,35,25430,3147.056488399528,20.416830515139598,17.487219819111285,0,2022,indigenous
Secondary school or above,26,29,29243,3571.689828904923,0.18465957665082242,27.125864879344345,0,2022,indigenous
Secondary school or above,27,39,28099,2656.6782566402126,34.485212996903805,12.699147063359312,0,2022,indigenous
Secondary school or above,28,37,35866,2919.5532723656574,45.01198907042882,146.1918437145672,655.0828082306363,2022,indigenous
Secondary school or above,29,26,21249,3276.933032142689,217.4050543554991,178.82723892889078,176.17299637630006,2022,indigenous
Secondary school or above,30,40,33336,2264.112051035917,92.20962323014159,19.207463402927765,124.34005279577634,2022,indigenous
Secondary school or above,31,34,32311,3782.6558034931345,11.869022933366345,99.64150495703217,30.082634396954596,2022,indigenous
Secondary school or above,32,24,18362,3575.271008060124,53.066114802309116,64.3466579530189,35.37740986820608,2022,indigenous
Secondary school or above,33,20,13511,3813.7626131793845,71.14203241802976,18.281400340463325,129.67211901413663,2022,indigenous
Secondary school or above,34,21,21651,6843.724115899189,210.84938340030484,318.8228411312795,0,2022,indigenous
Secondary school or above,35,28,21057,4667.713056624084,0,86.139209447373,0,2022,indigenous
Secondary school or above,36,19,14214,2698.4300689461093,0,21.039116364148022,0,2022,indigenous
Secondary school or above,37,22,17342,3846.5877638104025,3.5843616653211856,9.937339022796293,59.5952023988006,2022,indigenous
Secondary school or above,38,30,27718,4206.3677032974965,88.49844866151959,327.62885730091153,156.6671477018544,2022,indigenous
Secondary school or above,39,20,16969,3465.350800086432,0,39.26768420845856,128.46956214273087,2022,indigenous
Secondary school or above,40,13,11145,6568.147151188874,0,562.1504411544788,105.11978465679677,2022,indigenous
Secondary school or above,41,11,8819,5549.094681936727,0,118.31462372906982,69.84918925048191,2022,indigenous
Secondary school or above,42,14,11547,3184.942697959066,0,131.81490141739556,0,2022,indigenous
Secondary school or above,43,18,16788,3897.8604757366375,0,456.21872766261623,0,2022,indigenous
Secondary school or above,44,8,5786,6423.753024541998,3.1023159350155547,0,0,2022,indigenous
Secondary school or above,45,8,8252,3790.984003877848,0,90.63459363386654,1108.4949103247698,2022,indigenous
Secondary school or above,46,8,6271,3020.5070961569127,0,164.4607452293627,0,2022,indigenous
Secondary school or above,47,10,8811,6098.357167177392,0,57.04989974652896,0,2022,indigenous
Secondary school or above,48,10,7132,4099.880818844644,0,264.36016077771546,0,2022,indigenous
Secondary school or above,49,11,7675,2047.1691639522257,0,235.27035830618894,0,2022,indigenous
Secondary school or above,50,7,7708,3323.6312921639856,765.9574468085107,14.391973706971111,0,2022,indigenous
Secondary school or above,51,8,6169,3454.1281677203224,0,0,93.20797536067434,2022,indigenous
Secondary school or above,52,8,6687,5211.612083146403,23.538208464184237,389.4654428991576,625.6916404964858,2022,indigenous
Secondary school or above,53,3,1423,2111.876317638791,0,229.51510892480675,0,2022,indigenous
Secondary school or above,54,3,1475,6996.316384180791,0,0,0,2022,indigenous
Secondary school or above,55,6,4623,3601.312279183791,362.7081981397361,226.69262383733508,0,2022,indigenous
Secondary school or above,56,3,2286,17506.34295713036,69.16010498687665,0,0,2022,indigenous
Secondary school or above,57,4,2673,3805.1584985659065,0,0,1050.7544581618656,2022,indigenous
Secondary school or above,58,4,3307,4126.121862715452,0,267.1605684910795,0,2022,indigenous
Secondary school or above,59,4,1976,8960.855263157895,0,917.004048582996,0,2022,indigenous
Secondary school or above,60,5,3054,10313.22309539402,0,1966.8194717310628,0,2022,indigenous
At most primary school,14,39,38039,884.971345198349,18.673203817135047,34.21576101720164,0,2022,non-indigenous
At most primary school,15,21,21089,1103.8188154962302,98.0160273128171,0,0,2022,non-indigenous
At most primary school,16,19,19824,728.5418684422922,41.651533494753835,7.831416464891041,0,2022,non-indigenous
At most primary school,17,19,21541,1108.6186032836608,38.32226916113458,57.626541633783646,98.78835708648623,2022,non-indigenous
At most primary school,18,21,20273,1569.7972673013367,13.235337641197653,0,303.18157154836484,2022,non-indigenous
At most primary school,19,26,24898,1392.0029051864942,30.920154229255363,2.5336707098294373,137.7038316330629,2022,non-indigenous
At most primary school,20,27,29320,1509.1236925875396,43.43792633015007,0,0,2022,non-indigenous
At most primary school,21,19,18152,1591.3469590127809,33.0123402379903,103.34941971499927,0,2022,non-indigenous
At most primary school,22,31,24301,1653.0958259605227,72.41677297230567,26.233488333813423,0,2022,non-indigenous
At most primary school,23,27,29925,2288.8560289612924,63.609022556390975,76.42105263157895,0,2022,non-indigenous
At most primary school,24,28,28778,1980.2116373618737,5.543296962957815,30.465112238515534,11.93098894989228,2022,non-indigenous
At most primary school,25,26,29581,1970.737297589669,44.54886582603698,0,0,2022,non-indigenous
At most primary school,26,22,23590,1599.8197329376856,72.67486222975838,14.618906316235693,0,2022,non-indigenous
At most primary school,27,27,21946,1906.2124507123547,11.81080834776269,126.56064886539689,0,2022,non-indigenous
At most primary school,28,31,23370,2174.66595350164,49.57851946940522,82.99743260590502,127.87334189131364,2022,non-indigenous
At most primary school,29,33,38907,2407.227062825027,31.200041123705248,67.54954121366335,0,2022,non-indigenous
At most primary school,30,40,31787,2150.172240223991,56.815679365778465,24.641624982959492,51.87655330795608,2022,non-indigenous
At most primary school,31,37,30728,2704.181842836067,2.0502473314241083,145.3731547774017,67.49869825566259,2022,non-indigenous
At most primary school,32,49,49500,2377.3517373737373,23.452525252525252,1.1939814814814815,223.11563636363636,2022,non-indigenous
At most primary school,33,49,44588,2030.122903023235,39.59473400915044,225.52555246553632,0,2022,non-indigenous
At most primary school,34,55,53020,2152.688900414938,36.91361750282912,231.65511442223064,3.6665409279517163,2022,non-indigenous
At most primary school,35,44,47995,2387.342362051603,1.8751953328471715,50.489247143799695,17.472653401395977,2022,non-indigenous
At most primary school,36,51,46932,2583.9537202761444,28.093837893121965,77.67710020171027,54.768246256995944,2022,non-indigenous
At most primary school,37,36,34501,1883.2937209549482,67.23863076432568,95.36341941779465,172.40079997681227,2022,non-indigenous
At most primary school,38,50,40897,1891.3169647325394,10.14744357776854,18.634822440113783,36.15790889307284,2022,non-indigenous
At most primary school,39,39,33880,2009.6082251082253,91.04752066115702,55.493900039354585,0,2022,non-indigenous
At most primary school,40,65,54278,2514.9177690162987,61.66365746711375,70.48366741589594,105.89079676234694,2022,non-indigenous
At most primary school,41,32,29898,2050.989032042277,126.34958860124424,22.107666064619707,91.98274132048967,2022,non-indigenous
At most primary school,42,60,59424,2481.9717757135168,5.203284868066774,79.65377344731645,330.1982364028002,2022,non-indigenous
At most primary school,43,46,37087,2408.015454651675,47.976379863564055,12.696272728089808,0,2022,non-indigenous
At most primary school,44,49,36281,2701.9900085444174,60.566136545299194,65.47377874553256,64.88244535707395,2022,non-indigenous
At most primary school,45,37,24691,1782.0961078935645,21.27495848689806,63.21905417628556,14.920416346037017,2022,non-indigenous
At most primary school,46,39,33144,2415.281850913187,43.87370263094376,256.5521663046102,0,2022,non-indigenous
At most primary school,47,46,42595,2392.754971240756,52.36342293696443,933.3881324099073,95.60981335837539,2022,non-indigenous
At most primary school,48,45,38682,2538.5655154852384,0,5.647760370887407,220.73057235923685,2022,non-indigenous
At most primary school,49,35,33006,4143.23112969359,43.00278737199297,1628.1039810943464,244.50857419863055,2022,non-indigenous
At most primary school,50,58,47663,3044.987173838547,19.396177328325955,140.2610340655575,0,2022,non-indigenous
At most primary school,51,35,23952,2545.1834224003564,44.30110220440882,65.00501002004007,0,2022,non-indigenous
At most primary school,52,54,41666,2336.0957775324405,0,52.072433158930544,98.64517832285317,2022,non-indigenous
At most primary school,53,32,27834,4330.399679049604,0,23.33140224186247,26.77301142487605,2022,non-indigenous
At most primary school,54,30,22283,2803.971929273437,12.022618139388772,92.50190728357941,31.23457344163712,2022,non-indigenous
At most primary school,55,39,33666,2731.8619972672727,19.663755717935008,91.13596308837799,110.41406760529911,2022,non-indigenous
At most primary school,56,35,38489,4003.881166653676,0,53.37357859821421,0,2022,non-indigenous
At most primary school,57,44,38775,2658.13748549323,31.387234042553192,112.04796905222437,130.8416075650118,2022,non-indigenous
At most primary school,58,27,27596,2126.0533758515726,90.65516741556748,31.453833888969417,173.60269604290477,2022,non-indigenous
At most primary school,59,40,30952,2407.4361376755405,13.588782631170846,157.30712070302403,98.49760920134402,2022,non-indigenous
At most primary school,60,38,34064,2389.1010891263504,24.095819633630814,49.274038085173004,61.7445592609989,2022,non-indigenous
Secondary school or above,14,20,19626,413.712122694385,17.413634974014062,1.3629878732293896,176.70437175175786,2022,non-indigenous
Secondary school or above,15,30,26792,742.7517994177367,2.553000895789788,25.651313825022395,0,2022,non-indigenous
Secondary school or above,16,36,37018,1970.8848398076611,23.884596682694905,6.650503358726386,136.05543249230104,2022,non-indigenous
Secondary school or above,17,38,34357,1022.4940089840983,13.534359810227901,28.960619378874757,0,2022,non-indigenous
Secondary school or above,18,65,47442,1749.0126725264531,8.796003541166055,42.72901648328485,11.618397200792547,2022,non-indigenous
Secondary school or above,19,93,71155,2139.0351158269505,14.03965989740707,16.176890825193823,91.95207645281428,2022,non-indigenous
Secondary school or above,20,101,73305,2194.633469749676,94.4249369074415,9.954641566059614,66.16124411704523,2022,non-indigenous
Secondary school or above,21,92,72230,2794.3945888135127,29.908625224975772,66.71743043056901,14.113249342378513,2022,non-indigenous
Secondary school or above,22,145,105607,2845.226946761736,47.50997566449194,32.150015308328676,96.48555493480546,2022,non-indigenous
Secondary school or above,23,119,86925,3149.8282991467736,56.31521426517112,92.0287604256543,35.424791486914,2022,non-indigenous
Secondary school or above,24,89,64081,3700.1237834407493,21.2468594435168,194.11578054857654,30.58004712785381,2022,non-indigenous
Secondary school or above,25,125,81897,3397.3323646368817,47.376826989999635,35.8431932793631,40.941670635066,2022,non-indigenous
Secondary school or above,26,110,82638,3413.6609657381186,27.888501657832958,46.02664633703623,28.037948643481208,2022,non-indigenous
Secondary school or above,27,127,82592,3611.497207154849,11.299399457574584,15.527109163115071,23.58521406431616,2022,non-indigenous
Secondary school or above,28,124,84051,4498.15841461335,15.321864106316402,196.2075109159915,34.57722097298069,2022,non-indigenous
Secondary school or above,29,106,71884,3696.2646529130266,94.89705636859385,36.65662734405431,7.4202882421679375,2022,non-indigenous
Secondary school or above,30,109,73105,3941.8708501470487,97.65788933725463,99.13108998472518,82.1941043704261,2022,non-indigenous
Secondary school or above,31,98,72796,4027.386971811638,43.66792131435793,10.895859662618825,145.9198765499936,2022,non-indigenous
Secondary school or above,32,114,78491,4118.822173497599,8.284389293039967,26.95108079270235,132.2584754940057,2022,non-indigenous
Secondary school or above,33,118,81050,5069.041723421757,7.945095619987662,108.58634587703065,50.41455891425046,2022,non-indigenous
Secondary school or above,34,74,41656,5274.048080308559,19.57701171499904,67.70133154087446,3.9994238525062418,2022,non-indigenous
Secondary school or above,35,92,70434,4760.264139004837,1.0215236959423006,43.17943038873271,37.61762785018599,2022,non-indigenous
Secondary school or above,36,99,67661,4750.648812954779,27.570535463560986,88.51627968844682,35.87650197307163,2022,non-indigenous
Secondary school or above,37,67,48234,5970.439900623351,208.25496537711987,228.42807977775013,104.81749388398225,2022,non-indigenous
Secondary school or above,38,91,58195,6476.392794340866,7.980926196408626,809.6686427814532,58.621874731506146,2022,non-indigenous
Secondary school or above,39,61,38932,5167.49691247988,61.27452994965581,32.573889516764275,297.7268057125244,2022,non-indigenous
Secondary school or above,40,99,60231,7330.152634579093,61.916621009114905,527.4013105100918,57.22966578672112,2022,non-indigenous
Secondary school or above,41,66,43413,4229.591799691337,21.032870338377904,47.587512189129214,69.2800159706386,2022,non-indigenous
Secondary school or above,42,89,51276,5250.45537873469,71.00787892971371,89.32541539901709,139.2074264763242,2022,non-indigenous
Secondary school or above,43,77,43507,5401.17862259713,84.82543039051187,265.2223588541308,160.34793251660653,2022,non-indigenous
Secondary school or above,44,59,40102,4803.694416737319,76.5545359333699,2.355100743105082,720.4378833973368,2022,non-indigenous
Secondary school or above,45,53,35226,5888.440403868354,0,208.06553871193623,184.63634815193322,2022,non-indigenous
Secondary school or above,46,57,35612,4777.623600658953,11.658991351229922,157.4717323748549,37.86083342693474,2022,non-indigenous
Secondary school or above,47,42,24546,4923.310790624406,26.220158070561396,370.1730085010456,12.75971645074554,2022,non-indigenous
Secondary school or above,48,60,42437,4074.6623347550485,16.846148408228668,60.613379833635754,47.85658741192827,2022,non-indigenous
Secondary school or above,49,46,29290,5522.156629111187,5.8415841584158414,113.67929896437919,12.782519631273471,2022,non-indigenous
Secondary school or above,50,51,33979,4400.312840283705,21.981223696989318,61.98534388887254,36.817593219341354,2022,non-indigenous
Secondary school or above,51,41,29338,6405.959120139977,2.904083441270707,55.85196673256527,19.009475765219168,2022,non-indigenous
Secondary school or above,52,39,25609,6033.340609421167,31.703697918700456,117.5524229762974,38.076457495411766,2022,non-indigenous
Secondary school or above,53,40,31862,5367.984589793485,31.262318749607683,23.978406879668572,91.73937605925553,2022,non-indigenous
Secondary school or above,54,28,16677,4846.973876196757,0,335.9756950690572,138.46015470408346,2022,non-indigenous
Secondary school or above,55,31,18882,6375.529781449705,57.02785721851499,468.60431451470544,55.17424001694736,2022,non-indigenous
Secondary school or above,56,38,23733,5534.796675515106,82.6191379092403,717.5981404233206,248.0512366746724,2022,non-indigenous
Secondary school or above,57,37,29010,5972.954555900264,0,78.47868551074343,108.89003791795932,2022,non-indigenous
Secondary school or above,58,39,26354,6480.414813690521,36.47074447901647,236.83754521767727,0,2022,non-indigenous
Secondary school or above,59,18,9823,3867.666361260986,0,305.10706165801355,0,2022,non-indigenous
Secondary school or above,60,33,19753,6566.270650871598,35.33640459677011,475.57972628630256,61.28183060800891,2022,non-indigenous
At most primary school,14,76,77387,747.6664685283058,9.17867342060036,17.92333768376256,0,2022,p99
At most primary school,15,60,60699,773.7293036129096,80.84251799864907,3.5997298143297254,0,2022,p99
At most primary school,16,51,57513,939.164432389199,22.455792603411403,2.699389703197538,0,2022,p99
At most primary school,17,46,50285,1064.510655927878,16.671174306453217,31.575022372476887,42.31878293725763,2022,p99
At most primary school,18,53,55186,1728.7548472438662,64.43971297068097,52.89838002391911,111.37607364186569,2022,p99
At most primary school,19,51,53677,1045.9405331892617,22.238388881643907,9.130229583123747,63.873726176947294,2022,p99
At most primary school,20,72,77408,1491.8286266708005,25.85908433236875,7.251349989665151,0,2022,p99
At most primary school,21,44,45562,2114.62701373952,82.01439796321496,43.05119763545645,0,2022,p99
At most primary school,22,72,65495,1589.6672392294577,51.636002748301394,13.539774028551799,19.375524849225133,2022,p99
At most primary school,23,60,68690,2137.3325326345416,55.11937691075848,39.741107390692484,0,2022,p99
At most primary school,24,49,50304,1682.174787293257,3.1712189885496183,18.97595949957591,6.825500954198473,2022,p99
At most primary school,25,65,70251,1773.5487324023857,80.73621727804587,5.103486071372649,5.893154545842764,2022,p99
At most primary school,26,50,55454,1389.5045593344632,34.03181014895228,10.10011300657602,14.60670104951852,2022,p99
At most primary school,27,56,56175,2244.982141106661,36.36564307966177,90.32487761459724,0,2022,p99
At most primary school,28,72,70368,2222.0032306351372,29.767081628012733,69.59703511065636,77.91515082613309,2022,p99
At most primary school,29,60,69345,2014.797654240873,73.6102098204629,60.566731559593336,30.22568317831134,2022,p99
At most primary school,30,93,82039,2604.326417923183,33.35121100939797,29.337576234067534,78.74059898341032,2022,p99
At most primary school,31,65,57402,2606.231310175023,21.66161457788927,106.88239318026086,66.54994599491307,2022,p99
At most primary school,32,89,87218,2070.0086564699945,15.893508220780115,22.16182917134842,126.6278061867963,2022,p99
At most primary school,33,88,84246,2349.425313961494,27.001519359969613,146.85395547958757,26.411540805102522,2022,p99
At most primary school,34,84,86233,2418.140180286742,26.247492259343872,172.37044789504407,44.69750559530574,2022,p99
At most primary school,35,79,83510,2264.2757434239415,1.0777152436833912,37.40128627310102,44.74434199497066,2022,p99
At most primary school,36,79,74416,2202.386072887551,23.458664803268114,56.00822851716477,39.01289149286892,2022,p99
At most primary school,37,71,73341,1964.3950859682852,86.54913349967958,47.10393913363603,279.2836203487817,2022,p99
At most primary school,38,108,101201,2529.2253031755286,14.19570952856197,20.976653722130546,123.43306884319325,2022,p99
At most primary school,39,69,63533,2087.3138369036565,74.27022177451089,33.0308658492437,50.90268049674972,2022,p99
At most primary school,40,125,120327,2792.8566046412416,30.11610029336724,65.47931193054481,72.03321504455913,2022,p99
At most primary school,41,61,55339,2277.509614918954,77.63060409476138,30.826737623255447,213.71425817837934,2022,p99
At most primary school,42,96,95383,2316.149322206263,13.957413794911043,67.73206441399411,205.71485484834824,2022,p99
At most primary school,43,86,85788,2576.2253675727766,35.157597799226,18.315181027649555,31.389005455308435,2022,p99
At most primary school,44,75,67704,2618.21974329434,32.455984875339716,123.9202385875773,220.87321280869668,2022,p99
At most primary school,45,84,71156,2453.5209328798696,14.031142841081568,87.3079922986115,29.302752637397642,2022,p99
At most primary school,46,81,77803,2958.020029219096,22.01007673225968,130.7682865699266,21.315373443183425,2022,p99
At most primary school,47,73,72336,2601.3724977881,30.834162795841628,607.8985682555482,94.24767750497678,2022,p99
At most primary school,48,84,74357,2672.64662735183,30.974218970641633,59.93069471154924,114.82846268676789,2022,p99
At most primary school,49,64,59998,3790.5794359811994,23.656621887396245,928.7431803282332,286.76650332788876,2022,p99
At most primary school,50,97,94922,3021.4526207482636,13.515096605634099,134.18371575258283,66.77596693425478,2022,p99
At most primary school,51,56,45715,2467.1082431003683,23.211199825002733,72.45831054723104,0,2022,p99
At most primary school,52,94,79635,2377.779703229317,0,40.38707854586551,60.412507063477115,2022,p99
At most primary school,53,62,56793,3531.632501658068,0,29.512596916286633,97.05186672066394,2022,p99
At most primary school,54,50,42368,2235.161792705186,9.528417673716012,82.6857927366566,34.27114803625378,2022,p99
At most primary school,55,71,59965,2048.1921843297478,22.566497123321938,30.2326634981517,80.892187109147,2022,p99
At most primary school,56,55,59795,3277.7057818100734,0,107.69908019065139,0,2022,p99
At most primary school,57,54,49250,2111.7092165820645,24.711472081218275,99.12338409475466,215.94686971235197,2022,p99
At most primary school,58,45,43946,2004.0126282255494,65.5012970463751,30.093941048862998,172.73183755821537,2022,p99
At most primary school,59,55,42091,2237.738788181163,23.48720629113112,120.15477378378591,72.43111353971157,2022,p99
At most primary school,60,68,59533,3088.3838571324586,13.787311239144676,41.186190852132434,43.916259329559516,2022,p99
Secondary school or above,14,32,32819,672.9734032115543,11.580486913068649,7.448429263536367,288.19129162984854,2022,p99
Secondary school or above,15,44,39581,621.8060738738284,6.134256335110281,17.363128773906674,0,2022,p99
Secondary school or above,16,55,53897,1507.5131732749503,16.404623633968495,4.56775578108862,93.4467595599013,2022,p99
Secondary school or above,17,65,56999,920.8385527231471,87.25240793698136,17.45644660432639,6.42291970034562,2022,p99
Secondary school or above,18,105,88880,1318.2862197344734,12.547254725472547,22.807718271827184,6.2016201620162015,2022,p99
Secondary school or above,19,136,113410,2166.4566543220762,25.39671986597302,14.54861417276548,100.14839961202716,2022,p99
Secondary school or above,20,143,111428,2440.3434983427264,62.11921599597947,9.175177394072106,53.89309688767635,2022,p99
Secondary school or above,21,128,107316,2376.2839292370195,53.41738417384174,55.06324002633966,19.652241976965225,2022,p99
Secondary school or above,22,202,160829,2524.446941575628,54.05695490241188,42.97110595725895,80.48019946651412,2022,p99
Secondary school or above,23,155,117997,2831.038599032179,46.91475206996788,75.77254788963562,36.089900590692984,2022,p99
Secondary school or above,24,131,104547,3200.068857387905,23.711058184357274,142.67055327587912,18.74372291887859,2022,p99
Secondary school or above,25,158,106158,3151.2554415745085,41.440305959042185,31.840746811356656,31.584995949433864,2022,p99
Secondary school or above,26,137,110018,3039.710840226145,20.997018669672237,40.943527422785365,21.060190150702613,2022,p99
Secondary school or above,27,165,110183,3356.985920393043,17.264369276567166,14.877506814420856,17.67922456277284,2022,p99
Secondary school or above,28,157,116708,3784.8940138922208,24.867344140932925,68.3993742217043,226.21799705247284,2022,p99
Secondary school or above,29,131,92625,3595.1097253441294,88.36642375168691,69.47287449392712,46.174358974358974,2022,p99
Secondary school or above,30,147,105565,3381.740234294826,96.74778572443518,74.71489919323008,96.18528868469663,2022,p99
Secondary school or above,31,130,103531,3843.448374560921,34.408534641798106,38.75835901002276,111.98948463101229,2022,p99
Secondary school or above,32,136,95968,3974.9770493289434,16.92908052684228,34.354687143978545,114.94143881293765,2022,p99
Secondary school or above,33,135,93564,4649.476062908811,17.155636783378224,96.70304105567669,62.396862040955924,2022,p99
Secondary school or above,34,90,60355,4769.042901720376,89.14920056333361,161.09684367492338,2.7603346864385716,2022,p99
Secondary school or above,35,119,90902,4691.915229587908,0.7915117379155574,53.41063269601696,9.708917295549053,2022,p99
Secondary school or above,36,113,79059,4011.9189592582757,23.59566905728633,61.66048984513676,30.704157654409997,2022,p99
Secondary school or above,37,87,63376,4375.689901014054,5.729771522342843,176.57052091222755,96.08159240090886,2022,p99
Secondary school or above,38,115,79791,4387.336650332327,36.563647529169955,651.8682140425194,97.17887982353899,2022,p99
Secondary school or above,39,79,55022,4571.562784401391,43.3561121006143,35.15866380720439,250.28352295445458,2022,p99
Secondary school or above,40,107,66529,5123.596576931363,56.05525409971591,218.51736335532874,69.42175592598716,2022,p99
Secondary school or above,41,76,51884,4213.952948885976,17.59887441215018,59.92855857939505,69.84144116362141,2022,p99
Secondary school or above,42,100,61390,4219.818917304664,59.30933376771461,99.40245425422164,116.2730086333279,2022,p99
Secondary school or above,43,94,59597,4348.004541615629,18.58986190580063,322.1307979708151,117.05719247613135,2022,p99
Secondary school or above,44,64,44861,4636.344229954749,67.3388912418359,1.2973406745279865,644.011502195671,2022,p99
Secondary school or above,45,60,43098,5471.895099540582,0,187.41550265286864,363.1560629263539,2022,p99
Secondary school or above,46,65,41883,4514.536486561771,9.913329990688347,158.5181736424484,32.19205883055177,2022,p99
Secondary school or above,47,49,32162,4823.206838297784,20.0111933337479,298.1448085732645,9.738200360674087,2022,p99
Secondary school or above,48,68,48737,3747.066817818085,14.668526991813202,91.46370656106586,28.222705541990685,2022,p99
Secondary school or above,49,54,34643,4423.199713265787,4.938948705366164,148.2367770304727,10.807378113904685,2022,p99
Secondary school or above,50,58,41687,4201.232518530956,159.54374265358504,53.18524560014712,30.009955141890757,2022,p99
Secondary school or above,51,46,33629,4988.133614836402,2.5335276100984268,48.725356091468676,33.68223854411371,2022,p99
Secondary school or above,52,45,31131,4860.899735526217,21.884937843307313,85.75874262525029,165.72227040570493,2022,p99
Secondary school or above,53,41,32085,3962.721676796011,31.04503662147421,33.990961508493065,91.10176094748324,2022,p99
Secondary school or above,54,31,18152,5021.625716174526,0,308.67489349199354,127.20912296165712,2022,p99
Secondary school or above,55,34,21754,4588.234500934694,126.57901995035395,162.2469430909258,47.890043210444055,2022,p99
Secondary school or above,56,37,23494,4980.87793337306,46.94390057035839,326.4914446241594,58.993785647399335,2022,p99
Secondary school or above,57,37,29162,4791.534656973687,0,78.06963399858265,204.63502731865668,2022,p99
Secondary school or above,58,40,28368,5649.391462210942,33.881486181613084,251.16739518706524,0,2022,p99
Secondary school or above,59,21,10771,3672.7450252220465,0,446.4828397239501,0,2022,p99
Secondary school or above,60,36,21411,6099.876737813896,0,719.293493998412,56.53635981504834,2022,p99
At most primary school,14,75,75977,761.5418481908998,9.349013517248641,18.255963427528506,0,2022,p90
At most primary school,15,58,57998,809.7623193903238,84.60740025518122,3.7673712886651263,0,2022,p90
At most primary school,16,51,57513,939.164432389199,22.455792603411403,2.699389703197538,0,2022,p90
At most primary school,17,44,48493,1088.175991036507,17.287237333223352,32.74183902831337,43.88262223413689,2022,p90
At most primary school,18,49,51643,1259.6298627113065,15.4313266076719,56.52750614797746,119.01709815463857,2022,p90
At most primary school,19,49,52878,955.1262654916347,20.766481334392374,9.268189669301663,64.83887439010553,2022,p90
At most primary school,20,69,74179,1433.8892453839137,26.984726135429163,7.56700009436633,0,2022,p90
At most primary school,21,43,45263,2105.4754656120895,82.55617170757573,43.33558682956646,0,2022,p90
At most primary school,22,65,61614,1472.011966977202,47.23277177264907,14.392629921771025,20.595968448729185,2022,p90
At most primary school,23,56,65598,1571.6999247944552,57.71746089819811,41.61432767259164,0,2022,p90
At most primary school,24,49,50304,1682.174787293257,3.1712189885496183,18.97595949957591,6.825500954198473,2022,p90
At most primary school,25,60,66801,1486.8599571862696,84.90591458211703,5.367060373347704,0,2022,p90
At most primary school,26,50,55454,1389.5045593344632,34.03181014895228,10.10011300657602,14.60670104951852,2022,p90
At most primary school,27,53,53480,1765.7193675517328,38.19820493642483,94.87658937920718,0,2022,p90
At most primary school,28,71,69318,2025.4179770526175,30.21798089962203,70.65126181751734,79.09537686219068,2022,p90
At most primary school,29,59,68142,1609.009763924354,74.90974729241877,61.63599542132606,30.759296762642713,2022,p90
At most primary school,30,91,79837,2206.243157934291,34.27107732003958,30.146741694535947,80.91235893132257,2022,p90
At most primary school,31,64,56570,2585.7325378586997,21.98020152024041,108.4543597902304,67.52872547286547,2022,p90
At most primary school,32,86,85268,1983.3702561336022,16.256977998780314,22.66864963018561,129.52366655720786,2022,p90
At most primary school,33,86,82581,2166.005315992783,27.545924607355204,149.81482826961812,26.944050891447997,2022,p90
At most primary school,34,81,84458,2298.770775612336,26.799119088777854,165.9229538153086,43.335148831371804,2022,p90
At most primary school,35,74,78454,2059.208801760692,1.1471690417314604,34.73476708219678,47.62790934815306,2022,p90
At most primary school,36,78,73723,2157.2882546830706,23.679177461579155,56.534708752130726,39.37961468379385,2022,p90
At most primary school,37,68,69499,1749.3302061900172,91.33368825450727,49.70790946632326,120.90735118490913,2022,p90
At most primary school,38,103,97278,2036.9685839209963,14.768190135487982,21.44609606831281,128.4108431505582,2022,p90
At most primary school,39,67,61629,1976.4674098232974,76.56476658715864,34.05133946680946,52.47529572117023,2022,p90
At most primary school,40,118,114590,2420.4371818366935,31.623876429007765,66.46678738691567,75.63959042382989,2022,p90
At most primary school,41,59,53087,1900.4446395539396,80.92376664720176,32.13443655383301,67.84586308010121,2022,p90
At most primary school,42,92,92393,2156.5580812399207,14.40910025651294,69.92399315965496,212.37214940525797,2022,p90
At most primary school,43,83,80619,2196.956323364633,37.411776380257756,19.489484488768156,33.40155546459271,2022,p90
At most primary school,44,68,63368,2346.1759010857213,34.6768084837773,43.39565448386147,235.9866178512814,2022,p90
At most primary school,45,80,67660,2281.6307345551286,14.756133609222584,91.81920632574638,30.816829244260518,2022,p90
At most primary school,46,79,75933,2988.9683317310437,22.552118314830178,133.98871373447645,21.840306586069296,2022,p90
At most primary school,47,67,65126,2202.846497558579,28.70620028867119,86.41122593127169,104.68169394711789,2022,p90
At most primary school,48,76,67042,2012.570258494675,34.3538378926643,52.21254338076629,127.35747740222547,2022,p90
At most primary school,49,58,53704,2328.4985289736333,26.429130046179054,25.91799493520036,269.2614454540941,2022,p90
At most primary school,50,90,91652,2615.6344178704953,13.997294112512547,113.4885581693071,68.21818763729469,2022,p90
At most primary school,51,53,41465,2333.8770850918445,25.590256843120706,78.3698701716307,0,2022,p90
At most primary school,52,91,77474,2251.1795785252684,0,38.53970364251233,62.09760693910215,2022,p90
At most primary school,53,56,51247,2266.229333749618,0,32.706478753227834,107.55491378357108,2022,p90
At most primary school,54,46,38288,2201.352325358685,10.54377350605934,91.4968571528068,37.92310906811534,2022,p90
At most primary school,55,64,54102,1769.9871415720922,25.012014343277514,33.50895838724385,60.607740933791725,2022,p90
At most primary school,56,50,44592,2124.1953090987918,0,144.41753005023324,0,2022,p90
At most primary school,57,49,45892,1832.6651032133416,26.519654841802492,84.11763851361167,137.46586187861354,2022,p90
At most primary school,58,43,42026,1665.5056631609004,10.244134583353162,31.468812957058326,180.62326496295944,2022,p90
At most primary school,59,48,35318,1517.3687166128698,27.991392491081037,41.13241359457878,86.32136587575741,2022,p90
At most primary school,60,60,52780,2067.308756473412,15.55134520651762,46.455807123910574,40.57408109132247,2022,p90
Secondary school or above,14,32,32819,672.9734032115543,11.580486913068649,7.448429263536367,288.19129162984854,2022,p90
Secondary school or above,15,41,35968,671.555444005783,6.750444839857651,19.107262010676155,0,2022,p90
Secondary school or above,16,54,52101,1456.0649027849754,16.9701157367421,4.725213207679955,96.66801021093644,2022,p90
Secondary school or above,17,64,56429,930.1401170792795,88.13376100941005,17.63277747257616,6.487798826844353,2022,p90
Secondary school or above,18,100,85322,1255.270768891181,13.07048592391177,23.65568083261058,2.0533977168842736,2022,p90
Secondary school or above,19,123,105138,1864.2788446295979,22.58405143715878,8.446280127071088,100.74216743708268,2022,p90
Secondary school or above,20,126,99939,1961.13024278143,28.872612293499035,5.107031956159924,60.088654078988185,2022,p90
Secondary school or above,21,113,98908,2061.063532103908,42.22752456828568,53.04424313503458,21.32284547256036,2022,p90
Secondary school or above,22,174,143053,2267.386002623736,36.65296079075588,42.09279078383536,49.02763311499933,2022,p90
Secondary school or above,23,135,100318,2619.765656877795,48.109013337586475,78.08103563999813,29.411471520564604,2022,p90
Secondary school or above,24,107,87678,2456.660342389197,28.27299892789525,169.80061512960302,0,2022,p90
Secondary school or above,25,129,86136,2698.9074022476084,37.497910281415436,23.2521825949661,22.348379307142192,2022,p90
Secondary school or above,26,120,97743,2666.5604123739467,22.616964897742037,43.838007154817575,23.705022354542013,2022,p90
Secondary school or above,27,141,96270,3011.9934784114125,8.382673730133998,7.953741213946885,16.538381634984937,2022,p90
Secondary school or above,28,127,97181,2822.671627238521,27.067204494705756,69.39135050404228,268.63532995132795,2022,p90
Secondary school or above,29,108,74530,3326.65353070352,106.99637729773245,81.98007513752852,50.22809606869717,2022,p90
Secondary school or above,30,128,93904,2869.5063096353724,67.71734963366843,47.94234892372353,88.96106662123019,2022,p90
Secondary school or above,31,103,85993,3095.5002112575053,40.55737094879816,30.543086840401735,18.734664449431932,2022,p90
Secondary school or above,32,112,81692,3398.104026546867,17.676761494393578,37.19193983703015,96.01552171571268,2022,p90
Secondary school or above,33,112,78461,3528.415915762821,20.457934515236868,96.01806417625741,72.41941856463721,2022,p90
Secondary school or above,34,78,50636,3569.0590620638804,30.472391184137766,57.004897701240225,3.2901493008926455,2022,p90
Secondary school or above,35,97,76060,3417.204222981856,0.29384696292400736,49.107721973880274,11.603470943991585,2022,p90
Secondary school or above,36,99,69042,3594.538073443218,19.45916978071319,64.23360659695065,26.78717302511515,2022,p90
Secondary school or above,37,70,50521,3252.2411373488253,7.187704123037944,127.81483607476758,120.52942340808772,2022,p90
Secondary school or above,38,98,70227,3615.0052021777,40.69517422074131,737.0273066864121,110.41337377361984,2022,p90
Secondary school or above,39,69,48958,3948.626595381075,48.72625515748192,39.51346051717799,281.2839576780097,2022,p90
Secondary school or above,40,86,55038,3786.508003561176,65.18042080017443,168.2517836161682,21.286383952905265,2022,p90
Secondary school or above,41,65,46829,3787.9391288873703,19.259433257169704,66.39760262515392,64.22629851872415,2022,p90
Secondary school or above,42,77,48617,3279.2072046129265,74.89149885842401,125.51816579934315,10.613571384495135,2022,p90
Secondary school or above,43,73,48753,3593.3209580265143,14.676019937234631,375.7108109586419,138.74546181773428,2022,p90
Secondary school or above,44,50,34315,4193.204526689009,87.51100101996211,1.696051289523532,680.1981640681918,2022,p90
Secondary school or above,45,48,34836,3903.4698779040837,0,231.86454625483216,336.6431277988288,2022,p90
Secondary school or above,46,48,31872,3232.7183212014725,13.02710843373494,112.72851823962517,23.15198293172691,2022,p90
Secondary school or above,47,38,25887,4033.902125906182,14.466720747865724,370.41500882038605,12.09873681770773,2022,p90
Secondary school or above,48,49,36516,3249.6879587030344,0,73.80326432248877,6.510844561288202,2022,p90
Secondary school or above,49,36,25004,2746.664800298619,6.842905135178372,12.904601930357808,14.973604223324267,2022,p90
Secondary school or above,50,46,33235,3540.6181234642195,22.473296223860387,32.93114688330576,24.974424552429667,2022,p90
Secondary school or above,51,34,20674,4263.395085614782,4.121118312856728,35.43508754957918,26.97591177324175,2022,p90
Secondary school or above,52,35,24783,4468.166807892507,18.460234838397287,61.121417234932544,39.34551910583868,2022,p90
Secondary school or above,53,27,21501,2987.2110599507,46.327147574531416,38.700525556950836,135.947165248128,2022,p90
Secondary school or above,54,22,12709,3655.445615967687,0,358.8060954179453,157.5733732000944,2022,p90
Secondary school or above,55,22,15505,3424.1977856605395,112.06707513705257,71.55885198323122,67.19122863592389,2022,p90
Secondary school or above,56,21,13057,2697.43049705139,84.46810140154706,59.572643026728954,106.14995787700084,2022,p90
Secondary school or above,57,25,21893,3354.931956942097,0,1.6024909027238536,272.5787542441267,2022,p90
Secondary school or above,58,26,17834,3273.0450450450453,32.01188740607828,63.31445553437255,0,2022,p90
Secondary school or above,59,14,8065,2600.9675552800163,0,198.02438520355446,0,2022,p90
Secondary school or above,60,19,12107,3806.560667382506,0,362.4455549131357,99.9834806310399,2022,p90
At most primary school,14,44,46681,429.02187185364494,13.624386795484243,1.8315803003363254,0,2022,p50
At most primary school,15,37,37900,626.069525065963,129.1873350923483,5.7651715039577835,0,2022,p50
At most primary school,16,39,43351,648.8803949159189,25.570344398053102,3.5812322668450554,0,2022,p50
At most primary school,17,26,29544,589.6725223395613,0,0,0,2022,p50
At most primary school,18,30,33170,1012.8485076876696,0,88.00874283991558,168.4956285800422,2022,p50
At most primary school,19,25,26079,815.5155489090839,0,0,0,2022,p50
At most primary school,20,42,44922,830.8928067910304,8.36338542362317,8.666410667379013,0,2022,p50
At most primary school,21,26,25875,1161.6249661835748,23.159033816425122,57.858885668276976,0,2022,p50
At most primary school,22,31,29385,1034.5506891271057,29.538880381146843,8.483494980432193,0,2022,p50
At most primary school,23,35,41997,1153.9099221372956,77.56625473248089,33.71232865839624,0,2022,p50
At most primary school,24,25,30063,1152.772527691847,5.306356651032831,13.170674916009713,0,2022,p50
At most primary school,25,36,43000,1169.5217519379846,86.27441860465116,8.337790697674418,0,2022,p50
At most primary school,26,26,31144,920.6142435139994,25.99537631646545,11.391493278534123,0,2022,p50
At most primary school,27,30,29918,1435.6161879136305,43.96483722173942,99.07914967578047,0,2022,p50
At most primary school,28,40,40216,1133.93089814999,28.810672369206287,45.63088488827001,97.51674292155693,2022,p50
At most primary school,29,40,46450,1256.703336921421,107.81054897739504,36.434337997847145,45.123789020452094,2022,p50
At most primary school,30,50,44066,1245.6462276282546,40.577769709072754,35.18252923644835,75.53215631098806,2022,p50
At most primary school,31,39,35604,1461.9949911994906,29.013593978204696,65.44311968692656,75.93528816986856,2022,p50
At most primary school,32,58,57515,1302.9749456663478,15.317743197426758,23.498398968385057,91.90645918456055,2022,p50
At most primary school,33,51,48596,1345.4872486075672,39.69565396328916,220.93845172442175,45.787033226328646,2022,p50
At most primary school,34,47,49200,1445.8494342818428,29.99918699186992,248.1332147696477,0,2022,p50
At most primary school,35,39,41112,1229.7178439385095,2.189141856392294,40.487773237335404,20.39793734189531,2022,p50
At most primary school,36,41,42363,1317.7122803704492,4.418950499256427,81.50331657342493,33.35890596353736,2022,p50
At most primary school,37,49,55867,1424.335296328781,107.589453523547,60.21413953377366,126.42883992338948,2022,p50
At most primary school,38,58,63509,1461.550644895474,20.91073706088901,21.526214132380186,182.2229920168795,2022,p50
At most primary school,39,37,38586,1466.3340762625476,70.2340227025346,48.071191623905044,83.81278183797232,2022,p50
At most primary school,40,61,57460,1667.318540433925,9.021928297946397,105.38548555516881,87.59571876087713,2022,p50
At most primary school,41,33,34867,1653.8025711035266,117.27421343964207,30.07750881922735,103.29920364050056,2022,p50
At most primary school,42,54,56665,1543.648236124592,8.723197741110033,91.08231124444838,72.83508338480543,2022,p50
At most primary school,43,40,40013,1412.1744599671772,0,28.641885137330366,51.58323544847924,2022,p50
At most primary school,44,32,25978,1407.7414863859165,30.310262529832936,51.41530012574743,90.61513588420972,2022,p50
At most primary school,45,45,40918,1357.8156638480214,0.42279681313847206,68.35316975414243,22.852208482004663,2022,p50
At most primary school,46,39,33860,1349.7793857058475,31.891317188422917,0.7211065170309116,24.09923213230951,2022,p50
At most primary school,47,33,40290,1328.4440307768677,10.002482005460411,44.437846446595515,166.20253164556962,2022,p50
At most primary school,48,33,27935,1084.7855296223377,10.291748702344728,28.290078157627825,0,2022,p50
At most primary school,49,30,32363,1352.2795579313827,8.761548682137008,43.008991749837776,421.14194192956984,2022,p50
At most primary school,50,40,41957,1359.0767214052482,8.542078794956742,23.561940399297693,21.863654058520233,2022,p50
At most primary school,51,24,21206,1577.2437046119023,0,37.80062246534,0,2022,p50
At most primary school,52,40,39373,1297.3293881593986,0,51.731516521474106,53.87321260762452,2022,p50
At most primary school,53,27,26028,1510.1105220019465,0,32.791288868398134,97.53598688591774,2022,p50
At most primary school,54,20,17397,1163.5226859037,15.39920675978617,122.24492728631373,43.455768235902745,2022,p50
At most primary school,55,29,27914,1288.8467316280958,40.81106254925844,32.75035227245588,44.46156050727234,2022,p50
At most primary school,56,19,18622,862.7781597035764,0,231.2088300576379,0,2022,p50
At most primary school,57,22,24271,1428.22388515787,0,135.72438987543433,27.27534918215154,2022,p50
At most primary school,58,20,18413,1150.7589746374845,2.9175039374355074,55.27344810731548,232.84635855102374,2022,p50
At most primary school,59,17,13286,1148.7306186963722,31.657383712178234,0.9971335741883688,0,2022,p50
At most primary school,60,23,20243,1470.0438011493686,40.54734970113125,29.018261456635212,11.203872943733636,2022,p50
Secondary school or above,14,20,16541,320.2112399492171,3.733752493803277,2.209660842754368,209.66084275436793,2022,p50
Secondary school or above,15,13,10942,495.861816852495,22.189727654907696,27.668616340705537,0,2022,p50
Secondary school or above,16,29,28350,580.1828924162257,31.11111111111111,2.0282186948853616,0,2022,p50
Secondary school or above,17,31,25413,531.4693267225435,128.39885098178098,0,0,2022,p50
Secondary school or above,18,36,36852,738.6212417236513,11.380657766199935,5.020080321285141,0,2022,p50
Secondary school or above,19,34,34224,1121.0946996259934,1.8154511453950444,4.344904160822814,2.3018934081346423,2022,p50
Secondary school or above,20,32,28100,973.173487544484,0,10.130486358244363,195.58540925266905,2022,p50
Secondary school or above,21,34,29082,1007.3765444834147,90.94078811636064,37.48595924168443,37.46647410769548,2022,p50
Secondary school or above,22,53,50502,1077.1523240003696,31.0086729238446,26.157379905746307,81.02649400023762,2022,p50
Secondary school or above,23,26,23188,1089.5444482778448,12.161462825599449,20.887959289287565,50.853889943074,2022,p50
Secondary school or above,24,29,26924,1802.0791610954293,11.484177685336503,87.09701381666915,0,2022,p50
Secondary school or above,25,33,24295,1368.577334156548,43.52747478905125,36.37579748919531,56.93352541675242,2022,p50
Secondary school or above,26,33,31965,1655.2834836018562,0,7.208405026330883,0,2022,p50
Secondary school or above,27,27,21455,2157.5314223568707,24.050337916569564,21.527227530490173,0,2022,p50
Secondary school or above,28,28,26356,1384.7002580057672,15.867354682045834,70.14231421055294,15.622628623463347,2022,p50
Secondary school or above,29,19,12716,1286.6597200377478,188.94620949984272,45.570541050644856,0,2022,p50
Secondary school or above,30,44,40264,1700.8722266375255,25.377508444267832,73.00181303397576,47.90880190741109,2022,p50
Secondary school or above,31,30,27480,1735.6858927704998,28.449781659388645,54.09297671033479,35.37117903930131,2022,p50
Secondary school or above,32,33,29529,2112.3799993227,48.90277354465102,0.07960363823134321,77.16482102340072,2022,p50
Secondary school or above,33,33,22960,2127.395905923345,0,53.293771777003485,15.78397212543554,2022,p50
Secondary school or above,34,14,12973,1529.1499653125722,0,54.51835864230838,0,2022,p50
Secondary school or above,35,26,18373,1782.5943431484607,0,104.13650465356774,48.035704566483425,2022,p50
Secondary school or above,36,18,16449,1635.5544106024681,0,12.479988651792409,0,2022,p50
Secondary school or above,37,17,11375,2220.510637362637,0,2.0366300366300365,20.73846153846154,2022,p50
Secondary school or above,38,20,15862,1547.9868028411718,0,2583.7599293909975,43.40562350271088,2022,p50
Secondary school or above,39,18,13909,2134.6619258513674,0,30.256189038272584,176.46128406068013,2022,p50
Secondary school or above,40,20,15572,2252.7367497217224,0,129.02966863601335,0,2022,p50
Secondary school or above,41,14,10676,2454.8363931559884,13.638066691644811,70.45397776945173,135.87985512676408,2022,p50
Secondary school or above,42,12,12091,1614.7547762798777,46.2244644777107,359.3306315992612,0,2022,p50
Secondary school or above,43,12,8003,1830.4710733474947,0,124.56110208671748,36.11145820317381,2022,p50
Secondary school or above,44,7,5281,3456.5744492835956,22.079151675818974,0,0,2022,p50
Secondary school or above,45,10,6466,1344.4169502010516,0,28.49520569130838,0,2022,p50
Secondary school or above,46,14,11279,2568.951443685906,0,105.96093034252445,0,2022,p50
Secondary school or above,47,6,2729,1653.0597288384024,0,430.4385000610725,0,2022,p50
Secondary school or above,48,9,6060,2691.4851485148515,0,40.222772277227726,0,2022,p50
Secondary school or above,49,7,9199,1600.3840997209843,13.729753234047179,0,0,2022,p50
Secondary school or above,50,7,4544,2206.488409624413,0,24.413145539906104,0,2022,p50
Secondary school or above,51,1,829,0,0,0,0,2022,p50
Secondary school or above,52,6,3436,2598.7388436166084,66.85098952270081,0,152.7939464493597,2022,p50
Secondary school or above,53,3,1853,2001.1872638963841,0,0,0,2022,p50
Secondary school or above,54,6,3839,2156.666232525831,0,612.7637405574368,0,2022,p50
Secondary school or above,55,3,2739,659.7298284045272,612.1942314713399,382.62139466958746,0,2022,p50
Secondary school or above,56,2,2086,455.03355704697987,0,0,664.4295302013422,2022,p50
Secondary school or above,57,4,1336,1902.2604790419161,0,0,176.57185628742516,2022,p50
Secondary school or above,58,7,5996,1319.733155436958,0,180.41194129419614,0,2022,p50
Secondary school or above,59,5,3492,666.96735395189,0,457.35013363879347,0,2022,p50
Secondary school or above,60,2,1792,2332.742745535714,0,0,0,2022,p50
