education,age,n,weights_total,avg_labor_income,avg_add_labor_income,avg_no_labor_income,avg_remittances,year,sample
At most primary school,14,95,85145,340.079464443009,62.66474837042692,3.659150077319083,0,2017,general
At most primary school,15,97,79316,438.4168894044077,95.00684603358717,2.704372383882193,0,2017,general
At most primary school,16,119,113545,615.4021136994144,68.10649522215861,13.288453916949226,0,2017,general
At most primary school,17,96,84356,731.4042115162723,80.51264877424249,10.709769706165932,0,2017,general
At most primary school,18,99,80740,781.8293947650897,62.00871934604905,22.510579225497484,0,2017,general
At most primary school,19,80,65686,1002.7007063910117,147.18113448832324,24.99415527408174,0,2017,general
At most primary school,20,100,84002,974.988857408157,72.44452513035404,71.4292516844837,20.416180567129356,2017,general
At most primary school,21,70,57466,1034.0055279063563,83.99523196324783,19.25544379865196,0,2017,general
At most primary school,22,80,65830,959.2618360423312,85.58666261582864,28.53469795939035,23.925262038584233,2017,general
At most primary school,23,92,75886,1106.0953151218055,101.68878317476214,23.031279375203155,0,2017,general
At most primary school,24,86,72598,1289.0388670027642,98.00600567508747,42.59246122482713,3.4639154430333248,2017,general
At most primary school,25,110,77137,1350.317852219644,132.2154089477164,66.04769760296615,11.564273089870404,2017,general
At most primary school,26,80,58956,1134.6044168532464,218.63053802836012,64.4579926838094,8.159474862609404,2017,general
At most primary school,27,85,67635,1090.797476651635,85.92636948325571,82.35335501835834,0,2017,general
At most primary school,28,94,68888,1672.6190918592497,133.21330275229357,42.47408837533388,0,2017,general
At most primary school,29,87,69143,1357.7895231621421,90.03210737167899,97.01204508530631,70.12544051217525,2017,general
At most primary school,30,144,121240,1440.0603671780489,68.43525239194985,77.18373886506103,41.25013746838228,2017,general
At most primary school,31,84,55913,1414.8137672216958,127.91488562588307,73.74404879008459,16.677695705828697,2017,general
At most primary school,32,123,89208,1619.14060024512,48.84662810510268,83.90238637043015,134.37053478013928,2017,general
At most primary school,33,108,79986,1527.783624634311,125.0725126897207,133.22423090707542,50.00791805232583,2017,general
At most primary school,34,104,86561,1573.05968623283,107.85655202689433,113.28668800036968,81.01319685924761,2017,general
At most primary school,35,116,76786,1426.134030509034,89.12471023363634,54.34639452504363,1.0548797957961087,2017,general
At most primary school,36,113,78432,1781.0600775193798,125.10206293349653,158.08571968924247,19.21314004487964,2017,general
At most primary school,37,103,77553,1684.7454192616663,111.0326486402847,160.61425089938493,42.661147860173045,2017,general
At most primary school,38,138,103684,1689.1987834831475,64.19428262798503,47.86506757712537,50.37296014814243,2017,general
At most primary school,39,109,76057,1562.7672359765265,147.12426206660794,58.166419045365096,54.23958347029202,2017,general
At most primary school,40,140,97572,1647.1907061793686,124.07444758742263,110.31573607182388,81.76423564137252,2017,general
At most primary school,41,76,62893,1507.6131895971464,142.12495826244574,103.33977946671331,31.203790564927733,2017,general
At most primary school,42,107,94222,1584.6234274727065,124.47189616013246,84.39630871770925,5.065441192078283,2017,general
At most primary school,43,89,74595,1652.4580043345175,63.31351967290033,59.04125611636169,66.29398753267645,2017,general
At most primary school,44,85,60113,1775.0209937950194,102.40131086453846,127.67327089536927,229.23577262821686,2017,general
At most primary school,45,112,84632,1871.6961117938054,104.87427923244162,137.3832130084759,32.02728676308409,2017,general
At most primary school,46,93,63889,1620.1772462134848,96.77878821080311,50.07322595960703,69.36509675635347,2017,general
At most primary school,47,60,38310,1733.7642391020622,73.07856956408249,142.38030975376316,97.94940398503437,2017,general
At most primary school,48,109,79357,1749.286254940753,112.93065514069332,112.09797917427996,69.34526254772736,2017,general
At most primary school,49,87,65570,1945.3621727415994,61.59142900716791,77.84541965329673,49.84799959330994,2017,general
At most primary school,50,103,93829,1782.7312629002404,104.23717613957305,164.28955866523143,356.97776451487994,2017,general
At most primary school,51,66,50031,1129.483340328996,153.84861385940718,148.60414209856557,267.8199516299894,2017,general
At most primary school,52,88,72197,1593.1652654080733,74.51193262877959,72.26624721248805,84.26612370781795,2017,general
At most primary school,53,64,39136,1677.6740000681384,88.50700122649224,47.83722574270919,0,2017,general
At most primary school,54,69,50880,1507.6377358490565,39.02724056603773,161.40323309748428,65.03744758909852,2017,general
At most primary school,55,71,54948,1353.4655674455848,125.64624736114145,51.16654230666569,9.48351168377375,2017,general
At most primary school,56,86,62949,1370.6814511218076,58.69152806239972,139.0917938860559,63.538843614142664,2017,general
At most primary school,57,54,37235,1529.6039926592364,22.93863300657983,104.19790967279889,76.42451098876506,2017,general
At most primary school,58,62,46027,1434.6520303300238,106.92897647033263,144.97302308065554,147.15319269124643,2017,general
At most primary school,59,68,58924,1293.7498925169145,62.98664381236848,148.167288937162,279.80883850383543,2017,general
At most primary school,60,95,71323,1410.754786908384,91.83391051974819,167.05657478419772,109.46165098682519,2017,general
Secondary school or above,14,16,8712,154.1900826446281,14.984504132231406,0,0,2017,general
Secondary school or above,15,30,17272,191.87992125984252,7.6424270495599815,13.74575420719469,0,2017,general
Secondary school or above,16,41,30716,351.0986131006641,61.52103138429483,0,9.063680166688371,2017,general
Secondary school or above,17,84,68735,724.5882156106787,65.77660580490289,46.83305448461483,7.485269513348367,2017,general
Secondary school or above,18,110,74677,926.4669766684076,72.56502001955087,2.5534412648249574,0.49660091683740193,2017,general
Secondary school or above,19,149,109210,1419.8870066843695,128.61862466807068,26.06917864664408,10.121783719439613,2017,general
Secondary school or above,20,191,123445,1845.5400056705416,112.05038681194054,100.36597270039289,11.6468791769614,2017,general
Secondary school or above,21,189,126629,1870.6423956334384,79.60980502096676,36.36243804078582,26.21832281704823,2017,general
Secondary school or above,22,188,134891,1871.9963513750608,90.0156274325196,40.7441811042496,10.737805586238766,2017,general
Secondary school or above,23,192,126273,2303.8409002716335,98.64680493850625,27.925968602419626,30.615412637697684,2017,general
Secondary school or above,24,147,86994,2437.386797748504,117.5353012851461,144.34472492355795,23.810071192649303,2017,general
Secondary school or above,25,178,99982,2981.2146252992206,124.35918465323758,76.80937985504058,17.657911757449675,2017,general
Secondary school or above,26,156,96527,2663.6638695218267,112.70078838045313,137.97223402087846,8.338599562816622,2017,general
Secondary school or above,27,153,93850,3019.2441893091814,185.99153969099626,31.09587107085775,26.843899840170486,2017,general
Secondary school or above,28,131,77896,3430.9560974461674,72.22989627195234,46.126116873780425,2.4956352059155797,2017,general
Secondary school or above,29,127,79498,3744.039321743943,137.70233213414173,493.8906743985174,73.2869422291546,2017,general
Secondary school or above,30,173,109868,3561.631002657735,157.33839698547348,148.26767499787624,23.390796228201115,2017,general
Secondary school or above,31,115,70873,3963.4491520042893,53.09723025693847,121.82534956894727,39.40748474971663,2017,general
Secondary school or above,32,131,84870,3602.5275480146106,106.85831271356192,80.36126625034366,74.06543340795726,2017,general
Secondary school or above,33,119,85238,3435.8315285827134,68.39648982848026,109.76246900834526,3.5617916891527255,2017,general
Secondary school or above,34,110,70835,2924.2544481306322,85.63633796851839,168.42283122750052,52.43307216300793,2017,general
Secondary school or above,35,112,69335,4495.822634071296,57.22896084228744,67.76435662604264,3.9691353573231414,2017,general
Secondary school or above,36,101,59679,3495.0136424314524,80.10690527656294,178.45920117070773,9.69185140501684,2017,general
Secondary school or above,37,82,53005,4059.627091783794,68.95387227620036,194.5919410118542,0,2017,general
Secondary school or above,38,111,63638,4125.586350398608,90.11989691693643,108.44490189299894,41.41990634526541,2017,general
Secondary school or above,39,78,43852,3810.74593899176,42.29818480342972,78.08860865334914,23.345343427893823,2017,general
Secondary school or above,40,105,64367,4506.231837225079,132.86855065483866,77.16347921554006,19.381049295446424,2017,general
Secondary school or above,41,52,29592,6383.143141164279,101.57745336577453,55.962196990177524,49.585473551410296,2017,general
Secondary school or above,42,93,50847,4007.0873011190433,78.32768894920055,203.9536911387758,41.762542529549435,2017,general
Secondary school or above,43,83,41697,5134.0210406823835,150.7995779072835,181.83418471352854,21.08560967615576,2017,general
Secondary school or above,44,49,33822,5931.787576626653,46.53598249659984,117.08014260934698,90.82845485187157,2017,general
Secondary school or above,45,83,42956,5121.273454232238,63.848146941055965,89.7493171307074,0.8939379830524258,2017,general
Secondary school or above,46,45,22587,5102.876396452237,43.57373710541462,183.7738522158764,0,2017,general
Secondary school or above,47,43,21275,5000.369808068939,28.36521739130435,79.14923619271445,0,2017,general
Secondary school or above,48,55,36045,4248.509821057012,169.86405881536967,341.28959171406115,4.653812364174412,2017,general
Secondary school or above,49,53,31517,4137.215143150258,26.223308055969795,317.4561876659157,391.8139416822667,2017,general
Secondary school or above,50,69,41304,4822.400655303763,81.54077086964944,268.1257666731228,66.39066434243657,2017,general
Secondary school or above,51,41,21550,3736.5172273781905,22.501160092807424,514.2242846094355,0,2017,general
Secondary school or above,52,41,21793,5269.854907539118,102.2282384251824,287.092185564172,0,2017,general
Secondary school or above,53,43,19977,4763.408849343412,148.1153326325274,394.47114181308507,0,2017,general
Secondary school or above,54,43,20732,5210.430317062191,14.611229017943277,238.20663708277058,112.94858190237315,2017,general
Secondary school or above,55,33,17996,4790.979199081277,118.96643698599689,536.438189968141,7.126583685263392,2017,general
Secondary school or above,56,32,14550,5139.762978235967,27.64536082474227,631.733104238259,2.5017182130584192,2017,general
Secondary school or above,57,21,11042,6385.600464891625,20.952725955442855,1141.4991245547305,29.12515848578156,2017,general
Secondary school or above,58,25,13551,5056.602686148623,54.003394583425575,228.2303889011881,0,2017,general
Secondary school or above,59,21,9825,3323.8968617472437,20.844783715012724,411.993893129771,91.19592875318067,2017,general
Secondary school or above,60,25,14020,3229.722182596291,55.836091298145504,775.5860675225869,47.45601521635758,2017,general
At most primary school,14,63,58877,425.76882313976597,54.59500314214379,4.197875797566678,0,2017,males
At most primary school,15,61,49073,463.6909094614146,94.2752633831231,4.371039064251217,0,2017,males
At most primary school,16,90,90299,698.4961405995637,40.927695766287556,6.812229371310867,0,2017,males
At most primary school,17,63,57310,844.8170650846274,43.254056883615426,15.763973710230909,0,2017,males
At most primary school,18,69,60118,890.2169954644754,36.1051598522905,25.10902170176431,0,2017,males
At most primary school,19,60,50205,1085.020416293198,160.90887361816553,32.16793314078943,0,2017,males
At most primary school,20,65,53529,1169.098445079614,53.46718601132097,104.40882512283062,32.03870799006146,2017,males
At most primary school,21,55,49452,979.0965313165628,64.49162824557146,22.375906603035943,0,2017,males
At most primary school,22,48,41031,1276.0694759247074,87.90353635056421,18.094591081539974,0,2017,males
At most primary school,23,72,56910,1272.4412068763545,87.04832191179055,10.365518655186554,0,2017,males
At most primary school,24,56,48060,1550.3282702177835,73.23491468997086,21.30727215980025,3.651685393258427,2017,males
At most primary school,25,81,57660,1508.6301161984045,133.0041623309053,74.65350763094,10.141056769568737,2017,males
At most primary school,26,50,33802,1443.216643985563,262.2202828235016,72.70033331361063,11.675344654162476,2017,males
At most primary school,27,47,39708,1355.5162771565765,43.6524126120681,108.30132886739868,0,2017,males
At most primary school,28,65,45618,2058.9115626872435,134.6967863562629,43.55418913586742,0,2017,males
At most primary school,29,53,45285,1689.776460196533,116.16363034117258,118.66768981634833,50.89838430679768,2017,males
At most primary school,30,91,85526,1520.5591876544363,75.83962771554849,85.5648457778921,7.510386705017578,2017,males
At most primary school,31,59,41082,1637.7405230190027,133.93225743634682,58.74957402268633,5.221264787498175,2017,males
At most primary school,32,62,48422,1912.0630911569122,32.78014125810582,80.32066003056462,12.837140142910247,2017,males
At most primary school,33,63,49382,1875.2575634846705,99.50812036774533,153.17875609196332,66.46011367164824,2017,males
At most primary school,34,59,47664,1655.6585368412218,92.88039191003692,158.88124510462123,117.69364719704599,2017,males
At most primary school,35,74,51424,1693.1919466915579,65.17132078406969,52.692658097386435,1.1862165525824517,2017,males
At most primary school,36,63,46174,2016.442023649673,140.48912808073808,179.79788409061376,0,2017,males
At most primary school,37,56,43932,2034.5722745758599,142.44628061549668,185.56112097483992,45.70700172994628,2017,males
At most primary school,38,77,62193,1918.5715916582253,82.53195697264965,37.00778222629556,13.304551959223707,2017,males
At most primary school,39,67,47713,1985.3554167627271,194.37951920860144,65.79838478681562,31.842474797225076,2017,males
At most primary school,40,89,60880,1809.8058571506788,177.09839027595268,113.96692126587824,51.64257555847569,2017,males
At most primary school,41,45,38660,1727.129211933092,177.0497930677703,73.8810463010864,10.139679255043973,2017,males
At most primary school,42,61,55123,1926.4421460491387,153.424614044954,84.267846452479,8.658382163525207,2017,males
At most primary school,43,52,41717,2261.100658404647,56.8257544885778,25.200258088229422,31.23906321164034,2017,males
At most primary school,44,47,35970,1983.3545547215272,120.8621073116486,41.27212491891391,113.91437308868501,2017,males
At most primary school,45,60,50395,1951.7580381651617,140.276416311142,125.87649733769884,14.683996428217085,2017,males
At most primary school,46,45,34658,2016.5237367034067,112.94275491949911,38.01243580125801,28.04547290668821,2017,males
At most primary school,47,31,19692,2010.2378630916107,47.097298395287424,210.5428600446882,62.04930936420882,2017,males
At most primary school,48,59,46838,2059.89353374041,139.4397711260088,25.206474087991232,60.186173619710495,2017,males
At most primary school,49,63,49739,2177.7417720501016,37.74221435895374,81.48905620673247,65.71369213963555,2017,males
At most primary school,50,70,67878,2131.330882858462,112.60865081469696,169.71736055864935,396.812909435556,2017,males
At most primary school,51,32,23984,1364.9488825883923,253.1971314209473,181.67961279742053,535.461140760507,2017,males
At most primary school,52,52,44606,1807.8755025482374,97.78549970855939,38.813761975220075,14.211720396359235,2017,males
At most primary school,53,34,21890,2121.0385716461096,114.83554134307903,34.100015227653415,0,2017,males
At most primary school,54,45,37101,1781.3616614107436,45.275491226651575,136.49982031032405,60.95073807534387,2017,males
At most primary school,55,37,26659,1449.8219112994987,218.8322892831689,75.63627667954538,0,2017,males
At most primary school,56,53,39441,1522.4407342613017,59.32970766461297,132.03428750116205,41.1996315171184,2017,males
At most primary school,57,40,28136,1470.368448488295,22.011657662780777,89.44445431712633,101.13970239787699,2017,males
At most primary school,58,44,33735,1678.8216096042686,114.2134281903068,154.34879699619586,158.65322859542513,2017,males
At most primary school,59,38,35206,1551.0021492548617,54.49000170425496,132.27726334526312,76.03408509913082,2017,males
At most primary school,60,55,43004,1764.7290174557406,34.40493907543485,195.68837201190587,129.05156109509193,2017,males
Secondary school or above,14,6,3616,213.02654867256638,31.489214601769913,0,0,2017,males
Secondary school or above,15,20,12704,207.86366498740554,10.390428211586901,18.688339630562552,0,2017,males
Secondary school or above,16,27,21464,363.94637532612745,44.562989191203876,0,12.970555348490496,2017,males
Secondary school or above,17,60,55263,680.1539004397156,45.025604835061436,48.38173823353781,0,2017,males
Secondary school or above,18,77,55121,969.5300838156056,30.76936194916638,2.3859630026063874,0,2017,males
Secondary school or above,19,98,75688,1445.0602385230595,94.30794841982878,24.230921678469507,10.926434837754995,2017,males
Secondary school or above,20,125,85339,1780.2871606182403,122.47835104700079,101.78653175375074,10.71900303495471,2017,males
Secondary school or above,21,119,75403,2108.083638360985,68.56371762396722,38.91436680238187,0,2017,males
Secondary school or above,22,127,94912,1832.6846693077098,103.0279416722859,21.77093869408856,14.593869408855921,2017,males
Secondary school or above,23,134,87394,2346.0321875643635,95.15902693548756,18.60987787109718,1.270872905081203,2017,males
Secondary school or above,24,97,52107,2645.714141094287,109.60458287754045,232.11340766755586,38.536728910383125,2017,males
Secondary school or above,25,111,65495,3100.7295060691654,146.38644171310787,95.11039646792376,6.069776318802962,2017,males
Secondary school or above,26,99,60711,2745.066056123822,121.978142346527,87.20117990699104,0,2017,males
Secondary school or above,27,93,60841,3139.4225220931057,229.76476389276968,14.435810829320141,12.751817579154409,2017,males
Secondary school or above,28,88,54139,3201.5734960010345,88.21884408651803,60.43508376586195,3.5907571251777832,2017,males
Secondary school or above,29,75,50637,4139.937002587041,166.4822165610127,734.5078697395186,0,2017,males
Secondary school or above,30,101,60314,3734.341755921787,201.97673840236098,197.02124852162572,16.92641841031933,2017,males
Secondary school or above,31,64,40531,4180.833522488959,79.0111272852878,22.52185569893004,59.16524799947365,2017,males
Secondary school or above,32,79,52336,3988.848297538979,161.58218052583308,45.87557321919902,22.451085295016814,2017,males
Secondary school or above,33,76,56786,3680.6474805996786,101.4401436973902,132.64419633947332,5.346388194273237,2017,males
Secondary school or above,34,71,44436,3183.910327962313,75.40327662255828,87.92940971284544,0.2651003690701233,2017,males
Secondary school or above,35,61,38646,4949.325363556383,54.87191429902189,36.10119201642257,0,2017,males
Secondary school or above,36,55,33092,3382.3117571215603,90.26652967484588,233.05834239896853,0,2017,males
Secondary school or above,37,52,33562,4478.44671056552,97.93516476968,280.75303418548754,0,2017,males
Secondary school or above,38,67,40449,4536.533132257081,95.78802937031818,52.84555860466266,31.358006378402433,2017,males
Secondary school or above,39,47,25875,3974.765423510467,47.48096618357488,91.30595813204508,24.005410628019323,2017,males
Secondary school or above,40,57,35534,5284.655475507026,210.13114200484043,40.8479672051181,35.107221252884564,2017,males
Secondary school or above,41,31,17764,8318.596843803949,97.78203107408241,66.4283569766569,0,2017,males
Secondary school or above,42,50,27163,4421.391108002307,89.6101314287818,31.513455803850828,2.748837266379511,2017,males
Secondary school or above,43,58,30153,6048.161719674107,205.6800318376281,227.2861738467151,2.096198277672758,2017,males
Secondary school or above,44,26,20361,7452.171754006844,29.96512941407593,107.89423816773899,0,2017,males
Secondary school or above,45,45,24068,6154.826256163094,36.046410171181655,20.874397540302475,0,2017,males
Secondary school or above,46,25,10726,3832.288442414072,61.34626142084654,100.31698676114115,0,2017,males
Secondary school or above,47,26,12799,6155.057035705914,10.899289006953667,89.93671380576608,0,2017,males
Secondary school or above,48,38,25499,4176.336712550818,204.45311580846308,427.67690236218414,6.578558636286391,2017,males
Secondary school or above,49,35,21846,4764.373188074094,34.940034788977385,355.9537977966981,0,2017,males
Secondary school or above,50,41,24217,5387.932100039917,37.01531981665772,241.7172509669516,60.45340050377834,2017,males
Secondary school or above,51,27,13545,3515.7202104097455,28.59357696566999,112.1323981789098,0,2017,males
Secondary school or above,52,27,15972,5184.714479505802,36.52391685449537,298.9732031054345,0,2017,males
Secondary school or above,53,22,9378,6218.185362906092,295.3134996801024,704.5798677756451,0,2017,males
Secondary school or above,54,27,12501,4837.876943177879,5.055595552355811,120.79033677305816,187.31701463882888,2017,males
Secondary school or above,55,21,11164,4536.566493490983,93.96273737011823,231.04323420518335,0,2017,males
Secondary school or above,56,23,10976,5294.781158892129,36.647230320699705,807.5725826044704,3.316326530612245,2017,males
Secondary school or above,57,12,5344,9273.78000249501,43.293413173652695,2330.7135728542917,60.17964071856287,2017,males
Secondary school or above,58,15,7953,4891.162663984241,0,119.1688670941783,0,2017,males
Secondary school or above,59,13,6059,4134.082631897453,33.80095725367222,630.7377455025581,0,2017,males
Secondary school or above,60,17,8994,3525.0524423689867,60.43162108072048,1208.9967385664518,73.97524275442888,2017,males
At most primary school,14,32,26268,148.01564641388762,80.75224607887924,2.451652200395919,0,2017,females
At most primary school,15,36,30243,397.40667261845715,96.19392917369309,0,0,2017,females
At most primary school,16,29,23246,292.6236771917749,173.68243998967563,38.445323926697064,0,2017,females
At most primary school,17,33,27046,491.0843624442308,159.4629520076906,0,0,2017,females
At most primary school,18,30,20622,465.8539423916206,137.52371254000582,14.93550577053632,0,2017,females
At most primary school,19,20,15481,735.7372650345585,102.66197274077902,1.7295394354369873,0,2017,females
At most primary school,20,35,30473,634.0151390848729,105.78019886456863,13.497194237521741,0,2017,females
At most primary school,21,15,8014,1372.8325430496632,204.34614424756677,0,0,2017,females
At most primary school,22,32,24799,435.09012460179844,81.75329650389129,45.80829872172265,63.5106254284447,2017,females
At most primary school,23,20,18976,607.2154300168634,145.5962795109612,61.01654721753794,0,2017,females
At most primary school,24,30,24538,777.278792077594,146.52253647404027,84.28152253647404,3.096150188822778,2017,females
At most primary school,25,29,19477,881.647875271688,129.88037172049084,40.570929814653184,15.777583816809571,2017,females
At most primary school,26,30,25154,719.89063369643,160.05454400890514,53.381917388884474,3.4348413771169595,2017,females
At most primary school,27,38,27927,714.4070970745157,146.03358756758692,45.45923300032227,0,2017,females
At most primary school,28,29,23270,915.3397650766366,130.30511388053287,40.35668242372153,0,2017,females
At most primary school,29,34,23858,727.6433062285188,40.4317210160114,55.90734764020454,106.62042082320396,2017,females
At most primary school,30,53,35714,1247.2860456216983,50.70364562916503,57.113106904855236,122.04830971981109,2017,females
At most primary school,31,25,14831,797.3046996156698,111.24671296608456,115.27887532870339,48.41210977007619,2017,females
At most primary school,32,61,40786,1271.3768368230928,67.92110037758054,88.15468747446019,278.6575458899295,2017,females
At most primary school,33,45,30604,967.1066527251339,166.32270291465167,101.02600967193831,23.460985492092536,2017,females
At most primary school,34,45,38897,1471.8438697071754,126.20819086304856,57.41556761018416,36.06533494442588,2017,females
At most primary school,35,42,25362,884.6473069947165,137.69261099282392,57.699511079567856,0.7885813421654444,2017,females
At most primary school,36,50,32258,1444.1350982701965,103.07706615413231,127.00699568065802,46.71476842953686,2017,females
At most primary school,37,47,33621,1227.632501511952,69.9849796258291,128.01659181265677,38.68118140447935,2017,females
At most primary school,38,61,41491,1345.3800502920312,36.7069966980791,64.13961260675005,105.9367091658432,2017,females
At most primary school,39,42,28344,851.4015194279801,67.5769122212814,45.31911515664691,91.9418571831781,2017,females
At most primary school,40,51,36692,1377.3768396380683,36.09620625749482,104.25762654892984,131.74261419382972,2017,females
At most primary school,41,31,24233,1157.409359138365,86.40779102876243,150.33662773903356,64.80831923410226,2017,females
At most primary school,42,46,39099,1102.7166466320537,83.65344382209264,84.57741885981739,0,2017,females
At most primary school,43,37,32878,880.1864063101973,71.54547113571385,101.9801488330596,110.77316138451243,2017,females
At most primary school,44,38,24143,1464.630479504066,74.89707161496086,256.39999171602534,401.049993787019,2017,females
At most primary school,45,52,34237,1753.849315068493,52.7642608873441,154.3204720039723,57.555665897518274,2017,females
At most primary school,46,48,29231,1150.2454386325019,77.61383462762136,64.37321108868439,118.35608315372949,2017,females
At most primary school,47,29,18618,1441.3419271672574,100.55859920507037,70.28572707415763,135.9204354209188,2017,females
At most primary school,48,50,32519,1301.9101448384022,74.74885451582152,237.25017681970542,82.53734739690643,2017,females
At most primary school,49,24,15831,1215.2548586107428,136.52264544248627,66.39757437938222,0,2017,females
At most primary school,50,33,25951,870.926515355863,82.34056491079342,150.09248198527996,252.78409309853186,2017,females
At most primary school,51,34,26047,912.667370522517,62.36879487081046,118.14834721848965,21.376742043229548,2017,females
At most primary school,52,36,27591,1246.0461019897793,36.88586858033417,126.3484318557984,197.5221388617061,2017,females
At most primary school,53,30,17246,1114.920290695427,55.08871622405196,65.27359001121033,0,2017,females
At most primary school,54,24,13779,770.615356702228,22.203352928369256,228.457556184532,76.04122214964802,2017,females
At most primary school,55,34,28289,1262.6612346377271,37.829545052847394,28.106743492759257,18.420587507511755,2017,females
At most primary school,56,33,23508,1116.0643894277125,57.62080993704271,150.93266122171175,101.01888718734048,2017,females
At most primary school,57,14,9099,1712.7726123749862,25.80503352016705,149.8186613913617,0,2017,females
At most primary school,58,18,12292,764.5364464692483,86.9370322160755,119.24151209458728,115.59171276711142,2017,females
At most primary school,59,30,23718,911.8954802259886,75.59870140821317,171.7537735053546,582.2834977654103,2017,females
At most primary school,60,40,28319,873.2249373212331,179.04304530527207,123.57757453770732,79.71326671139518,2017,females
Secondary school or above,14,10,5096,112.44113029827315,3.2731554160125587,0,0,2017,females
Secondary school or above,15,10,4568,147.42775831873905,0,0,0,2017,females
Secondary school or above,16,14,9252,321.2926934716818,100.86251621271076,0,0,2017,females
Secondary school or above,17,24,13472,906.8605997624703,150.89853028503563,40.480255344418055,38.190320665083135,2017,females
Secondary school or above,18,33,19556,805.0882934478761,190.37124156269175,3.0254994204677166,1.896331901547692,2017,females
Secondary school or above,19,51,33522,1363.049360618897,206.08734562376947,30.219706461428316,8.304993735457312,2017,females
Secondary school or above,20,66,38106,1991.674801868472,88.69679315593345,97.18460784828285,13.724872723455624,2017,females
Secondary school or above,21,70,51226,1521.1366363435234,95.86928512864561,32.60608219784224,64.8108382462031,2017,females
Secondary school or above,22,61,39979,1965.3241076565196,59.123789989744616,85.78753845769029,1.5833312489056754,2017,females
Secondary school or above,23,58,38879,2209.0013889246125,106.48679235577046,48.86710477807213,96.57741539991596,2017,females
Secondary school or above,24,50,34887,2126.230410563629,129.38057155960672,13.253981903478852,1.8144294436322985,2017,females
Secondary school or above,25,67,34487,2754.241356646466,82.52674920984718,42.053527416127814,39.665187848561295,2017,females
Secondary school or above,26,57,35816,2525.6806176010723,96.97492740674559,224.03325329461694,22.4731963368327,2017,females
Secondary school or above,27,60,33009,2797.73581447484,105.31030930958224,61.80309410564795,52.817918345501724,2017,females
Secondary school or above,28,43,23757,3953.6881199927043,35.79323988719114,13.517910510586354,0,2017,females
Secondary school or above,29,52,28861,3049.4316898236375,87.20765046256193,71.72467458970006,201.86983588002263,2017,females
Secondary school or above,30,72,49554,3351.418378603813,103.00742624207935,88.92790356647967,31.258828752472052,2017,females
Secondary school or above,31,51,30342,3673.0659893876473,18.481313031441566,254.475468547448,13.014962757893349,2017,females
Secondary school or above,32,52,32534,2981.070526218725,18.826458474211595,135.83686809696525,157.0951414930022,2017,females
Secondary school or above,33,43,28452,2947.2149585266416,2.446225221425559,64.09391255447771,0,2017,females
Secondary school or above,34,39,26399,2487.18983673624,102.86109322322815,303.9130270085988,140.24457997146357,2017,females
Secondary school or above,35,51,30689,3924.7363659074367,60.19713904004692,107.63710124148717,8.967382449737691,2017,females
Secondary school or above,36,46,26587,3635.29012299244,67.46154135479746,110.50137285139354,21.754993041712115,2017,females
Secondary school or above,37,30,19443,3336.6715784601142,18.92712030036517,45.862906958802654,0,2017,females
Secondary school or above,38,44,23189,3408.7643063521496,80.23286903273103,205.42786091106416,58.97106386648842,2017,females
Secondary school or above,39,31,17977,3574.6662726446752,34.838404628135955,59.06436001557546,22.395282861434055,2017,females
Secondary school or above,40,48,28833,3546.8968542988937,37.649568203100614,121.91898172233205,0,2017,females
Secondary school or above,41,21,11828,3476.362656408522,107.2776462631045,40.24349002367264,124.05591252395448,2017,females
Secondary school or above,42,43,23684,3531.925406744356,65.38794122614424,401.7240893993132,86.5070652479874,2017,females
Secondary school or above,43,25,11544,2746.2798856548857,7.451489951489951,63.11330561330561,70.68607068607069,2017,females
Secondary school or above,44,23,13461,3632.0667360027737,71.60092117970433,130.9746675581309,228.21484287942945,2017,females
Secondary school or above,45,38,18888,3804.2706568544404,99.27445997458705,177.51305943809123,2.0330368487928845,2017,females
Secondary school or above,46,20,11861,6251.879549222943,27.501896973273755,259.2445830874294,0,2017,females
Secondary school or above,47,17,8476,3256.7593990876203,54.739263803680984,62.85983954695611,0,2017,females
Secondary school or above,48,17,10546,4423.015993425627,86.2317466337948,132.41513369998103,0,2017,females
Secondary school or above,49,18,9671,2720.5162858029157,6.532933512563334,230.49322717402544,1276.8896701478648,2017,females
Secondary school or above,50,28,17087,4020.886346345175,144.64563703400245,305.5539298882191,74.80540761982795,2017,females
Secondary school or above,51,14,8005,4110.120674578388,12.192379762648345,1194.5908806995628,0,2017,females
Secondary school or above,52,14,5821,5503.46818988719,282.5115959457138,254.49235526541833,0,2017,females
Secondary school or above,53,21,10599,3476.221931314275,17.87432776677045,120.08680064156997,0,2017,females
Secondary school or above,54,16,8231,5776.253391649455,29.1240432511238,416.5350504191471,0,2017,females
Secondary school or above,55,12,6832,5206.70862607338,159.82435597189695,1035.4764344262296,18.77195550351288,2017,females
Secondary school or above,56,9,3574,4663.691475470994,0,91.71796306659205,0,2017,females
Secondary school or above,57,9,5698,3676.855036855037,0,26.167076167076168,0,2017,females
Secondary school or above,58,10,5598,5291.641002739073,130.72525902107895,383.1725616291533,0,2017,females
Secondary school or above,59,8,3766,2020.4142326075412,0,60.06372809346787,237.9182156133829,2017,females
Secondary school or above,60,8,5026,2701.2302692664807,47.61241543971349,0,0,2017,females
At most primary school,14,22,15862,427.1011852225445,16.580506871769007,4.060017652250662,0,2017,urban
At most primary school,15,27,14074,701.0132158590309,175.49666050873952,0,0,2017,urban
At most primary school,16,28,20203,681.1973469286739,155.55273969212493,44.66663366826709,0,2017,urban
At most primary school,17,31,19643,868.474859576779,45.920684213205725,4.5665122435473195,0,2017,urban
At most primary school,18,33,22649,1064.548398016101,119.27431674687624,62.58186527734853,0,2017,urban
At most primary school,19,34,22951,1200.3756815244071,156.46638490697572,13.809975600191713,0,2017,urban
At most primary school,20,38,26087,1137.8764646503366,99.02863495227508,215.153141411431,65.74155709740484,2017,urban
At most primary school,21,34,16106,1513.2147439877479,86.80305476220042,68.70317480028147,0,2017,urban
At most primary school,22,33,21509,1056.7766981263658,124.91887117020782,20.503045236877586,22.130271049328186,2017,urban
At most primary school,23,33,27474,1015.9595981655383,71.9989808546262,4.677149304797263,0,2017,urban
At most primary school,24,39,27405,1377.8924770419023,137.78580550994343,44.84339840661679,9.176184394575198,2017,urban
At most primary school,25,49,27205,1510.5193714390737,67.01415181032898,110.32915211664523,28.41511976965019,2017,urban
At most primary school,26,37,20294,1508.8858775992903,117.945304030748,89.19302913833316,4.257415985020203,2017,urban
At most primary school,27,41,23857,1564.3586787944837,116.52890137066689,150.69906107222198,0,2017,urban
At most primary school,28,56,35645,2182.4613269743304,167.76540889325292,41.62996212652546,0,2017,urban
At most primary school,29,46,27939,1725.5831155970745,123.7492394144386,84.41023300762375,114.02295477051194,2017,urban
At most primary school,30,66,45956,1647.5131303130531,68.20001740795544,71.29055872283634,16.737023819885685,2017,urban
At most primary school,31,41,25336,1779.81126986633,123.55541521945058,69.17429744237448,8.466214082728134,2017,urban
At most primary school,32,68,38961,1925.2465114687336,62.22350555683889,129.87709932154377,19.487692821026155,2017,urban
At most primary school,33,51,29190,1996.9748772410642,165.0853031860226,314.6499942902821,0,2017,urban
At most primary school,34,57,40643,2144.671841809578,144.06023177422927,31.211606754750715,18.188864011022808,2017,urban
At most primary school,35,62,29353,1864.2280743592364,77.35359247777059,21.69454570231322,0.6813613599972745,2017,urban
At most primary school,36,68,40096,2483.4470021947327,138.83716580207502,92.0463803538175,37.58292597765363,2017,urban
At most primary school,37,41,21622,2563.3980744920295,98.07742114512996,193.1186985477754,0,2017,urban
At most primary school,38,77,50275,2122.567856787668,89.56539035305818,47.55677109232554,99.5747389358528,2017,urban
At most primary school,39,53,28333,1858.6975964423111,39.63858398334098,15.850186472782031,91.97755267709032,2017,urban
At most primary school,40,67,38388,2231.5835677815985,188.51729707200167,223.73411830085792,113.75950817963947,2017,urban
At most primary school,41,32,22485,1945.844577866726,278.80320213475653,102.7730338744348,0,2017,urban
At most primary school,42,57,43013,1696.2226633033424,60.278194964313116,48.85743844884105,0,2017,urban
At most primary school,43,50,41409,1946.0355075788675,73.33966046028641,51.74074476563066,87.951894515685,2017,urban
At most primary school,44,45,21695,2132.0341399708072,62.13044480294999,9.776062072674195,590.1820696012907,2017,urban
At most primary school,45,62,39891,2169.7047120068855,81.90932791857813,209.18753603569726,19.616789083586106,2017,urban
At most primary school,46,55,31014,1623.7284747748329,95.92216418391693,34.90552653640292,24.42982738978096,2017,urban
At most primary school,47,29,15996,2881.299887471868,144.576144036009,30.89522380595149,27.7006751687922,2017,urban
At most primary school,48,59,34236,1877.179586789734,129.20399579390116,164.69213693188456,78.39794368500993,2017,urban
At most primary school,49,45,29008,2612.4686523257956,103.32977109762824,111.33445945945945,54.054054054054056,2017,urban
At most primary school,50,56,44289,1923.1925233504182,43.79642800695432,76.41494878336984,573.709047393258,2017,urban
At most primary school,51,37,24549,1411.208766141187,57.888305022607845,121.28386084972911,19.5119964153326,2017,urban
At most primary school,52,50,36491,1445.374731668996,38.299580718533335,91.88589880609831,63.67323449617714,2017,urban
At most primary school,53,39,19818,1695.9089548222153,64.49742658189524,46.13104248662832,0,2017,urban
At most primary school,54,41,23810,1822.4789164216716,46.37547249055019,173.26193476130476,13.66115077698446,2017,urban
At most primary school,55,46,30324,1502.133722464055,43.58791716132436,31.900200061557403,7.8980345600844215,2017,urban
At most primary school,56,48,32721,1434.3679797887187,107.46936218330735,64.55258091134134,43.40331896946915,2017,urban
At most primary school,57,29,18108,1887.1015205065903,12.96664457698255,98.5487215595317,113.85391355570282,2017,urban
At most primary school,58,39,22189,1902.9213273844398,121.6828158096354,146.79150329742964,90.60134901678009,2017,urban
At most primary school,59,36,23014,1253.9818661104835,88.48570435387155,72.57220242750789,658.1119898033081,2017,urban
At most primary school,60,55,34514,1904.6229742519945,179.60161094048792,323.45719611365433,0,2017,urban
Secondary school or above,14,7,3274,356.9578497251069,26.05986560781918,0,0,2017,urban
Secondary school or above,15,14,7954,323.88106613024894,0,29.848713435587968,0,2017,urban
Secondary school or above,16,23,13591,547.2036641895372,77.1952027076742,0,20.484143918769774,2017,urban
Secondary school or above,17,46,31846,1049.4630722853733,91.17675689254537,24.02342523393833,16.15587514915531,2017,urban
Secondary school or above,18,73,44538,1200.3721410181568,64.40567605191073,1.8022063556214167,0.8326522669780112,2017,urban
Secondary school or above,19,94,57434,1756.190177711228,123.23223177908555,49.01826444266462,4.847302991259533,2017,urban
Secondary school or above,20,123,67146,1948.6444662873935,88.6852530307092,98.21322193429243,13.370103952580942,2017,urban
Secondary school or above,21,139,83839,2261.4972536647624,92.01111654480611,43.12598154399106,39.599708965994346,2017,urban
Secondary school or above,22,133,82556,2142.092658316779,98.82346528417075,59.121485214076905,0.7667522651291244,2017,urban
Secondary school or above,23,149,86362,2462.1890569154643,72.95694865797458,35.806209135190635,43.477841334537565,2017,urban
Secondary school or above,24,116,64534,2585.591363983843,80.32571977562215,183.51579529137098,32.09677585975352,2017,urban
Secondary school or above,25,147,79582,3194.278501001064,142.19245558040762,83.43648165833146,18.018814974910576,2017,urban
Secondary school or above,26,121,66270,2871.7480232382677,81.20642824807605,139.90971279110707,12.145767315527388,2017,urban
Secondary school or above,27,116,62336,3218.6332376155033,72.42919019507187,46.81640625,21.001775325119777,2017,urban
Secondary school or above,28,104,56250,3843.668554074074,62.34524444444445,51.6864,0,2017,urban
Secondary school or above,29,103,61311,3965.7886132450403,131.56986511392736,116.99586262389022,95.02642810153696,2017,urban
Secondary school or above,30,131,76605,3703.5813001762285,91.82213954702695,209.3782770924439,25.703283075517263,2017,urban
Secondary school or above,31,93,54808,4206.984433537683,29.217632462414247,155.96800953632072,19.79504208631343,2017,urban
Secondary school or above,32,109,63964,4134.863071415171,82.54096054030393,104.42114314301794,77.46544931523982,2017,urban
Secondary school or above,33,99,64777,3535.57011233411,63.423128579588436,141.4040991915855,4.686848727171681,2017,urban
Secondary school or above,34,83,48644,3263.7001582929033,65.03474220869994,240.20862456486583,67.01031987501028,2017,urban
Secondary school or above,35,97,59340,4684.061835748792,61.379676440849344,79.17832266037524,4.63768115942029,2017,urban
Secondary school or above,36,91,50642,3395.551357239709,76.50764187828285,187.49818990824483,11.421349867698748,2017,urban
Secondary school or above,37,68,41640,4518.650728466218,53.68395773294909,233.34404018571882,0,2017,urban
Secondary school or above,38,97,53254,4360.947606439579,87.71942013745446,125.59713824313667,25.678446689450556,2017,urban
Secondary school or above,39,68,37388,3978.173034574373,36.77757569273564,53.698379159088475,19.386969080988553,2017,urban
Secondary school or above,40,96,56466,4433.199282163898,146.7847908475897,87.86493937354633,22.092940884780223,2017,urban
Secondary school or above,41,45,23688,4469.063442812113,114.92654508611956,69.9102217719239,9.456264775413711,2017,urban
Secondary school or above,42,82,43746,4295.844221947912,84.60266081470306,216.45255185235985,44.27833401911032,2017,urban
Secondary school or above,43,77,37453,5253.917158394076,167.88748564867967,196.55408111499747,23.474933027171833,2017,urban
Secondary school or above,44,46,31693,5995.341855194101,46.32316284353012,124.94508513972592,96.92992143375508,2017,urban
Secondary school or above,45,73,34591,5292.938866564521,72.6275909918765,96.92887359910576,1.11011534792287,2017,urban
Secondary school or above,46,38,18481,5701.616579189438,44.667496347600235,201.70445322222824,0,2017,urban
Secondary school or above,47,38,18069,3968.3629789510583,27.12214289667386,93.19276108251702,0,2017,urban
Secondary school or above,48,49,29097,4139.799778900459,40.64852046602743,323.8724496225269,5.765084602078107,2017,urban
Secondary school or above,49,42,22883,4488.883771067313,33.356640300659876,355.5011726317936,130.26264038806102,2017,urban
Secondary school or above,50,60,33776,5379.846459024159,92.33775461866414,246.7333807042476,81.18782567503553,2017,urban
Secondary school or above,51,36,18434,3748.5721809337815,26.304654442877293,593.6150591298688,0,2017,urban
Secondary school or above,52,35,15929,4847.337225605291,135.98468202649255,392.78046330592,0,2017,urban
Secondary school or above,53,42,19570,4839.597270482031,151.19570771589167,402.6750127746551,0,2017,urban
Secondary school or above,54,39,18813,5327.7847233296125,16.10163185031627,262.50465103917503,10.293414128528145,2017,urban
Secondary school or above,55,32,16869,4944.03708973067,126.91445847412413,572.277056533681,7.602703183354081,2017,urban
Secondary school or above,56,31,13606,5288.222205889559,29.563427899456123,675.5634768974473,2.675290313097163,2017,urban
Secondary school or above,57,21,11042,6385.600464891625,20.952725955442855,1141.4991245547305,29.12515848578156,2017,urban
Secondary school or above,58,21,10531,5936.157534896971,12.23055740195613,293.6805621498433,0,2017,urban
Secondary school or above,59,19,9440,3382.5515536723165,21.694915254237287,427.81779661016947,94.91525423728814,2017,urban
Secondary school or above,60,25,14020,3229.722182596291,55.836091298145504,775.5860675225869,47.45601521635758,2017,urban
At most primary school,14,73,69283,320.1562721013813,73.21550741163055,3.5673734297494812,0,2017,rural
At most primary school,15,70,65242,381.7696269274394,77.64358848594463,3.2877594187793138,0,2017,rural
At most primary school,16,91,93342,601.161352874376,49.179576182211655,6.496941355445566,0,2017,rural
At most primary school,17,65,64713,689.7977531562437,91.01270223911733,12.574495593363519,0,2017,rural
At most primary school,18,66,58091,671.600569221853,39.681534144703996,6.887254480039937,0,2017,rural
At most primary school,19,46,42735,896.5385827385828,142.19445419445418,31.000663000663,0,2017,rural
At most primary school,20,62,57915,901.6184177961956,60.47008547008547,6.690840024173357,0,2017,rural
At most primary school,21,36,41360,847.3966392649903,82.90183752417795,0,0,2017,rural
At most primary school,22,47,44321,911.9378323292946,66.49872520926874,32.432462414355875,24.796371923016178,2017,rural
At most primary school,23,59,48412,1157.2476882453386,118.53786251342642,33.44732022363601,0,2017,rural
At most primary school,24,47,45193,1235.1581070814802,73.88356603898833,41.227494671003626,0,2017,rural
At most primary school,25,61,49932,1263.0334988918262,167.73972602739727,41.9213463643889,2.3832412080429384,2017,rural
At most primary school,26,43,38662,938.1410170192954,271.48104081527083,51.474369751521735,10.207697480730433,2017,rural
At most primary school,27,44,43778,832.7283643230238,69.24939467312349,45.10808320769946,0,2017,rural
At most primary school,28,38,33243,1125.937791414734,96.16460608248353,43.37920765273892,0,2017,rural
At most primary school,29,41,41204,1108.4014739669287,67.1696922628871,105.55689577063717,40.3600621298903,2017,rural
At most primary school,30,78,75284,1313.4239081345306,68.57884809521279,80.78114318226095,56.213803729876204,2017,rural
At most primary school,31,43,30577,1112.3780564912627,131.52712823363967,77.5305294829447,23.481701932825327,2017,rural
At most primary school,32,55,50247,1381.7892676843062,38.474336776324954,48.254073211667695,223.44949283871009,2017,rural
At most primary school,33,57,50796,1258.1621453132793,102.07910071659185,28.967635246869833,78.7450455416437,2017,rural
At most primary school,34,47,45918,1067.1135901679806,75.81190382856396,185.93309087213436,136.62035222207703,2017,rural
At most primary school,35,54,47433,1155.0279552210486,96.40904011974786,74.55236333354415,1.286024497712563,2017,rural
At most primary school,36,45,38336,1046.42667466611,110.73638355592655,227.15691517111853,0,2017,rural
At most primary school,37,62,55931,1345.072827829528,116.04092542597128,148.04856877223722,59.153242387942285,2017,rural
At most primary school,38,61,53409,1281.259481860111,40.31193244584246,48.1552734557846,4.058304780093243,2017,rural
At most primary school,39,56,47724,1387.0779621713743,210.9368451931942,83.28891123962786,31.835135361662896,2017,rural
At most primary school,40,73,59184,1268.141078388303,82.27544606650446,36.75016333243219,61.01142200594755,2017,rural
At most primary school,41,44,40408,1263.7596763017225,66.07045634527816,103.65514460832838,48.56711542268857,2017,rural
At most primary school,42,50,51209,1490.8856483560833,178.3913960436642,114.24718311234354,9.320158565877092,2017,rural
At most primary school,43,39,33186,1286.136337612246,50.80304947869583,68.15072620984752,39.26957150605677,2017,rural
At most primary school,44,40,38418,1573.412367466639,125.1426414701442,194.25091536953164,25.406059659534595,2017,rural
At most primary school,45,50,44741,1605.9921473964969,125.3497910194229,73.36259992698719,43.0924655237925,2017,rural
At most primary school,46,38,32875,1616.8270468948035,97.58692015209125,64.38230671736376,111.75665399239544,2017,rural
At most primary school,47,31,22314,911.1425562427175,21.82486331451107,222.2994383197395,148.30786352364734,2017,rural
At most primary school,48,50,45121,1652.245938698167,100.58309877883912,72.19164764374312,62.47645220628976,2017,rural
At most primary school,49,42,36562,1416.085197746294,28.476560363218642,51.275481829950955,46.51094943748518,2017,rural
At most primary school,50,47,49540,1657.1582155833669,158.27149777957206,242.8498856143184,163.21894765172925,2017,rural
At most primary school,51,29,25482,858.0730319441174,246.29542422101875,174.92411636972506,507.036339376815,2017,rural
At most primary school,52,38,35706,1744.204988890756,111.5204167366829,52.21525560596725,105.31174965925428,2017,rural
At most primary school,53,25,19318,1658.9670773371984,113.1380060047624,49.58756945163405,0,2017,rural
At most primary school,54,28,27070,1230.7124122644993,32.56394532693018,150.9726573082133,110.22657308213273,2017,rural
At most primary school,55,25,24624,1170.383487654321,226.69956140350877,74.8926859974009,11.435997400909681,2017,rural
At most primary school,56,38,30228,1301.742490406246,5.890829694323144,219.778494552512,85.33500948348109,2017,rural
At most primary school,57,25,19127,1191.1523152262944,32.37935902127882,109.54613460901693,40.98917760234224,2017,rural
At most primary school,58,23,23838,998.7753866375815,93.19573789747461,143.28033671728613,199.79304751517188,2017,rural
At most primary school,59,32,35910,1319.236424394319,46.64480646059594,196.61466629536807,37.36192332683561,2017,rural
At most primary school,60,40,36809,947.678728934047,9.538428101822923,20.407357349199017,212.0984904054262,2017,rural
Secondary school or above,14,9,5438,32.111805810959915,8.316476645825672,0,0,2017,rural
Secondary school or above,15,16,9318,79.20154539600773,14.16613007083065,0,0,2017,rural
Secondary school or above,16,18,17125,195.46277372262773,49.0814598540146,0,0,2017,rural
Secondary school or above,17,38,36889,444.12616227059556,43.84884382878365,66.52443817940308,0,2017,rural
Secondary school or above,18,37,30139,521.7027771326188,84.62251567736156,3.6635809637568157,0,2017,rural
Secondary school or above,19,55,51776,1046.8331530696332,134.59363411619282,0.612252781211372,15.972651421508035,2017,rural
Secondary school or above,20,68,56299,1722.5706436467196,139.9172276594611,102.93348904953906,9.591644611804828,2017,rural
Secondary school or above,21,50,42790,1104.8354210485315,55.31175508296331,23.110539845758353,0,2017,rural
Secondary school or above,22,55,52335,1445.9321359192381,76.1216776535779,11.754848571701539,26.466673035890576,2017,rural
Secondary school or above,23,43,39911,1961.196929835551,154.23617549046628,10.874195084062038,2.7828585268889947,2017,rural
Secondary school or above,24,31,22460,2011.5527159394478,224.44906500445236,31.795043039477587,0,2017,rural
Secondary school or above,25,31,20400,2150.035735294118,54.79019607843137,50.95653594771242,16.25,2017,rural
Secondary school or above,26,35,30257,2207.9102631897854,181.68090028753676,133.72869638981615,0,2017,rural
Secondary school or above,27,37,31514,2624.8443760445093,410.62258044043915,0,38.39986461043769,2017,rural
Secondary school or above,28,27,21646,2358.4680772429087,97.91647417536727,31.676984200314145,8.980874064492285,2017,rural
Secondary school or above,29,24,18187,2996.4904785469475,158.37576290757133,1764.4574421289935,0,2017,rural
Secondary school or above,30,42,33263,3234.7181402759825,308.2229504253976,7.529387006583892,18.065117397709166,2017,rural
Secondary school or above,31,22,16065,3132.5943925718434,134.56582633053222,5.3428778918974995,106.31808278867102,2017,rural
Secondary school or above,32,22,20906,1973.7937195063619,181.25968621448388,6.7476641474536825,63.66274434771517,2017,rural
Secondary school or above,33,20,20461,3120.071485590473,84.14153755925908,9.588974145936172,0,2017,rural
Secondary school or above,34,27,22191,2180.169137638382,130.79626875760442,11.064076277169423,20.47887281630691,2017,rural
Secondary school or above,35,15,9995,3378.2524262131064,32.58629314657329,0,0,2017,rural
Secondary school or above,36,10,9037,4052.3854523993955,100.27664047803475,127.80605658219912,0,2017,rural
Secondary school or above,37,14,11365,2377.8194163367066,124.90101187857456,52.60888693356797,0,2017,rural
Secondary school or above,38,14,10384,2918.5439458140727,102.4306625577812,20.480225988700564,122.14946070878274,2017,rural
Secondary school or above,39,10,6464,2842.3418162128714,74.22957920792079,219.16254125412541,46.24071782178218,2017,rural
Secondary school or above,40,9,7901,5028.172889507658,33.41349196304265,0.6834577901531451,0,2017,rural
Secondary school or above,41,7,5904,14062.804369918698,48.01829268292683,0,210.59168925022587,2017,rural
Secondary school or above,42,11,7101,2228.188518049101,39.67046894803549,126.9539501478665,26.263906492043375,2017,rural
Secondary school or above,43,6,4244,4075.946277097078,0,51.932139491046186,0,2017,rural
Secondary school or above,44,3,2129,4985.697510568342,49.7040864255519,0,0,2017,rural
Secondary school or above,45,10,8365,4411.401574018729,27.543335325762104,60.060370591751344,0,2017,rural
Secondary school or above,46,7,4106,2407.962290956324,38.65075499269362,103.06867998051632,0,2017,rural
Secondary school or above,47,5,3206,10816.755146600124,35.37117903930131,0,0,2017,rural
Secondary school or above,48,6,6948,4703.768326616772,710.9959700633276,414.2295144885818,0,2017,rural
Secondary school or above,49,11,8634,3205.175160219288,7.317581653926338,216.6241989035596,1085.012740328932,2017,rural
Secondary school or above,50,9,7528,2321.2995040736805,33.097768331562165,364.1073326248672,0,2017,rural
Secondary school or above,51,5,3116,3665.201112537441,0,44.55498502353444,0,2017,rural
Secondary school or above,52,6,5864,6417.5841291496135,10.53206002728513,0,0,2017,rural
Secondary school or above,53,1,407,1100,0,0,0,2017,rural
Secondary school or above,54,4,1919,4059.9412888657284,0,0,1119.332985930172,2017,rural
Secondary school or above,55,1,1127,2500,0,0,0,2017,rural
Secondary school or above,56,1,944,3000,0,0,0,2017,rural
Secondary school or above,58,4,3020,1989.5192052980133,199.66887417218544,0,0,2017,rural
Secondary school or above,59,2,385,1885.7142857142858,0,24,0,2017,rural
At most primary school,14,69,66348,322.1752878760475,40.27611985289685,4.536434155262153,0,2017,indigenous
At most primary school,15,52,49561,337.80956800710237,58.077924174249915,0,0,2017,indigenous
At most primary school,16,77,80094,569.1937348615377,57.91619846680151,4.3846917372087795,0,2017,indigenous
At most primary school,17,52,51332,704.4582846307695,83.67723836982779,6.997584352840334,0,2017,indigenous
At most primary school,18,55,54572,616.8946712599868,68.93168657919813,14.485526765862836,0,2017,indigenous
At most primary school,19,35,29934,798.9066479588429,81.61121133159618,45.1522794592548,0,2017,indigenous
At most primary school,20,58,54018,777.2531810384194,72.26674441852715,14.787663371468769,31.74867636713688,2017,indigenous
At most primary school,21,30,31531,916.1345976975041,64.5161904157813,6.633683253517702,0,2017,indigenous
At most primary school,22,42,40026,840.5208864238245,95.00724529056113,13.882164093339329,27.45715285064708,2017,indigenous
At most primary school,23,40,42096,886.3330957810718,96.86454770049411,7.071178575953377,0,2017,indigenous
At most primary school,24,41,40389,1091.6858303003294,55.32620267894724,30.61854712916883,0,2017,indigenous
At most primary school,25,48,35852,905.1443666555097,63.02354122503626,101.43472935029195,3.319201160325784,2017,indigenous
At most primary school,26,35,30944,764.0362913650465,256.4497802481903,33.02666375818683,0,2017,indigenous
At most primary school,27,36,33694,614.2118774856058,4.754555707247581,33.08032092756376,0,2017,indigenous
At most primary school,28,41,36236,1208.6106542296795,121.6842918644442,31.410314788240058,0,2017,indigenous
At most primary school,29,38,37581,1110.8229779232415,73.78196429046592,70.65105150652369,44.25097788776243,2017,indigenous
At most primary school,30,63,66380,1320.0394797629808,63.771768605001505,45.68039570151652,38.5281711358843,2017,indigenous
At most primary school,31,38,31233,1143.451947192606,191.2856593987129,50.57791438542567,22.988505747126435,2017,indigenous
At most primary school,32,55,48744,1308.046056950599,56.55670441490235,92.564972099130145,230.33946058318287,2017,indigenous
At most primary school,33,45,37724,1126.423231894815,89.00673311419786,27.107411727282365,106.03152723288446,2017,indigenous
At most primary school,34,43,47702,1195.0792978631223,115.50649867930066,114.8240814501139,135.36294774502815,2017,indigenous
At most primary school,35,55,42312,954.1820838847924,105.4490451881263,39.205522861914666,0,2017,indigenous
At most primary school,36,45,42352,1579.0267205011962,113.17470249338874,185.9956436531923,35.58096429920665,2017,indigenous
At most primary school,37,50,42670,1458.6980782751348,147.4794937895477,118.71640887430671,47.05882352941177,2017,indigenous
At most primary school,38,45,43188,1071.3908956191535,87.34162267296472,57.294271556913955,68.49587848476429,2017,indigenous
At most primary school,39,46,40409,1154.924760985589,247.53099557029375,76.25199006821913,96.95859833205473,2017,indigenous
At most primary school,40,62,50694,1367.6217895608947,80.1530753146329,154.83859036572375,95.35447982009705,2017,indigenous
At most primary school,41,38,32883,1207.99279262841,115.39746981723079,59.5226890287788,47.760240853936686,2017,indigenous
At most primary school,42,45,48535,1135.2482194979568,142.93530441949108,49.65344253288004,9.833645822602247,2017,indigenous
At most primary school,43,29,30814,994.6803076523659,31.769650159018628,31.13844356461349,42.292464464204585,2017,indigenous
At most primary school,44,37,31150,1498.1848796147672,141.29245585874799,29.334135901551633,130.95131086142322,2017,indigenous
At most primary school,45,40,37927,1512.8852971937317,138.71951380283176,50.06839894182684,0,2017,indigenous
At most primary school,46,32,25177,1136.7758933418067,76.05711562140048,60.719505898240456,68.70026876381883,2017,indigenous
At most primary school,47,18,15298,927.1193184294243,58.16446594326056,109.46134570967882,187.9722839586874,2017,indigenous
At most primary school,48,38,34099,1386.7511950497083,130.118478547758,36.46001349013167,159.6821021144315,2017,indigenous
At most primary school,49,31,26426,1948.5756451979112,79.0399606448195,45.80936703751356,0,2017,indigenous
At most primary school,50,33,40222,1289.361767192084,38.240763761125756,52.4039497455787,619.2879518671374,2017,indigenous
At most primary school,51,30,23640,855.6234771573604,181.22081218274113,99.89945008460236,566.8062605752962,2017,indigenous
At most primary school,52,22,25346,1009.2724164233673,13.3188668823483,107.5878179331387,0,2017,indigenous
At most primary school,53,23,17117,996.0732215536211,94.82093824852485,44.89353663998754,0,2017,indigenous
At most primary school,54,23,16950,1427.3438348082595,50.50182890855457,164.38229105211408,133.4119960668633,2017,indigenous
At most primary school,55,30,28654,848.1112584630418,86.89153346827668,79.5854272818222,18.185942625811403,2017,indigenous
At most primary school,56,23,21854,1087.316463805253,43.06099569872792,50.22173667673347,43.67859430767823,2017,indigenous
At most primary school,57,18,16337,1232.5521209524393,31.604333721001407,93.74421048336089,174.18538695394912,2017,indigenous
At most primary school,58,20,16404,818.058217507925,73.06998293099244,53.10635617329107,284.73746240754286,2017,indigenous
At most primary school,59,16,15718,820.7852780251941,45.240488611782666,48.20587861051024,69.91983712940578,2017,indigenous
At most primary school,60,32,30477,895.3023263444564,28.40502674147718,238.40614233684417,175.6975205346108,2017,indigenous
Secondary school or above,14,7,4147,51.94694960212202,16.551724137931036,0,0,2017,indigenous
Secondary school or above,15,17,10888,130.86425422483467,12.123438648052902,0,0,2017,indigenous
Secondary school or above,16,18,17109,178.50400374072126,45.357414226430535,0,0,2017,indigenous
Secondary school or above,17,35,36361,708.5073292813729,61.209125161574214,70.26814444047193,14.14977585874976,2017,indigenous
Secondary school or above,18,40,36382,461.98042072086935,96.40206695618713,2.2062191926410493,0,2017,indigenous
Secondary school or above,19,39,31708,907.3519301122745,104.80131197174215,15.557272612589882,0,2017,indigenous
Secondary school or above,20,42,35701,1504.0831442629992,114.78109856866755,22.8527678963241,15.12562673314473,2017,indigenous
Secondary school or above,21,39,34842,1252.6397738361748,59.3390161299581,0.6830836346937604,0,2017,indigenous
Secondary school or above,22,52,48126,1234.329156796742,97.24410921331504,38.04907949964676,1.9892227347656848,2017,indigenous
Secondary school or above,23,44,32246,1702.4260580123632,128.88010916082615,32.707157476896356,3.44435485538258,2017,indigenous
Secondary school or above,24,30,24024,2081.0830662393164,143.79349816849816,74.633699633699635,34.0992340992341,2017,indigenous
Secondary school or above,25,34,23888,2142.9836459031035,76.88044206296048,78.80974059499889,0,2017,indigenous
Secondary school or above,26,28,22832,1861.7933528965195,67.8968114926419,51.08509985984583,0,2017,indigenous
Secondary school or above,27,18,14904,1814.2041510109143,364.12104133118623,36.902844873859365,34.44265521560208,2017,indigenous
Secondary school or above,28,25,17765,1824.3768646214467,132.58091753447792,44.89698846045595,10.942865184351252,2017,indigenous
Secondary school or above,29,18,12229,3304.9127483849866,146.02175157412708,3.598004742824434,0,2017,indigenous
Secondary school or above,30,26,25429,3192.8695845950165,213.2879782925007,418.5001212526381,0,2017,indigenous
Secondary school or above,31,13,9281,2875.1076033473405,76.98954854002801,370.10896814280073,0,2017,indigenous
Secondary school or above,32,23,27949,2226.730455472468,134.78890121292355,0,135.2463415506816,2017,indigenous
Secondary school or above,33,18,16647,2514.754720570273,153.35616026911757,7.31813539977173,0,2017,indigenous
Secondary school or above,34,20,15450,1551.8146170442287,156.873786407767,189.42516181229774,65.91693635382956,2017,indigenous
Secondary school or above,35,14,11258,2441.2707260022503,35.30111920412151,16.788061822703856,0,2017,indigenous
Secondary school or above,36,12,10464,2661.2775707186543,77.17794342507645,63.205593781855256,55.27522935779817,2017,indigenous
Secondary school or above,37,13,9403,4258.560388528484,77.35828990747633,133.22476869084335,0,2017,indigenous
Secondary school or above,38,10,9254,2707.2509185217205,57.821482602118,28.37691808947482,0,2017,indigenous
Secondary school or above,39,6,5722,3968.6356751718513,50.318070604683676,170.2420482348829,0,2017,indigenous
Secondary school or above,40,16,15260,4523.475535168196,53.91546526867628,83.49049803407601,0,2017,indigenous
Secondary school or above,41,4,4687,4711.925040893251,0,0,0,2017,indigenous
Secondary school or above,42,9,7287,3164.702758336764,66.77645121449156,0,0,2017,indigenous
Secondary school or above,43,6,3041,4282.187657568782,0,0,0,2017,indigenous
Secondary school or above,44,3,2844,4771.821378340365,0,341.2974683544304,0,2017,indigenous
Secondary school or above,45,5,3546,5616.101240834743,0,120.23547659334461,0,2017,indigenous
Secondary school or above,46,7,5865,3245.0273941460646,49.70161977834612,373.28218243819265,0,2017,indigenous
Secondary school or above,47,3,1091,1671.3950504124657,103.94133822181485,0,0,2017,indigenous
Secondary school or above,48,10,11773,5175.81858206631,19.960927546080015,720.6036410996913,0,2017,indigenous
Secondary school or above,49,4,3817,4892.644223211946,0,42.572701074141996,0,2017,indigenous
Secondary school or above,50,7,5236,2356.2471352177236,39.037433155080215,574.4843391902216,0,2017,indigenous
Secondary school or above,51,6,4657,3916.8591009949178,46.575048314365475,919.7623648987187,0,2017,indigenous
Secondary school or above,52,2,2541,2069.5151515151515,0,483.27430145611964,0,2017,indigenous
Secondary school or above,53,3,1435,2962.8571428571427,0,0,0,2017,indigenous
Secondary school or above,54,4,2506,6335.932561851556,0,58.45969672785315,0,2017,indigenous
Secondary school or above,56,2,1275,3921.577516339869,0,2573.4901960784314,0,2017,indigenous
Secondary school or above,57,2,1105,6400.045248868778,10.371040723981901,0,0,2017,indigenous
Secondary school or above,58,1,363,2000,0,0,0,2017,indigenous
Secondary school or above,59,1,88,1500,0,105,0,2017,indigenous
Secondary school or above,60,2,2046,3605.6451612903224,163.03616813294232,183.18670576735093,0,2017,indigenous
At most primary school,14,26,18797,403.27605468957813,141.69016332393468,0.56258977496409,0,2017,non-indigenous
At most primary school,15,45,29755,605.9920685599059,156.516988741388,7.208872458410351,0,2017,non-indigenous
At most primary school,16,42,33451,726.0419718394069,92.50581447490359,34.60733610355445,0,2017,non-indigenous
At most primary school,17,44,33024,773.2885477228682,75.59365915697674,16.479933785529717,0,2017,non-indigenous
At most primary school,18,44,26168,1125.7921634566392,47.571232039131765,39.246407826352794,0,2017,non-indigenous
At most primary school,19,45,35752,1173.3309185500111,202.08072275676886,8.116406075184605,0,2017,non-indigenous
At most primary school,20,42,29984,1331.221707132693,72.76480789754535,173.47251867662754,0,2017,non-indigenous
At most primary school,21,40,25935,1177.3094916779128,107.67727009832274,34.600604074288285,0,2017,non-indigenous
At most primary school,22,38,25804,1143.447437089857,70.97388001860176,51.26304707280525,18.44675244148194,2017,non-indigenous
At most primary school,23,52,33790,1379.8778065502615,107.69887540692513,42.91457038571569,0,2017,non-indigenous
At most primary school,24,45,32209,1536.5129208192327,151.5250395852091,57.60734577292061,7.807548614776407,2017,non-indigenous
At most primary school,25,62,41285,1736.907650074684,192.30180452949014,35.31750837673085,18.72431472286141,2017,non-indigenous
At most primary school,26,45,28012,1543.959695844638,176.85277738112237,99.17922081012898,17.172997286877052,2017,non-indigenous
At most primary school,27,49,33941,1563.9148031387801,166.50746884299224,131.26781277314555,0,2017,non-indigenous
At most primary school,28,53,32652,2187.5587508677363,146.00777900281759,54.75226121932297,0,2017,non-indigenous
At most primary school,29,49,31562,1651.8535791986144,109.38121792028389,128.40018587753207,100.93426694548296,2017,non-indigenous
At most primary school,30,81,54860,1585.2843282901931,74.0780167699599,115.30243954307934,44.543686960748566,2017,non-indigenous
At most primary school,31,46,24680,1758.2272082658023,47.717990275526745,103.06122366288493,8.691247974068071,2017,non-indigenous
At most primary school,32,68,40464,1993.8932796230395,39.558867141162516,73.46720747660473,18.76383946223804,2017,non-indigenous
At most primary school,33,63,42262,1886.046826936728,157.26562869717478,227.94646096572177,0,2017,non-indigenous
At most primary school,34,61,38859,2037.0556842258763,98.46573509354333,111.39943556619231,14.295272652409995,2017,non-indigenous
At most primary school,35,61,34474,2005.3888534354392,69.08887857515809,72.92969097484094,2.349596797586587,2017,non-indigenous
At most primary school,36,68,36080,2018.214089061345,139.10282705099777,125.32404841093866,0,2017,non-indigenous
At most primary school,37,53,34883,1961.2537482441303,66.44970329386807,211.86502976617072,37.28177048992346,2017,non-indigenous
At most primary school,38,93,60496,2130.250870580975,47.66943268976461,41.1335735696024,37.43503702724147,2017,non-indigenous
At most primary school,39,63,35648,2025.0794714991023,33.30761894075404,37.66541367444644,5.815192998204668,2017,non-indigenous
At most primary school,40,78,46878,1949.5173126697669,171.5711421135714,62.168597209778575,67.06770766670932,2017,non-indigenous
At most primary school,41,38,30010,1835.9176718871488,171.4111962679107,151.35168832611353,13.062312562479173,2017,non-indigenous
At most primary school,42,62,45687,2062.011431041653,104.85753058857006,121.3049481617674,0,2017,non-indigenous
At most primary school,43,60,43781,2115.4159528867162,85.51476667960988,78.67984970649368,83.18677051689089,2017,non-indigenous
At most primary school,44,48,28963,2072.7610399475193,60.573490315229776,233.43800711252288,334.9417072356685,2017,non-indigenous
At most primary school,45,72,46705,2163.070006780145,77.39010812546836,208.28759055061911,58.03518538343503,2017,non-indigenous
At most primary school,46,61,38712,1934.5654426706622,110.25547633808638,43.14923882344837,69.79747881793759,2017,non-indigenous
At most primary school,47,42,23012,2270.008546265716,82.99322092821137,164.26429688857988,38.10367054869923,2017,non-indigenous
At most primary school,48,71,45258,2022.4331683532928,99.98073268814353,169.08633464433544,1.282248442264351,2017,non-indigenous
At most primary school,49,56,39144,1943.1927668778528,49.81197629266299,99.47286514748961,83.50023843586075,2017,non-indigenous
At most primary school,50,70,53607,2152.9125425162138,153.75510660921148,248.23872504212758,160.16316277103118,2017,non-indigenous
At most primary school,51,36,26391,1374.796028949263,129.3296957296048,192.23185303070494,0,2017,non-indigenous
At most primary school,52,66,46851,1909.0464237689698,107.6168705043649,53.15757223253861,129.85339338185594,2017,non-indigenous
At most primary school,53,41,22019,2207.5327822940794,83.5987102048231,50.12557336845452,0,2017,non-indigenous
At most primary school,54,46,33930,1547.7491895078101,33.29501915708812,159.91502112191768,30.88040082522841,2017,non-indigenous
At most primary school,55,41,26294,1904.1776070586445,167.87936411348596,20.196939732765397,0,2017,non-indigenous
At most primary school,56,63,41095,1521.372737964878,67.00372308066675,186.35219613091618,74.10036906355192,2017,non-indigenous
At most primary school,57,36,20898,1761.8241299007877,16.16422624174562,112.37008326155613,0,2017,non-indigenous
At most primary school,58,42,29623,1776.0963440569828,125.67869560814232,195.84500782049986,70.96467834678009,2017,non-indigenous
At most primary school,59,52,43206,1465.8106667283864,69.44255427486924,184.53245691184867,356.1647919270472,2017,non-indigenous
At most primary school,60,63,40846,1795.3565751032334,139.1609949566665,113.81951925117106,60.04015081036087,2017,non-indigenous
Secondary school or above,14,9,4565,247.07119386637459,13.56078860898138,0,0,2017,non-indigenous
Secondary school or above,15,13,6384,295.9429824561403,0,37.18932748538012,0,2017,non-indigenous
Secondary school or above,16,23,13607,568.1134710075696,81.84463878885867,0,20.460057323436466,2017,non-indigenous
Secondary school or above,17,49,32374,742.6495335763267,70.90659170939642,20.511830481250385,0,2017,non-indigenous
Secondary school or above,18,70,38295,1367.7504308656482,49.91873612743178,2.8833181007094053,0.9683944814379596,2017,non-indigenous
Secondary school or above,19,110,77502,1629.5778818611132,138.36288095791076,30.36986142293102,14.262857732703672,2017,non-indigenous
Secondary school or above,20,149,87744,1984.4708887977145,110.9393234865062,131.9042992493314,10.23145742159008,2017,non-indigenous
Secondary school or above,21,150,91787,2105.2338666332557,87.3045202479654,49.906186787526195,36.17069955440313,2017,non-indigenous
Secondary school or above,22,136,86765,2225.6916364125323,86.00620065694693,42.23907489579132,15.5903878291938,2017,non-indigenous
Secondary school or above,23,148,94027,2510.09254079502,88.27847320450509,26.28628833561991,39.933565181632225,2017,non-indigenous
Secondary school or above,24,117,62970,2573.3220184214706,107.51740511354613,170.94052723519135,19.88460113281457,2017,non-indigenous
Secondary school or above,25,144,76094,3244.3583900614153,139.26406812626487,76.18141158742259,23.20121603981041,2017,non-indigenous
Secondary school or above,26,128,73695,2912.097381097768,126.58184408711581,164.8913879277201,10.922043557907593,2017,non-indigenous
Secondary school or above,27,135,78946,3246.7404111671267,152.3629569579206,29.999588326197653,25.409351539871132,2017,non-indigenous
Secondary school or above,28,106,60131,3905.6011236577915,54.399893565714855,46.48924847416474,0,2017,non-indigenous
Secondary school or above,29,109,67269,3823.8692414039156,136.18992403633175,583.0222068610108,86.60995902025202,2017,non-indigenous
Secondary school or above,30,147,84439,3672.6843559650556,140.4890512677791,66.88654926436047,30.434988571631592,2017,non-indigenous
Secondary school or above,31,102,61592,4127.4460657769405,49.49701259903884,84.41269428930164,45.34560765467376,2017,non-indigenous
Secondary school or above,32,108,56921,4278.062990811827,93.14400660564642,119.8197618922132,44.024759461944335,2017,non-indigenous
Secondary school or above,33,101,68591,3659.376390488548,47.77682203204502,134.62565545528327,4.426236678281407,2017,non-indigenous
Secondary school or above,34,90,55385,3307.1053173241853,65.76419608197165,162.5640967771057,48.671662002347205,2017,non-indigenous
Secondary school or above,35,98,58077,4894.08951047747,61.47958744425504,77.64591261027027,4.738536770149973,2017,non-indigenous
Secondary school or above,36,89,49215,3672.2810254326255,80.72965559280708,202.96420468014495,0,2017,non-indigenous
Secondary school or above,37,69,43602,4016.726082901396,67.14141553139764,207.8260936042689,0,2017,non-indigenous
Secondary school or above,38,101,54384,4366.930791531823,95.6158061194469,122.0692973423556,48.467931744630775,2017,non-indigenous
Secondary school or above,39,72,38130,3787.0521264970716,41.0946761080514,64.25955066002273,26.848675583530028,2017,non-indigenous
Secondary school or above,40,89,49107,4500.873358177042,157.40322153664448,75.19735814989038,25.403710265338955,2017,non-indigenous
Secondary school or above,41,48,24905,6697.658268085391,120.6938365790002,66.49401057351268,58.91721876463897,2017,non-indigenous
Secondary school or above,42,84,43560,4148.0068640955005,80.26005509641874,238.0723905723906,48.74885215794307,2017,non-indigenous
Secondary school or above,43,77,38656,5201.03328504415,162.6627173013245,196.13876241721854,22.744377759381898,2017,non-indigenous
Secondary school or above,44,46,30978,6038.280696515807,50.80831557879786,96.49540265134397,99.16715088127057,2017,non-indigenous
Secondary school or above,45,78,39410,5076.750253742704,69.59302207561532,87.00625898672081,0.9743719868053794,2017,non-indigenous
Secondary school or above,46,38,16722,5754.49010285851,41.424470757086475,117.30654227963163,0,2017,non-indigenous
Secondary school or above,47,40,20184,5180.3099319593075,24.280122869599683,83.42746730083235,0,2017,non-indigenous
Secondary school or above,48,45,24272,3798.723810700945,242.57374752801582,157.30539991210725,6.91111843550868,2017,non-indigenous
Secondary school or above,49,49,27700,4033.1186522262337,29.836823104693142,355.3345367027677,445.8050541516246,2017,non-indigenous
Secondary school or above,50,62,36068,5180.412738900595,87.71099035155817,223.65162101216222,76.02861262060553,2017,non-indigenous
Secondary school or above,51,35,16893,3686.8012441050532,15.86455928491091,402.42704078612445,0,2017,non-indigenous
Secondary school or above,52,39,19252,5692.25586952005,115.72096405568253,261.1988364845211,0,2017,non-indigenous
Secondary school or above,53,40,18542,4902.756907740985,159.5782547729479,425,0,2017,non-indigenous
Secondary school or above,54,39,18226,5055.678389846007,16.62021288269505,262.92110172281355,128.47854713047295,2017,non-indigenous
Secondary school or above,55,33,17996,4790.979199081277,118.96643698599689,536.438189968141,7.126583685263392,2017,non-indigenous
Secondary school or above,56,30,13275,5256.76384180791,30.300564971751413,445.23666038920277,2.7419962335216574,2017,non-indigenous
Secondary school or above,57,19,9937,6383.994196773004,22.129415316493912,1268.4344704974674,32.36389252289423,2017,non-indigenous
Secondary school or above,58,24,13188,5140.735744616318,55.48983924780103,234.5124355474674,0,2017,non-indigenous
Secondary school or above,59,20,9737,3340.38067851152,21.033172435041593,414.76840916093255,92.02012940330697,2017,non-indigenous
Secondary school or above,60,23,11974,3165.488140972106,37.518790713211956,876.8094760870777,55.564834920104666,2017,non-indigenous
At most primary school,14,95,85145,340.079464443009,62.66474837042692,3.659150077319083,0,2017,p99
At most primary school,15,96,78570,433.08481608756523,84.51524754995545,2.730049637266132,0,2017,p99
At most primary school,16,119,113545,615.4021136994144,68.10649522215861,13.288453916949226,0,2017,p99
At most primary school,17,96,84356,731.4042115162723,80.51264877424249,10.709769706165932,0,2017,p99
At most primary school,18,99,80740,781.8293947650897,62.00871934604905,22.510579225497484,0,2017,p99
At most primary school,19,80,65686,1002.7007063910117,147.18113448832324,24.99415527408174,0,2017,p99
At most primary school,20,100,84002,974.988857408157,72.44452513035404,71.4292516844837,20.416180567129356,2017,p99
At most primary school,21,70,57466,1034.0055279063563,83.99523196324783,19.25544379865196,0,2017,p99
At most primary school,22,80,65830,959.2618360423312,85.58666261582864,28.53469795939035,23.925262038584233,2017,p99
At most primary school,23,92,75886,1106.0953151218055,101.68878317476214,23.031279375203155,0,2017,p99
At most primary school,24,86,72598,1289.0388670027642,98.00600567508747,42.59246122482713,3.4639154430333248,2017,p99
At most primary school,25,110,77137,1350.317852219644,132.2154089477164,66.04769760296615,11.564273089870404,2017,p99
At most primary school,26,80,58956,1134.6044168532464,218.63053802836012,64.4579926838094,8.159474862609404,2017,p99
At most primary school,27,85,67635,1090.797476651635,85.92636948325571,82.35335501835834,0,2017,p99
At most primary school,28,94,68888,1672.6190918592497,133.21330275229357,42.47408837533388,0,2017,p99
At most primary school,29,87,69143,1357.7895231621421,90.03210737167899,97.01204508530631,70.12544051217525,2017,p99
At most primary school,30,144,121240,1440.0603671780489,68.43525239194985,77.18373886506103,41.25013746838228,2017,p99
At most primary school,31,84,55913,1414.8137672216958,127.91488562588307,73.74404879008459,16.677695705828697,2017,p99
At most primary school,32,122,88320,1570.0667421497583,49.3377490942029,84.74597014643719,128.68349939613526,2017,p99
At most primary school,33,108,79986,1527.783624634311,125.0725126897207,133.22423090707542,50.00791805232583,2017,p99
At most primary school,34,104,86561,1573.05968623283,107.85655202689433,113.28668800036968,81.01319685924761,2017,p99
At most primary school,35,116,76786,1426.134030509034,89.12471023363634,54.34639452504363,1.0548797957961087,2017,p99
At most primary school,36,113,78432,1781.0600775193798,125.10206293349653,158.08571968924247,19.21314004487964,2017,p99
At most primary school,37,103,77553,1684.7454192616663,111.0326486402847,160.61425089938493,42.661147860173045,2017,p99
At most primary school,38,138,103684,1689.1987834831475,64.19428262798503,47.86506757712537,50.37296014814243,2017,p99
At most primary school,39,108,75749,1537.6095746038452,147.7224781845305,58.40292721136032,54.46012488613711,2017,p99
At most primary school,40,140,97572,1647.1907061793686,124.07444758742263,110.31573607182388,81.76423564137252,2017,p99
At most primary school,41,76,62893,1507.6131895971464,142.12495826244574,103.33977946671331,31.203790564927733,2017,p99
At most primary school,42,107,94222,1584.6234274727065,124.47189616013246,84.39630871770925,5.065441192078283,2017,p99
At most primary school,43,89,74595,1652.4580043345175,63.31351967290033,59.04125611636169,66.29398753267645,2017,p99
At most primary school,44,85,60113,1775.0209937950194,102.40131086453846,127.67327089536927,229.23577262821686,2017,p99
At most primary school,45,112,84632,1871.6961117938054,104.87427923244162,137.3832130084759,32.02728676308409,2017,p99
At most primary school,46,93,63889,1620.1772462134848,96.77878821080311,50.07322595960703,69.36509675635347,2017,p99
At most primary school,47,60,38310,1733.7642391020622,73.07856956408249,142.38030975376316,97.94940398503437,2017,p99
At most primary school,48,109,79357,1749.286254940753,112.93065514069332,112.09797917427996,69.34526254772736,2017,p99
At most primary school,49,87,65570,1945.3621727415994,61.59142900716791,77.84541965329673,49.84799959330994,2017,p99
At most primary school,50,103,93829,1782.7312629002404,104.23717613957305,164.28955866523143,356.97776451487994,2017,p99
At most primary school,51,66,50031,1129.483340328996,153.84861385940718,148.60414209856557,267.8199516299894,2017,p99
At most primary school,52,88,72197,1593.1652654080733,74.51193262877959,72.26624721248805,84.26612370781795,2017,p99
At most primary school,53,64,39136,1677.6740000681384,88.50700122649224,47.83722574270919,0,2017,p99
At most primary school,54,69,50880,1507.6377358490565,39.02724056603773,161.40323309748428,65.03744758909852,2017,p99
At most primary school,55,71,54948,1353.4655674455848,125.64624736114145,51.16654230666569,9.48351168377375,2017,p99
At most primary school,56,86,62949,1370.6814511218076,58.69152806239972,139.0917938860559,63.538843614142664,2017,p99
At most primary school,57,54,37235,1529.6039926592364,22.93863300657983,104.19790967279889,76.42451098876506,2017,p99
At most primary school,58,62,46027,1434.6520303300238,106.92897647033263,144.97302308065554,147.15319269124643,2017,p99
At most primary school,59,68,58924,1293.7498925169145,62.98664381236848,148.167288937162,279.80883850383543,2017,p99
At most primary school,60,95,71323,1410.754786908384,91.83391051974819,167.05657478419772,109.46165098682519,2017,p99
Secondary school or above,14,16,8712,154.1900826446281,14.984504132231406,0,0,2017,p99
Secondary school or above,15,30,17272,191.87992125984252,7.6424270495599815,13.74575420719469,0,2017,p99
Secondary school or above,16,41,30716,351.0986131006641,61.52103138429483,0,9.063680166688371,2017,p99
Secondary school or above,17,84,68735,724.5882156106787,65.77660580490289,46.83305448461483,7.485269513348367,2017,p99
Secondary school or above,18,109,74464,921.0363318740152,72.77258809626129,2.560745237072053,0.4980214152700186,2017,p99
Secondary school or above,19,148,108697,1393.5514319622437,129.22564560199453,26.192213216556116,10.16955389753167,2017,p99
Secondary school or above,20,189,122495,1830.1026109909249,112.91938446467202,101.14435283072778,11.737205600228581,2017,p99
Secondary school or above,21,188,126001,1865.013578595937,80.00658724930754,36.54367161107187,26.348997230180714,2017,p99
Secondary school or above,22,188,134891,1871.9963513750608,90.0156274325196,40.7441811042496,10.737805586238766,2017,p99
Secondary school or above,23,189,125152,2233.7150851231568,99.53039503963181,28.17610452356601,30.88963819994886,2017,p99
Secondary school or above,24,146,86614,2422.4878243317094,118.05096173828711,144.97800586510263,23.914532677550206,2017,p99
Secondary school or above,25,172,95927,2814.24469301309,127.13500891302762,80.0562450266001,18.404342190763117,2017,p99
Secondary school or above,26,153,95427,2591.194742228789,113.9999056870697,135.40503037225665,8.434719733408784,2017,p99
Secondary school or above,27,150,92379,2815.537717807438,142.33544420268674,30.143187304473962,27.271349549139956,2017,p99
Secondary school or above,28,129,76659,3384.294814264035,73.39542649917166,46.87042617305209,2.5359057644894922,2017,p99
Secondary school or above,29,123,76965,3626.7181576041057,95.70402130838693,510.1451417310899,75.69889343641049,2017,p99
Secondary school or above,30,171,108892,3432.119975143567,158.74862248833708,149.59659953593163,23.600448150461006,2017,p99
Secondary school or above,31,111,68641,3768.872079612282,54.82379335965385,113.99787299136085,40.6888982775115,2017,p99
Secondary school or above,32,130,84085,3279.5327704108936,107.85591960516145,81.11150224970764,74.75689282670314,2017,p99
Secondary school or above,33,115,82781,3290.5945547086085,67.27606576388301,111.48512339788115,3.6675082446455103,2017,p99
Secondary school or above,34,108,69934,2754.166745312247,86.73964023221895,170.5927195641605,53.10859763014652,2017,p99
Secondary school or above,35,106,65232,3702.91785217889,54.261252146185925,48.15031988390156,4.21878832474859,2017,p99
Secondary school or above,36,101,59679,3495.0136424314524,80.10690527656294,178.45920117070773,9.69185140501684,2017,p99
Secondary school or above,37,78,50023,3392.1361107224006,73.06439038042501,206.19206831524164,0,2017,p99
Secondary school or above,38,108,62204,3928.8405488393028,92.19744710951065,110.94490172121836,42.37476689601955,2017,p99
Secondary school or above,39,78,43852,3810.74593899176,42.29818480342972,78.08860865334914,23.345343427893823,2017,p99
Secondary school or above,40,104,63203,4245.441271247672,135.31557046342738,78.58458722950915,19.737987120864517,2017,p99
Secondary school or above,41,49,28061,4071.3659586852455,101.00424076119882,59.01547818443154,52.2908425691648,2017,p99
Secondary school or above,42,92,50246,4010.2221669386618,79.26457827488755,188.45148535870186,42.26207061258608,2017,p99
Secondary school or above,43,78,39476,4666.799034012227,128.73974060188468,192.06454554666126,22.27192893572466,2017,p99
Secondary school or above,44,49,33822,5931.787576626653,46.53598249659984,117.08014260934698,90.82845485187157,2017,p99
Secondary school or above,45,81,42078,4909.1121845144735,65.18040306098199,91.6220273460399,0.9125909026094396,2017,p99
Secondary school or above,46,43,21422,3704.7215090405502,45.94342264961255,193.76808888059006,0,2017,p99
Secondary school or above,47,41,19994,3845.6512453736123,30.18255476642993,84.22026607982394,0,2017,p99
Secondary school or above,48,55,36045,4248.509821057012,169.86405881536967,341.28959171406115,4.653812364174412,2017,p99
Secondary school or above,49,52,30370,3963.0016353857977,27.213697728021074,329.4457249478652,406.61178794863355,2017,p99
Secondary school or above,50,67,40396,4379.321054889923,83.37360134666798,274.15255635871534,67.88295870878305,2017,p99
Secondary school or above,51,39,19788,3456.036802607641,24.50475035374975,303.64530692001887,0,2017,p99
Secondary school or above,52,38,18639,4255.7611102169285,119.52679864799613,245.80717849670046,0,2017,p99
Secondary school or above,53,38,17015,3953.3324664511706,11.13429327064355,417.9165442256832,0,2017,p99
Secondary school or above,54,41,20185,4995.501180744777,15.00718355214268,244.66187763190487,116.00941293039385,2017,p99
Secondary school or above,55,30,16424,4081.808836661796,93.04188991719435,492.63729907452506,7.80869459327813,2017,p99
Secondary school or above,56,30,13866,4899.6467137843165,29.009086975335354,662.8960526948412,2.625126207990769,2017,p99
Secondary school or above,57,19,9681,5163.657370106394,1.1837620080570188,1301.9763798505664,33.219708707778125,2017,p99
Secondary school or above,58,23,12445,4322.979616981385,58.80273202089192,76.15508236239454,0,2017,p99
Secondary school or above,59,20,9623,2536.522221067581,21.282344383248468,357.66808687519483,93.11025667671204,2017,p99
Secondary school or above,60,25,14020,3229.722182596291,55.836091298145504,775.5860675225869,47.45601521635758,2017,p99
At most primary school,14,95,85145,340.079464443009,62.66474837042692,3.659150077319083,0,2017,p90
At most primary school,15,96,78570,433.08481608756523,84.51524754995545,2.730049637266132,0,2017,p90
At most primary school,16,117,112516,608.0986970741939,63.034164030004625,13.409981691492765,0,2017,p90
At most primary school,17,94,83282,731.0509313737261,74.2888619389544,10.847882295494024,0,2017,p90
At most primary school,18,98,80449,781.0402283848567,58.68816268691966,19.57767239700514,0,2017,p90
At most primary school,19,79,65199,985.7204343624902,145.29271921348487,25.180847610137167,0,2017,p90
At most primary school,20,100,84002,974.988857408157,72.44452513035404,71.4292516844837,20.416180567129356,2017,p90
At most primary school,21,68,55868,927.080827426553,86.39775900336508,19.806209875659295,0,2017,p90
At most primary school,22,78,64252,957.0867832907925,75.42753532963954,29.235497208906597,24.512855630953123,2017,p90
At most primary school,23,90,75473,1100.6074898749662,102.24524001960967,23.15731011973377,0,2017,p90
At most primary school,24,85,72009,1295.4928365435803,97.17174242108625,41.23677827308623,3.492248654103422,2017,p90
At most primary school,25,108,76246,1285.8309703678444,133.76045956509194,66.81952167982583,11.699411553830148,2017,p90
At most primary school,26,80,58956,1134.6044168532464,218.63053802836012,64.4579926838094,8.159474862609404,2017,p90
At most primary school,27,80,65655,1054.4476937526972,79.91455334704135,79.81523367095677,0,2017,p90
At most primary school,28,91,67827,1609.4613354563817,133.2993940466186,38.848172556651484,0,2017,p90
At most primary school,29,84,67017,1299.8996423792967,73.91154483190832,90.70204326265475,39.44894578987421,2017,p90
At most primary school,30,140,119407,1428.7974651123188,69.48579229023424,78.36857554414733,41.8833625052691,2017,p90
At most primary school,31,82,54601,1415.3336416304953,122.40810607864324,75.51603450486255,17.078441786780463,2017,p90
At most primary school,32,119,85306,1442.4532232980878,51.08093217358685,87.7401833790511,133.2300971404903,2017,p90
At most primary school,33,106,78702,1437.2014561256385,127.1130339762649,97.78751916512074,50.82378253835142,2017,p90
At most primary school,34,99,84837,1469.163108863664,110.04833975741717,115.58882327286443,82.6594921241125,2017,p90
At most primary school,35,112,75012,1332.1083604401074,91.23246947155121,54.88955878170604,1.079827227643577,2017,p90
At most primary school,36,109,77355,1724.544338870575,125.05985392023787,145.93729127615106,19.480641199663886,2017,p90
At most primary school,37,98,75311,1341.2741144498589,107.33511704797439,93.2415848946369,43.93116543400035,2017,p90
At most primary school,38,135,101927,1459.9682779505592,65.30085257095764,43.647332568079776,51.2412805242968,2017,p90
At most primary school,39,104,71322,1372.8768075301684,156.89170242001066,61.82297654767579,57.840498023050394,2017,p90
At most primary school,40,134,94724,1505.8988033655673,127.30872851653224,113.63252185296228,84.22258350576412,2017,p90
At most primary school,41,75,62757,1504.8774851145422,142.43295568621826,103.56372595885718,31.271411954044968,2017,p90
At most primary school,42,104,89865,1520.9645199280403,128.33907527958604,88.48816558170589,5.311033216491404,2017,p90
At most primary school,43,88,73860,1652.9800275295604,63.94356891416193,59.62879095586244,66.95369618196588,2017,p90
At most primary school,44,81,58076,1649.6269887733315,105.9930091604105,124.92395022614045,237.2761553826021,2017,p90
At most primary school,45,103,80365,1784.842796408055,107.96889193056678,144.67760944855763,33.72778365374644,2017,p90
At most primary school,46,87,61236,1511.5798563481176,100.97165066300869,41.59527619918567,72.37028327563307,2017,p90
At most primary school,47,54,35845,1143.4639791695727,69.54080066954945,151.57873250569583,103.795973404008,2017,p90
At most primary school,48,104,77285,1658.1221366802527,115.87938150999547,114.90598865670356,71.20439930128744,2017,p90
At most primary school,49,81,62890,1552.140737796152,46.86198123708062,80.1534557693327,51.97222663910531,2017,p90
At most primary school,50,95,88310,1699.8487562752423,97.83229532329294,174.55695844185257,379.28735892499907,2017,p90
At most primary school,51,61,46876,896.256527860739,124.65952726341838,102.25162485422534,285.84563529311373,2017,p90
At most primary school,52,78,66437,1384.176026410986,78.75939611963213,78.53163523337899,59.24050353467696,2017,p90
At most primary school,53,59,36694,1604.7295924856016,90.24118384477026,51.0208117585073,0,2017,p90
At most primary school,54,65,49303,1345.9342839178144,33.744518589132504,153.50377258990326,67.11772779208837,2017,p90
At most primary school,55,64,50767,1232.5112967084917,135.99405125376722,49.9832404252106,10.26454192684224,2017,p90
At most primary school,56,80,59824,1257.5053935990015,53.67365940090934,135.59256039939376,43.63644468217883,2017,p90
At most primary school,57,50,34858,1397.8963604720104,19.201331114808653,111.30326371755885,81.63597070017404,2017,p90
At most primary school,58,56,42284,1407.3994655188724,104.60741651688582,156.31381452401223,130.06101598713462,2017,p90
At most primary school,59,64,54707,1124.4405042620992,67.84186667154111,123.51623497297726,301.37744712742426,2017,p90
At most primary school,60,89,68274,1251.5382869027742,67.81600609309547,164.16023791389597,114.35002099383854,2017,p90
Secondary school or above,14,14,7455,122.32112676056337,17.51106639839034,0,0,2017,p90
Secondary school or above,15,29,16708,171.3520469236294,7.900406990663155,14.209759795706649,0,2017,p90
Secondary school or above,16,37,28653,356.9659372491537,65.95051129026629,0,9.716260077478799,2017,p90
Secondary school or above,17,77,61858,700.3654229579575,51.463917359112806,48.71269682175305,0,2017,p90
Secondary school or above,18,101,69940,859.9930809741684,69.10120102945382,2.726384520064818,0.5302354399008674,2017,p90
Secondary school or above,19,130,97523,1229.4930597568436,124.85505983203961,29.193267229268994,11.334762056130348,2017,p90
Secondary school or above,20,147,99465,1656.1845975971448,97.67214598099834,77.62155029407329,14.454823304680039,2017,p90
Secondary school or above,21,163,112014,1732.0313539676588,88.41225203992359,36.377498943584435,29.63915224882604,2017,p90
Secondary school or above,22,160,118698,1645.9074780816302,89.12364151038771,46.30257740933573,12.20267682128876,2017,p90
Secondary school or above,23,155,105427,1937.1676578738525,110.97032069583693,26.04926473610492,36.66897474081591,2017,p90
Secondary school or above,24,114,69187,2102.3473605349755,109.37018515038952,37.03405263994681,18.097812209422774,2017,p90
Secondary school or above,25,130,73804,2310.3304563438296,76.09709500840063,82.85931318085741,12.89189384495872,2017,p90
Secondary school or above,26,117,76381,2152.456937370987,120.36756523219125,163.84042933888446,10.537961011246253,2017,p90
Secondary school or above,27,113,71200,2333.3161704119852,146.57073033707866,39.109515449438206,35.383426966292134,2017,p90
Secondary school or above,28,93,55764,2473.2203452645676,62.538196686034,64.4329675059178,3.486120077469335,2017,p90
Secondary school or above,29,86,56990,3253.322275837866,88.23021582733813,667.0509446101655,0.5293092355383985,2017,p90
Secondary school or above,30,118,77173,2641.137466039504,122.47845749160976,81.02337173190969,13.228719889080377,2017,p90
Secondary school or above,31,77,47175,2767.5444462109167,52.22045574986751,86.2627804274863,22.99791556262144,2017,p90
Secondary school or above,32,98,68435,2558.361413506734,118.92401548915029,76.32440515330849,74.20812936850052,2017,p90
Secondary school or above,33,90,64330,2753.932879941966,80.70542515156225,78.36701383491372,4.719415513757189,2017,p90
Secondary school or above,34,93,60338,2450.1709784878517,82.129835261361,193.33970714972324,61.55485211088645,2017,p90
Secondary school or above,35,77,46386,2930.9280278532315,59.67145259345492,47.02586268845484,5.932824559134222,2017,p90
Secondary school or above,36,80,49248,3056.150280214425,97.07399285250162,205.39446610353042,11.744639376218323,2017,p90
Secondary school or above,37,63,40029,2924.5352078076726,61.64780534112768,214.3698943266132,0,2017,p90
Secondary school or above,38,87,49990,3179.771237580849,66.35427085417084,91.69167166766687,1.5499099819963993,2017,p90
Secondary school or above,39,64,35614,3472.0957839613634,52.08232717470658,88.77243967728046,20.6587297130342,2017,p90
Secondary school or above,40,80,47592,3525.2355367848936,74.45053790553034,55.86527147419734,26.212388636745672,2017,p90
Secondary school or above,41,37,22444,3644.451753995129,87.23044020673677,27.11340818630072,65.37753222836096,2017,p90
Secondary school or above,42,75,41670,3254.9153027757775,95.57782577393809,218.66890648748102,16.7986561075114,2017,p90
Secondary school or above,43,51,26125,3673.3817288676237,159.92612440191388,135.21301435406698,31.23444976076555,2017,p90
Secondary school or above,44,27,19124,3519.630412047689,79.44153942689813,168.0985498152409,82.09579585860699,2017,p90
Secondary school or above,45,54,26097,3524.2263478560753,55.809518335440856,62.01670690117638,1.4714334981032302,2017,p90
Secondary school or above,46,30,14385,3215.4462287104625,45.742092457420924,173.4932221063608,0,2017,p90
Secondary school or above,47,26,13008,2599.3607267322677,46.392220172201725,91.37453874538745,0,2017,p90
Secondary school or above,48,43,28690,3661.8019577088417,21.045660508888115,404.99302892994075,5.846868827698386,2017,p90
Secondary school or above,49,35,20160,3352.0162533068788,5.559523809523809,414.00132275132273,198.84920634920636,2017,p90
Secondary school or above,50,37,21035,3366.275572458601,68.42690753506061,292.59171222565567,69.59828856667458,2017,p90
Secondary school or above,51,25,13151,2491.952563810103,29.45023192152688,36.80581958279472,0,2017,p90
Secondary school or above,52,21,10466,2421.0465316262184,157.12784253774126,156.6405503535257,0,2017,p90
Secondary school or above,53,20,8075,2517.6389576883385,3.2507739938080493,95.17440660474716,0,2017,p90
Secondary school or above,54,19,7371,2590.420024420024,41.09618776285443,204.8568715235382,4.938271604938271,2017,p90
Secondary school or above,55,15,8476,3017.3641261601388,51.46295422369042,119.95044832468146,0,2017,p90
Secondary school or above,56,18,8396,3458.378354772113,40.971891376846116,861.4955534381452,4.335397808480229,2017,p90
Secondary school or above,57,12,5209,3717.53062008063,2.200038395085429,2419.7414730914443,61.73929736993665,2017,p90
Secondary school or above,58,11,5885,2322.0479467572923,124.3500424808836,0,0,2017,p90
Secondary school or above,59,13,6875,2283.8671515151514,29.78909090909091,421.504,130.3272727272727,2017,p90
Secondary school or above,60,16,9827,2144.7165971303552,39.74763406940063,418.4389946066958,67.70462331671246,2017,p90
At most primary school,14,75,70041,257.91702003112465,30.467726046172956,4.448227942681191,0,2017,p50
At most primary school,15,64,59434,352.3288689975435,54.427936871151196,3.6090453275902683,0,2017,p50
At most primary school,16,81,78538,412.8019939392396,79.14222414627314,15.961540910132674,0,2017,p50
At most primary school,17,59,56209,649.1000017790745,46.17276592716469,9.362083177664314,0,2017,p50
At most primary school,18,64,54403,598.8186190712522,75.6550925500432,7.354144072937154,0,2017,p50
At most primary school,19,48,41789,664.401229988753,116.85443537773098,38.646320403295924,0,2017,p50
At most primary school,20,62,58052,658.1969441190656,63.74052573554744,81.32364087369945,0,2017,p50
At most primary school,21,41,41563,712.7402497413565,64.72078531386089,5.4543704737386625,0,2017,p50
At most primary school,22,50,45260,791.813278833407,94.4924878479894,28.528262630726175,24.281926646045072,2017,p50
At most primary school,23,51,48791,893.1302699268308,100.045090283044,4.184207469956891,0,2017,p50
At most primary school,24,49,48722,854.0759205287139,80.15352407536636,57.489002230340844,3.602068880587825,2017,p50
At most primary school,25,55,40529,635.6565833518387,129.52774556490414,53.382464819429714,0,2017,p50
At most primary school,26,45,38734,790.1901688439098,280.9692260029948,75.1506536032082,5.595858935302318,2017,p50
At most primary school,27,46,42329,643.9999763755345,45.34149164875145,42.59408443383968,0,2017,p50
At most primary school,28,47,42242,915.7626769565835,136.00208323469533,29.344136167795085,0,2017,p50
At most primary school,29,40,40842,789.349648237925,63.865873365653,44.54513735860144,62.28269918221439,2017,p50
At most primary school,30,94,91614,1104.0780193711296,81.4048071255485,92.57471383558554,51.97349750038204,2017,p50
At most primary school,31,47,35644,1011.9474946695096,148.35329929300863,82.87185314031348,20.143642688811582,2017,p50
At most primary school,32,70,56483,835.7724271019599,48.177858824779136,102.26169673471074,198.77957379506518,2017,p50
At most primary school,33,64,50631,958.4831098207292,79.94094527068397,84.63866010941913,79.00166564621148,2017,p50
At most primary school,34,48,52292,1034.6095259950534,107.701962059206,159.94726408118512,99.09737627170504,2017,p50
At most primary school,35,71,49541,882.8979162040868,87.96713832986819,69.18496295997255,1.2313033648896874,2017,p50
At most primary school,36,60,49542,1081.3962765599558,106.65617052198135,181.40592830325784,30.417120826773242,2017,p50
At most primary school,37,63,50638,882.3397316902985,46.035092223231565,117.68509485630027,65.33630870097555,2017,p50
At most primary school,38,71,61682,1073.183635420382,62.96229045750786,39.54300552295105,45.45491391329723,2017,p50
At most primary school,39,55,43330,888.4244326486652,226.58296792060926,61.33010231556274,90.42234018001385,2017,p50
At most primary school,40,75,60766,1000.9814534443603,69.0396274232301,103.47552359323745,39.92199585294408,2017,p50
At most primary school,41,44,41775,1097.250053859964,178.07695990424895,114.45388988629563,46.97785757031718,2017,p50
At most primary school,42,56,57758,1110.0764814686565,163.50315107863847,105.57470826552166,8.263374770594549,2017,p50
At most primary school,43,44,39664,958.0739125319349,23.987747075433642,82.91574223477208,124.67728922952803,2017,p50
At most primary school,44,43,37300,1138.80527256479,144.86407506702412,181.01027703306522,369.43833780160855,2017,p50
At most primary school,45,39,33330,1029.7409240924092,211.3955895589559,76.35527802780278,26.402640264026402,2017,p50
At most primary school,46,42,34490,820.1744756934378,63.89794143229922,30.172078863438678,13.888083502464482,2017,p50
At most primary school,47,25,18707,839.91564654942,39.74929170898594,246.54619482903016,105.04089378307586,2017,p50
At most primary school,48,39,33457,965.3274252523139,57.92868458020743,42.36096581681959,78.48880652778193,2017,p50
At most primary school,49,42,39671,1021.2311260114441,24.592523505835498,54.9872913043113,3.60968969776411,2017,p50
At most primary school,50,42,45801,915.0229907643937,40.65173249492369,82.50838773534784,418.96465142682473,2017,p50
At most primary school,51,36,27841,877.0791638231385,187.7784562336123,122.60504890868383,481.279408067239,2017,p50
At most primary school,52,33,34458,656.427912240989,95.68808404434384,110.98123077369551,35.50796138293961,2017,p50
At most primary school,53,26,16354,711.0081325669561,106.21988504341445,57.96033590151237,0,2017,p50
At most primary school,54,26,23987,772.9734439488057,22.76674865552174,167.32173677408596,30.120481927710845,2017,p50
At most primary school,55,30,29146,811.639733296736,101.29794826048172,69.94982158786797,8.2172510807658,2017,p50
At most primary school,56,36,30135,801.4555832088934,27.999004479840718,222.5736961451247,53.922504286267355,2017,p50
At most primary school,57,22,17365,1084.021998272387,35.66484307515117,70.6821288031481,163.8736922929264,2017,p50
At most primary school,58,20,18968,717.0438106284269,40.47448334036272,85.41613946295514,265.93033881625195,2017,p50
At most primary school,59,28,31020,690.9814313346228,43.16715022566086,97.61309907586502,445.21598968407477,2017,p50
At most primary school,60,42,37161,628.2396867683863,35.70194558811657,43.4613640644762,161.03800579460545,2017,p50
Secondary school or above,14,5,2884,60.54923717059639,15.68134535367545,0,0,2017,p50
Secondary school or above,15,16,9403,170.46155482292886,14.038072955439754,0,0,2017,p50
Secondary school or above,16,17,14268,376.17781048500143,69.84861227922624,0,19.51219512195122,2017,p50
Secondary school or above,17,31,28966,375.0655941448595,46.23955672167369,81.10267209832217,0,2017,p50
Secondary school or above,18,42,35808,486.1470900357462,56.95375335120644,4.735906315162348,1.0356531128984212,2017,p50
Secondary school or above,19,42,33926,562.2962035017391,93.86488239108648,21.481754406649767,32.582679950480454,2017,p50
Secondary school or above,20,31,28162,962.9963425893047,93.4123996875222,189.9219989110622,29.4013209289113,2017,p50
Secondary school or above,21,43,32419,787.9149675601756,150.15176285511583,41.15590651572637,0,2017,p50
Secondary school or above,22,43,40925,885.1100794135614,73.62492364080636,28.599877825290164,35.39238444308695,2017,p50
Secondary school or above,23,38,30167,669.2955878940564,34.12205389995691,45.001850808278355,114.00978994707239,2017,p50
Secondary school or above,24,23,15343,1275.1546416389667,35.239197027960635,22.884485867605203,4.1256599100567035,2017,p50
Secondary school or above,25,28,18874,1246.4545582988944,32.55112853661121,106.61518491045884,29.349016283423406,2017,p50
Secondary school or above,26,27,23249,879.5820035270334,40.8381005634651,135.79508796077252,34.62084390726483,2017,p50
Secondary school or above,27,20,18569,1072.4000215412784,164.5139749044106,16.672949539555173,0,2017,p50
Secondary school or above,28,23,18432,1081.4608289930557,83.62630208333333,42.37847222222222,10.546875,2017,p50
Secondary school or above,29,13,7171,1178.0779993492308,151.38474410821362,81.93185515734673,0,2017,p50
Secondary school or above,30,23,16682,1296.3974743236224,86.7054310034768,49.213723374495466,25.1768373096751,2017,p50
Secondary school or above,31,13,8244,1374.630114830988,28.335759340126152,0,0,2017,p50
Secondary school or above,32,20,18307,1426.014493545274,208.89905500628174,109.49727790826825,6.7424118278982546,2017,p50
Secondary school or above,33,21,21012,1457.4210609810266,84.82676565771939,133.5954851196142,14.448886350656768,2017,p50
Secondary school or above,34,24,18198,1398.5562058101623,150.6495219254863,77.42185496574716,55.963109499212365,2017,p50
Secondary school or above,35,10,7390,1595.4140279657195,157.35047361299053,25.57510148849797,0,2017,p50
Secondary school or above,36,12,8377,1725.486252039314,88.22967649516534,162.3592375950022,69.04619792288409,2017,p50
Secondary school or above,37,15,11697,1858.2823800974609,89.9803368385056,172.39000028497335,0,2017,p50
Secondary school or above,38,13,6545,1759.1732620320856,108.95339954163484,70.71046600458365,0,2017,p50
Secondary school or above,39,11,5793,1470.8254790264111,26.566545831175556,45.52908682893147,0,2017,p50
Secondary school or above,40,14,7953,1303.6667924053816,88.36288193134666,61.43048744708495,0,2017,p50
Secondary school or above,41,6,5592,839.7482117310443,350.10729613733906,0,40.05722460658083,2017,p50
Secondary school or above,42,9,6223,702.7716535433071,33.11907440141411,539.9217954898495,0,2017,p50
Secondary school or above,43,4,2005,670.5000831255196,0,109.92518703241895,0,2017,p50
Secondary school or above,44,5,5086,954.0900511207235,44.651985843491936,370.933280901822,308.6905230043256,2017,p50
Secondary school or above,45,6,4254,1868.0206864127879,38.90220968500235,17.87729196050776,9.026798307475318,2017,p50
Secondary school or above,46,2,2134,453.3144329896907,0,0,0,2017,p50
Secondary school or above,47,7,3517,1688.0227466590845,68.91384702871765,215.46772817742394,0,2017,p50
Secondary school or above,48,7,4426,1327.096550685344,61.45503840939901,634.342521464076,0,2017,p50
Secondary school or above,49,5,5379,1632.3530395984383,0,0,191.11358988659603,2017,p50
Secondary school or above,50,5,3683,957.5677436872115,0,816.7254955199566,0,2017,p50
Secondary school or above,51,3,1537,705.7852960312297,0,0,0,2017,p50
Secondary school or above,52,2,1357,1273.43404568902,0,0,0,2017,p50
Secondary school or above,53,4,1142,966.4798598949212,0,340.2218330414478,0,2017,p50
Secondary school or above,54,3,981,1541.8844716275908,64.95412844036697,0,0,2017,p50
Secondary school or above,55,1,378,1000,0,150,0,2017,p50
Secondary school or above,57,3,990,750.2222222222222,11.575757575757576,0,0,2017,p50
Secondary school or above,59,3,1152,2423.935185185185,0,8.020833333333334,777.7777777777778,2017,p50
Secondary school or above,60,2,2026,1307.4037512339585,0,2029.6150049358341,328.39749917736094,2017,p50
