education,age,n,weights_total,avg_labor_income,avg_add_labor_income,avg_no_labor_income,avg_remittances,year,sample
At most primary school,16,87,86859,459.7171124082325,91.57888071472156,23.300339247132328,13.171922310871642,2018,general
At most primary school,17,105,103046,770.0840821898311,68.67661044582032,30.213771842995687,0,2018,general
At most primary school,18,104,100467,773.0126409666856,85.88213045079479,57.929386432029084,7.051071496113152,2018,general
At most primary school,19,101,93413,1061.1512316272895,77.40475094472932,60.014996128304766,5.056576707738752,2018,general
At most primary school,20,85,82100,931.6715996751927,58.136662606577346,43.571132764920826,0,2018,general
At most primary school,21,47,45571,1355.636055093517,119.41813872857739,61.87602861468917,0,2018,general
At most primary school,22,98,81734,1072.0593143612205,84.2985783150219,45.56718542263114,0.6362101451048523,2018,general
At most primary school,23,91,78041,1215.7550475604703,138.51150036519266,29.58507387142656,23.48758985661383,2018,general
At most primary school,24,75,62410,1400.1251615659883,62.79442397051754,92.48453773433745,0,2018,general
At most primary school,25,78,65850,1467.056729941787,48.59237661351557,60.76605922551253,11.252847380410023,2018,general
At most primary school,26,78,73485,1234.0863725023246,115.34612505953596,94.10347916808419,31.073008096890522,2018,general
At most primary school,27,70,62287,1148.243079080172,60.97954629376917,52.77416100737982,86.62642284906963,2018,general
At most primary school,28,85,66349,1321.6276407079733,80.19092978040362,83.61040734097978,4.023170406989305,2018,general
At most primary school,29,71,56680,1303.804634203717,25.182074805928018,29.531286756057398,79.5265819807104,2018,general
At most primary school,30,124,99227,1418.9934308874265,72.60150966974714,171.8390575817738,5.109160477155075,2018,general
At most primary school,31,69,61127,1828.0787049912478,83.98342794509792,78.29779802705842,0,2018,general
At most primary school,32,110,93161,1583.0649341820433,77.2428913386503,117.27236093071849,45.425160027622425,2018,general
At most primary school,33,97,85299,1469.5013227978443,82.09498352852906,53.72950835687796,6.791795136324381,2018,general
At most primary school,34,84,69155,1531.0789193357916,73.40562504518834,97.38448051478562,33.46829585713253,2018,general
At most primary school,35,111,100399,1543.1952775094041,42.9368818414526,102.5437346653519,41.65014923787422,2018,general
At most primary school,36,94,79305,1498.3219763360864,63.286551919803294,97.85487989407982,1.986003404577265,2018,general
At most primary school,37,93,83697,1459.2489933928337,59.33534057373622,63.146551449474494,50.65906782799861,2018,general
At most primary school,38,118,101207,1609.3325140553518,38.884563320718925,116.22820144192926,22.804664367747947,2018,general
At most primary school,39,91,81169,1543.9841934728777,75.26604984661633,95.43174836863005,35.10145498897362,2018,general
At most primary school,40,143,118481,1659.7674648255838,76.77513694178813,104.03372692668023,47.841004042842314,2018,general
At most primary school,41,73,61451,1525.917392176965,123.63313859823273,120.64966802818506,63.68684534561412,2018,general
At most primary school,42,128,99611,1956.2568039674334,28.47577074821054,114.06848139261729,30.839967473471805,2018,general
At most primary school,43,83,74432,1651.3156460482946,47.66390799656062,185.48916236744054,58.115237173975345,2018,general
At most primary school,44,82,60350,1657.86454018227,42.366362883181445,43.5096106048053,31.053852526926264,2018,general
At most primary school,45,116,93198,1623.4359929039963,59.486684263610805,96.88196992782392,21.620635635957854,2018,general
At most primary school,46,87,75172,2407.1682230972524,42.774703346990904,56.13799020912042,189.58787846538604,2018,general
At most primary school,47,84,68677,1797.4727419660148,40.03319888754605,19.28026607646422,53.974401910392125,2018,general
At most primary school,48,90,67433,1590.0520022343167,92.08918482048848,85.40568045319057,129.10098418677305,2018,general
At most primary school,49,77,62232,1784.0421701589748,52.39057076745083,83.84323579508934,39.67680078844753,2018,general
At most primary school,50,122,102277,1644.3111484823894,64.09525113173049,61.93218661087048,101.64781263953121,2018,general
At most primary school,51,56,49030,1721.4073628390781,61.301142157862536,159.57420626827113,104.81745869875586,2018,general
At most primary school,52,67,52265,2109.6358047131603,32.453267004687646,58.68194138843713,62.75997321343155,2018,general
At most primary school,53,82,63808,1502.5476925568373,57.162362086258774,95.1228424857907,109.94337178201269,2018,general
At most primary school,54,57,50989,1629.2089470277904,41.567789130989034,118.35274111409652,147.14350153954774,2018,general
At most primary school,55,85,74194,1562.3105507183868,41.943957732431194,102.2116680594118,57.89102443144548,2018,general
At most primary school,56,52,39308,1554.6627488891152,94.58926935992673,85.74251212645433,48.87520776093077,2018,general
At most primary school,57,73,60560,1635.0485358872743,31.7942536327609,68.03811646851608,131.1932518714223,2018,general
At most primary school,58,60,51041,1283.3872834257427,15.215219137556083,148.4453347962096,337.66432867694596,2018,general
At most primary school,59,57,46951,1666.224638452855,39.48158718664139,123.83747595010402,99.17254158590872,2018,general
At most primary school,60,89,69015,1446.8412180926853,22.48148953126132,250.7058972687097,42.896906469608055,2018,general
At most primary school,61,31,21074,1509.0256556262061,12.706652747461327,121.59533073929961,68.32020499193318,2018,general
At most primary school,62,51,39779,1001.9647385136211,53.370622690364264,75.59830563865356,68.91827346087132,2018,general
Secondary school or above,16,53,47149,644.4895084377894,82.28382362298245,22.14235720800017,10.944028505376572,2018,general
Secondary school or above,17,73,59720,682.2894340254521,31.669792364367048,20.13367939272159,2.873409243134628,2018,general
Secondary school or above,18,134,95223,1142.257024738421,95.49772638963276,19.79178699823922,25.71840136661661,2018,general
Secondary school or above,19,137,100385,1597.3969284919724,82.26597599242915,48.244135079942225,12.993309093324035,2018,general
Secondary school or above,20,185,138425,1424.0231653723436,97.13180422611522,19.87708626813557,0,2018,general
Secondary school or above,21,147,104455,1935.2433097186986,77.07582212435977,62.67924145963972,0,2018,general
Secondary school or above,22,193,141325,2222.7522737189693,89.16127366000354,62.800294828704516,4.294356978595436,2018,general
Secondary school or above,23,186,131433,2850.546606128851,67.89231015041885,42.98685768921555,36.15073839903221,2018,general
Secondary school or above,24,170,121888,3316.7034504353724,67.18532587293252,84.54510151395817,12.449379758466788,2018,general
Secondary school or above,25,162,118479,2585.0107796881025,47.33226985372935,66.82861519762996,10.493634596285698,2018,general
Secondary school or above,26,170,105812,3216.427636594463,44.46149775072771,26.74445400017641,35.87330674529669,2018,general
Secondary school or above,27,144,86266,2953.5958740021174,110.31344909929751,57.031082156740005,87.09746597732594,2018,general
Secondary school or above,28,164,105799,3289.5207208952825,88.63632926587208,76.66253934347206,2.370532802767512,2018,general
Secondary school or above,29,103,65942,3381.746197415911,21.75707439871402,40.98985977576254,41.51375451154045,2018,general
Secondary school or above,30,194,121385,3418.56028614189,66.33898751905096,39.29608271203197,64.08304156197224,2018,general
Secondary school or above,31,118,69956,3496.7811076486173,37.41265938589971,55.93682695789735,20.356605104160707,2018,general
Secondary school or above,32,156,87541,3495.2514764510343,32.42851920814247,36.52024479957962,9.249761064339376,2018,general
Secondary school or above,33,114,65767,3667.5840543129534,55.237277053841595,70.66613955327139,3.521522952240485,2018,general
Secondary school or above,34,96,60456,4170.119552512019,59.80580918353844,110.48710356843544,0,2018,general
Secondary school or above,35,124,69473,3791.896602517045,67.37048925481842,72.64668768202515,9.332162614732823,2018,general
Secondary school or above,36,96,61701,3676.7961594355575,28.340221390252996,74.11212135945932,25.71001010248348,2018,general
Secondary school or above,37,91,58207,4358.775027058601,21.949937292765476,95.81876177550237,52.51945642276702,2018,general
Secondary school or above,38,110,62683,4775.296858797441,51.97693154443789,57.230562247073905,50.456795835128084,2018,general
Secondary school or above,39,95,64481,5282.199332619945,37.78275771157395,31.672204473669247,9.436888385726029,2018,general
Secondary school or above,40,115,74302,3850.5549379559097,53.61524588840139,226.8475276573982,48.45450548661768,2018,general
Secondary school or above,41,56,33115,3919.94498968242,74.1929639136343,24.577230862147065,94.68881171674468,2018,general
Secondary school or above,42,86,50753,4458.551464938033,76.53454968179221,89.63263255374066,83.4039367131007,2018,general
Secondary school or above,43,72,37494,4592.176303764158,34.54819437776711,299.98266389288955,117.52991589765475,2018,general
Secondary school or above,44,57,34557,4830.175502310193,104.93763926266747,21.046068813843796,5.715195184767196,2018,general
Secondary school or above,45,74,39599,4299.488951741206,38.08757796914063,53.78334469725666,19.605899138867144,2018,general
Secondary school or above,46,49,24978,5113.236928497077,52.9914324605653,251.81693223369896,193.7095310539942,2018,general
Secondary school or above,47,57,34502,4365.551465615519,66.27876644832183,165.8667130407899,183.54298301547738,2018,general
Secondary school or above,48,48,24621,4812.636556868798,52.48771374030299,125.12489338369684,29.85256488363592,2018,general
Secondary school or above,49,39,26312,3752.7090237660886,29.75714502888416,102.65404884970103,56.86632208371339,2018,general
Secondary school or above,50,59,32034,6001.450776258558,146.95698320534433,197.05313104826124,0,2018,general
Secondary school or above,51,31,18777,16913.5544504802,8.393247057570433,907.7417407821627,6.989934494328168,2018,general
Secondary school or above,52,45,24401,5034.202157015423,52.38104995696898,140.30572517519775,0,2018,general
Secondary school or above,53,45,24268,4701.812139442888,37.38050107136971,255.08732349870883,53.898137464974454,2018,general
Secondary school or above,54,46,25439,5945.840625286633,150.8274696332403,120.09906049766107,51.22449781831047,2018,general
Secondary school or above,55,35,18110,4715.674461623413,30.67366096079514,212.59285845757407,0,2018,general
Secondary school or above,56,31,20684,4324.74842067943,20.537613614387933,377.66711790111515,291.9325726809773,2018,general
Secondary school or above,57,30,14501,5022.234225225847,25.42997034687263,129.48916166701147,0,2018,general
Secondary school or above,58,22,14368,8094.386077858203,79.2316258351893,675.5011135857461,53.28507795100223,2018,general
Secondary school or above,59,25,13666,4827.996243719205,123.17210595638812,84.74315820283917,17.64612907946729,2018,general
Secondary school or above,60,28,18173,4232.145142060566,49.50200847410994,432.91146205909865,136.98233643317008,2018,general
Secondary school or above,61,13,5784,4577.623616874135,0,929.7271207929922,0,2018,general
Secondary school or above,62,15,9886,7651.4413311754,0,1902.9228201497067,0,2018,general
At most primary school,16,54,55693,543.2548734431018,38.39746467240048,30.376019727194922,20.542976675704306,2018,males
At most primary school,17,74,70122,826.1647462042346,49.35826131599213,37.76750995883366,0,2018,males
At most primary school,18,68,65702,940.6473166722474,97.72564001095857,82.51514413564276,0,2018,males
At most primary school,19,68,65312,1243.2262065164134,65.0171484566389,70.43882951576025,0,2018,males
At most primary school,20,63,61019,1105.747035076506,29.244989265638573,54.26979028390065,0,2018,males
At most primary school,21,32,27926,1570.3856859796126,94.55432213707655,49.78156556613908,0,2018,males
At most primary school,22,71,62072,1208.3193388323239,53.55425956953216,60.00110087210552,0,2018,males
At most primary school,23,58,54128,1463.6700783328406,136.78458468814662,27.981274325056653,0,2018,males
At most primary school,24,47,41266,1570.3153201182572,44.23981001308584,130.12068046333545,0,2018,males
At most primary school,25,59,51957,1583.9245080868154,43.85276286159709,70.9227823007487,0,2018,males
At most primary school,26,52,46998,1325.4795328169994,119.2223073322269,145.08690086102956,0,2018,males
At most primary school,27,48,43528,1465.1243031305519,17.058284322734792,57.40199794768118,28.87107149421062,2018,males
At most primary school,28,54,44185,1484.6779676360757,94.32793934593188,90.51234393270717,0,2018,males
At most primary school,29,44,33849,1737.881749337745,31.502260037224143,20.234472707219314,0,2018,males
At most primary school,30,68,53285,1648.514172218573,49.88852397485221,245.95392699634044,0,2018,males
At most primary school,31,48,44004,1976.9175605248006,106.65519043723297,89.83750340878102,0,2018,males
At most primary school,32,63,54567,2000.1192845492697,70.03582751479833,128.07053713783057,6.186889511976103,2018,males
At most primary school,33,60,54351,1565.2572537763795,85.11158948317419,70.68825780574414,0,2018,males
At most primary school,34,58,50951,1677.4438970775843,74.52403289434947,118.31953739867716,0,2018,males
At most primary school,35,68,62124,1607.3953437211599,15.463749919515807,141.68835849805762,29.290344043096603,2018,males
At most primary school,36,56,47207,1709.0279619547948,62.589234647403984,104.92105690540244,3.33636960620247,2018,males
At most primary school,37,53,44376,1842.4359563728142,28.546511627906977,57.54849280391803,68.54380746349378,2018,males
At most primary school,38,78,68486,1790.8787939627564,43.88093917004935,115.50026769461398,9.972841164617586,2018,males
At most primary school,39,61,53438,1810.628260788203,94.60477562783038,113.71994180171414,44.374789475654026,2018,males
At most primary school,40,81,71142,2105.0160430313085,79.46262404767928,150.89707908127406,21.64333305220545,2018,males
At most primary school,41,58,49359,1570.9693605353973,146.32478372738507,139.78759868176692,62.67009731423516,2018,males
At most primary school,42,69,56787,2517.8032736365717,24.39202634405762,86.87680865925886,0,2018,males
At most primary school,43,45,41005,1659.669296427265,18.2680160955981,268.99157013372354,24.934032435068893,2018,males
At most primary school,44,48,36269,1581.6826215225124,45.25214370398963,59.17463949929692,0,2018,males
At most primary school,45,70,60004,1619.0071328578094,71.06092927138191,133.7067389951781,33.581094593693756,2018,males
At most primary school,46,53,49268,2859.599706367893,55.54842900056832,31.225237476658275,276.42080051960704,2018,males
At most primary school,47,49,44618,1919.043480209781,32.82217938948406,9.96931358046827,14.227441839616299,2018,males
At most primary school,48,54,42245,1684.7436383003906,59.55852763640667,32.79704698780921,71.55087387067503,2018,males
At most primary school,49,43,34078,2393.852368096719,29.618815658195903,34.254748909364785,72.45632568421465,2018,males
At most primary school,50,81,70613,1975.3763518521143,41.90311982212907,62.493921091017235,131.48145525611432,2018,males
At most primary school,51,32,29617,1673.5564596909433,94.86105952662322,247.45213897423776,34.88536988891515,2018,males
At most primary school,52,37,26470,2036.2582672207532,60.27653947865508,65.87501574109054,45.20274524619065,2018,males
At most primary school,53,56,44885,1599.5930823214883,54.43413166982288,88.28160855519661,16.508855965244514,2018,males
At most primary school,54,39,34591,1947.9838879091865,38.72105460958053,136.21860936852553,111.80943019860658,2018,males
At most primary school,55,59,55506,1794.8621530405123,38.93957410009729,86.73560816248094,53.04831910063777,2018,males
At most primary school,56,32,25151,1867.2782526871033,82.72414615721046,82.38638622718778,72.69372987157568,2018,males
At most primary school,57,43,37248,1427.674872923826,31.765463917525775,79.37929553264605,61.461912943871695,2018,males
At most primary school,58,40,37933,1083.0880939199817,20.472939129517833,185.67628010790958,433.83136055677113,2018,males
At most primary school,59,40,33934,1773.4424667491796,42.585607355454705,168.33539616117562,102.41203512701125,2018,males
At most primary school,60,63,50579,1487.0374265999724,23.807509045255937,284.11035212242234,43.475157674133534,2018,males
At most primary school,61,17,12074,2003.5552426702004,0,198.73281431174425,12.697807962012037,2018,males
At most primary school,62,32,24029,1164.3755739592436,51.144450455699364,95.60635065961962,112.65554122102459,2018,males
Secondary school or above,16,37,34069,721.7926120520121,91.40274149520091,29.165517038950366,15.145733658164314,2018,males
Secondary school or above,17,48,39043,720.9730297364445,11.22915759547166,3.0778031059771704,0,2018,males
Secondary school or above,18,81,56168,1205.3146038076247,74.99821962683379,26.663461994967477,43.60104211175996,2018,males
Secondary school or above,19,100,76793,1612.4396711505824,77.05194483872228,42.490852030784055,6.697659074828869,2018,males
Secondary school or above,20,111,86103,1525.5178991053351,110.39057872547995,16.79812550085363,0,2018,males
Secondary school or above,21,86,59782,2002.3444556890033,57.182094944966714,109.51724878168457,0,2018,males
Secondary school or above,22,125,94365,2426.393674384924,86.35984740104912,83.45309878309402,6.431409950723255,2018,males
Secondary school or above,23,130,89180,3209.256753195784,76.2984974209464,60.03018240263138,45.76586678627495,2018,males
Secondary school or above,24,115,81671,3717.049132086869,56.57516131797088,63.111447147702364,6.002497826645933,2018,males
Secondary school or above,25,93,74232,2720.038094532457,58.405269964435824,50.76578609404749,15.64835470776305,2018,males
Secondary school or above,26,105,67069,3282.5713481638313,37.23523535463478,28.457769858901532,17.480505151411233,2018,males
Secondary school or above,27,86,55433,3146.3114510610403,124.02900799162954,56.61838014660341,60.76103885170687,2018,males
Secondary school or above,28,93,62557,3374.0022206414415,124.26187317166745,45.26794230328608,0,2018,males
Secondary school or above,29,63,43708,3605.7880136359477,22.946485769195572,48.85955278972576,29.102223849180927,2018,males
Secondary school or above,30,118,72142,3751.964990343119,80.29355992348424,49.864688161311484,81.9012503118849,2018,males
Secondary school or above,31,70,42602,3745.8878886750235,44.86127411858598,28.481839663239597,24.069292521477866,2018,males
Secondary school or above,32,91,52414,3652.6927856425127,46.75516083489144,21.699553872375066,15.448798667022807,2018,males
Secondary school or above,33,74,48311,3921.5330532038943,67.7640702945499,66.00774150814514,4.793939268489578,2018,males
Secondary school or above,34,51,34891,4622.406628261347,76.7338282078473,175.95655039981656,0,2018,males
Secondary school or above,35,68,37462,4111.94523339206,75.18712295125728,12.24129339953375,0,2018,males
Secondary school or above,36,53,36753,3661.88427702047,35.07305526079504,37.06451174053819,0,2018,males
Secondary school or above,37,51,34179,5213.358217033851,15.753532871061179,47.28310756117304,11.542175019748969,2018,males
Secondary school or above,38,74,43547,5163.2311602023865,63.99315681906905,46.381113126813176,72.62918991740725,2018,males
Secondary school or above,39,51,36102,6443.397422580467,62.961054789208355,12.34295653057079,4.708880394437982,2018,males
Secondary school or above,40,74,50942,4101.10047374138,45.17215657021711,194.03488280789918,50.174708492010524,2018,males
Secondary school or above,41,37,19865,4962.816427552647,63.77045054115278,30.05285678328719,0,2018,males
Secondary school or above,42,51,28981,5494.101514785549,51.16862772161071,25.12651967380928,22.462992995410787,2018,males
Secondary school or above,43,39,20534,5147.505503068082,45.96279341579819,485.85029706827703,0,2018,males
Secondary school or above,44,37,24753,5208.537409606916,122.77824910111906,29.014220498525432,0,2018,males
Secondary school or above,45,44,24266,4294.949833786643,51.47861204978159,75.18475782301711,12.87480425286409,2018,males
Secondary school or above,46,26,13782,5666.277173124365,89.92308808590916,148.7217626856286,143.8937261161902,2018,males
Secondary school or above,47,32,16391,4797.420637341631,83.41284851442865,329.29656518821304,167.5065584772131,2018,males
Secondary school or above,48,23,11550,5673.704054834055,10.346320346320347,94.11255411255411,0,2018,males
Secondary school or above,49,25,17357,3255.015027558526,45.109753989744775,16.537035970117728,82.55650938142153,2018,males
Secondary school or above,50,43,23140,5511.683318928262,192.62532411408816,256.76318063958513,0,2018,males
Secondary school or above,51,22,13044,22755.36225467648,0,1306.7055095573955,10.062097516099357,2018,males
Secondary school or above,52,30,17738,4991.37468523321,70.22212199797046,87.94678092231368,0,2018,males
Secondary school or above,53,29,15840,5166.850084175084,56.02272727272727,369.1661931818182,0,2018,males
Secondary school or above,54,34,19143,6200.869229831618,175.23376691218724,155.78540458653293,9.272318863292066,2018,males
Secondary school or above,55,18,10605,5736.430410183875,31.211692597831213,257.1230551626591,0,2018,males
Secondary school or above,56,17,12252,4414.365083251714,34.6718903036239,491.15790619218626,157.87898574382416,2018,males
Secondary school or above,57,17,8152,5541.760324664704,2.620215897939156,115.96508014393197,0,2018,males
Secondary school or above,58,16,9119,10842.345560551228,43.316153086961286,160.37942756881236,0,2018,males
Secondary school or above,59,18,10377,5168.443031062285,45.27127300761299,111.60258263467283,23.239086441167967,2018,males
Secondary school or above,60,18,12310,5294.920904413756,6.791226645004062,520.7961007311129,0,2018,males
Secondary school or above,61,9,4202,5339.005235602094,0,1279.7576550848803,0,2018,males
Secondary school or above,62,11,6956,8485.917912593444,0,2704.4702415181137,0,2018,males
At most primary school,16,33,31166,310.43685426426237,186.61297567862414,10.656243983828531,0,2018,females
At most primary school,17,31,32924,650.6426922609646,109.82110314664075,14.125713765034625,0,2018,females
At most primary school,18,36,34765,456.20166834459945,63.499208974543365,11.465027086629272,20.37681576298001,2018,females
At most primary school,19,33,28101,637.9748051670759,106.1958649158393,35.78805024732216,16.809010355503364,2018,females
At most primary school,20,22,21081,427.8098761918315,141.7636734500261,12.603845484875794,0,2018,females
At most primary school,21,15,17645,1015.7608387645225,158.76905638991215,81.01742703315387,0,2018,females
At most primary school,22,27,19662,641.8928898382667,181.35693215339234,0,2.6446953514393248,2018,females
At most primary school,23,33,23913,654.5897907693166,142.42044076443776,33.21533614909603,76.65265755028645,2018,females
At most primary school,24,28,21144,1067.971024088788,99.00681044267877,19.031403707907682,0,2018,females
At most primary school,25,19,13893,1029.9949614913985,66.31756999928021,22.781976534945656,53.33621248110559,2018,females
At most primary school,26,26,26487,1071.9201872616754,108.46830520632763,3.6395212745875334,86.20832861403707,2018,females
At most primary school,27,22,18759,412.95836665067435,162.89354443200597,42.03582280505358,220.64075910229755,2018,females
At most primary school,28,31,22164,996.5789719063947,52.0081212777477,69.85106478974915,12.043554111772847,2018,females
At most primary school,29,27,22831,660.246477742251,15.81183478603653,43.314645292219645,197.43185435007953,2018,females
At most primary school,30,56,45942,1152.7879391406557,98.94475643202298,85.87826317240578,11.034928097746434,2018,females
At most primary school,31,21,17123,1445.5811870972766,25.719792092507156,48.64217718857677,0,2018,females
At most primary school,32,47,38594,993.4032060251162,87.43276156915583,102.00511521652761,100.90307647129951,2018,females
At most primary school,33,37,30948,1301.3343780965922,76.7972082202404,23.94648550256344,18.719572616431865,2018,females
At most primary school,34,26,18204,1121.4193950047609,70.2753241045924,38.78955174686882,127.14238628872775,2018,females
At most primary school,35,43,38275,1438.9924058349663,87.52841280209013,39.00825168735032,61.71129980404964,2018,females
At most primary school,36,38,32098,1188.433588800964,64.31210667331298,87.46254958772093,0,2018,females
At most primary school,37,40,39321,1026.8005645838102,94.08229699142952,69.46428117291015,30.475115078456803,2018,females
At most primary school,38,40,32721,1229.3508959587623,28.42700406466795,117.75178784266984,49.66204170614183,2018,females
At most primary school,39,30,27731,1030.1575853737695,38.000072121452526,60.19016022982703,17.23161804478742,2018,females
At most primary school,40,62,47339,990.63895871621,72.73632734109297,33.60654006210524,87.21139018568199,2018,females
At most primary school,41,15,12092,1342.017284154813,31.006864042342045,42.529496085566215,67.83716506781343,2018,females
At most primary school,42,59,42824,1211.6150289557258,33.891042406127404,150.12614811009402,71.73547543433588,2018,females
At most primary school,43,38,33427,1641.068198362601,83.723935740569,83.05651120351811,98.81871939849023,2018,females
At most primary school,44,34,24081,1772.6040446825298,38.02001578007558,19.91611644034716,77.82484116108135,2018,females
At most primary school,45,46,33194,1631.4419372979053,38.564198349099236,30.314715510835292,0,2018,females
At most primary school,46,34,25904,1546.6681336215772,18.479771463866584,103.5206917850525,24.436380481778876,2018,females
At most primary school,47,35,24059,1572.016854399601,53.40620973440293,36.5476536846918,127.68610499189492,2018,females
At most primary school,48,36,25188,1431.2363691705043,146.64919803080832,173.64022550420836,225.62331268858188,2018,females
At most primary school,49,34,28154,1045.9192773081386,79.9538253889323,143.8658420354716,0,2018,females
At most primary school,50,41,31664,906.0119062657908,113.5853019201617,60.67947827185447,35.11664140138117,2018,females
At most primary school,51,24,19413,1794.4100001717063,10.101220831401639,25.50524562578341,211.50775253695977,2018,females
At most primary school,52,30,25795,2184.933475479744,3.901918976545842,51.30063965884862,80.77663629902436,2018,females
At most primary school,53,26,18923,1272.3578537582132,63.63367330761507,111.35012066444715,331.5682855079356,2018,females
At most primary school,54,18,16398,956.7645038012766,47.57287474082205,80.66532503963899,221.6794731064764,2018,females
At most primary school,55,26,18688,871.5994399257992,50.86740154109589,148.177752211758,72.27454337899543,2018,females
At most primary school,56,20,14157,999.2772480045207,115.66857385039204,91.70492806856443,6.559770196133833,2018,females
At most primary school,57,30,23312,1966.390943148021,31.84025394646534,49.917138526652934,242.61024365133838,2018,females
At most primary school,58,20,13108,1863.0294222357848,0,40.70338724443088,59.368324687213914,2018,females
At most primary school,59,17,13017,1386.7186243630124,31.38972113390182,7.835906890988707,90.7275101789967,2018,females
At most primary school,60,26,18436,1336.5632819845232,18.84356693425906,159.06107615534822,41.310479496637015,2018,females
At most primary school,61,14,9000,845.5867407407408,29.753333333333334,18.11111111111111,142.94074074074075,2018,females
At most primary school,62,19,15750,754.1825185185185,56.76698412698413,45.073015873015876,2.1904761904761907,2018,females
Secondary school or above,16,16,13080,443.14092762487263,58.53211009174312,3.849388379204893,0,2018,females
Secondary school or above,17,25,20677,609.2457803356386,70.26647966339411,52.33915300414309,8.299076268317455,2018,females
Secondary school or above,18,53,39055,1051.5690692612982,124.9796440916656,9.909102547689157,0,2018,females
Secondary school or above,19,37,23592,1548.4321380128856,99.23787724652425,66.97132502543235,33.485927433028145,2018,females
Secondary school or above,20,74,52322,1256.9997133137113,75.31267917893047,24.94393690353325,0,2018,females
Secondary school or above,21,61,44673,1845.447667867989,103.69787119736753,0,0,2018,females
Secondary school or above,22,68,46960,1813.5397359454855,94.79067291311755,21.298977853492335,0,2018,females
Secondary school or above,23,56,42253,2093.4460235565125,50.15004851726505,7.014886516933709,15.856862234634226,2018,females
Secondary school or above,24,55,40217,2503.698199766268,88.73200387895666,128.07166952615395,25.541437700474923,2018,females
Secondary school or above,25,69,44247,2358.4790908611503,28.75539584604606,93.77679089354457,1.8456995201181248,2018,females
Secondary school or above,26,65,38743,3101.9245627167056,56.97106574090804,23.77848901737088,67.71355685758287,2018,females
Secondary school or above,27,58,30833,2607.12285538222,85.65498005383841,57.77305700602169,134.44631833857665,2018,females
Secondary school or above,28,71,43242,3167.303682376702,37.09784468803478,122.08023063996423,5.799916747606494,2018,females
Secondary school or above,29,40,22234,2941.3207362597823,19.41890797877125,25.519474678420437,65.91256633983988,2018,females
Secondary school or above,30,76,49243,2930.115590033101,45.89525414779766,23.81286003425191,37.97900209166785,2018,females
Secondary school or above,31,48,27354,3108.814189271526,25.81194706441471,98.6961078209159,14.574346226024224,2018,females
Secondary school or above,32,65,35127,3260.328802155986,11.051328038261166,58.63462104174376,0,2018,females
Secondary school or above,33,40,17456,2964.758086999694,20.568285976168653,83.55866177818515,0,2018,females
Secondary school or above,34,45,25565,3552.840132994328,36.70252298063759,21.134689353934416,0,2018,females
Secondary school or above,35,56,32011,3417.3484218966396,58.22279841304552,143.33822748430228,20.25345454166797,2018,females
Secondary school or above,36,43,24948,3698.7641093474426,18.42151675485009,128.69007535674203,63.58559136336914,2018,females
Secondary school or above,37,40,24028,3143.15995921425,30.764108540036624,164.85905332667443,110.8082237389712,2018,females
Secondary school or above,38,36,19136,3892.490889771461,24.632107023411372,81.92020275919732,0,2018,females
Secondary school or above,39,44,28379,3804.995292880886,5.752493040628634,56.26167236336728,15.451566299023925,2018,females
Secondary school or above,40,41,23360,3304.1811929223745,72.02739726027397,298.4032534246575,44.70319634703196,2018,females
Secondary school or above,41,19,13250,2356.424905660377,89.8188679245283,16.367924528301888,236.65056603773584,2018,females
Secondary school or above,42,35,21772,3080.1169621532244,110.29946720558516,175.49758099087515,164.52324085981996,2018,females
Secondary school or above,43,33,16960,3919.8219536163524,20.72818396226415,74.94693396226415,259.82704402515725,2018,females
Secondary school or above,44,20,9804,3874.8927308581533,59.89392084863321,0.9281925744594043,20.14483884128927,2018,females
Secondary school or above,45,30,15333,4306.67255809909,16.894932498532576,19.913476379921303,30.25852735929042,2018,females
Secondary school or above,46,23,11196,4432.458020721686,7.529474812433012,378.7245444801715,255.0315588900798,2018,females
Secondary school or above,47,25,18111,3974.6968693059466,50.77190657611396,17.957778882079033,198.05642979404783,2018,females
Secondary school or above,48,25,13071,4051.76672277051,89.72534618621376,152.52849820212685,56.23135184760156,2018,females
Secondary school or above,49,14,8955,4717.362814070351,0,269.57007258514795,7.072399032198026,2018,females
Secondary school or above,50,16,8894,7275.7052132523795,28.139194962896333,41.702271194063414,0,2018,females
Secondary school or above,51,9,5733,3621.9896505610795,27.489970347113204,0,0,2018,females
Secondary school or above,52,15,6663,5148.215918755315,4.8851868527690225,279.6938316073841,0,2018,females
Secondary school or above,53,16,8428,3827.796828033539,2.3433792121499764,40.68185413700363,155.19696250593262,2018,females
Secondary school or above,54,12,6296,5170.425667090216,76.62007623888184,11.594663278271918,178.78017789072427,2018,females
Secondary school or above,55,17,7505,3273.2871419053963,29.913391072618253,149.6691094825672,0,2018,females
Secondary school or above,56,14,8432,4194.532179000633,0,212.76091081593927,486.71726755218214,2018,females
Secondary school or above,57,13,6349,4355.172205596682,54.71727831154512,146.8538352496456,0,2018,females
Secondary school or above,58,6,5249,3320.4019813297773,141.62697656696514,1570.413412078491,145.85635359116023,2018,females
Secondary school or above,59,7,3289,3753.8654099523665,368.954089388872,0,0,2018,females
Secondary school or above,60,10,5863,2000.7329580988119,139.17789527545625,248.38819716868497,424.59150605492067,2018,females
Secondary school or above,61,4,1582,2555.2939317319847,0,0,0,2018,females
Secondary school or above,62,4,2930,5670.342662116041,0,0,0,2018,females
At most primary school,16,22,19013,470.4844054068269,136.04375953295113,5.459948456319361,60.17461736706464,2018,urban
At most primary school,17,31,20618,1129.1255860574902,66.79406343971287,10.097972645261422,0,2018,urban
At most primary school,18,31,19601,1017.2237640936687,71.33360542829448,64.85383398806184,0,2018,urban
At most primary school,19,35,24200,1209.5980716253443,45.34710743801653,173.53977272727272,19.518595041322314,2018,urban
At most primary school,20,33,23762,1353.2058328423534,34.393990404848076,44.689700642482386,0,2018,urban
At most primary school,21,17,11448,2127.1051129746097,61.6701607267645,36.09364081062194,0,2018,urban
At most primary school,22,39,20838,1641.1374092203348,49.30079662155677,31.115030233227756,2.4954410212112488,2018,urban
At most primary school,23,39,21743,1081.3425930184428,103.02626132548406,58.31024161032669,72.1781722853332,2018,urban
At most primary school,24,34,21715,1684.910277074219,13.829150356896156,122.04697213907437,0,2018,urban
At most primary school,25,33,19569,1773.1662323061985,37.57984567428075,57.93678777658542,37.86601257090296,2018,urban
At most primary school,26,34,21884,1690.5727167489188,23.757082800219337,28.389462621093035,28.102723450923047,2018,urban
At most primary school,27,20,10767,1991.4934522151018,126.8598495402619,0,0,2018,urban
At most primary school,28,45,22670,1879.3160123511248,155.03520070577855,123.92809880899868,0,2018,urban
At most primary school,29,32,16882,1803.7888480827705,30.406349958535717,35.01263673340441,2.695178296410378,2018,urban
At most primary school,30,57,31707,1795.6745986690637,78.9507048916643,148.88662860987583,0,2018,urban
At most primary school,31,28,15574,2493.5814391507215,122.75266469757288,56.59316810068062,0,2018,urban
At most primary school,32,55,34755,2139.682779456193,85.3536181844339,96.21541265045798,5.682635592001151,2018,urban
At most primary school,33,44,27435,2138.114646740781,93.21705850191361,5.810400340198044,0,2018,urban
At most primary school,34,43,21684,2092.714735903585,62.05497140748939,50.05034433991269,0,2018,urban
At most primary school,35,61,42830,2321.9973227488517,25.21130049031053,178.24577788154718,97.63327885438557,2018,urban
At most primary school,36,42,24264,2018.0580283547642,53.997279920870426,65.1520771513353,0,2018,urban
At most primary school,37,40,28397,1939.2948903053139,26.236926435891114,81.43536289044617,42.19854209951755,2018,urban
At most primary school,38,56,35453,2089.406070478286,27.144106281555864,137.1731682321195,18.362338871181564,2018,urban
At most primary school,39,42,32038,2071.875793328755,71.6024720644235,128.90484216659382,46.90835882389662,2018,urban
At most primary school,40,76,49672,1723.0876013314005,141.56617410210984,13.62471144038224,54.2035754549847,2018,urban
At most primary school,41,31,17321,1939.2056848141947,66.03025229490214,259.25562419413814,47.357947000750535,2018,urban
At most primary school,42,68,39873,2825.0502804738376,33.942768289318586,56.059405278425665,77.0446166578888,2018,urban
At most primary school,43,37,25073,1747.5144046052194,85.82060383679655,323.8410507983355,46.57732753692551,2018,urban
At most primary school,44,45,24341,2289.967106254194,52.132615751201676,2.3879462635060187,39.27940511893513,2018,urban
At most primary school,45,60,35517,2001.2029919944441,67.6253625024636,83.6089525203893,13.31756623588704,2018,urban
At most primary school,46,46,31617,3152.5853601965186,35.24369801056394,91.44331635934255,45.30790397570927,2018,urban
At most primary school,47,48,29004,2382.1539960005516,46.374637980968146,28.870155840573712,105.91642532064543,2018,urban
At most primary school,48,56,31265,2361.3016152246923,144.14936830321446,134.5590783090783,13.625459779305933,2018,urban
At most primary school,49,43,30056,1536.7586283382132,84.57712270428533,51.49498713512554,30.692706947032207,2018,urban
At most primary school,50,71,46202,1989.7195720242992,71.35491970044586,62.93739087773979,75.78243366088049,2018,urban
At most primary school,51,31,23360,1598.6911957762559,64.96982020547945,39.175941780821915,44.22945205479452,2018,urban
At most primary school,52,46,25894,2464.8382894364204,9.632733451764887,73.47455008882366,97.80322339795576,2018,urban
At most primary school,53,46,25587,2109.3880942145097,36.405987415484425,87.58158439832728,28.86231289326611,2018,urban
At most primary school,54,29,17813,2086.9561556166846,43.79385841800932,117.7903778139561,79.49250547353057,2018,urban
At most primary school,55,45,29807,1565.9880788629068,39.0448552353474,69.3215240267946,144.09926080003578,2018,urban
At most primary school,56,31,16747,1604.3426285304831,82.2141279035051,160.46456081686273,5.545271789972333,2018,urban
At most primary school,57,31,17386,2068.38895279727,39.62095939261475,77.81950995053491,156.72265040837456,2018,urban
At most primary school,58,27,16161,1517.7107027205413,0,18.571870552564818,72.45838747602252,2018,urban
At most primary school,59,28,12461,2497.3647112323783,127.10456624668967,46.20014445068614,131.8246261669743,2018,urban
At most primary school,60,46,24612,2240.960371634433,18.350804485616774,348.5432580313127,49.31876049623491,2018,urban
At most primary school,61,22,11258,1994.821312252028,3.986498489962693,50.18653402025227,114.27133297803044,2018,urban
At most primary school,62,33,21984,1347.7854045366325,82.46542940320234,83.38450691411936,70.39210334788937,2018,urban
Secondary school or above,16,26,19045,649.3331583092676,30.496193226568654,0,2.4678393279075874,2018,urban
Secondary school or above,17,38,20687,1005.0584908396578,33.919853047807806,6.901274552456454,8.29506453328177,2018,urban
Secondary school or above,18,86,47729,1424.341420659697,73.26572943074441,19.33415743049299,0.9354899536969138,2018,urban
Secondary school or above,19,89,49161,1888.3053775689402,65.13903297329183,51.87065627902877,16.069648705274506,2018,urban
Secondary school or above,20,125,73839,1683.2265785470188,87.44606508755535,14.728224018924054,0,2018,urban
Secondary school or above,21,106,63224,2360.724871093256,80.5886214095913,91.43679615335948,0,2018,urban
Secondary school or above,22,135,78962,2621.824129539103,58.4204047516527,68.87996757934197,1.3740786707530204,2018,urban
Secondary school or above,23,137,80815,2705.8325238713933,73.84631565922167,33.70434531543237,0,2018,urban
Secondary school or above,24,115,68551,3392.108923769651,49.79847121121501,118.52258415875285,19.143897730643367,2018,urban
Secondary school or above,25,115,72660,2996.7776539132033,57.341728598954035,90.53926965776677,16.509890815671163,2018,urban
Secondary school or above,26,139,73449,3626.6530869492212,50.88183637626108,18.799892896204625,35.717658965177655,2018,urban
Secondary school or above,27,114,58778,3251.2409575011056,71.50124196127803,77.69034899679018,97.26229768507491,2018,urban
Secondary school or above,28,132,72957,3562.108659895555,48.74933179818249,63.47300464657264,3.437641350384473,2018,urban
Secondary school or above,29,77,40707,3727.5588821742367,22.78195396369175,39.507414777147254,31.247696956297442,2018,urban
Secondary school or above,30,166,91401,3925.172073245005,66.24826861850526,26.207864246561854,27.731862889902736,2018,urban
Secondary school or above,31,96,49467,3510.7745837292205,51.038470091171895,21.782535158118883,6.549821092849778,2018,urban
Secondary school or above,32,133,63611,3921.1520334533334,35.225432708179405,37.946660168838726,7.580973940565836,2018,urban
Secondary school or above,33,105,54460,3917.9470957277513,66.70565552699229,44.28673950299915,4.252662504590525,2018,urban
Secondary school or above,34,84,46603,4334.157364690399,39.47535566379847,136.32938508965802,0,2018,urban
Secondary school or above,35,109,54993,4330.317822268289,57.077809903078574,34.95323647252074,0,2018,urban
Secondary school or above,36,78,44767,4150.2853180542215,15.846940826948423,80.81604753501463,31.99901713315612,2018,urban
Secondary school or above,37,75,41832,4718.066970262001,30.542168674698797,116.70850066934405,9.430579460699942,2018,urban
Secondary school or above,38,94,46399,5435.646493818113,37.77775383090153,72.9193157898518,20.04676824931572,2018,urban
Secondary school or above,39,80,50723,5650.301083006394,41.15628018847465,39.72195388022528,11.996530173688464,2018,urban
Secondary school or above,40,96,57071,4119.22024904651,50.70456098543919,277.5424471272625,47.09338660031656,2018,urban
Secondary school or above,41,47,25786,4287.979782310815,65.06631505468083,6.301869231365857,121.60164430311022,2018,urban
Secondary school or above,42,73,38420,4743.446612007635,74.15559604372723,105.03210133610968,16.944299843831338,2018,urban
Secondary school or above,43,63,29171,4852.589826654326,44.40540262589558,286.2449007576017,151.06327059979662,2018,urban
Secondary school or above,44,50,27686,5371.2337402778785,116.55818825399119,4.168677309831684,7.133569313010185,2018,urban
Secondary school or above,45,68,33771,4683.886855586154,28.043291581534454,63.064957113104924,22.989369577448105,2018,urban
Secondary school or above,46,44,21369,5259.677804295943,61.94112967382657,244.32043302603458,209.60940302931036,2018,urban
Secondary school or above,47,49,27209,4385.711431266615,84.04388253886582,170.66901882955395,131.83137932301813,2018,urban
Secondary school or above,48,48,24621,4812.636556868798,52.48771374030299,125.12489338369684,29.85256488363592,2018,urban
Secondary school or above,49,36,23330,4041.058929847121,33.56065152164595,104.60780111444492,2.7146735247892555,2018,urban
Secondary school or above,50,52,26046,6256.051037907293,130.07064424479768,188.47679746090253,0,2018,urban
Secondary school or above,51,30,17316,18300.521882459383,9.101409101409102,984.3304843304844,7.57969507969508,2018,urban
Secondary school or above,52,41,21662,4989.1344674237525,59.00424706859939,158.0463484442803,0,2018,urban
Secondary school or above,53,42,21483,5097.642740771773,42.22641158125029,286.3014166239972,60.885351207931855,2018,urban
Secondary school or above,54,44,23847,6140.268573265679,160.89654883213822,112.64729316056527,47.20090577431123,2018,urban
Secondary school or above,55,34,17398,4867.7356305322455,31.928957351419704,209.01578725524007,0,2018,urban
Secondary school or above,56,28,16410,5141.493195206175,25.886654478976233,476.0308754824294,367.9666869794841,2018,urban
Secondary school or above,57,27,12327,5451.002474243531,29.914821124361158,152.32597820502423,0,2018,urban
Secondary school or above,58,21,13176,8485.602547561222,86.39951426836673,392.8354584092289,58.10564663023679,2018,urban
Secondary school or above,59,23,12857,5007.563713670893,129.34510383448705,90.07544528272537,18.756475071945243,2018,urban
Secondary school or above,60,25,14887,4757.496383869596,60.42856183247128,405.2058843286089,167.2183784509975,2018,urban
Secondary school or above,61,12,4874,4984.1967583093965,0,1103.3117904527426,0,2018,urban
Secondary school or above,62,12,7547,7606.3064793957865,0,2296.5284218894926,0,2018,urban
At most primary school,16,65,67846,456.6997120930736,79.11814992777761,28.299887490296655,0,2018,rural
At most primary school,17,74,82428,680.2757922065317,69.14749842286602,35.24540609178111,0,2018,rural
At most primary school,18,73,80866,713.8186382410407,89.40852768777978,56.25097898581191,8.760171147330151,2018,rural
At most primary school,19,66,69213,1009.2474920414759,88.6135552569604,20.321591801154888,0,2018,rural
At most primary school,20,52,58338,759.973967796862,67.80743254825329,43.11552218679649,0,2018,rural
At most primary school,21,30,34123,1096.8142113335093,138.7921343375436,70.52581836298098,0,2018,rural
At most primary school,22,59,60896,877.3265020143632,96.27446794534944,50.51256787528464,0,2018,rural
At most primary school,23,52,56298,1267.6668383719966,152.21634871576254,18.491050599784483,4.682670787594586,2018,rural
At most primary school,24,41,40695,1248.162788221321,88.92247204816317,76.70991522300037,0,2018,rural
At most primary school,25,45,46281,1337.6244175075444,53.24880620557032,61.96236036386422,0,2018,rural
At most primary school,26,44,51601,1040.4903732485805,154.1890661033701,121.97281383435723,32.33270673048972,2018,rural
At most primary school,27,50,51520,972.0148809523808,47.21143245341615,63.80326410455486,104.73020186335404,2018,rural
At most primary school,28,40,43679,1032.1797278631227,41.345726779459234,62.68497256500072,6.111251020704077,2018,rural
At most primary school,29,39,39798,1091.7152453222106,22.965978189858788,27.20614101211116,112.11786186910564,2018,rural
At most primary school,30,67,67520,1242.1061413902055,69.6199644549763,182.61738497235388,7.508392575039494,2018,rural
At most primary school,31,41,45553,1600.551657775924,70.72871161065133,85.71833907755801,0,2018,rural
At most primary school,32,55,58406,1251.8446278350398,72.41653254802588,129.80248176557203,69.07429601981532,2018,rural
At most primary school,33,53,57864,1152.4923613991427,76.82168533112124,76.4493467440896,10.011982118991659,2018,rural
At most primary school,34,41,47471,1274.5325848061625,78.59042362705652,119.00596328986819,48.75608266099303,2018,rural
At most primary school,35,50,57569,963.7846294591418,56.124303010300686,46.22317132484497,0,2018,rural
At most primary school,36,52,55041,1269.2041266207614,67.38158827056195,112.27142039570502,2.8615032430370086,2018,rural
At most primary school,37,53,55300,1212.7415189873418,76.33164556962025,53.75509795057263,55.00361663652803,2018,rural
At most primary school,38,62,65754,1350.4882187141973,45.214739787693524,104.93517124433494,25.199861098437612,2018,rural
At most primary school,39,49,49131,1199.7495742674348,77.65504467647717,73.60416539455741,27.402251124544584,2018,rural
At most primary school,40,67,68809,1614.057778294506,30.003633245651006,169.29839604315328,43.24797628217239,2018,rural
At most primary school,41,42,44130,1363.7019714479945,146.24223883979153,66.24690875443764,70.0959286955208,2018,rural
At most primary school,42,60,59738,1376.3679176850023,24.826743446382537,152.78748591069896,0,2018,rural
At most primary school,43,46,49359,1602.449350675662,28.281367126562532,115.21024872194872,63.9761745578314,2018,rural
At most primary school,44,37,36009,1230.5822340711118,35.76466994362521,71.30661778999695,25.493626593351664,2018,rural
At most primary school,45,56,57681,1390.8264593193599,54.4753038262166,105.05481296556347,26.733239714984137,2018,rural
At most primary school,46,41,43555,1866.062641105116,48.2415336930318,30.509509049860327,294.3221214556308,2018,rural
At most primary school,47,36,39673,1370.0259874473822,35.397121468000904,12.26932254513985,16.000806593905175,2018,rural
At most primary school,48,34,36168,923.3543924647939,47.086374695863746,42.91560679790607,228.92243603922435,2018,rural
At most primary school,49,34,32176,2015.0327884137246,22.324714072600695,114.06013540112714,48.068954085861094,2018,rural
At most primary school,50,51,56075,1359.7180145638283,58.1137761925992,61.103966414028825,122.9591321147273,2018,rural
At most primary school,51,25,25670,1833.0805090248018,57.962602259446825,269.13803402155565,159.95325282430852,2018,rural
At most primary school,52,21,26371,1760.8582407442518,54.861021576732014,44.156902152617135,28.350587134857737,2018,rural
At most primary school,53,36,38221,1096.2991549148373,71.05769079825227,100.17132815293513,164.22298387448436,2018,rural
At most primary school,54,28,33176,1383.4333554376658,40.37255847600675,118.65468762559281,183.46696407041236,2018,rural
At most primary school,55,40,44387,1559.8409969886077,43.89077883163989,124.29823672096184,0,2018,rural
At most primary school,56,21,22561,1517.7854409526765,103.77532024289704,30.27643573718659,81.03896103896103,2018,rural
At most primary school,57,42,43174,1460.544054291935,28.64247000509566,64.0991877827705,120.91266348573988,2018,rural
At most primary school,58,33,34880,1174.8178803516819,22.264908256880734,208.61979166666669,460.5425745412844,2018,rural
At most primary school,59,29,34490,1365.9394413839761,7.824006958538707,151.88731033149708,87.37556779742921,2018,rural
At most primary school,60,43,44403,1006.6713960768417,24.77107402652974,196.47593255710953,39.33735708548221,2018,rural
At most primary school,61,9,9816,951.8651521325727,22.707823960880194,203.49429502852485,15.618717739744636,2018,rural
At most primary school,62,18,17795,574.7367799943804,17.42680528238269,65.97920764259624,67.09749929755549,2018,rural
Secondary school or above,16,27,28104,641.2071531929025,117.37830913748932,37.14738115570737,16.688015940791345,2018,rural
Secondary school or above,17,35,39033,511.22588578894783,30.47728844823611,27.14668784532746,0,2018,rural
Secondary school or above,18,48,47494,858.77687707921,117.83972712342612,20.251680914080374,50.62393846240227,2018,rural
Secondary school or above,19,48,51224,1318.2045525534907,98.70314696236139,44.763668722994424,10.040866260607007,2018,rural
Secondary school or above,20,60,64586,1127.6846272153923,108.2051837859598,25.763607180090627,0,2018,rural
Secondary school or above,21,41,41231,1282.8059146435126,71.68926293322986,18.582138843750254,0,2018,rural
Secondary school or above,22,58,62363,1717.4604840476993,128.08436091913475,55.10241115191165,7.991918284880458,2018,rural
Secondary school or above,23,49,50618,3081.5922530852,58.38634477853728,57.80700541309415,93.86779406535224,2018,rural
Secondary school or above,24,55,53337,3219.7891019992376,89.5316571985676,40.87578353988164,3.8452981357531666,2018,rural
Secondary school or above,25,47,45819,1932.0288053718616,31.45921997424649,29.22814043664564,0.9530253097332257,2018,rural
Secondary school or above,26,31,32363,2285.406127367673,29.890306831875908,44.77492300878575,36.22655501653122,2018,rural
Secondary school or above,27,30,27488,2317.1369567326346,193.30616996507567,12.855064027939465,65.36185487000388,2018,rural
Secondary school or above,28,32,32842,2683.979089275927,177.24346872906645,105.96248705925339,0,2018,rural
Secondary school or above,29,26,25235,2823.9099795257907,20.1038240538934,43.38121656429562,58.07410342777888,2018,rural
Secondary school or above,30,28,29984,1874.242518231946,66.61552828175027,79.19323639274279,174.89327641408752,2018,rural
Secondary school or above,31,22,20489,3462.996380171474,4.515593733222705,138.39621260188395,53.690598207168065,2018,rural
Secondary school or above,32,23,23930,2363.1177392394484,24.9937317175094,32.728531132469705,13.685750104471374,2018,rural
Secondary school or above,33,9,11307,2461.7141298900387,0,197.72213378143337,0,2018,rural
Secondary school or above,34,12,13853,3618.278495632715,128.19966794196202,23.55085541038042,0,2018,rural
Secondary school or above,35,15,14480,1747.0486648250458,106.46063535911603,215.8011049723757,44.77440147329651,2018,rural
Secondary school or above,36,18,16934,2425.072457777253,61.36766269044526,56.38951222392819,9.084288020156686,2018,rural
Secondary school or above,37,16,16375,3440.918503816794,0,42.453292620865135,162.59541984732823,2018,rural
Secondary school or above,38,16,16284,2893.7221403422586,92.4355195283714,12.527634487840825,137.10595267338084,2018,rural
Secondary school or above,39,15,13758,3925.081649464554,25.345253670591656,1.9943850850414304,0,2018,rural
Secondary school or above,40,19,17231,2960.7053662971775,63.25575996750044,58.94028204979398,52.96268353548837,2018,rural
Secondary school or above,41,9,7329,2625.0691317596766,106.30372492836676,88.876381498158,0,2018,rural
Secondary school or above,42,13,12333,3571.0405956917753,83.94551204086596,41.65990972728993,290.44028216978836,2018,rural
Secondary school or above,43,9,8323,3679.4617926228525,0,348.13168328727625,0,2018,rural
Secondary school or above,44,7,6871,2650.036020957648,58.11381167224567,89.05181196332411,0,2018,rural
Secondary school or above,45,6,5828,2072.0521619766646,96.29032258064517,0,0,2018,rural
Secondary school or above,46,5,3609,4246.15599889166,0,296.2039346079246,99.56590006465319,2018,rural
Secondary school or above,47,8,7293,4290.337903926139,0,147.9500891265597,376.47058823529414,2018,rural
Secondary school or above,49,3,2982,1496.7723004694835,0,87.3686563827409,480.5276101050749,2018,rural
Secondary school or above,50,7,5988,4894.016171231352,220.4074816299265,234.35760409708308,0,2018,rural
Secondary school or above,51,1,1461,475,0,0,0,2018,rural
Secondary school or above,52,4,2739,5390.630156991603,0,0,0,2018,rural
Secondary school or above,53,3,2785,1648.4445242369839,0,14.307301017354877,0,2018,rural
Secondary school or above,54,2,1592,3033.451633165829,0,231.7211055276382,111.49497487437186,2018,rural
Secondary school or above,55,1,712,1000,0,300,0,2018,rural
Secondary school or above,56,3,4274,1188.861254094525,0,0,0,2018,rural
Secondary school or above,57,3,2174,2591.0354185832566,0,0,0,2018,rural
Secondary school or above,58,1,1192,3770,0,3800,0,2018,rural
Secondary school or above,59,2,809,1974.2274412855377,25.06798516687268,0,0,2018,rural
Secondary school or above,60,3,3286,1852.07699330493,0,558.4297017650639,0,2018,rural
Secondary school or above,61,1,910,2400,0,0,0,2018,rural
Secondary school or above,62,3,2339,7797.073108165883,0,632.9179136383069,0,2018,rural
At most primary school,16,52,55820,387.5682909351487,97.89627373701182,19.143989609458977,0,2018,indigenous
At most primary school,17,57,61288,637.152890179698,67.4613301135622,39.96282578427534,0,2018,indigenous
At most primary school,18,57,62159,695.8731318071398,108.8798082337232,60.21115204556058,11.39657973905629,2018,indigenous
At most primary school,19,50,50461,993.6330367346399,80.4674897445552,97.48105797876909,0,2018,indigenous
At most primary school,20,35,36606,664.2758655229561,101.4505818718243,38.52255550091971,0,2018,indigenous
At most primary school,21,23,27189,1232.2475020535264,140.20684835779176,67.10627459634411,0,2018,indigenous
At most primary school,22,40,36126,954.1665836239828,57.41986380999834,40.5200778755836,0,2018,indigenous
At most primary school,23,46,44779,927.2232966345832,140.84682552089149,17.86423323432859,6.632461644967507,2018,indigenous
At most primary school,24,32,29365,964.2070832623872,81.59543674442364,163.76809126511154,0,2018,indigenous
At most primary school,25,34,29472,1004.997523072747,12.320100434310532,73.35623642779588,25.142508143322477,2018,indigenous
At most primary school,26,36,38246,1216.2049800414857,103.12137216963866,33.2757238229706,49.48491345500183,2018,indigenous
At most primary school,27,28,28362,889.7221987165926,69.39126295747832,42.17800225654044,145.93470136097596,2018,indigenous
At most primary school,28,36,34352,978.8422217047042,47.927922682813225,57.61060248796771,7.7705325260052795,2018,indigenous
At most primary school,29,29,29953,925.9509453699685,38.72733949854773,0,138.1608965156523,2018,indigenous
At most primary school,30,46,36134,1113.187441191122,44.141528754082024,123.41395915204517,0,2018,indigenous
At most primary school,31,27,30490,1148.96329944244,48.346507051492296,122.07972559309061,0,2018,indigenous
At most primary school,32,36,34899,1462.9085742666934,85.7377002206367,155.11768484292767,91.52124702713544,2018,indigenous
At most primary school,33,39,34207,1088.7646972841817,116.40833747478587,62.68492803617194,16.93610469591994,2018,indigenous
At most primary school,34,30,30861,1266.0693107805969,108.38028579760864,128.37871153451496,0,2018,indigenous
At most primary school,35,49,51340,1089.7653681340087,22.95325282430853,94.30213770938839,32.34320218153486,2018,indigenous
At most primary school,36,30,31282,1350.3863989940967,0,102.9481810625919,0,2018,indigenous
At most primary school,37,42,45255,1366.49800022097,16.000220970058557,34.20064633742128,87.08014584023864,2018,indigenous
At most primary school,38,42,39579,1312.9099859353025,38.370095252532906,69.89033536302922,17.38611384825286,2018,indigenous
At most primary school,39,46,44017,1680.579435218211,82.90251493741054,90.24353280172055,44.13067678396983,2018,indigenous
At most primary school,40,61,57285,1700.0514852637398,100.31631317098717,42.617395478746616,70.15710919088767,2018,indigenous
At most primary school,41,31,31961,1365.7161749215188,190.00062576264824,120.992850661744,122.44987119718823,2018,indigenous
At most primary school,42,53,43465,1950.5866060815215,24.87058552858622,66.62612638521416,0,2018,indigenous
At most primary school,43,26,28228,1241.065502338104,4.995040385432904,339.5089391148269,75.64758395918946,2018,indigenous
At most primary school,44,23,21098,1003.506683097924,56.216229026448005,92.28339179069106,0,2018,indigenous
At most primary school,45,45,38718,1284.1363878988238,70.56459527868175,18.36817931366978,52.04297742651997,2018,indigenous
At most primary school,46,27,25630,1413.9219014176097,34.610222395630124,28.076472883339836,0,2018,indigenous
At most primary school,47,26,23671,1994.278695450129,20.611718981031643,17.283560756481204,0,2018,indigenous
At most primary school,48,27,25280,1169.940466772152,69.83583860759494,2.3835541930379747,301.0152953586498,2018,indigenous
At most primary school,49,27,24350,1783.7373853524984,41.4476386036961,6.966416837782341,101.4031485284052,2018,indigenous
At most primary school,50,37,37765,1633.8617679509246,38.34542565867867,9.084423407917384,119.81022993071186,2018,indigenous
At most primary school,51,21,20227,1222.168553583494,65.29885796212983,25.02018753810913,254.07623473574924,2018,indigenous
At most primary school,52,21,21892,1973.7558468847067,0,80.83371398988976,24.483829709482915,2018,indigenous
At most primary school,53,28,24808,1047.734682360529,69.58948726217349,82.83074008384392,196.1719337848006,2018,indigenous
At most primary school,54,21,21175,1015.2812593467139,55.41912632821724,112.7508067689886,104.77922077922078,2018,indigenous
At most primary school,55,34,29884,1656.247601838219,20.78537009771115,79.62454825324589,119.28345156828625,2018,indigenous
At most primary school,56,16,15660,1596.8600893997445,51.077905491698594,43.618561089825455,0,2018,indigenous
At most primary school,57,24,23934,1144.0552770117824,5.226873903233893,35.82428066070583,187.0421436728782,2018,indigenous
At most primary school,58,24,21237,1149.19522531431,36.56825351980035,14.13288129208457,277.0824504402693,2018,indigenous
At most primary school,59,23,22576,1306.6841778880228,0,180.70930781951336,105.04887195842193,2018,indigenous
At most primary school,60,33,26904,1207.447665774606,4.8803151947665775,229.74898404202597,65.8624492021013,2018,indigenous
At most primary school,61,11,8454,1278.8427963094393,26.36621717530163,271.0551218358174,18.135005125778726,2018,indigenous
At most primary school,62,17,18005,417.3938350458206,40.05720633157456,38.10052763121355,0,2018,indigenous
Secondary school or above,16,24,24928,397.65725288831834,98.14866816431322,0,18.81418485237484,2018,indigenous
Secondary school or above,17,27,27128,546.0428339722796,19.452963727514007,4.42961761525607,0,2018,indigenous
Secondary school or above,18,40,30615,716.7994447166421,22.170504654581087,33.42588055963852,0.30703903315368286,2018,indigenous
Secondary school or above,19,33,30053,1222.0966292882574,108.46803979635976,5.697850464179949,0,2018,indigenous
Secondary school or above,20,58,51255,1028.758379670276,96.09560042922642,11.113224726042988,0,2018,indigenous
Secondary school or above,21,27,21397,1527.5457229206586,88.97789409730336,0,0,2018,indigenous
Secondary school or above,22,51,43761,1205.6159898844483,93.1106464660314,2.1869168132964663,0,2018,indigenous
Secondary school or above,23,40,35715,2047.0097251388304,124.92230155396892,1.3376732465350694,0,2018,indigenous
Secondary school or above,24,34,27898,2577.2030253064736,149.57308767653595,0,24.77596960355581,2018,indigenous
Secondary school or above,25,25,20031,1902.1441765263842,73.01832160151764,19.931397999767025,0,2018,indigenous
Secondary school or above,26,27,20993,2910.1301544959433,45.71476206354499,19.967846424998807,0,2018,indigenous
Secondary school or above,27,18,13729,1494.780634666278,48.07342122514385,29.161628669240294,0,2018,indigenous
Secondary school or above,28,27,20970,2047.5276108726753,116.91297091082498,63.51263710061993,0,2018,indigenous
Secondary school or above,29,16,11608,2714.1463932919823,22.176085458304616,1.9146278428669883,0,2018,indigenous
Secondary school or above,30,26,20898,2510.83846939101,103.88553928605609,5.6317988962261145,0,2018,indigenous
Secondary school or above,31,21,15502,2760.737302713628,31.092762224229133,3.943577172837913,0,2018,indigenous
Secondary school or above,32,26,20040,3031.6329174983366,45.62200598802395,52.14207002661344,0,2018,indigenous
Secondary school or above,33,10,8747,3083.8829312907283,61.643992225906025,137.8232536869784,0,2018,indigenous
Secondary school or above,34,13,10331,3275.8413190075175,64.05478656470817,159.7957603329784,0,2018,indigenous
Secondary school or above,35,18,13954,2002.4548277674262,121.89479719076967,19.277626487028808,0,2018,indigenous
Secondary school or above,36,13,8659,2849.6135427493555,120.0138584132117,25.0028871694191,0,2018,indigenous
Secondary school or above,37,16,13407,3944.89660873673,0,51.85147062479799,0,2018,indigenous
Secondary school or above,38,18,12489,2118.4456988816823,67.71959324205301,123.58608909173407,98.63079509968773,2018,indigenous
Secondary school or above,39,14,11858,4506.752930511047,43.042671614100186,27.815715129026817,0,2018,indigenous
Secondary school or above,40,15,11636,1813.6129254039188,93.67136473014781,8.250257820556893,0,2018,indigenous
Secondary school or above,41,8,4665,3029.439085387638,30.525187566988212,0,0,2018,indigenous
Secondary school or above,42,8,7854,3396.012138188609,48.96867838044309,0,0,2018,indigenous
Secondary school or above,43,5,2491,3766.677371872073,98.47450822962665,0,0,2018,indigenous
Secondary school or above,44,5,2585,2367.32417794971,157.0909090909091,41.127272727272725,0,2018,indigenous
Secondary school or above,45,11,7572,4593.846627927452,0,26.096143687268885,0,2018,indigenous
Secondary school or above,46,12,6942,4819.188562373955,108.74387784500144,212.07144915010085,51.76222030154615,2018,indigenous
Secondary school or above,47,9,6425,5507.356835278858,117.9953307392996,361.55642023346303,427.3307392996109,2018,indigenous
Secondary school or above,48,3,1272,3277.376965408805,0,317.7672955974843,0,2018,indigenous
Secondary school or above,49,4,2200,2225.61,0,0,0,2018,indigenous
Secondary school or above,50,4,2387,4434.419634129312,0,0,0,2018,indigenous
Secondary school or above,51,2,2006,610.2991026919242,0,0,0,2018,indigenous
Secondary school or above,52,6,3438,4648.083963544696,0,219.89528795811518,0,2018,indigenous
Secondary school or above,53,5,4387,2519.2334169136084,0,0,0,2018,indigenous
Secondary school or above,55,3,2714,3750.5197740112994,0,937.210759027266,0,2018,indigenous
Secondary school or above,56,3,1618,1980.5933250927071,0,0,0,2018,indigenous
Secondary school or above,57,4,2386,3514.7604777870915,145.59932942162615,264.74811399832356,0,2018,indigenous
Secondary school or above,58,1,1239,2100,600,0,0,2018,indigenous
Secondary school or above,59,1,952,4000,0,0,0,2018,indigenous
Secondary school or above,60,5,4465,2660.3222844344905,0,410.9742441209406,0,2018,indigenous
Secondary school or above,61,2,945,4075.4497354497353,0,515.3439153439153,0,2018,indigenous
Secondary school or above,62,2,1002,744.6107784431138,0,1930.439121756487,0,2018,indigenous
At most primary school,16,35,31039,589.468303317332,80.21779052160186,30.77504644694309,36.86007925513064,2018,non-indigenous
At most primary school,17,48,41758,965.1865031850184,70.460271085779965,15.905135942015102,0,2018,non-indigenous
At most primary school,18,47,38308,898.1800929309804,48.56583481257179,54.22696738714281,0,2018,non-indigenous
At most primary school,19,51,42952,1140.473163841808,73.80657478115106,15.999002762773952,10.997159620040977,2018,non-indigenous
At most primary school,20,50,45494,1146.8271860025498,23.28482876862883,47.633387552937386,0,2018,non-indigenous
At most primary school,21,24,18382,1538.1412976462482,88.66935045152867,54.13991948645414,0,2018,non-indigenous
At most primary school,22,58,45608,1165.4418961585686,105.58915102613577,49.564988598491496,1.1401508507279425,2018,non-indigenous
At most primary school,23,45,33262,1604.1911991662157,135.36756659250796,45.3642670314473,46.17882268053635,2018,non-indigenous
At most primary school,24,43,33045,1787.4979674181673,46.087153881071266,29.139355424421243,0,2018,non-indigenous
At most primary school,25,44,36378,1841.398610882035,77.97872340425532,50.566001429435374,0,2018,non-indigenous
At most primary school,26,42,35239,1253.493612663999,128.6140355855728,160.12176376552495,11.089985527398621,2018,non-indigenous
At most primary school,27,42,33925,1364.3718693195774,53.947177597641854,61.63276836158192,37.04347826086956,2018,non-indigenous
At most primary school,28,49,31997,1689.6422893812962,114.82851517329749,111.52381473263118,0,2018,non-indigenous
At most primary school,29,42,26727,1727.2659857073372,10.001870767388782,62.627056285154836,13.814993577031967,2018,non-indigenous
At most primary school,30,78,63093,1594.1316178762568,88.90082893506411,199.57260182059287,8.035228419423179,2018,non-indigenous
At most primary school,31,42,30637,2503.93563338447,119.44935861866371,34.72594139983245,0,2018,non-indigenous
At most primary school,32,74,58262,1655.0387216367444,72.15449177851772,94.60297163388371,17.813554861373337,2018,non-indigenous
At most primary school,33,58,51092,1724.411245074245,59.12158459249981,47.73369607766382,0,2018,non-indigenous
At most primary school,34,54,38294,1744.6492313852475,45.21966887763096,72.40633867794782,60.44027785031598,2018,non-indigenous
At most primary school,35,62,49059,2017.7074271115732,63.84965042092175,111.16852497333142,51.389823138126204,2018,non-indigenous
At most primary school,36,64,48023,1594.6866501468046,104.51117173021261,94.53712283697395,3.2796784873914584,2018,non-indigenous
At most primary school,37,51,38442,1568.4380625357683,110.35065813433224,97.22248235436935,7.783153842151813,2018,non-indigenous
At most primary school,38,76,61628,1799.702268719846,39.21496722269099,145.9875056792367,26.284589255965905,2018,non-indigenous
At most primary school,39,45,37152,1382.1486864771748,66.21850775193798,101.57864987080103,24.40380060292851,2018,non-indigenous
At most primary school,40,82,61196,1622.0579721986187,54.738463298254786,161.52497712268774,26.951107915550036,2018,non-indigenous
At most primary school,41,42,29490,1699.5420481519159,51.704645642590705,120.27772973889454,0,2018,non-indigenous
At most primary school,42,75,56146,1960.6463446490698,31.266697538560184,150.79562064379772,54.71449435400563,2018,non-indigenous
At most primary school,43,57,46204,1901.955007502958,73.73214440308199,91.39189247684183,47.40397656768533,2018,non-indigenous
At most primary school,44,59,39252,2009.582721899521,34.92204218893305,17.293641088352185,47.74533781718129,2018,non-indigenous
At most primary school,45,71,54480,1864.570392804699,51.61380323054332,152.68037200195792,0,2018,non-indigenous
At most primary school,46,60,49542,2921.013106724261,46.9985063178717,70.65530257155545,287.6690484841145,2018,non-indigenous
At most primary school,47,58,45006,1693.9622383682176,50.24796693774164,20.330437423158394,82.36235168644181,2018,non-indigenous
At most primary school,48,63,42153,1842.001320586119,105.43496311057339,135.1957156074301,26.00052190828648,2018,non-indigenous
At most primary school,49,50,37882,1784.2380814106964,59.42452879995776,133.2585396758355,0,2018,non-indigenous
At most primary school,50,85,64512,1650.4281632357804,79.1690693204365,92.86900111607143,91.015625,2018,non-indigenous
At most primary school,51,35,28803,2071.99943292944,58.493733291671006,254.0652015415061,0,2018,non-indigenous
At most primary school,52,46,30373,2207.5742380842635,55.844664669278636,42.71556974944853,90.34833569288513,2018,non-indigenous
At most primary school,53,54,39000,1791.8554145299147,49.2574358974359,102.94188034188035,55.09316239316239,2018,non-indigenous
At most primary school,54,36,29814,2065.242984280316,31.730059703495,122.33144104559379,177.2321728047226,2018,non-indigenous
At most primary school,55,51,44310,1498.9565711276612,56.21394719025051,117.44510268562401,16.486120514556532,2018,non-indigenous
At most primary school,56,36,23648,1526.7191446774923,123.40303619756428,113.63751691474967,81.24097880018043,2018,non-indigenous
At most primary school,57,49,36626,1955.8980050601574,49.15524490798886,89.08889859662534,94.69766468264802,2018,non-indigenous
At most primary school,58,36,29804,1379.0065539301213,0,244.15039368317454,380.8322708361294,2018,non-indigenous
At most primary school,59,34,24375,1999.2291692307692,76.04923076923077,71.16307692307693,93.72991452991452,2018,non-indigenous
At most primary school,60,56,42111,1599.7856775347693,33.72657975350858,264.0949118599258,28.224612729848893,2018,non-indigenous
At most primary school,61,20,12620,1663.2226360274697,3.556259904912837,21.473851030110936,101.93872160591654,2018,non-indigenous
At most primary school,62,34,21774,1485.3485502587182,64.3795352254983,106.60535501056306,125.90704509966015,2018,non-indigenous
Secondary school or above,16,29,22221,921.3912890208961,64.48629674632105,46.98213401737095,2.115116331398227,2018,non-indigenous
Secondary school or above,17,46,32592,795.6944955817379,41.83848797250859,33.20497872688595,5.265095729013255,2018,non-indigenous
Secondary school or above,18,94,64608,1343.863386371141,130.24439697870233,13.331166419019317,37.759771751692256,2018,non-indigenous
Secondary school or above,19,104,70332,1757.7634741890843,71.06978331342775,66.42424500938407,18.545375267777587,2018,non-indigenous
Secondary school or above,20,127,87170,1656.4345063286298,97.74108064701159,25.030140338801576,0,2018,non-indigenous
Secondary school or above,21,120,83058,2040.2723889731674,74.00966794288328,78.82636430767255,0,2018,non-indigenous
Secondary school or above,22,142,97564,2678.974865216678,87.38983641507113,89.98759788446559,6.220532163502932,2018,non-indigenous
Secondary school or above,23,146,95718,3150.3681622056456,46.61286278442926,58.52730590554198,49.63956622578825,2018,non-indigenous
Secondary school or above,24,136,93990,3536.2010869950705,42.73108841366103,109.63967797992694,8.790616022981169,2018,non-indigenous
Secondary school or above,25,137,98448,2723.952159177095,42.10598488542175,76.37068977192698,12.628751557505822,2018,non-indigenous
Secondary school or above,26,143,84819,3292.237337742723,44.151310437519896,28.421688143772815,44.75207598926341,2018,non-indigenous
Secondary school or above,27,126,72537,3229.704265868913,122.09355225608999,62.3059036537675,103.58230971779919,2018,non-indigenous
Secondary school or above,28,137,84829,3596.5453883695436,81.64625305025405,79.91323721840408,2.9565360902521545,2018,non-indigenous
Secondary school or above,29,87,54334,3524.3732546226424,21.667556226303972,49.33795290855327,50.382817388743696,2018,non-indigenous
Secondary school or above,30,168,100487,3607.3366505120066,58.530536288276096,46.29714954836613,77.4102122662633,2018,non-indigenous
Secondary school or above,31,97,54454,3706.3185349101996,39.21181180445881,70.73829899242175,26.151736633978523,2018,non-indigenous
Secondary school or above,32,130,67501,3632.8926361584768,28.511577606257685,31.882367174807285,11.995871666098774,2018,non-indigenous
Secondary school or above,33,104,57020,3757.1251578393544,54.25447211504735,60.36408277797264,4.061732725359523,2018,non-indigenous
Secondary school or above,34,83,50125,4354.434533665835,58.93007481296758,100.3243557772236,0,2018,non-indigenous
Secondary school or above,35,106,55519,4241.650209838073,53.66649255209928,86.06032769562371,11.67768391601674,2018,non-indigenous
Secondary school or above,36,83,53042,3811.8320607568844,13.374684212510841,82.12910523735907,29.90711763005417,2018,non-indigenous
Secondary school or above,37,75,44800,4482.633686755952,28.51875,108.9765625,68.23660714285714,2018,non-indigenous
Secondary school or above,38,92,50194,5436.360215696432,48.05992748137228,40.72033842026271,38.47040150881247,2018,non-indigenous
Secondary school or above,39,81,52623,5456.937440219423,36.59749539174886,32.54122088567103,11.563384831727571,2018,non-indigenous
Secondary school or above,40,100,62666,4228.780088086043,46.17751252672901,267.43728656687836,57.45167501781933,2018,non-indigenous
Secondary school or above,41,48,28450,4065.9629173989456,81.35325131810194,28.60720562390158,110.21511423550088,2018,non-indigenous
Secondary school or above,42,78,42899,4653.082430048874,81.58134222242943,106.04268164759085,98.67362875591506,2018,non-indigenous
Secondary school or above,43,67,35003,4650.923206582293,29.99885724080793,321.33102876896265,125.89397099296252,2018,non-indigenous
Secondary school or above,44,52,31972,5029.30194649485,100.72094332540973,19.422463405479796,6.177280120105092,2018,non-indigenous
Secondary school or above,45,63,32027,4229.8952862688775,47.092453242576575,60.32930548183304,24.24123395884722,2018,non-indigenous
Secondary school or above,46,37,18036,5226.415225105345,31.532490574406744,267.11484438530346,248.34460708213203,2018,non-indigenous
Secondary school or above,47,48,28077,4104.266445845354,54.4442070021726,121.0860609514312,127.75581436763187,2018,non-indigenous
Secondary school or above,48,45,23349,4896.273980327494,55.34712407383614,114.63017688123688,31.478864191185917,2018,non-indigenous
Secondary school or above,49,35,24112,3892.042876299491,32.47221300597213,112.02029418270295,62.05485512054855,2018,non-indigenous
Secondary school or above,50,55,29647,6127.618797854758,158.78908489897796,212.91867642594528,0,2018,non-indigenous
Secondary school or above,51,29,16771,18863.60693558325,9.397173692683799,1016.3178502573888,7.826009182517441,2018,non-indigenous
Secondary school or above,52,39,20963,5097.5267932388815,60.971712064112964,127.25277870533797,0,2018,non-indigenous
Secondary school or above,53,40,19881,5183.426387002666,45.628992505407176,311.3756434116325,65.79145918213369,2018,non-indigenous
Secondary school or above,54,46,25439,5945.840625286633,150.8274696332403,120.09906049766107,51.22449781831047,2018,non-indigenous
Secondary school or above,55,32,15396,4885.811498657659,36.080800207846195,84.8575387546549,0,2018,non-indigenous
Secondary school or above,56,28,19066,4523.680705619077,22.28049931815798,409.7171229763278,316.70687786286237,2018,non-indigenous
Secondary school or above,57,26,12115,5319.12505158894,1.7631035905901775,102.85046086119138,0,2018,non-indigenous
Secondary school or above,58,21,13129,8660.083720516921,30.08606900754056,739.2489907837611,58.313656790311526,2018,non-indigenous
Secondary school or above,59,24,12714,4889.995018614651,132.3949976403964,91.08856378795029,18.967437470504954,2018,non-indigenous
Secondary school or above,60,23,13708,4744.122750705184,65.62591187627663,440.0569010796615,181.60052524073535,2018,non-indigenous
Secondary school or above,61,11,4839,4675.692291795825,0,1010.6513053661225,0,2018,non-indigenous
Secondary school or above,62,13,8884,8430.442255740658,0,1899.8193381359747,0,2018,non-indigenous
At most primary school,16,87,86859,459.7171124082325,91.57888071472156,23.300339247132328,13.171922310871642,2018,p99
At most primary school,17,104,102533,768.09987353665,61.51531701988628,30.364939417878475,0,2018,p99
At most primary school,18,104,100467,773.0126409666856,85.88213045079479,57.929386432029084,7.051071496113152,2018,p99
At most primary school,19,101,93413,1061.1512316272895,77.40475094472932,60.014996128304766,5.056576707738752,2018,p99
At most primary school,20,85,82100,931.6715996751927,58.136662606577346,43.571132764920826,0,2018,p99
At most primary school,21,46,45058,1219.1673990560314,120.77775311820321,62.580507346087266,0,2018,p99
At most primary school,22,98,81734,1072.0593143612205,84.2985783150219,45.56718542263114,0.6362101451048523,2018,p99
At most primary school,23,91,78041,1215.7550475604703,138.51150036519266,29.58507387142656,23.48758985661383,2018,p99
At most primary school,24,75,62410,1400.1251615659883,62.79442397051754,92.48453773433745,0,2018,p99
At most primary school,25,78,65850,1467.056729941787,48.59237661351557,60.76605922551253,11.252847380410023,2018,p99
At most primary school,26,78,73485,1234.0863725023246,115.34612505953596,94.10347916808419,31.073008096890522,2018,p99
At most primary school,27,70,62287,1148.243079080172,60.97954629376917,52.77416100737982,86.62642284906963,2018,p99
At most primary school,28,85,66349,1321.6276407079733,80.19092978040362,83.61040734097978,4.023170406989305,2018,p99
At most primary school,29,71,56680,1303.804634203717,25.182074805928018,29.531286756057398,79.5265819807104,2018,p99
At most primary school,30,124,99227,1418.9934308874265,72.60150966974714,171.8390575817738,5.109160477155075,2018,p99
At most primary school,31,69,61127,1828.0787049912478,83.98342794509792,78.29779802705842,0,2018,p99
At most primary school,32,110,93161,1583.0649341820433,77.2428913386503,117.27236093071849,45.425160027622425,2018,p99
At most primary school,33,97,85299,1469.5013227978443,82.09498352852906,53.72950835687796,6.791795136324381,2018,p99
At most primary school,34,84,69155,1531.0789193357916,73.40562504518834,97.38448051478562,33.46829585713253,2018,p99
At most primary school,35,110,99917,1405.919539884771,43.14400952790816,103.03840604368291,41.85106972120193,2018,p99
At most primary school,36,94,79305,1498.3219763360864,63.286551919803294,97.85487989407982,1.986003404577265,2018,p99
At most primary school,37,93,83697,1459.2489933928337,59.33534057373622,63.146551449474494,50.65906782799861,2018,p99
At most primary school,38,118,101207,1609.3325140553518,38.884563320718925,116.22820144192926,22.804664367747947,2018,p99
At most primary school,39,91,81169,1543.9841934728777,75.26604984661633,95.43174836863005,35.10145498897362,2018,p99
At most primary school,40,143,118481,1659.7674648255838,76.77513694178813,104.03372692668023,47.841004042842314,2018,p99
At most primary school,41,73,61451,1525.917392176965,123.63313859823273,120.64966802818506,63.68684534561412,2018,p99
At most primary school,42,128,99611,1956.2568039674334,28.47577074821054,114.06848139261729,30.839967473471805,2018,p99
At most primary school,43,83,74432,1651.3156460482946,47.66390799656062,185.48916236744054,58.115237173975345,2018,p99
At most primary school,44,81,59473,1435.6817379314982,42.99110520740504,44.151211474114305,31.51177845408841,2018,p99
At most primary school,45,116,93198,1623.4359929039963,59.486684263610805,96.88196992782392,21.620635635957854,2018,p99
At most primary school,46,86,74690,2196.835582630428,43.05074307136163,56.50026777346365,190.81135359485876,2018,p99
At most primary school,47,84,68677,1797.4727419660148,40.03319888754605,19.28026607646422,53.974401910392125,2018,p99
At most primary school,48,89,66556,1561.8102550233386,93.30263236973376,86.5310603101148,130.80213153835365,2018,p99
At most primary school,49,77,62232,1784.0421701589748,52.39057076745083,83.84323579508934,39.67680078844753,2018,p99
At most primary school,50,121,101752,1588.3000956574156,64.42595722934193,57.09212841025238,102.17227507403622,2018,p99
At most primary school,51,56,49030,1721.4073628390781,61.301142157862536,159.57420626827113,104.81745869875586,2018,p99
At most primary school,52,67,52265,2109.6358047131603,32.453267004687646,58.68194138843713,62.75997321343155,2018,p99
At most primary school,53,82,63808,1502.5476925568373,57.162362086258774,95.1228424857907,109.94337178201269,2018,p99
At most primary school,54,56,49446,1313.569206811471,42.86494357480888,122.0460283271987,89.32370666990252,2018,p99
At most primary school,55,85,74194,1562.3105507183868,41.943957732431194,102.2116680594118,57.89102443144548,2018,p99
At most primary school,56,52,39308,1554.6627488891152,94.58926935992673,85.74251212645433,48.87520776093077,2018,p99
At most primary school,57,73,60560,1635.0485358872743,31.7942536327609,68.03811646851608,131.1932518714223,2018,p99
At most primary school,58,60,51041,1283.3872834257427,15.215219137556083,148.4453347962096,337.66432867694596,2018,p99
At most primary school,59,57,46951,1666.224638452855,39.48158718664139,123.83747595010402,99.17254158590872,2018,p99
At most primary school,60,87,67438,1388.5531401682533,23.007206619413388,227.41581156024793,43.900026691183015,2018,p99
At most primary school,61,31,21074,1509.0256556262061,12.706652747461327,121.59533073929961,68.32020499193318,2018,p99
At most primary school,62,51,39779,1001.9647385136211,53.370622690364264,75.59830563865356,68.91827346087132,2018,p99
Secondary school or above,16,53,47149,644.4895084377894,82.28382362298245,22.14235720800017,10.944028505376572,2018,p99
Secondary school or above,17,73,59720,682.2894340254521,31.669792364367048,20.13367939272159,2.873409243134628,2018,p99
Secondary school or above,18,134,95223,1142.257024738421,95.49772638963276,19.79178699823922,25.71840136661661,2018,p99
Secondary school or above,19,136,99990,1589.8808947561422,82.5909590959096,48.434718471847184,13.044637797113044,2018,p99
Secondary school or above,20,185,138425,1424.0231653723436,97.13180422611522,19.87708626813557,0,2018,p99
Secondary school or above,21,144,102953,1893.3818206689784,74.03334531290977,63.593680287768855,0,2018,p99
Secondary school or above,22,193,141325,2222.7522737189693,89.16127366000354,62.800294828704516,4.294356978595436,2018,p99
Secondary school or above,23,185,129783,2413.131859206008,68.75546103881094,43.53337237285829,8.004900487737222,2018,p99
Secondary school or above,24,167,119633,2688.7482286102772,68.45172318674614,86.13871869244551,12.684042028537277,2018,p99
Secondary school or above,25,157,116209,2454.5697163444024,43.733962085552754,40.57628210092736,10.698614851976467,2018,p99
Secondary school or above,26,169,105383,3205.096088395029,44.64249451998899,26.85332707046361,36.019342145633864,2018,p99
Secondary school or above,27,140,83721,2870.437106580189,111.18715734403554,58.76474639974837,89.74510576796742,2018,p99
Secondary school or above,28,160,103602,3195.5062265528977,90.51596494276173,78.28825698345592,2.4208026872068107,2018,p99
Secondary school or above,29,102,65250,3232.0169770114944,21.987816091954024,41.424572158365265,41.95402298850575,2018,p99
Secondary school or above,30,188,117591,3288.0586694559956,68.47937342143531,40.56394622037401,60.49952802510396,2018,p99
Secondary school or above,31,113,67726,3331.0309556152733,38.64453828662552,27.46335725324592,15.140418746124089,2018,p99
Secondary school or above,32,152,85331,3290.9040110471774,33.2683901512932,37.466087939904604,5.651326403456345,2018,p99
Secondary school or above,33,113,65454,3583.266118189874,55.50142084517371,71.00406392275491,3.538362819690164,2018,p99
Secondary school or above,34,93,59214,4103.031901239572,61.06022224473942,112.80454509631731,0,2018,p99
Secondary school or above,35,120,66965,3279.1823987655243,69.89367580079146,75.36748052465218,9.681674506583041,2018,p99
Secondary school or above,36,95,60865,3613.8215148278978,28.72948328267477,75.13007475560667,26.06314521208138,2018,p99
Secondary school or above,37,90,57704,4234.7809741670135,22.141272702065713,85.75787929201903,52.97726327464301,2018,p99
Secondary school or above,38,102,58906,4338.129330345522,55.30964587648117,60.85444040788149,53.69204042598943,2018,p99
Secondary school or above,39,93,62188,3922.9037140069895,39.17588602302695,32.840024066808176,9.784845950987329,2018,p99
Secondary school or above,40,112,72962,3523.640840437488,54.59992873002385,231.01374688193854,49.344407591166174,2018,p99
Secondary school or above,41,55,32830,3811.6045791450906,74.83703929332927,24.79058787694182,95.5108132805361,2018,p99
Secondary school or above,42,83,49976,3617.9658736193373,53.95305746758444,91.02619257243477,84.70065631503121,2018,p99
Secondary school or above,43,71,37065,4523.7976078061065,34.948064211520304,303.45474167003914,118.89023787040784,2018,p99
Secondary school or above,44,56,34128,4714.907842045633,106.25673933427097,21.310624706985468,5.787037037037037,2018,p99
Secondary school or above,45,73,39289,4296.591828077409,38.388098449947826,54.207708688606644,19.760594568454273,2018,p99
Secondary school or above,46,48,23562,5069.961463373228,56.17604617604618,266.95031547972724,205.35084740967096,2018,p99
Secondary school or above,47,57,34502,4365.551465615519,66.27876644832183,165.8667130407899,183.54298301547738,2018,p99
Secondary school or above,48,48,24621,4812.636556868798,52.48771374030299,125.12489338369684,29.85256488363592,2018,p99
Secondary school or above,49,39,26312,3752.7090237660886,29.75714502888416,102.65404884970103,56.86632208371339,2018,p99
Secondary school or above,50,56,30321,5681.622445389883,150.53659180106197,208.18574585270935,0,2018,p99
Secondary school or above,51,27,16321,3262.7021577517717,9.656271061822192,51.83505912627903,8.041786655229458,2018,p99
Secondary school or above,52,42,23099,4698.904000173167,55.33356422355946,148.21420840729036,0,2018,p99
Secondary school or above,53,43,22770,4184.363065436978,39.83970136144049,271.86908944517637,57.44400527009223,2018,p99
Secondary school or above,54,42,24003,5013.133344443056,159.85085197683622,127.2840894888139,54.28904720243303,2018,p99
Secondary school or above,55,34,17516,4706.032456040191,31.713861612240237,219.8022760143107,0,2018,p99
Secondary school or above,56,30,20213,3626.2700407328616,21.01617770741602,386.467454938241,298.73513745279445,2018,p99
Secondary school or above,57,28,13648,5091.177535169988,27.019343493552167,96.60084505666278,0,2018,p99
Secondary school or above,58,20,12791,4964.1783936622105,89.00007817997029,758.7835196622625,59.854585255257604,2018,p99
Secondary school or above,59,23,12932,4543.9011753789055,130.1631611506341,89.55304670584596,18.64769563872564,2018,p99
Secondary school or above,60,27,17579,3902.0862203007378,51.174697081745265,447.5396780249161,141.61101314067923,2018,p99
Secondary school or above,61,10,4537,4511.064580119021,0,1185.2637572551614,0,2018,p99
Secondary school or above,62,12,8604,4312.182550751588,0,2186.4592050209203,0,2018,p99
At most primary school,16,86,86499,455.3875613205547,84.05241679094556,23.397312878376244,13.226742505693707,2018,p90
At most primary school,17,104,102533,768.09987353665,61.51531701988628,30.364939417878475,0,2018,p90
At most primary school,18,104,100467,773.0126409666856,85.88213045079479,57.929386432029084,7.051071496113152,2018,p90
At most primary school,19,100,92886,1059.796094136899,75.57446762698362,60.35549849636472,5.085265809702215,2018,p90
At most primary school,20,81,79579,949.6567980664915,57.21132459568479,42.81518993704369,0,2018,p90
At most primary school,21,43,43463,1174.9415518180215,125.21004072429423,64.87707935485355,0,2018,p90
At most primary school,22,96,79934,1089.805289363725,84.7046313208397,46.59329363391465,0.6505366927715365,2018,p90
At most primary school,23,87,75825,1164.016129244972,141.8315331355094,30.449703264094957,24.174019122980546,2018,p90
At most primary school,24,70,59416,1168.2332143979177,65.95866433283965,97.14487680086172,0,2018,p90
At most primary school,25,75,63961,1387.433993631536,50.02748549897594,62.56070105220369,11.585184721939932,2018,p90
At most primary school,26,78,73485,1234.0863725023246,115.34612505953596,94.10347916808419,31.073008096890522,2018,p90
At most primary school,27,70,62287,1148.243079080172,60.97954629376917,52.77416100737982,86.62642284906963,2018,p90
At most primary school,28,82,65068,1178.7592569824387,81.76965635950083,85.25645350505113,4.1023749513329655,2018,p90
At most primary school,29,69,55775,1268.1342297923204,25.590676826535187,30.010458688181682,80.81697295682055,2018,p90
At most primary school,30,121,98318,1407.0918973806083,73.27274761488232,173.42779721583705,5.156397268726648,2018,p90
At most primary school,31,65,57386,1484.395479733733,82.63609591189488,79.93635207193392,0,2018,p90
At most primary school,32,110,93161,1583.0649341820433,77.2428913386503,117.27236093071849,45.425160027622425,2018,p90
At most primary school,33,93,82994,1411.237599505185,84.37501506132973,55.22174293724044,6.980424287699513,2018,p90
At most primary school,34,82,68080,1457.1865844104975,74.5647179788484,98.92220549353702,33.99676850763807,2018,p90
At most primary school,35,107,97014,1357.9922760288894,44.435029995670725,106.12167745548751,43.10340088372125,2018,p90
At most primary school,36,93,78599,1480.3422986721628,63.85501087800099,98.73384203361366,2.003842288069823,2018,p90
At most primary school,37,89,81026,1271.7709500654112,61.29131389924222,65.02620558010186,18.48187001703157,2018,p90
At most primary school,38,116,99851,1578.0487835207794,39.412624810968346,117.80660767877471,23.114357058684103,2018,p90
At most primary school,39,87,79132,1247.3165470353333,76.34420967497346,97.8883332069622,36.005029570843654,2018,p90
At most primary school,40,140,116467,1627.3670911073523,78.10276730747765,105.8327251496132,48.668292305975086,2018,p90
At most primary school,41,72,61173,1507.8572191435221,124.19498798489529,121.19795906690861,63.97626948708307,2018,p90
At most primary school,42,126,98399,1854.9862955924348,28.826512464557567,115.47348550290145,31.219829469811685,2018,p90
At most primary school,43,80,71618,1549.3594650320683,49.53670864866374,192.77736509443622,60.398689342530275,2018,p90
At most primary school,44,78,58253,1400.4308619298577,35.36315726228692,45.07587592055345,32.17173364461916,2018,p90
At most primary school,45,112,91081,1564.2935518933696,60.86933608546239,99.13380214680706,22.12316509480572,2018,p90
At most primary school,46,81,69425,2026.243519385428,46.31559236586244,60.7850918257112,205.28195894850558,2018,p90
At most primary school,47,79,63937,1720.3169395915772,43.001079187325026,20.70961780085605,57.975819947761075,2018,p90
At most primary school,48,83,63212,1491.670089012635,83.07425805226856,86.91537339956548,137.72174059777677,2018,p90
At most primary school,49,75,60845,1638.90972690169,53.58484674172077,85.75449502835073,40.58125838880215,2018,p90
At most primary school,50,115,97067,1504.747847706567,67.53551670495636,59.847716010590624,107.10368439668821,2018,p90
At most primary school,51,51,45133,1276.7835729953692,66.59417720958058,173.35260969431087,113.86790153546185,2018,p90
At most primary school,52,61,45096,1908.584249896517,37.39178641121164,68.01072526757731,72.73704984921058,2018,p90
At most primary school,53,76,60768,1416.1178004870985,51.70675355450237,93.61667873442163,103.29065736352466,2018,p90
At most primary school,54,52,47674,1206.7457384178658,44.45819524268994,126.58237019479522,92.64378906741621,2018,p90
At most primary school,55,79,70212,1313.526078163277,44.32276533925825,108.00849569874096,61.174253214075456,2018,p90
At most primary school,56,50,38492,1479.9590391076933,79.38571651252208,78.59728428418026,49.9113235650698,2018,p90
At most primary school,57,68,57531,1550.492882098347,30.69579878674106,71.62031484475037,138.10056027764742,2018,p90
At most primary school,58,58,49381,1118.5430698716782,15.726696502703469,153.43549813356015,349.01530953200626,2018,p90
At most primary school,59,48,41354,1281.6726878496236,38.31068336799342,138.13157937160454,84.03661072689462,2018,p90
At most primary school,60,82,63603,1253.8090132016835,24.394446802823765,241.12805213590553,39.07776886834478,2018,p90
At most primary school,61,29,19884,1422.2594380741637,13.467109233554616,128.87246026956348,72.40897203781935,2018,p90
At most primary school,62,48,38687,900.9153634726565,54.73440690671285,74.40290019903327,70.86359759092201,2018,p90
Secondary school or above,16,51,46083,633.909160283257,84.18722739404987,22.654558079986113,11.19718768309355,2018,p90
Secondary school or above,17,73,59720,682.2894340254521,31.669792364367048,20.13367939272159,2.873409243134628,2018,p90
Secondary school or above,18,126,90061,1063.6124478594138,96.7182243146312,17.150968047582563,27.192495456782996,2018,p90
Secondary school or above,19,120,89389,1425.2339363158032,87.38647932072179,54.178785980377896,14.591653708323543,2018,p90
Secondary school or above,20,163,123546,1332.3466509100524,101.59300989105273,19.88518986180586,0,2018,p90
Secondary school or above,21,122,92420,1744.1707485753445,72.79306427180263,8.289982327057636,0,2018,p90
Secondary school or above,22,160,120750,1962.860480331263,93.80741200828157,62.33583160800552,0.8985507246376812,2018,p90
Secondary school or above,23,146,107424,2047.4939492106048,82.2754691689008,52.59431474034356,9.671023235031278,2018,p90
Secondary school or above,24,131,96760,2250.9607379082267,58.32394584539066,84.48342979192505,14.243282348077718,2018,p90
Secondary school or above,25,124,94645,2058.084843362037,32.29203867082255,49.821217884374946,13.136196664729603,2018,p90
Secondary school or above,26,128,79914,2633.8200993150967,40.66521510623921,30.63794620884117,32.22465817420394,2018,p90
Secondary school or above,27,106,64982,2221.8169595682907,96.03274753008526,75.71086352118022,102.66458403865686,2018,p90
Secondary school or above,28,120,81210,2632.892442433198,103.348725526413,99.87464597955916,3.088289619504987,2018,p90
Secondary school or above,29,79,53258,2575.9865387985533,25.88005557850464,41.68300224066494,51.40072852904728,2018,p90
Secondary school or above,30,138,92021,2710.7497527738233,70.40521185381597,30.58164259607408,60.67093380858717,2018,p90
Secondary school or above,31,86,53303,2457.1583025345667,45.36592687090783,23.844499058839713,13.15873402997955,2018,p90
Secondary school or above,32,113,68088,2697.2855520307053,28.633312771707203,43.649670279638116,7.08250107703756,2018,p90
Secondary school or above,33,89,51201,3039.7078572684127,21.340208199058612,86.14415083038743,0,2018,p90
Secondary school or above,34,65,41775,3108.6908039098344,69.96337522441652,159.8948733293437,0,2018,p90
Secondary school or above,35,90,51504,2870.5182283576682,82.18216060888474,94.31112146629388,12.588019053536296,2018,p90
Secondary school or above,36,68,45102,2761.1380943934487,38.77034277859075,75.98465699968959,35.17212836090047,2018,p90
Secondary school or above,37,58,38198,2699.027645426462,6.919210429865438,25.372340611201285,69.70260223048327,2018,p90
Secondary school or above,38,74,43355,2920.6341137123745,62.25510321762196,46.524430092645986,62.20812670587783,2018,p90
Secondary school or above,39,76,50514,3479.0957176888255,20.49629805598448,33.81416537989468,3.365403650473136,2018,p90
Secondary school or above,40,83,53756,2756.248409479872,64.8805714710916,145.12473026266835,2.4493389885160104,2018,p90
Secondary school or above,41,41,24060,2962.4641174840676,102.11554447215295,33.82689110556941,130.3250207813799,2018,p90
Secondary school or above,42,66,41278,3029.543647140527,54.60337225640777,110.2070109985949,15.771112941518485,2018,p90
Secondary school or above,43,42,23281,2806.1707472473977,10.882264507538336,139.50431682487866,189.28167461306074,2018,p90
Secondary school or above,44,42,24518,3501.8484990619136,67.35174157761645,29.6634717350518,0,2018,p90
Secondary school or above,45,52,29195,3018.1324884398014,34.130159273848264,17.226694068619054,26.592704230176402,2018,p90
Secondary school or above,46,35,18004,4079.2551840331776,68.15263274827817,305.7116936976968,177.95638006368958,2018,p90
Secondary school or above,47,38,23476,3810.2221417617993,60.26239563809848,109.7070767308457,116.95348440960981,2018,p90
Secondary school or above,48,25,12583,3554.929031232615,39.56926011285067,217.33290948104585,58.41214336803624,2018,p90
Secondary school or above,49,29,17530,2646.302329340179,44.66457501426127,16.37383532991063,85.35463015782469,2018,p90
Secondary school or above,50,34,18230,2787.702614737612,100.63466812945694,346.26439934174437,0,2018,p90
Secondary school or above,51,14,8878,1659.1905083727568,17.751745888713675,0,0,2018,p90
Secondary school or above,52,29,15869,4021.8561451047112,2.051168945743273,168.8197113869809,0,2018,p90
Secondary school or above,53,27,12868,3398.2419956481194,15.340379235312403,57.32404673090872,101.64749766863538,2018,p90
Secondary school or above,54,27,15173,3164.304883674949,41.44862584854676,135.22704804587096,85.88281816384367,2018,p90
Secondary school or above,55,17,8927,2886.1657891788955,37.078525820544414,339.96378029199803,0,2018,p90
Secondary school or above,56,15,10098,1829.2971875618935,42.06773618538325,303.19535221496005,160.42780748663102,2018,p90
Secondary school or above,57,12,6550,3241.9986259541984,56.29923664122138,142.34732824427482,0,2018,p90
Secondary school or above,58,8,4502,3688.85661928032,0,859.6179475788539,0,2018,p90
Secondary school or above,59,10,5674,2011.8047232992599,122.3863235812478,60.90941135001763,0,2018,p90
Secondary school or above,60,18,12527,2471.224927489955,71.81288417019239,257.75524866288816,182.9552167318592,2018,p90
Secondary school or above,61,4,1892,1520.6131078224103,0,1001.4094432699085,0,2018,p90
Secondary school or above,62,7,4278,1904.9244195106749,0,798.1989247311828,0,2018,p90
At most primary school,16,61,64603,298.4069160874882,64.79343064563565,31.198770438937306,1.478259523551538,2018,p50
At most primary school,17,66,71952,537.7405492550589,70.2700411385368,36.80694537098807,0,2018,p50
At most primary school,18,71,73540,583.127073701387,90.6285014957846,72.71541564681351,0,2018,p50
At most primary school,19,51,49886,657.3198893477128,79.87792166138796,78.04756511512916,0,2018,p50
At most primary school,20,42,46537,577.1481258640079,29.188172851709393,54.04889299553761,0,2018,p50
At most primary school,21,27,27987,819.1016543395148,93.14052953156823,100.7522242469718,0,2018,p50
At most primary school,22,55,49178,806.6477286591565,114.64903005408922,75.73281413097997,0,2018,p50
At most primary school,23,50,51491,810.884445825484,128.57986832650366,19.879501595748124,5.119826765842574,2018,p50
At most primary school,24,39,34530,779.7908485375036,73.03504199247031,112.125977410947,0,2018,p50
At most primary school,25,47,42774,794.9793098611306,44.06667601814186,73.2613269743302,17.32360779913031,2018,p50
At most primary school,26,42,42775,760.9594778881745,118.28240794856809,43.38745373076174,23.51373465809468,2018,p50
At most primary school,27,36,36366,791.1560248583842,62.12486938349007,82.99414288071276,148.37210581312215,2018,p50
At most primary school,28,49,41703,885.5306572668633,58.96765220727526,105.66306780487416,0,2018,p50
At most primary school,29,43,41616,801.8741990260156,31.063052672049213,28.977236319364348,107.21997949506599,2018,p50
At most primary school,30,75,65598,868.1100440054066,75.62959236562091,87.73025346301209,7.728386028029309,2018,p50
At most primary school,31,39,39559,925.7155472416729,69.34591369852625,112.1572208599813,0,2018,p50
At most primary school,32,58,55990,884.9494076323153,88.65440257188784,158.14702774304936,57.0459010537596,2018,p50
At most primary school,33,56,54963,934.7871659116132,73.6173425759147,78.16252145382651,10.540424164134661,2018,p50
At most primary school,34,56,49545,1036.8423655262893,80.5605812897366,120.28526255592558,0,2018,p50
At most primary school,35,64,65837,930.0267225622877,50.48179595060528,86.27603146153885,38.29356339646906,2018,p50
At most primary school,36,52,49656,996.2508256806831,38.10556629611729,145.6213331050964,3.1718221362977284,2018,p50
At most primary school,37,53,54369,800.7846750905848,22.484320108885576,94.84350763609164,27.221394544685392,2018,p50
At most primary school,38,64,63428,1134.7813899224318,44.15478968278993,154.28528804313552,26.123977843644237,2018,p50
At most primary school,39,57,54514,1061.192635530934,81.93326484939648,140.49784611903976,52.264555893898816,2018,p50
At most primary school,40,77,74260,1028.2730406679236,83.23875572313493,144.12945506777987,33.385402639375165,2018,p50
At most primary school,41,44,41731,1278.9988098376107,170.07332678344636,160.90858314762008,74.12555015056752,2018,p50
At most primary school,42,51,45677,830.1574315300917,29.414366092344068,99.06097890258408,67.25485474089804,2018,p50
At most primary school,43,40,39822,907.3135954999749,29.178845864095223,299.7122026350594,108.62421107260643,2018,p50
At most primary school,44,34,30950,1044.1708777598278,52.306946688206786,30.320193861066237,60.55250403877221,2018,p50
At most primary school,45,56,49961,1007.632153079402,69.45097175797122,113.82169759078748,40.33145853765937,2018,p50
At most primary school,46,39,41939,1229.6248042792308,50.10038389088915,60.74874619487032,334.3117384773123,2018,p50
At most primary school,47,30,27662,928.9121900079532,56.09319644277348,30.71400597691177,111.05487672619478,2018,p50
At most primary school,48,31,29453,745.70349370183,35.17977795131226,40.698273520524225,281.1145440758723,2018,p50
At most primary school,49,28,24589,794.2151368498108,34.29867013705315,176.7185428443613,37.516775794054254,2018,p50
At most primary school,50,44,44289,588.9970421549369,41.92237350132087,39.02526586737113,189.225315541105,2018,p50
At most primary school,51,21,19210,789.4970848516398,9.046069755335763,365.3638729828214,267.52732951587717,2018,p50
At most primary school,52,22,21792,965.6614353891337,66.38858296622614,76.91408162016641,34.307697014194815,2018,p50
At most primary school,53,29,28210,692.7599787309465,76.98319744771358,134.35300720784593,178.21458111780692,2018,p50
At most primary school,54,23,26574,739.4396026191014,11.45480544893505,136.80619841449035,166.2038082336118,2018,p50
At most primary school,55,46,46700,729.7913990007138,24.301927194860813,125.80747680228409,63.05139186295503,2018,p50
At most primary school,56,21,20867,659.3666554847366,123.38213447069536,71.12506189996964,87.61776968419035,2018,p50
At most primary school,57,28,26467,1114.4882306268182,4.726640722409038,65.44331935366053,234.43029684764676,2018,p50
At most primary school,58,24,25581,687.7774520151675,25.82385364137446,221.59903834877449,485.7794847738556,2018,p50
At most primary school,59,24,25651,830.1558223850922,21.84125375229036,110.27971619040193,117.48404870505374,2018,p50
At most primary school,60,44,38887,781.7799007380358,3.3764497132717874,167.30100462022443,35.975090218667766,2018,p50
At most primary school,61,10,9405,704.1795144426723,4.146730462519936,37.30285309232677,16.30125819599504,2018,p50
At most primary school,62,24,23045,431.01479713603817,42.87741375569538,69.13972662182687,0,2018,p50
Secondary school or above,16,26,25435,455.7677413013564,63.60330253587576,20.011401611952035,18.439158639669746,2018,p50
Secondary school or above,17,32,31466,352.75154134621494,38.72433738002924,11.812220597894022,0,2018,p50
Secondary school or above,18,44,35542,417.1024234239304,110.73631196893815,31.946242004764315,14.471142122934369,2018,p50
Secondary school or above,19,31,26826,738.1795024727254,47.491239841944385,34.099381197345856,19.172941673500834,2018,p50
Secondary school or above,20,43,43422,518.8474966606789,103.25272903136658,33.26812061474214,0,2018,p50
Secondary school or above,21,35,32735,692.7029580978565,68.23308385520086,23.4049233745736,0,2018,p50
Secondary school or above,22,38,37844,990.4658158052356,120.72006130430186,61.18015185146038,0,2018,p50
Secondary school or above,23,33,30395,1100.7557164007237,174.13127159072215,1.571804573120579,34.17996380983715,2018,p50
Secondary school or above,24,28,22874,861.3699688146659,42.90242196380169,6.42068141412375,2.878668648538369,2018,p50
Secondary school or above,25,31,30055,929.2952365108412,14.80652137747463,52.91659734930405,15.986247435257583,2018,p50
Secondary school or above,26,17,12586,1164.736267810795,45.18035912919117,78.95598283807405,93.15112029238837,2018,p50
Secondary school or above,27,27,20710,1118.8659262835988,127.28150651859005,42.420408820215684,218.39530017704814,2018,p50
Secondary school or above,28,21,17995,1150.9839770306567,29.614893025840512,80.44753172177457,0,2018,p50
Secondary school or above,29,21,16780,1178.9694278903457,19.047675804529202,0,87.33611442193087,2018,p50
Secondary school or above,30,18,14840,929.9961590296496,33.75471698113208,157.9382300089847,0,2018,p50
Secondary school or above,31,21,16005,1010.1996251171508,72.25741955638863,49.432469020097884,43.82380506091846,2018,p50
Secondary school or above,32,18,13634,1088.4563835509266,44.09747689599531,83.65116620214171,11.226834873600314,2018,p50
Secondary school or above,33,15,11209,1527.9354982603265,46.31992149165849,387.8306866506082,0,2018,p50
Secondary school or above,34,13,9143,1273.6740311349301,21.4098217215356,61.39760837070254,0,2018,p50
Secondary school or above,35,13,10066,1093.6338830386117,7.19749652294854,211.64315517583947,64.40823895622228,2018,p50
Secondary school or above,36,14,11956,1704.5061057209768,92.8236868517899,18.108062897290065,0,2018,p50
Secondary school or above,37,15,11098,1275.947708295789,0,38.715684507719104,0,2018,p50
Secondary school or above,38,15,10926,883.0576911342973,52.425407285374334,18.67105985722131,204.34132649948137,2018,p50
Secondary school or above,39,6,3544,1200.1693002257337,26.580135440180587,0,0,2018,p50
Secondary school or above,40,13,12612,1066.7193149381542,86.42245480494766,75.16650808753568,0,2018,p50
Secondary school or above,41,7,5856,1327.7185792349726,242.6571038251366,101.94672131147541,16.92622950819672,2018,p50
Secondary school or above,42,7,5063,1376.6407268417934,40.47007702942919,65.73013364935152,0,2018,p50
Secondary school or above,43,6,2792,1932.0916905444126,2.88323782234957,186.89111747851004,0,2018,p50
Secondary school or above,44,4,3231,664.9476942123182,125.6824512534819,222.28071804394924,0,2018,p50
Secondary school or above,45,6,3720,1286.353584229391,150.8548387096774,0,0,2018,p50
Secondary school or above,46,3,1904,2668.27731092437,105.5672268907563,0,139.6673669467787,2018,p50
Secondary school or above,47,5,2925,1449.4700854700855,66.66666666666667,8.917378917378917,0,2018,p50
Secondary school or above,48,4,2105,1780.7205067300079,0,872.4465558194775,0,2018,p50
Secondary school or above,49,4,3634,1685.006329113924,21.58778205833792,71.69326729040543,394.31297009722994,2018,p50
Secondary school or above,50,6,4083,1712.5349008082292,310.7078128826843,90.8400685770267,0,2018,p50
Secondary school or above,51,3,2337,768.9238339751819,0,0,0,2018,p50
Secondary school or above,52,3,1708,1212.936768149883,0,442.62295081967216,0,2018,p50
Secondary school or above,53,4,2737,1548.106686152722,0,47.570332480818415,0,2018,p50
Secondary school or above,54,2,1854,2069.1639697950377,0,0,95.73894282632146,2018,p50
Secondary school or above,55,3,1088,262.03492647058823,71.69117647058823,2337.858455882353,0,2018,p50
Secondary school or above,56,2,3211,324.4450327000934,0,0,0,2018,p50
Secondary school or above,57,2,1265,420.88458498023715,0,0,0,2018,p50
Secondary school or above,58,2,1465,842.7303754266212,0,106.8259385665529,0,2018,p50
Secondary school or above,59,2,1237,186.33791430881163,379.77364591754247,0,0,2018,p50
Secondary school or above,60,4,2974,1504.5841739520286,0,16.543375924680564,0,2018,p50
Secondary school or above,61,1,406,0,0,4666.666666666667,0,2018,p50
