education,age,n,weights_total,avg_labor_income,avg_add_labor_income,avg_no_labor_income,avg_remittances,year,sample
At most primary school,16,107,82613,773.3615048479053,93.52561945456526,2.324089429024488,0,2016,general
At most primary school,17,106,89695,732.1126019659216,104.47416243937789,17.788988609547168,0.2274374268353866,2016,general
At most primary school,18,136,107855,946.5138534761177,114.36159658801168,144.30153137700307,4.122355631789595,2016,general
At most primary school,19,93,69687,937.8210833201794,97.4586364745218,12.286366180205777,1.6110130536063638,2016,general
At most primary school,20,113,85123,1036.5577262706122,83.52742502026479,12.851696956169308,6.277668785169696,2016,general
At most primary school,21,85,63300,1137.883991574513,83.41137440758294,10.588072669826225,9.327277514481306,2016,general
At most primary school,22,104,85272,1131.4338411201802,159.97708509241016,26.69682506176314,92.51571441973918,2016,general
At most primary school,23,102,77861,1415.953128010172,114.31165795456005,14.247889401197861,7.581887380502861,2016,general
At most primary school,24,108,74765,1354.1390802291623,200.7571724737511,23.761920684812413,0,2016,general
At most primary school,25,98,90436,1515.1688634319667,88.94218010526781,30.742200746015598,0,2016,general
At most primary school,26,66,45906,1478.2351308470934,118.43974643837407,23.5502984359343,0,2016,general
At most primary school,27,79,68508,1468.2428183569803,118.27941262334326,116.15735875128938,35.40097506860513,2016,general
At most primary school,28,99,68059,1436.1274090617453,89.41242157539781,61.29519975315535,0.7346566949264609,2016,general
At most primary school,29,82,64542,1710.0698614855444,100.16252982553996,94.82653414314194,0,2016,general
At most primary school,30,142,107123,1593.6931346831834,145.7646817210123,46.63142291260203,0,2016,general
At most primary school,31,96,74443,1409.536681308742,95.96770683610279,31.05037858943531,3.432156146313287,2016,general
At most primary school,32,128,89528,1678.8558905221457,63.06177955499955,169.20864329222886,65.89670270753284,2016,general
At most primary school,33,111,84392,1473.810473741587,81.23437055645086,39.75031203589598,70.18911745189118,2016,general
At most primary school,34,117,82980,1588.4622318630995,54.232236683538204,49.27058126456174,14.655238210010445,2016,general
At most primary school,35,138,102771,2482.364525660611,58.527892109641826,34.84303613535595,28.96294998913442,2016,general
At most primary school,36,123,87038,1541.3167131980667,56.771754865690845,54.30594204064125,33.907603575449805,2016,general
At most primary school,37,122,98893,1692.580287954321,129.3186069792604,51.97754138311104,124.9866016806043,2016,general
At most primary school,38,145,107178,1946.727940124528,136.18172572729478,75.53821757574626,55.379679909434145,2016,general
At most primary school,39,109,77432,2081.1977035764717,53.070435995454076,156.78528687536593,153.25348693046803,2016,general
At most primary school,40,160,111989,2077.7388657219312,119.2242988150622,51.964664684329115,31.064033074676978,2016,general
At most primary school,41,87,60183,1714.3992544960092,106.5860791253344,153.36738226187904,47.91101584611379,2016,general
At most primary school,42,121,83258,1836.8799194471803,119.74050541689688,93.60892246590919,15.016815200941652,2016,general
At most primary school,43,87,63077,1556.310921572047,83.80281243559459,176.22910094012082,35.88788306355724,2016,general
At most primary school,44,101,73260,1611.2923218673218,52.005733005733006,51.83754208754209,33.08290108290109,2016,general
At most primary school,45,99,69258,1628.0858240203297,112.66915013428051,68.76556980180388,38.377515954835545,2016,general
At most primary school,46,91,65783,1297.0557958236425,96.72149339495006,89.82345996179357,33.73384207672702,2016,general
At most primary school,47,83,52365,2362.514866800344,50.71966007829657,170.77484324771635,11.888984372513447,2016,general
At most primary school,48,87,55396,1777.4045734349052,121.13798830240451,69.52517630635184,33.0986593496522,2016,general
At most primary school,49,65,45689,1760.3211440390467,109.24156799229574,362.0829959071111,24.222460548490883,2016,general
At most primary school,50,110,78455,1686.4754562063179,101.68548849659041,26.93682153251333,3.248316444671043,2016,general
At most primary school,51,63,53833,2117.324692412956,64.0931770475359,75.04117672555248,42.023480021548124,2016,general
At most primary school,52,92,58003,1687.3987538000908,44.82423322931572,109.49103207305369,128.52927147446397,2016,general
At most primary school,53,71,45148,1637.8072653642835,23.56006910605121,99.00900002953249,58.721685715129496,2016,general
At most primary school,54,71,49374,1884.31822079097,82.69660145015595,227.62349617207437,143.1433548021226,2016,general
At most primary school,55,83,60728,1648.7915459096298,103.93278224212884,68.8220672506916,31.962192069556053,2016,general
At most primary school,56,75,46890,1714.3029110684581,62.90168479419919,168.77123764839695,8.381886685149642,2016,general
At most primary school,57,58,50181,1725.5990381485688,72.72792491181922,164.3438153882944,112.60570069681089,2016,general
At most primary school,58,68,43242,1740.2805547847001,96.89977336848435,154.34014769591292,95.02166103942155,2016,general
At most primary school,59,53,36473,1474.3929893345762,58.98500260466646,99.46851095330793,0,2016,general
At most primary school,60,89,58759,1863.7740105061919,21.604520158614,458.74690118393215,40.54783097057472,2016,general
At most primary school,61,43,27089,1658.268417684915,92.94252279523053,583.7340741014187,35.10650079368009,2016,general
At most primary school,62,55,34830,1473.7838070628768,64.58340511053689,564.6722174370752,289.6511627906977,2016,general
Secondary school or above,16,66,59831,470.8387513719198,254.0497401012853,2.015326502983403,7.300563253163076,2016,general
Secondary school or above,17,79,52005,800.7545428324199,95.72152677627152,29.918212992340482,2.674742813191039,2016,general
Secondary school or above,18,125,85207,904.7676951424179,108.77483070639737,71.35661780526638,37.63384072513604,2016,general
Secondary school or above,19,151,103352,1354.3567024989034,80.29380176484248,32.67119488092473,28.13685269757721,2016,general
Secondary school or above,20,187,115640,1927.0869962815634,66.89981840193704,35.73548656750836,18.534244206157037,2016,general
Secondary school or above,21,171,111311,1770.7287719392814,94.8815930141675,41.29705659518527,0.6701943204175688,2016,general
Secondary school or above,22,219,131039,2370.9129794692167,109.63537572783675,29.927922221628677,31.990425242357873,2016,general
Secondary school or above,23,203,118852,2498.2450232221586,90.364571063171,51.79011151123526,20.95042573957527,2016,general
Secondary school or above,24,176,137363,2300.0650793881905,66.32968848962238,111.71062319062145,2.9174522979259336,2016,general
Secondary school or above,25,183,108502,2763.5325324264372,69.85869384896131,36.056171007600476,14.99580652891191,2016,general
Secondary school or above,26,136,68484,3346.288672049919,104.11331113836809,87.05330198781225,0,2016,general
Secondary school or above,27,140,93681,3327.5389691257205,154.1100116352302,179.50438189173897,0,2016,general
Secondary school or above,28,147,77707,3140.8558302340844,67.71680800957442,38.108632426937085,41.430201483349855,2016,general
Secondary school or above,29,134,79304,3446.543744115471,39.699510743468174,49.07199090419987,0,2016,general
Secondary school or above,30,184,96963,3916.896300650764,81.45189402143086,104.08927460302728,11.659688059706623,2016,general
Secondary school or above,31,112,67958,3261.117987090065,81.23944200829925,73.39349303981871,15.599635068718914,2016,general
Secondary school or above,32,141,74492,3700.301409323596,65.20653224507329,140.98403184234547,140.30253808015178,2016,general
Secondary school or above,33,95,66571,3539.08124158167,33.722641991257454,146.97703704816414,0,2016,general
Secondary school or above,34,117,60219,4259.098511267208,227.45977183281025,51.1203897441007,0,2016,general
Secondary school or above,35,97,62588,4307.079212468844,29.130823800089473,122.316578257813,6.028844719967618,2016,general
Secondary school or above,36,98,53057,4028.8104020204687,60.069736321314814,267.1783804838821,4.921342455598067,2016,general
Secondary school or above,37,94,54525,4001.659061592542,84.07629527739569,142.99617912272657,17.96995873452545,2016,general
Secondary school or above,38,98,61196,4350.498790770638,139.26684750637295,53.34512604309649,64.46864718826939,2016,general
Secondary school or above,39,82,55244,4894.103775975672,49.76667149373688,322.3017884295127,457.3395602539039,2016,general
Secondary school or above,40,97,58693,4860.120315313014,32.414938749084214,82.54803241726725,194.38399809176562,2016,general
Secondary school or above,41,61,35820,5890.8840871021775,83.60999441652707,210.3675786339103,99.95812395309883,2016,general
Secondary school or above,42,73,46552,5511.315990720055,59.30615225983846,312.9611330698287,18.735321074640545,2016,general
Secondary school or above,43,68,42302,4436.793555860243,51.90487447402014,46.683371944588906,39.16836083400312,2016,general
Secondary school or above,44,47,28227,4424.778256043268,66.45605271548517,50.18244942785277,0,2016,general
Secondary school or above,45,69,42399,3981.229537646328,69.4065897780608,281.52157676674767,0,2016,general
Secondary school or above,46,52,32127,4404.092730932445,4.343698446789305,448.345628287733,12.839667569334205,2016,general
Secondary school or above,47,48,22206,6916.912523642259,134.70323336035307,16.72746104656399,157.38674232189499,2016,general
Secondary school or above,48,51,24875,5559.593031825795,76.4040201005025,317.8894472361809,85.11403685092127,2016,general
Secondary school or above,49,51,31655,4583.5117043121145,65.17453798767967,226.29679355552045,23.740325383035856,2016,general
Secondary school or above,50,51,27890,3990.6310684833275,44.54732879168161,236.67598900442212,59.404804589458585,2016,general
Secondary school or above,51,36,20468,6409.583333333334,77.9314051201876,2182.959351182333,79.89056087551299,2016,general
Secondary school or above,52,32,16450,6175.718561296859,72.76595744680851,366.97872340425533,72.81791286727457,2016,general
Secondary school or above,53,43,19645,5197.836141511835,20.69951641639094,155.46619156698057,46.28828370238398,2016,general
Secondary school or above,54,29,17164,4669.190738367125,164.8068632020508,112.76508972267537,16.954089955721276,2016,general
Secondary school or above,55,31,14596,4787.4411710971035,41.84708139216224,999.3491367497944,77.82954234036723,2016,general
Secondary school or above,56,33,14944,4631.683061206281,16.14259903640257,1162.399937544611,9.078336902212705,2016,general
Secondary school or above,57,25,11534,4379.344835558639,71.95075429165944,239.2072712559968,6.615224553494017,2016,general
Secondary school or above,58,19,11305,4176.3105410585285,79.57098628925255,1019.2958867757629,0,2016,general
Secondary school or above,59,20,10137,6851.065371082832,99.70997336490086,808.4870606030712,75.59633027522936,2016,general
Secondary school or above,60,21,9293,6048.245453567201,0,797.6143333692027,372.5298611858388,2016,general
Secondary school or above,61,17,8083,6493.396119427605,0,1310.1818631696153,21.031795125572188,2016,general
Secondary school or above,62,23,12404,4327.8131382349775,23.950338600451467,723.6984574868324,455.7400838439213,2016,general
At most primary school,16,75,61509,875.877578890894,65.93509892861208,3.1214944154513975,0,2016,males
At most primary school,17,80,66871,853.6055963471958,73.83245352993076,20.530823027420954,0.30506497584902276,2016,males
At most primary school,18,87,70115,1048.1677054363072,71.24181701490409,217.27008010649172,5.490979105754831,2016,males
At most primary school,19,70,52442,1038.6109002962003,68.48804393425117,7.787651119331834,2.1407777481153785,2016,males
At most primary school,20,78,56589,1181.4926929261871,78.27634345897613,8.01878456943929,3.0974217604128014,2016,males
At most primary school,21,64,50185,1256.1420079040881,80.15124041048122,7.446946298694829,10.444687987778552,2016,males
At most primary school,22,73,62531,1284.338778632465,120.61914890214453,12.875080626675835,0,2016,males
At most primary school,23,71,53786,1665.9265081371857,97.87398207712044,15.678892586670631,0,2016,males
At most primary school,24,69,50285,1522.5481488846906,171.71721189221438,34.28815750223725,0,2016,males
At most primary school,25,60,51791,1715.4716971417172,59.91678090787975,41.63986020737194,0,2016,males
At most primary school,26,49,35642,1621.9738651029684,126.39512373043038,22.796139386117503,0,2016,males
At most primary school,27,50,36341,1608.978481604799,25.498747970611706,206.6937710391385,0,2016,males
At most primary school,28,61,43408,1639.8316055412213,71.81441208993733,72.20305012900847,0,2016,males
At most primary school,29,56,50815,1939.3737544688247,120.7997638492571,113.4388303978484,0,2016,males
At most primary school,30,89,74205,1808.7478337039283,126.3263931001954,43.17091727870989,0,2016,males
At most primary school,31,58,46547,1805.5814374001907,107.31250134272885,31.356120337150262,5.489075558038112,2016,males
At most primary school,32,80,60463,1800.4400652740796,65.834477283628,215.4698424380751,1.412985351923215,2016,males
At most primary school,33,66,51174,1767.232579044046,87.50031265877203,53.136928257839266,21.370227068433188,2016,males
At most primary school,34,81,57245,1837.4582234256268,48.14350598305529,39.19858211779777,2.317524092351588,2016,males
At most primary school,35,76,60929,3230.901278537314,86.99092386220026,44.226673669352856,24.98401965128811,2016,males
At most primary school,36,73,52869,1674.5197012111696,74.37893661692107,52.15622103690253,34.613856891562165,2016,males
At most primary school,37,75,59454,2014.702550150817,156.80904564873683,67.49572498626388,1.1975645036498805,2016,males
At most primary school,38,95,70089,2300.672009873161,147.33289103853673,76.56624791336729,26.109660574412533,2016,males
At most primary school,39,56,40055,2740.4061665210334,89.07127699413307,231.30441476303417,134.61415553613782,2016,males
At most primary school,40,105,76922,2325.6128545799647,123.73742232391254,25.516486397476232,33.98091573282026,2016,males
At most primary school,41,44,32782,2122.89241046916,60.506985540845584,76.39606593049031,73.09993289000062,2016,males
At most primary school,42,78,57139,1856.9289262441882,116.11850049878367,121.27779041751985,0,2016,males
At most primary school,43,50,36361,1952.9993766214716,103.7740986221501,52.70074163710202,0,2016,males
At most primary school,44,62,46950,1905.960678026269,54.55676251331204,14.235001774937876,0,2016,males
At most primary school,45,53,41369,1765.665506377561,135.5298653581184,96.42725631914396,0,2016,males
At most primary school,46,54,39959,1397.6594113132628,60.199204184288895,113.41516721306006,55.534756458703505,2016,males
At most primary school,47,46,34673,2858.756650227362,58.92957055922476,121.9804458800796,6.966996414116651,2016,males
At most primary school,48,54,36956,2038.4771011473103,119.29375473536096,84.21952231482483,49.61395533427138,2016,males
At most primary school,49,42,30522,1989.1635050127777,112.93126269576044,354.5759342987572,0,2016,males
At most primary school,50,70,51307,1892.8257791334515,90.46592082951643,18.778464277129178,4.967093509007868,2016,males
At most primary school,51,38,37691,2652.3132887603583,77.92576477143085,23.660555570295298,15.321960149637844,2016,males
At most primary school,52,65,43315,1770.8026068721383,51.87025279926122,140.40190080418637,172.11320173919734,2016,males
At most primary school,53,42,25907,1814.2857689684897,12.442969081715367,142.4470220403752,44.08075037634616,2016,males
At most primary school,54,51,36515,1842.6367702770551,107.78753936738326,295.487676297412,170.90948925099275,2016,males
At most primary school,55,50,38990,1815.1567410447121,31.865350089766608,47.52893476959904,49.78199538343165,2016,males
At most primary school,56,44,27552,2214.9500520228416,33.742740998838556,169.1038763066202,14.264905149051492,2016,males
At most primary school,57,43,30599,1763.9377757443053,43.791627177358734,40.95570661350589,184.66834428140353,2016,males
At most primary school,58,45,31915,1990.0328607237975,116.37913206955977,172.377460964019,114.67961773460755,2016,males
At most primary school,59,35,25067,1716.1388877807476,40.96461483224957,131.381830028856,0,2016,males
At most primary school,60,61,42621,1751.868048223489,11.545482273996386,77.78911804040261,48.71815927985422,2016,males
At most primary school,61,28,16573,2218.986795792353,144.0439268690038,284.51129346929747,0,2016,males
At most primary school,62,40,27143,1344.3138439622246,63.96934752974985,592.5505655233394,369.24068820690417,2016,males
Secondary school or above,16,47,35569,399.5699438649761,13.926452810031208,0,12.280356490202143,2016,males
Secondary school or above,17,59,37855,825.0220578523313,63.974587240787216,19.716461938097122,3.674547615902787,2016,males
Secondary school or above,18,81,54210,1066.696452069114,88.21176904630143,42.77408842157044,15.34157289552973,2016,males
Secondary school or above,19,111,66146,1558.7945882341082,74.4608139570042,25.868029308902525,27.817252743930094,2016,males
Secondary school or above,20,121,75825,1873.0375162105724,70.4958786679855,30.742740960545117,18.81305637982196,2016,males
Secondary school or above,21,107,71374,1931.394700217633,84.01567797797517,45.199699236883646,1.0451985316782022,2016,males
Secondary school or above,22,137,84539,2556.6476567028235,128.55155608653993,20.511539052981465,44.58683763312396,2016,males
Secondary school or above,23,113,65610,2672.7362673372963,101.74927602499619,66.16204338769496,26.56607224508459,2016,males
Secondary school or above,24,119,92825,2738.0349923691533,62.23145704282251,123.50451207469253,4.317263668192836,2016,males
Secondary school or above,25,115,68016,3024.08078246295,85.62203011056222,20.65445385399514,12.284977064220184,2016,males
Secondary school or above,26,79,41467,3901.444465880499,139.8524127619553,98.69112788482408,0,2016,males
Secondary school or above,27,92,67150,3603.098389178456,181.89024571854057,209.97803425167535,0,2016,males
Secondary school or above,28,87,45657,3546.642238138,67.22912149287076,40.61250191646407,34.761007804571776,2016,males
Secondary school or above,29,90,55477,3464.4770114942526,56.75018476125241,68.03910028780696,0,2016,males
Secondary school or above,30,116,64547,3680.403965327591,96.88676468309913,105.99666392964299,17.515273108484255,2016,males
Secondary school or above,31,70,43485,3620.953842321107,91.44739565367368,69.80088919550802,0,2016,males
Secondary school or above,32,84,44597,4127.1586224036,97.85108863824921,203.42472587842227,5.129268784895845,2016,males
Secondary school or above,33,50,40951,3795.19960033536,45.49949940172401,176.24416986154185,0,2016,males
Secondary school or above,34,77,40353,4882.589206502615,218.7941416995019,30.719370307040368,0,2016,males
Secondary school or above,35,58,31656,4808.741526093,43.831817033105885,160.63568781063094,0,2016,males
Secondary school or above,36,52,30044,4364.555574046954,87.84516043136733,299.64773887187675,0,2016,males
Secondary school or above,37,56,34641,4589.824124592246,89.26705349152738,117.99000221317708,8.616956785312203,2016,males
Secondary school or above,38,52,33746,5093.754578320393,191.86019083743258,34.90117347241154,63.1079239020921,2016,males
Secondary school or above,39,45,28838,5231.419851122361,78.43158332755392,296.8035231292045,407.11098781700076,2016,males
Secondary school or above,40,58,34309,5239.644447035278,36.60205776909849,21.58471538080387,330.08831501938266,2016,males
Secondary school or above,41,43,26687,5966.711170232697,112.22355453966351,220.47688637413972,47.43882789373103,2016,males
Secondary school or above,42,40,30356,6007.758471691483,18.997891685334036,209.7531514911934,15.664119119778627,2016,males
Secondary school or above,43,38,17861,5909.4647556127875,116.0786070208835,26.53826773416942,0,2016,males
Secondary school or above,44,29,16341,4689.7854578463175,15.272933113028579,86.68380148093752,0,2016,males
Secondary school or above,45,37,21523,5061.222599080053,89.63666775077824,441.4502315352569,0,2016,males
Secondary school or above,46,33,21873,4525.931483259422,0.7109221414529329,546.0880232859384,0,2016,males
Secondary school or above,47,31,13760,9128.079093992248,212.34883720930233,3.6155523255813953,22.52906976744186,2016,males
Secondary school or above,48,32,15361,5972.1693466137185,56.24633812902806,427.272530000217,57.08178721003407,2016,males
Secondary school or above,49,26,15408,4913.800752855658,120.48286604361371,404.0038724472136,0,2016,males
Secondary school or above,50,28,15996,4344.376906726681,28.38459614903726,306.8648412103026,16.53538384596149,2016,males
Secondary school or above,51,17,11249,7949.148961389161,141.79927104631523,2884.4660562420363,0,2016,males
Secondary school or above,52,18,11564,7066.736524270726,90.59149083362158,509.6679349705984,103.5848034128906,2016,males
Secondary school or above,53,28,13108,5367.12516529346,18.579646017699115,160.93988404028073,69.37239344929304,2016,males
Secondary school or above,54,17,10847,5500.32380688977,205.96662671706463,81.4971881626256,0,2016,males
Secondary school or above,55,18,7510,3981.465335108744,35.15312916111851,216.04527296937417,32.62316910785619,2016,males
Secondary school or above,56,20,9906,4411.775859748301,5.236725217040178,1561.1553267380039,0,2016,males
Secondary school or above,57,18,8031,4103.260947163077,97.4075457601793,148.8834931307849,9.500684846220894,2016,males
Secondary school or above,58,15,9506,4463.713163615962,94.62970755312435,1074.952661476962,0,2016,males
Secondary school or above,59,15,8662,7397.916147156161,116.68898637728007,938.216732086508,86.758254444701,2016,males
Secondary school or above,60,17,7059,7250.17873164282,0,1050.0396656750247,490.4264060065165,2016,males
Secondary school or above,61,8,4382,9215.105355241138,0,1663.4717784877528,38.795070743952536,2016,males
Secondary school or above,62,20,11074,4679.439603274938,26.826801517067004,810.6154656552887,510.4749864547589,2016,males
At most primary school,16,32,21104,474.5716451857468,173.94001137225172,0,0,2016,females
At most primary school,17,26,22824,376.1558009113214,194.24991237294077,9.755812594929314,0,2016,females
At most primary school,18,49,37740,757.656942236354,194.47138314785374,8.737413884472709,1.579667903197315,2016,females
At most primary school,19,23,17245,631.3195129022905,185.55813279211367,25.96694694114236,0,2016,females
At most primary school,20,35,28534,749.1208149342305,93.94143828415224,22.43639167309175,12.58477605663419,2016,females
At most primary school,21,21,13115,685.365611894777,95.88638963019443,22.60770110560427,5.051467784979032,2016,females
At most primary school,22,31,22741,710.9906483150844,268.19972736467173,64.70251967811441,346.9064684930302,2016,females
At most primary school,23,31,24075,857.4871581862236,151.0350986500519,11.050882658359294,24.520595361716854,2016,females
At most primary school,24,39,24480,1008.2056644880175,260.40890522875816,2.139705882352941,0,2016,females
At most primary school,25,38,38645,1246.7283391555613,127.84124725061457,16.137447707767283,0,2016,females
At most primary school,26,17,10264,979.0987350610548,90.81449727201871,26.169134840218238,0,2016,females
At most primary school,27,29,32167,1309.2452513445457,223.09932539559176,13.87291323405975,75.39559175552586,2016,females
At most primary school,28,38,24651,1077.4242424242425,120.40079509959028,42.08754208754209,2.0283152813273295,2016,females
At most primary school,29,26,13727,861.2261722639081,23.767028484009614,25.92700517228819,0,2016,females
At most primary school,30,53,32918,1108.9087024323064,189.58320675618202,54.43222553010511,0,2016,females
At most primary school,31,38,27896,748.70017206768,77.03789073702323,30.540220820189276,0,2016,females
At most primary school,32,48,29065,1425.9281782212283,57.29382418716669,72.97293422788005,200.0401399162796,2016,females
At most primary school,33,45,33218,1021.7789602022999,71.5813715455476,19.12755634495354,145.3970738756096,2016,females
At most primary school,34,36,25735,1034.5949096561103,67.77602486885564,71.67476199727997,42.09928113464154,2016,females
At most primary school,35,62,41842,1392.3689275528575,17.08092347402132,21.178879276006562,34.75694278476172,2016,females
At most primary school,36,50,34169,1335.2144341362052,29.528520003511954,57.63216170602983,32.814832157803856,2016,females
At most primary school,37,47,39439,1206.9833667182231,87.8769745683207,28.583994692225126,311.59765714140826,2016,females
At most primary school,38,50,37089,1277.8615402590165,115.10879236431288,73.59549551978574,110.69274807445153,2016,females
At most primary school,39,53,37377,1374.7580486217014,14.490194504641892,76.92698718463227,173.2282954758274,2016,females
At most primary school,40,55,35067,1534.009348770449,109.32443607950495,109.98065607741371,24.6656400604557,2016,females
At most primary school,41,43,27401,1225.6863374816005,161.71417101565638,245.45430215442258,17.77550697663102,2016,females
At most primary school,42,43,26119,1793.019886544916,127.66415253263908,33.07936751024159,47.868218538228874,2016,females
At most primary school,43,37,26716,1016.4101537156262,56.621500224584516,344.3536208015172,84.73199580775565,2016,females
At most primary school,44,39,26310,1085.458824274674,47.453439756746484,118.93899657924743,92.11909286709744,2016,females
At most primary school,45,46,27889,1424.0077330369202,78.75882964609703,27.733754048788647,95.30460038007817,2016,females
At most primary school,46,37,25824,1141.3858813506815,153.23458798017347,53.31861833952912,0,2016,females
At most primary school,47,37,17692,1389.9740937523552,34.62977617002035,266.40270555429953,21.535157133167534,2016,females
At most primary school,48,33,18440,1254.183514099783,124.83405639913232,40.07592190889371,0,2016,females
At most primary school,49,23,15167,1299.7998450583505,101.81644359464627,377.19017164457927,72.967627085119,2016,females
At most primary school,50,40,27148,1296.4940204312165,122.88934728156771,42.35529934679044,0,2016,females
At most primary school,51,25,16142,868.1452112501548,31.794573163176807,195.01311279064964,104.37058604881675,2016,females
At most primary school,52,27,14688,1441.4402913943354,24.045479302832245,18.334694989106755,0,2016,females
At most primary school,53,29,19241,1400.1881918819188,38.52866275141625,40.521975642291636,78.43493927897025,2016,females
At most primary school,54,20,12859,2002.6787593643883,11.447235399331207,34.91329030251186,64.29737926743915,2016,females
At most primary school,55,33,21738,1350.393397123317,233.19532615696016,107.0141380685129,0,2016,females
At most primary school,56,31,19338,1001.0011204192092,104.44616816630469,168.2973075464543,0,2016,females
At most primary school,57,15,19582,1665.6906002110782,117.94403023184557,357.15112518299117,0,2016,females
At most primary school,58,23,11327,1036.5774697625143,42.01465524852123,103.51814249139225,39.63332450487037,2016,females
At most primary school,59,18,11406,943.1073119410836,98.58846221287043,29.332515050558186,0,2016,females
At most primary school,60,28,16138,2159.321415293097,48.17077704796133,1464.8692010575455,18.96971950262321,2016,females
At most primary school,61,15,10516,774.5877710155953,12.407759604412323,1055.3030303030303,90.4336249524534,2016,females
At most primary school,62,15,7687,1930.9456658427648,66.75165864446468,466.2330341268809,8.618446728242487,2016,females
Secondary school or above,16,19,24262,575.3214903965048,606.0794658313412,4.969870579507047,0,2016,females
Secondary school or above,17,20,14150,735.8325088339222,180.6530035335689,57.210600706713784,0,2016,females
Secondary school or above,18,44,30997,621.5739050015593,144.73713585185664,121.34400103235797,76.62031809529954,2016,females
Secondary school or above,19,40,37206,990.9005827913061,90.6638714185884,44.76607715601426,28.705047572972102,2016,females
Secondary school or above,20,66,39815,2030.0206099041397,60.051362551802086,45.243836075181044,18.003265101092552,2016,females
Secondary school or above,21,64,39937,1483.5922828454816,114.3007737186068,34.32239109931475,0,2016,females
Secondary school or above,22,82,46500,2033.239347670251,75.24494623655914,47.04731182795699,9.089605734767025,2016,females
Secondary school or above,23,90,53242,2283.219845234965,76.33522407122197,34.079611334410174,14.03027684910409,2016,females
Secondary school or above,24,57,44538,1387.2589998054098,74.8711212896852,87.13009115811218,0,2016,females
Secondary school or above,25,68,40486,2325.8145614121754,43.37647581880156,61.9308732236658,19.549967890134862,2016,females
Secondary school or above,26,57,27017,2494.2086741681164,49.259207165858534,69.19100319551887,0,2016,females
Secondary school or above,27,48,26531,2630.097671905821,83.79819833402435,102.37552297312578,0,2016,females
Secondary school or above,28,60,32050,2562.790618824753,68.41154446177848,34.541731669266774,50.93083723348934,2016,females
Secondary school or above,29,44,23827,3404.7892691764246,0,4.910395769505183,0,2016,females
Secondary school or above,30,68,32416,4387.8017414239885,50.71785538005923,100.2912656301415,0,2016,females
Secondary school or above,31,42,24473,2621.741442950735,63.10137702774486,79.77703319304267,43.317942222040614,2016,females
Secondary school or above,32,57,29895,3063.5209734069244,16.50777722027095,47.83575848804148,341.9523889167642,2016,females
Secondary school or above,33,45,25620,3129.701736924278,14.898516783762686,100.19646109810044,0,2016,females
Secondary school or above,34,40,19866,2992.6271519178495,245.06191482935668,92.5601530252693,0,2016,females
Secondary school or above,35,39,30932,3793.674899780163,14.085736454157507,83.10056467951206,12.198801672485882,2016,females
Secondary school or above,36,46,23013,3590.4873694578423,23.808282275235737,224.78888744043223,11.346268051391242,2016,females
Secondary school or above,37,38,19884,2976.9846526520487,75.03319251659626,186.56080265540132,34.26433313216656,2016,females
Secondary school or above,38,46,27450,3436.768014571949,74.61056466302368,76.0194292653309,66.14146933819065,2016,females
Secondary school or above,39,37,26406,4525.720795778737,18.46171324698932,350.1484511095963,512.1941982882678,2016,females
Secondary school or above,40,39,24384,4326.1187800743655,26.52354002624672,168.32519958442694,3.444061679790026,2016,females
Secondary school or above,41,18,9133,5669.31424504544,0,180.82776743676777,253.42165772473447,2016,females
Secondary school or above,42,33,16196,4580.838838807936,134.8555198814522,506.4028155100025,24.491644027331848,2016,females
Secondary school or above,43,30,24441,3360.5945337752137,5.007978396955934,61.405016161368195,67.79182521173438,2016,females
Secondary school or above,44,18,11886,4060.4435189859214,136.82315328958438,0,0,2016,females
Secondary school or above,45,32,20876,2867.764761767899,48.54953056141023,116.63632879862043,0,2016,females
Secondary school or above,46,19,10254,4144.196199856967,12.092841817827189,239.84948963006306,40.228203627852544,2016,females
Secondary school or above,47,17,8446,3314.5383810876947,8.20506748756808,38.089036230168126,377.0932986028889,2016,females
Secondary school or above,48,19,9514,4893.4605143297595,108.94996846752154,141.28302151215752,130.37401023053744,2016,females
Secondary school or above,49,25,16247,4270.278882255186,12.722348741306087,57.76656203196488,46.254693174124455,2016,females
Secondary school or above,50,23,11894,3514.885446443585,66.28426097191861,142.28042150103693,117.05902135530519,2016,females
Secondary school or above,51,19,9219,4531.009328560582,0,1326.9826806956648,177.3728170083523,2016,females
Secondary school or above,52,14,4886,4066.890946923182,30.57715923045436,29.267294310274252,0,2016,females
Secondary school or above,53,15,6537,4858.377594207333,24.950283004436287,144.49033705573405,0,2016,females
Secondary school or above,54,12,6317,3242.041712838373,94.13091657432325,166.4555960107646,46.066170650625295,2016,females
Secondary school or above,55,13,7086,5641.643616520839,48.9415749364945,1829.5230031047136,125.74089754445386,2016,females
Secondary school or above,56,13,5038,5064.077014688369,37.58634378721715,378.34458118300915,26.92867540029112,2016,females
Secondary school or above,57,7,3503,5012.296507755258,13.588352840422495,446.284137406033,0,2016,females
Secondary school or above,58,4,1799,2657.6616638873447,0,725.2028904947193,0,2016,females
Secondary school or above,59,5,1475,3639.6610169491523,0,46.644067796610166,10.047457627118645,2016,females
Secondary school or above,60,4,2234,2250.373022978216,0,0,0,2016,females
Secondary school or above,61,9,3701,3270.8806178510317,0,891.885076105557,0,2016,females
Secondary school or above,62,3,1330,1400.0601503759399,0,0,0,2016,females
At most primary school,16,43,33813,803.8576878715287,151.88542868127644,5.072013722532754,0,2016,urban
At most primary school,17,34,28215,712.281174316262,103.33085238348396,21.412960009451236,0,2016,urban
At most primary school,18,57,39057,1194.6236270066825,83.76859461812224,66.71531351614307,0,2016,urban
At most primary school,19,38,22896,898.2393649545772,97.01912997903564,29.472396925227113,3.5668530165385515,2016,urban
At most primary school,20,35,20546,1335.9361108407152,79.66270806969726,43.208734871345605,17.477562542587364,2016,urban
At most primary school,21,36,20776,1120.4201161596714,66.69474393530997,14.27127454755487,12.173501476062123,2016,urban
At most primary school,22,35,21177,1363.351851851852,179.45771355716107,34.943570855173064,0,2016,urban
At most primary school,23,46,31039,1786.003092883147,157.796965108412,10.825091014530107,0,2016,urban
At most primary school,24,57,34061,1765.502177465919,245.67980975309004,13.109372400497147,0,2016,urban
At most primary school,25,46,26020,1526.7321931847296,153.58954650269024,35.54227517294389,0,2016,urban
At most primary school,26,26,15545,1454.6690951002465,147.90704406561596,7.642328723062078,0,2016,urban
At most primary school,27,30,16600,1389.8864257028113,122.67867469879518,0,146.09939759036143,2016,urban
At most primary school,28,48,24446,1872.3564864054104,104.17818866072159,52.16449862281491,2.045324388448008,2016,urban
At most primary school,29,37,19412,1704.8717803420564,48.32114156192046,28.56506284772306,0,2016,urban
At most primary school,30,65,34637,1793.0291980637278,359.18844010739963,32.557188363118435,0,2016,urban
At most primary school,31,46,29170,1584.4947663124215,56.74130956462118,25.502228316763798,0,2016,urban
At most primary school,32,73,40133,2056.2752763727276,59.28599905314828,285.55033679681725,102.86422644706352,2016,urban
At most primary school,33,52,33570,1735.2989425081919,118.91811140899613,66.80071492403933,116.33601429848079,2016,urban
At most primary school,34,61,36917,1899.0321532085488,62.37860606224775,81.36134210977778,32.94123755090248,2016,urban
At most primary school,35,73,39385,1888.0472007109306,40.410562396851596,17.837869747365747,51.07912487833777,2016,urban
At most primary school,36,69,41586,2116.677772166915,25.471552926465638,69.1651036406483,70.96739287260135,2016,urban
At most primary school,37,63,33564,2537.999396675009,110.63445953998331,113.86669248798316,18.537718984626384,2016,urban
At most primary school,38,80,48186,2699.260698128087,95.2654297928859,50.66050996831722,38.501847009504836,2016,urban
At most primary school,39,53,31935,2117.0982725327485,16.959448880538595,71.42946610302177,147.17394708000626,2016,urban
At most primary school,40,87,53239,2378.091887526062,48.317962395987905,94.33122335130261,12.636413155769267,2016,urban
At most primary school,41,46,29100,2080.1541580756016,145.37972508591065,228.86460481099655,69.418098510882,2016,urban
At most primary school,42,67,38757,2221.866682147741,85.94628067187863,102.80121440427965,15.944216528627086,2016,urban
At most primary school,43,50,29476,1528.6437553716019,126.56093092685575,309.2120595286561,2.669968788166644,2016,urban
At most primary school,44,49,30776,1848.8354128758342,14.157785287236807,67.06936140715709,0,2016,urban
At most primary school,45,64,38547,1859.9285979886029,95.23075725737411,95.75332278344186,38.678755804602176,2016,urban
At most primary school,46,55,35126,1440.351619882708,117.44804418379547,92.70739623071229,35.13731518912866,2016,urban
At most primary school,47,55,29334,2901.946887570737,84.10717938228677,206.44064907615737,21.223381286788936,2016,urban
At most primary school,48,43,20061,2086.3231643487366,118.95219580280146,44.47269162388049,8.125218084841235,2016,urban
At most primary school,49,35,20620,2137.0176689298414,177.12803103782736,333.0448593598448,37.25509214354995,2016,urban
At most primary school,50,55,30480,2200.6636482939634,106.03001968503936,52.703794838145235,0,2016,urban
At most primary school,51,32,17087,1615.1868184389693,22.912155439808043,174.4943524316732,0,2016,urban
At most primary school,52,56,28911,2037.6165444525152,46.08315174155166,88.38619671866532,170.48009408183736,2016,urban
At most primary school,53,41,19115,2050.6827971052403,55.00340047083442,130.22408230883252,68.04429331240735,2016,urban
At most primary school,54,39,25053,2103.717758352293,97.76210433880173,149.303809257707,0,2016,urban
At most primary school,55,43,25888,2501.468170580964,180.76869592089,127.22651421508034,0,2016,urban
At most primary school,56,47,23673,2127.501415114265,98.98449710640814,209.30246835353918,0,2016,urban
At most primary school,57,29,14876,2893.478802545487,77.21632159182576,158.0880837142601,299.9798332885184,2016,urban
At most primary school,58,40,21754,2005.7120989243358,56.82173393398915,168.40734271091907,169.46308724832215,2016,urban
At most primary school,59,35,22906,1787.4226185278967,53.84615384615385,10.990351872871738,0,2016,urban
At most primary school,60,54,30426,2198.356153728171,30.507460724380465,808.7048905541313,7.975634873682596,2016,urban
At most primary school,61,27,14223,1813.834235627739,77.01469450889404,376.2518924746303,0,2016,urban
At most primary school,62,32,16527,2006.2015691494726,91.3922671991287,1048.4943829289446,403.9178314273613,2016,urban
Secondary school or above,16,36,23187,371.5784706947859,85.64928623797817,0.2981124480671641,18.838142062362532,2016,urban
Secondary school or above,17,46,24289,1040.0219578135507,115.63539050599037,6.225040141627898,0,2016,urban
Secondary school or above,18,80,48361,1071.6883990543345,155.44420090568846,94.61618521811651,51.04664226684036,2016,urban
Secondary school or above,19,110,60585,1694.5047440235483,113.39745811669555,47.65948667161839,0,2016,urban
Secondary school or above,20,130,71152,2146.431350020613,86.33706712390375,47.628785323439025,10.074207330784798,2016,urban
Secondary school or above,21,120,66262,2028.0586459811052,96.08335094020705,46.94872878371716,0.8164558872355197,2016,urban
Secondary school or above,22,167,92310,2541.5790551763985,60.08872278193045,36.597966995269566,37.4187700863034,2016,urban
Secondary school or above,23,165,88041,2596.4212298815323,84.25449506479936,56.03203810345938,28.282277575220636,2016,urban
Secondary school or above,24,136,75421,2578.877229153684,105.13643414964002,182.10436085440395,3.0528632608955064,2016,urban
Secondary school or above,25,148,80170,2884.061492245645,60.11298490707247,41.831940459856135,16.512099289010852,2016,urban
Secondary school or above,26,114,52387,3165.3628142478096,95.3585049726077,105.94533631117136,0,2016,urban
Secondary school or above,27,111,60736,3491.253026760625,71.0687236564805,247.38417083772393,0,2016,urban
Secondary school or above,28,123,59855,3387.565644752596,56.00634867596692,25.944950296549997,33.86656642441456,2016,urban
Secondary school or above,29,112,61130,3583.529773978952,47.072304923932606,39.69671192540488,0,2016,urban
Secondary school or above,30,153,73570,4374.951551810068,70.11444882424901,105.3372071949617,7.858955190068414,2016,urban
Secondary school or above,31,94,53290,3528.5455932945515,68.56408331769563,72.5810033151936,11.165321823981985,2016,urban
Secondary school or above,32,126,63185,3947.0448563741393,65.89799794254965,166.09611985967132,72.13341774155258,2016,urban
Secondary school or above,33,83,45430,3599.0321153422847,43.89060092449923,112.56383447061413,0,2016,urban
Secondary school or above,34,104,49521,4596.294566951395,264.28787786999453,61.77568607257527,0,2016,urban
Secondary school or above,35,87,53636,4617.575558704352,29.227384592437915,107.78488328734431,7.0350759440176995,2016,urban
Secondary school or above,36,91,48288,3970.2882186050365,56.020543406229294,285.661378948531,5.4073820963110215,2016,urban
Secondary school or above,37,78,40606,4458.2701242837675,79.80741762301137,192.01267464578305,24.129734521991825,2016,urban
Secondary school or above,38,86,53048,4646.981808927763,160.65778163172976,61.53876363544965,49.657354345749766,2016,urban
Secondary school or above,39,71,47006,5208.810492277582,27.706463004722803,366.13070671829126,331.1336141485484,2016,urban
Secondary school or above,40,85,48699,5149.965433924037,28.666502392246247,67.76713416428811,110.45360274338282,2016,urban
Secondary school or above,41,56,30877,6457.350908443178,96.99485053599767,244.04465027906426,115.96009975062344,2016,urban
Secondary school or above,42,62,30032,4993.187039380216,83.43833244539158,347.2917776593855,0,2016,urban
Secondary school or above,43,63,29481,5015.504256979071,66.80506088667278,66.9855160951121,56.202299786303044,2016,urban
Secondary school or above,44,43,24041,4631.571724692539,78.02732831413003,43.15544278524188,0,2016,urban
Secondary school or above,45,65,39100,4103.171896845694,75.26265984654731,251.72463768115944,0,2016,urban
Secondary school or above,46,48,28580,4729.454554466993,4.882785164450665,499.25122463261016,14.433170048985305,2016,urban
Secondary school or above,47,44,19675,7071.240974163489,128.10266836086404,18.87928843710292,177.6330368487929,2016,urban
Secondary school or above,48,47,21805,5818.263089505465,87.1612015592754,362.64618206833296,58.21294810058855,2016,urban
Secondary school or above,49,46,27478,4829.508127714292,44.61023364145862,240.89150107965162,27.349152048911858,2016,urban
Secondary school or above,50,42,21718,4311.919475396752,39.41546182889769,301.10476716701965,64.10811308591951,2016,urban
Secondary school or above,51,31,16153,7604.484099960792,98.74945830495884,2238.97802265833,0,2016,urban
Secondary school or above,52,29,14505,6422.508583247156,82.52326783867632,416.18752154429507,0,2016,urban
Secondary school or above,53,40,17063,5479.999472542929,23.83179980073844,55.3556428138858,0,2016,urban
Secondary school or above,54,25,13858,5547.011353249627,100.10427190070718,94.78279694039544,20.99870111127147,2016,urban
Secondary school or above,55,29,13301,4418.395208380322,45.92135929629351,1096.646868656492,66.98744455304113,2016,urban
Secondary school or above,56,32,13092,5180.787631123333,18.42613809960281,1326.8335370200632,10.362562379061004,2016,urban
Secondary school or above,57,22,9645,4649.552963538967,86.04250907205807,197.21099015033695,7.910834629341628,2016,urban
Secondary school or above,58,16,8292,4819.6144074610065,78.00289435600578,1389.6695610226725,0,2016,urban
Secondary school or above,59,19,9186,7116.895239132013,10.646636185499673,892.1873866028013,83.42259960809928,2016,urban
Secondary school or above,60,19,7994,6757.10261863064,0,927.2241681260946,433.0647985989492,2016,urban
Secondary school or above,61,17,8083,6493.396119427605,0,1310.1818631696153,21.031795125572188,2016,urban
Secondary school or above,62,23,12404,4327.8131382349775,23.950338600451467,723.6984574868324,455.7400838439213,2016,urban
At most primary school,16,64,48800,752.2310245901639,53.08872950819672,0.42008196721311475,0,2016,rural
At most primary school,17,72,61480,741.2138337670788,104.99886141834743,16.125840381695944,0.3318152244632401,2016,rural
At most primary school,18,79,68798,805.6605812184463,131.72941073868427,188.34765060999834,6.462639417812533,2016,rural
At most primary school,19,55,46791,957.1894025204277,97.67369793336326,3.8768139172063005,0.6539719176764762,2016,rural
At most primary school,20,78,64577,941.3066571689611,84.75703423819627,3.193216367024379,2.7142790776902,2016,rural
At most primary school,21,49,42524,1146.4163374408179,91.5786379456307,8.788566456589221,7.936694572476719,2016,rural
At most primary school,22,69,64095,1054.8080869542605,153.54068180045246,23.972098707647504,123.08292378500663,2016,rural
At most primary school,23,56,46822,1170.641503993849,85.48460125581991,16.51691334557829,12.608033260717894,2016,rural
At most primary school,24,51,40704,1009.9115238469601,163.16602790880503,32.675945034067084,0,2016,rural
At most primary school,25,52,64416,1510.498007741348,62.82872267759563,28.803273513826795,0,2016,rural
At most primary school,26,40,30361,1490.3010715501248,103.35232699845196,31.69526695431639,0,2016,rural
At most primary school,27,49,51908,1493.30092342863,116.87254373121677,153.30408286455523,0,2016,rural
At most primary school,28,51,43613,1191.6118741353878,81.13589984637608,66.41314898462996,0,2016,rural
At most primary school,29,45,45130,1712.3057389762907,122.46133392421892,123.32792303715193,0,2016,rural
At most primary school,30,77,72486,1498.4415933191697,43.78141986038683,53.35671141093913,0,2016,rural
At most primary school,31,50,45273,1296.808844859703,121.24179974819428,34.62512608692451,5.643540299958032,2016,rural
At most primary school,32,55,49395,1372.2059823868813,66.1295677700172,74.68204777811519,35.86091709687215,2016,rural
At most primary school,33,59,50822,1301.086694738499,56.34272559127937,21.882419687012185,39.7072134115147,2016,rural
At most primary school,34,56,46063,1339.5572585372208,47.70336278574995,23.551574293178184,0,2016,rural
At most primary school,35,65,63386,2851.6446165820003,69.78512605307165,45.409225486174655,15.221026725144354,2016,rural
At most primary school,36,54,45452,1014.8940035641996,85.40966294112471,40.710652629880606,0,2016,rural
At most primary school,37,59,65329,1258.2303520131438,138.9179384346921,20.18082832024573,179.67671325138912,2016,rural
At most primary school,38,65,58992,1332.042161083989,169.60308177379983,95.85889188364524,69.16587559895126,2016,rural
At most primary school,39,56,45497,2055.9985768292413,78.41725828076576,216.69776761837778,157.52080356946612,2016,rural
At most primary school,40,73,58750,1805.5602354609932,183.47931914893616,13.5722695035461,47.763063829787235,2016,rural
At most primary school,41,41,31083,1371.9783911891816,70.26734871151433,82.6866507951828,27.77601904578065,2016,rural
At most primary school,42,54,44501,1501.5856123083377,149.1727152198827,85.60313251387609,14.20911889620458,2016,rural
At most primary school,43,37,33601,1580.581550152277,46.29386030177673,59.57168933464282,65.02782655278116,2016,rural
At most primary school,44,52,42484,1439.2128056052475,79.42331230580925,40.80340049587296,57.04861438031573,2016,rural
At most primary school,45,35,30711,1337.0876993042668,134.5569991208362,34.89181400801016,37.99941389078832,2016,rural
At most primary school,46,36,30657,1132.871136010264,72.97354600906807,86.51912015744092,32.12577877809309,2016,rural
At most primary school,47,28,23031,1675.4539967869393,8.19482436715731,125.34821183043147,0,2016,rural
At most primary school,48,44,35335,1602.019944813924,122.3789443894156,83.74840809395783,47.27701523513041,2016,rural
At most primary school,49,30,25069,1450.4770200912149,53.40292791894372,385.96772906777295,13.502732458414775,2016,rural
At most primary school,50,55,47975,1359.795808580858,98.92527357998958,10.566267153031093,5.312072259857565,2016,rural
At most primary school,51,31,36746,2350.8203069721876,83.242475371469,28.79515230682705,61.56452402982637,2016,rural
At most primary school,52,36,29092,1339.3598927540218,43.57314725697786,130.4645607039736,86.8394518538888,2016,rural
At most primary school,53,30,26033,1334.6491280298083,0.4724772404256136,76.08900242000537,51.8764644873814,2016,rural
At most primary school,54,32,24321,1658.315317352631,67.17766539204803,308.30040568507326,290.5949590888533,2016,rural
At most primary school,55,40,34840,1015.2068025258324,46.83955223880597,25.424411595866818,55.71182548794489,2016,rural
At most primary school,56,28,23217,1292.988865917216,26.110177886893226,127.44394193909635,16.92840016654463,2016,rural
At most primary school,57,29,35305,1233.5050181749516,70.83670868148987,166.97971014492754,33.65434546570363,2016,rural
At most primary school,58,28,21488,1471.5632329672376,137.47393894266568,140.09881484239264,19.658724249193348,2016,rural
At most primary school,59,18,13567,945.8858259010835,67.66123682464804,248.85162526719245,0,2016,rural
At most primary school,60,35,28333,1504.4757967740798,12.04390639889881,82.93700514123697,75.52618266097248,2016,rural
At most primary school,61,16,12866,1486.2947950671019,110.55028757966734,813.0997720089123,73.91574692989273,2016,rural
At most primary school,62,23,18303,993.0282831594093,40.37589466207726,127.79690032599393,186.47216303338251,2016,rural
Secondary school or above,16,30,36644,533.647072735873,360.6074664337954,3.1019175490303095,0,2016,rural
Secondary school or above,17,33,27716,591.0718237359888,78.26995237407995,50.681796315004576,5.018761726078799,2016,rural
Secondary school or above,18,45,36846,685.6814398668331,47.5204906909841,40.82804103566195,20.029311187103076,2016,rural
Secondary school or above,19,41,42767,872.4929034068324,33.39818084036757,11.438336412031083,67.99635232772933,2016,rural
Secondary school or above,20,57,44488,1576.2780262842414,35.812803452616436,16.71390787028712,32.064826470059344,2016,rural
Secondary school or above,21,51,45049,1392.2255395976233,93.11394259584009,32.984083997425024,0.4550600457279851,2016,rural
Secondary school or above,22,52,38729,1964.1329064353154,227.72909189496244,14.029968929398297,19.052045409555284,2016,rural
Secondary school or above,23,38,30811,2217.711077212684,107.82382915192626,39.66900349442298,0,2016,rural
Secondary school or above,24,40,61942,1960.581511736786,19.078331342223372,25.99872999472625,2.7525749895063125,2016,rural
Secondary school or above,25,35,28332,2422.4762459409853,97.43576168290272,19.712692361993504,10.705209656925032,2016,rural
Secondary school or above,26,22,16097,3935.104160195481,132.60545443250294,25.56998198422066,0,2016,rural
Secondary school or above,27,29,32945,3025.722699448576,307.2013962665048,54.3640916679314,0,2016,rural
Secondary school or above,28,24,17852,2313.6759093285536,106.98017028904324,78.89158077526328,66.78990215848832,2016,rural
Secondary school or above,29,22,18174,2985.7780345548586,14.900407175085286,80.606645024027,0,2016,rural
Secondary school or above,30,31,23393,2476.3318229099873,117.10768178514941,100.16457914760826,23.61283289873039,2016,rural
Secondary school or above,31,18,14668,2289.5324175074993,127.29001908917371,76.3453322425234,31.70984455958549,2016,rural
Secondary school or above,32,15,11307,2321.4666430824564,61.342531175378085,0.6543881371421834,521.2405294655229,2016,rural
Secondary school or above,33,12,21141,3410.252510918752,11.872664490799867,220.9277391482585,0,2016,rural
Secondary school or above,34,13,10698,2698.2192933258552,56.9826135726304,1.7970648719386801,0,2016,rural
Secondary school or above,35,10,8952,2446.7371630175753,28.552278820375335,209.3833780160858,0,2016,rural
Secondary school or above,36,7,4769,4621.370517928287,101.06940658418955,80.03075417627736,0,2016,rural
Secondary school or above,37,16,13919,2669.5842852695355,96.5299231266614,0,0,2016,rural
Secondary school or above,38,12,8148,2420.2298723613158,0,0,160.8983799705449,2016,rural
Secondary school or above,39,11,8238,3098.3883224083515,175.64214615197864,72.21412964311726,1177.4702597717892,2016,rural
Secondary school or above,40,12,9994,3447.7561536922153,50.68040824494697,154.57274364618772,603.3620172103261,2016,rural
Secondary school or above,41,5,4943,2352.386000404613,0,0,0,2016,rural
Secondary school or above,42,11,16520,6453.231769572235,15.435835351089588,250.55084745762713,52.79459241323648,2016,rural
Secondary school or above,43,5,12821,3106.088448638952,17.64292956867639,0,0,2016,rural
Secondary school or above,44,4,4186,3237.123745819398,0,90.53989488772098,0,2016,rural
Secondary school or above,45,4,3299,2535.959381630797,0,634.6771749014853,0,2016,rural
Secondary school or above,46,4,3547,1782.4854806879052,0,38.17310403157598,0,2016,rural
Secondary school or above,47,4,2531,5717.223758725141,186.01343342552352,0,0,2016,rural
Secondary school or above,48,4,3070,3722.3615635179153,0,0,276.1818675352877,2016,rural
Secondary school or above,49,5,4177,2965.2474662836166,200.45487191764425,130.28688851647914,0,2016,rural
Secondary school or above,50,9,6172,2860.083171311298,62.605314322747894,9.964355152300714,42.854828256642904,2016,rural
Secondary school or above,51,5,4315,1936.5283893395133,0,1973.2560834298956,378.95712630359213,2016,rural
Secondary school or above,52,3,1945,4335.261353898886,0,0,615.8635818337618,2016,rural
Secondary school or above,53,3,2582,3333.175832687839,0,817.0410534469404,352.18177123676736,2016,rural
Secondary school or above,54,4,3306,989.5663944343619,436.02540834845735,188.1427707199032,0,2016,rural
Secondary school or above,55,2,1295,8577.927927927929,0,0,189.1891891891892,2016,rural
Secondary school or above,56,1,1852,750,0,0,0,2016,rural
Secondary school or above,57,3,1889,2999.6956061408155,0,453.6350802893948,0,2016,rural
Secondary school or above,58,3,3013,2405.8904746100234,83.88649186856954,0,0,2016,rural
Secondary school or above,59,1,951,4283.333333333333,960,0,0,2016,rural
Secondary school or above,60,2,1299,1685.963561714139,0,0,0,2016,rural
At most primary school,16,53,45186,791.6505112202894,123.74297348736334,3.7954233612180763,0,2016,indigenous
At most primary school,17,53,50047,567.6843733557123,51.97973904529742,1.8765693581366847,0,2016,indigenous
At most primary school,18,68,58860,752.0626684788764,119.93713897383623,9.325518178729189,0,2016,indigenous
At most primary school,19,39,32166,724.3869613878007,43.21333084623515,14.742274451283965,0,2016,indigenous
At most primary school,20,59,51745,873.6979611556673,96.30254130833897,3.6596128450413894,0,2016,indigenous
At most primary school,21,35,29915,861.7142904897208,97.53601871970584,0,0,2016,indigenous
At most primary school,22,55,49156,1039.5647360783355,121.18012043290747,27.35457862044647,160.489055252665,2016,indigenous
At most primary school,23,46,40978,1235.8736151105472,86.38244911903948,21.954918899572128,0,2016,indigenous
At most primary school,24,47,38994,1342.7982937545946,250.61394060624713,38.384024892718536,0,2016,indigenous
At most primary school,25,47,39072,1119.953624078624,57.8437244062244,4.454767267267267,0,2016,indigenous
At most primary school,26,25,19478,1307.3943936749154,108.7365232570079,4.0661258856145395,0,2016,indigenous
At most primary school,27,40,31739,1143.6237016499153,63.2792463530672,80.73768339687241,67.62185324049277,2016,indigenous
At most primary school,28,39,29076,1081.720594304581,89.30045398266611,8.305819232356583,0,2016,indigenous
At most primary school,29,43,34366,1355.0726929717355,102.72245824361288,5.124250712913927,0,2016,indigenous
At most primary school,30,45,35663,1143.7763975735822,57.97324958640608,36.16814579068876,0,2016,indigenous
At most primary school,31,46,40364,1305.9583663660687,77.53998612625111,37.84766954051465,0,2016,indigenous
At most primary school,32,48,36771,1170.8132812995748,47.44010225449403,15.055628076473308,48.761705329380945,2016,indigenous
At most primary school,33,48,43191,1286.9569702021254,46.98573776944271,77.66915175229408,32.599384130953204,2016,indigenous
At most primary school,34,45,37475,1041.2803735823882,33.2552368245497,83.56160551478763,0,2016,indigenous
At most primary school,35,57,44209,1615.4358011566271,62.38141554887014,14.489904016527554,27.97130297752343,2016,indigenous
At most primary school,36,52,44532,1547.2281935836404,72.1896613671068,35.65975029192491,66.27256804095931,2016,indigenous
At most primary school,37,56,46139,1547.5755362419357,160.89978109625264,8.621990073473635,25.878324194282495,2016,indigenous
At most primary school,38,52,42170,1288.26666271441,142.24756936210576,88.66695913366532,136.15682554738754,2016,indigenous
At most primary school,39,40,33116,1560.2144079397672,31.936224181664453,201.66606272899304,182.00428795748277,2016,indigenous
At most primary school,40,53,42053,1301.1207999429291,119.31562552017692,53.56563939156145,49.859700853684636,2016,indigenous
At most primary school,41,35,28653,1746.8299887155504,72.94524133598576,23.218045812538534,0,2016,indigenous
At most primary school,42,42,31271,1476.5786991141952,159.26321511943974,76.37747433724537,0,2016,indigenous
At most primary school,43,27,20286,1330.051685891748,39.0249433106576,74.65255184199283,107.70975056689342,2016,indigenous
At most primary school,44,38,34045,1447.5189455132913,42.82244088706124,25.73162970578156,13.256963822391931,2016,indigenous
At most primary school,45,30,27588,1164.2867551109177,46.88850224735392,94.24194094050553,15.84022038567493,2016,indigenous
At most primary school,46,37,28714,1043.0991009031598,128.58257296092498,130.80611084024054,66.58006547328829,2016,indigenous
At most primary school,47,27,19081,1427.7675348950963,22.983596247576124,131.13568471254126,2.877207693517111,2016,indigenous
At most primary school,48,24,17608,1803.7393608965622,139.42469332121763,22.966833257610176,67.22701802211115,2016,indigenous
At most primary school,49,22,17846,1271.4253240688856,17.37644290036983,22.407542306399193,0,2016,indigenous
At most primary school,50,44,38470,1404.1192617624122,90.45489992201716,16.48730612598562,0,2016,indigenous
At most primary school,51,18,14887,1425.8445623698528,122.84059918049304,45.73722039363203,0,2016,indigenous
At most primary school,52,28,20123,1493.0562043432888,24.770163494508772,196.54665474001555,250.60875614967946,2016,indigenous
At most primary school,53,25,19360,1433.584090909091,3.396694214876033,109.24027203856751,112.93904958677686,2016,indigenous
At most primary school,54,24,21664,1427.0508447193502,102.74556868537667,179.72058099458394,301.62019940915803,2016,indigenous
At most primary school,55,27,25385,958.1478694767252,53.04668111089226,12.43437069135316,0,2016,indigenous
At most primary school,56,21,17779,1334.3163563754993,16.367624725800102,56.14297767028517,0,2016,indigenous
At most primary school,57,24,20442,1159.9259041841958,63.66451423539771,74.28586570133386,238.55297916055181,2016,indigenous
At most primary school,58,18,14254,932.9041672512978,44.56573593377298,41.55792526074553,286.4056872924559,2016,indigenous
At most primary school,59,17,16020,1077.5701622971285,47.81210986267166,106.53922180607574,0,2016,indigenous
At most primary school,60,29,25470,1240.3718099725168,6.994895956026698,92.52322994372464,0,2016,indigenous
At most primary school,61,14,9788,1655.3103885710395,154.73028197793215,46.1423852336194,0,2016,indigenous
At most primary school,62,15,14481,1061.3165527242593,6.394586009253505,127.16663213866445,526.8282577170085,2016,indigenous
Secondary school or above,16,29,26871,340.63525734062745,11.92549588776004,4.230086958679121,0,2016,indigenous
Secondary school or above,17,21,12674,523.4811424964495,75.37872810478144,16.94545263268634,0,2016,indigenous
Secondary school or above,18,39,34348,607.7418772563177,89.35818679399091,42.50756958192617,0,2016,indigenous
Secondary school or above,19,33,21039,1119.5250883280257,31.034744997385808,49.567469936784065,138.21949712438803,2016,indigenous
Secondary school or above,20,50,36234,1162.394192379165,43.40840094938456,10.131644311972181,0,2016,indigenous
Secondary school or above,21,39,29140,1665.589716312057,141.63177762525737,64.00537634408603,0,2016,indigenous
Secondary school or above,22,39,27284,1350.6206323608465,124.27759859258174,0,118.93417387479842,2016,indigenous
Secondary school or above,23,22,19525,2239.926709346991,112.47119078104994,50.79641485275288,0,2016,indigenous
Secondary school or above,24,26,20412,1497.7919034554836,51.23358808543994,120.49127963942779,0,2016,indigenous
Secondary school or above,25,30,23928,1765.733283182882,89.75468070879305,0,0,2016,indigenous
Secondary school or above,26,25,16300,2463.5772392638037,227.46319018404907,38.811349693251536,0,2016,indigenous
Secondary school or above,27,22,14371,2627.279776401549,83.38181059077309,0,0,2016,indigenous
Secondary school or above,28,28,19342,2161.5026539826977,63.89153138248371,72.81421259435426,0,2016,indigenous
Secondary school or above,29,16,12918,2828.8608917789134,70.41337668369717,23.851421788718586,0,2016,indigenous
Secondary school or above,30,25,17408,2701.785941329657,50.035041360294116,58.76129748774509,0,2016,indigenous
Secondary school or above,31,15,10700,3012.101542056075,182.12616822429908,0,0,2016,indigenous
Secondary school or above,32,14,8010,3046.02968164794,20.636704119850187,637.9650436953807,0,2016,indigenous
Secondary school or above,33,13,7609,3371.0462610067025,43.33026678932843,34.95860165593376,0,2016,indigenous
Secondary school or above,34,19,11012,2792.351525608427,454.7402833272793,1.7458227388303669,0,2016,indigenous
Secondary school or above,35,14,12282,3074.494714487326,0,15.510503175378602,12.484394506866415,2016,indigenous
Secondary school or above,36,9,6506,2759.8378419920073,43.99016292652936,27.851214263756532,0,2016,indigenous
Secondary school or above,37,13,9734,3125.5039723306622,24.450380110951304,308.3624409287035,10.221902609410314,2016,indigenous
Secondary school or above,38,11,5505,1662.2509234029671,0,4.0160460187708145,238.14713896457766,2016,indigenous
Secondary school or above,39,8,6740,2618.255192878338,8.798219584569733,150.44510385756678,1439.1691394658753,2016,indigenous
Secondary school or above,40,8,6489,2796.049776544922,38.60379103097549,6.433965171829249,929.2649098474341,2016,indigenous
Secondary school or above,41,3,3409,3275.79270558326,0,0,0,2016,indigenous
Secondary school or above,42,5,2617,4901.463125716469,52.42644249140237,0,0,2016,indigenous
Secondary school or above,43,6,3761,4108.871753966144,0,0,234.40574315341664,2016,indigenous
Secondary school or above,44,7,3582,4176.614554252746,22.613065326633166,105.8068118369626,0,2016,indigenous
Secondary school or above,45,3,2818,5977.583865625739,0,0,0,2016,indigenous
Secondary school or above,46,6,6796,5269.377820286442,0,1583.0758289189719,0,2016,indigenous
Secondary school or above,47,3,1990,4678.078726968174,0,0,0,2016,indigenous
Secondary school or above,48,2,1852,4458.876889848812,0,0,0,2016,indigenous
Secondary school or above,49,4,2758,5784.433164128596,0,238.4336475707034,0,2016,indigenous
Secondary school or above,50,4,2558,4267.073885848319,0,0,0,2016,indigenous
Secondary school or above,51,3,2351,4927.335885438821,0,2402.85835814547,0,2016,indigenous
Secondary school or above,52,3,2574,2147.9974099974097,0,2149.184149184149,0,2016,indigenous
Secondary school or above,53,3,1826,3053.647316538883,42.848849945235486,112.04819277108433,497.9919678714859,2016,indigenous
Secondary school or above,54,2,1417,2002.4199011997177,0,0,0,2016,indigenous
Secondary school or above,55,3,1787,4382.016228315612,0,907.9462786793508,0,2016,indigenous
Secondary school or above,56,1,1852,750,0,0,0,2016,indigenous
Secondary school or above,58,4,3342,3105.491921005386,119.03052064631957,1345.6612806702574,0,2016,indigenous
Secondary school or above,59,1,604,2000,0,0,0,2016,indigenous
Secondary school or above,61,2,1535,1152.442996742671,0,1825.2985884907707,0,2016,indigenous
Secondary school or above,62,2,2161,547.4178621008792,0,0,2540.4905136510874,2016,indigenous
At most primary school,16,54,37427,751.2810003473428,57.04389878964384,0.547732920084431,0,2016,non-indigenous
At most primary school,17,53,39648,939.6675746569814,170.73698547215497,37.874966370729084,0.5145278450363197,2016,non-indigenous
At most primary school,18,68,48995,1180.1172160424533,107.66343504439229,306.4545701942375,9.07473551722965,2016,non-indigenous
At most primary school,19,54,37521,1120.7938709878024,143.96204791983155,10.18096532608406,2.9921022005454723,2016,non-indigenous
At most primary school,20,54,33378,1289.0347634170212,63.722511834142246,27.101933409231627,16.00976691233747,2016,non-indigenous
At most primary school,21,50,33385,1385.3489191752783,70.75483001347911,20.07563276920773,17.685088113424193,2016,non-indigenous
At most primary school,22,49,36116,1256.4730959500869,212.7820356628641,25.801583785579798,0,2016,non-indigenous
At most primary school,23,56,36883,1616.0262858227368,145.34175636472088,5.685173386112844,16.005567153792622,2016,non-indigenous
At most primary school,24,61,35771,1366.5016819956575,146.40826367728047,7.822351439247807,0,2016,non-indigenous
At most primary school,25,51,51364,1815.8045193780338,112.59841523245854,50.73874698232225,0,2016,non-indigenous
At most primary school,26,41,26428,1604.1484000554965,125.59122899954593,37.9105494172847,0,2016,non-indigenous
At most primary school,27,39,36769,1748.4540328356316,165.7555549511817,146.73162174658,7.5879137316761405,2016,non-indigenous
At most primary school,28,60,38983,1700.4665452462184,89.49593412513147,100.81804889310725,1.2826103686222199,2016,non-indigenous
At most primary school,29,39,30176,2114.3591209349593,97.24715005302227,196.98416512018383,0,2016,non-indigenous
At most primary school,30,97,71460,1818.2296669465436,189.57808564231738,51.85325123612277,0,2016,non-indigenous
At most primary school,31,50,34079,1532.2173674892651,117.79394935297397,22.99950115907157,7.497285718477655,2016,non-indigenous
At most primary school,32,80,52757,2032.9555319673218,73.94990238262221,276.6514569946484,77.83959158658251,2016,non-indigenous
At most primary school,33,63,41201,1669.6889638601006,117.13720540763573,0,109.59442731972526,2016,non-indigenous
At most primary school,34,72,45505,2039.0861224041314,71.50754862103065,21.030692597883014,26.72435263524155,2016,non-indigenous
At most primary school,35,81,58562,3136.817105517799,55.618831324066804,50.207805402820945,29.71155356715959,2016,non-indigenous
At most primary school,36,71,42506,1535.123468843614,40.61897143932621,73.8408832478552,0,2016,non-indigenous
At most primary school,37,66,52754,1819.402410243773,101.69750161125222,89.89659551882322,211.66736171664706,2016,non-indigenous
At most primary school,38,93,65008,2373.864785872508,132.2468773074083,67.02174219583232,2.9804024120108292,2016,non-indigenous
At most primary school,39,69,44316,2470.512687291272,68.86339019767127,123.24724704395703,131.7688870836718,2016,non-indigenous
At most primary school,40,107,69936,2544.7246744642725,119.1693834362846,51.00198753145733,19.762068176618623,2016,non-indigenous
At most primary school,41,52,31530,1684.9277090601543,137.15731049793848,271.64105613701236,91.450322444233,2016,non-indigenous
At most primary school,42,79,51987,2053.6067831060327,95.96697251235886,103.97391014420272,24.049666262719526,2016,non-indigenous
At most primary school,43,60,42791,1663.5740108901405,105.03073076114136,224.38366323136486,1.8391717884601901,2016,non-indigenous
At most primary school,44,63,39215,1753.4742572995028,59.97832462068086,74.5017212801224,50.295040163202856,2016,non-indigenous
At most primary school,45,69,41670,1935.1481881449483,156.21982241420687,51.89870810335173,53.29853611711063,2016,non-indigenous
At most primary school,46,54,37069,1493.7730673428832,72.04159810083898,58.07790876473603,8.29084500076434,2016,non-indigenous
At most primary school,47,56,33284,2898.3853703481154,66.62014781877178,193.4991186956696,17.055241757801546,2016,non-indigenous
At most primary school,48,63,37788,1765.1334043435306,112.61696834974066,91.2198757983134,17.195935217529374,2016,non-indigenous
At most primary school,49,43,27843,2073.6794316943815,168.1226160974033,579.7983335129117,39.74787199655209,2016,non-indigenous
At most primary school,50,66,39985,1958.1333979408946,112.49055895960986,36.990413071568504,6.373556750448085,2016,non-indigenous
At most primary school,51,45,38946,2381.6410457214265,41.637138602167106,86.24253239528235,58.08683818620654,2016,non-indigenous
At most primary school,52,64,37880,1790.6393853396692,55.47756071805702,63.24445617740232,63.676962337205204,2016,non-indigenous
At most primary school,53,46,25788,1791.125113101701,38.697456181169535,91.32800785895247,18.018716715785118,2016,non-indigenous
At most primary school,54,47,27710,2241.8151690123905,67.02208588957055,265.07455190665223,19.24431613136052,2016,non-indigenous
At most primary school,55,56,35343,2144.8442218638297,140.4815663639193,109.32235520470815,54.91893727187845,2016,non-indigenous
At most primary school,56,54,29111,1946.3726082923981,91.32149359348699,237.5568456368154,13.50096756094489,2016,non-indigenous
At most primary school,57,34,29739,2114.431554524362,78.95793402602644,226.2478675588733,26.03203425356154,2016,non-indigenous
At most primary school,58,50,28988,2137.284246929764,122.6335035186974,209.79750241479232,0.9141713812612116,2016,non-indigenous
At most primary school,59,36,20453,1785.2081112795188,67.7362734073241,93.93031177170424,0,2016,non-indigenous
At most primary school,60,60,33289,2340.7500100133175,32.78260085914266,738.9510799363153,71.57169034816306,2016,non-indigenous
At most primary school,61,29,17301,1659.9419156888812,57.986243569735855,887.8753058590062,54.96792092942604,2016,non-indigenous
At most primary school,62,40,20349,1767.3087129588678,105.99243206054352,876.0152014021983,120.86834733893558,2016,non-indigenous
Secondary school or above,16,37,32960,576.9885720064725,451.44417475728153,0.2097188511326861,13.25242718446602,2016,non-indigenous
Secondary school or above,17,58,39331,890.1029722102159,102.2767791309654,34.098548218962144,3.536650479265719,2016,non-indigenous
Secondary school or above,18,86,50859,1105.3662675239386,121.8880040897383,90.8400348676406,63.05013206446581,2016,non-indigenous
Secondary school or above,19,118,82313,1414.3790845107496,92.88429531179764,28.3525486051211,0,2016,non-indigenous
Secondary school or above,20,137,79406,2276.026359259166,77.61926050928142,47.41885583792996,26.99166309850641,2016,non-indigenous
Secondary school or above,21,132,82171,1808.013849168198,78.3027467111268,33.24408854705431,0.9078628713293011,2016,non-indigenous
Secondary school or above,22,180,103755,2639.214809728045,105.78497421810997,37.79793744879765,9.127206720961238,2016,non-indigenous
Secondary school or above,23,181,99327,2549.023412566573,86.01900792332397,51.98544538074575,25.068712434685434,2016,non-indigenous
Secondary school or above,24,150,116951,2440.089534648414,68.96448085095467,110.17809452961782,3.4266487674325146,2016,non-indigenous
Secondary school or above,25,153,84574,3045.83371761219,64.22964504457634,46.25732100487935,19.238477546290824,2016,non-indigenous
Secondary school or above,26,111,52184,3622.009129554397,65.58420205426951,102.12197863968522,0,2016,non-indigenous
Secondary school or above,27,118,79310,3454.426182070357,166.9259866347245,212.03063926364896,0,2016,non-indigenous
Secondary school or above,28,119,58365,3465.4107712955824,68.98449413175705,26.607298894885634,55.1600559696165,2016,non-indigenous
Secondary school or above,29,118,66386,3566.7381689412427,33.722923507968545,53.97964179194408,0,2016,non-indigenous
Secondary school or above,30,159,79555,4182.783311335973,88.32644082710075,114.00781430037918,14.211028009972136,2016,non-indigenous
Secondary school or above,31,97,57258,3307.6525492798673,62.386391421286106,87.10878829159245,18.51479269272416,2016,non-indigenous
Secondary school or above,32,127,66482,3779.130514023846,70.57647182696068,81.1059008453416,157.20671259388504,2016,non-indigenous
Secondary school or above,33,82,58962,3560.766024445123,32.48278552287914,161.43292855285327,0,2016,non-indigenous
Secondary school or above,34,98,49207,4587.340789928262,176.5968256548865,62.16988944662345,0,2016,non-indigenous
Secondary school or above,35,83,50306,4608.009574735949,36.24299288355266,148.39283584463087,4.452749175048702,2016,non-indigenous
Secondary school or above,36,89,46551,4206.162885867114,62.31702863526025,300.6269109865166,5.609152685584985,2016,non-indigenous
Secondary school or above,37,81,44791,4192.0654744628755,97.03422562568373,107.05870971102826,19.65376973052622,2016,non-indigenous
Secondary school or above,38,87,55691,4616.229420672401,153.03323696827135,58.22125657646657,47.300700891227194,2016,non-indigenous
Secondary school or above,39,74,48504,5210.35025977239,55.4595497278575,346.1825828797625,320.9068667876189,2016,non-indigenous
Secondary school or above,40,89,52204,5116.685975531887,31.645659336449313,92.00907337879602,103.03769826066969,2016,non-indigenous
Secondary school or above,41,58,32411,6165.940287762385,92.40412205732622,232.49411208128927,110.47175341704977,2016,non-indigenous
Secondary school or above,42,68,43935,5547.642039376351,59.71594400819392,331.60274648154467,19.85129547437502,2016,non-indigenous
Secondary school or above,43,62,38541,4468.793605078575,56.969980021276044,51.238940349238476,20.116239848473054,2016,non-indigenous
Secondary school or above,44,40,24645,4460.847332116048,72.82836275106513,42.097788598092926,0,2016,non-indigenous
Secondary school or above,45,66,39581,3839.0975425919846,74.34804577954068,301.5647238152986,0,2016,non-indigenous
Secondary school or above,46,46,25331,4171.947238561446,5.509060045004145,143.9112813022252,16.284394615293515,2016,non-indigenous
Secondary school or above,47,45,20216,7137.296341181903,147.96299960427385,18.37406015037594,172.87940245350217,2016,non-indigenous
Secondary school or above,48,49,23023,5648.136066831719,82.55005863701516,343.4608869391478,91.9607204389813,2016,non-indigenous
Secondary school or above,49,47,28897,4468.892837780161,71.39495449354604,225.13842267363395,26.00615980897671,2016,non-indigenous
Secondary school or above,50,47,25332,3962.716149534186,49.04567345649771,260.5752934364966,65.40344228643613,2016,non-indigenous
Secondary school or above,51,33,18117,6601.931059226141,88.04437820831264,2154.4235800629244,90.25776894629354,2016,non-indigenous
Secondary school or above,52,29,13876,6922.861415393485,86.26405304122225,36.379360046122805,86.3256461996733,2016,non-indigenous
Secondary school or above,53,40,17819,5417.561647679443,18.429765980133567,159.91544605944966,0,2016,non-indigenous
Secondary school or above,54,27,15747,4909.161162972841,179.6370737283292,122.9123007556995,18.47971042103258,2016,non-indigenous
Secondary school or above,55,28,12809,4844.002524266792,47.68522132875322,1012.1008665781873,88.68764150206886,2016,non-indigenous
Secondary school or above,56,32,13092,5180.787631123333,18.42613809960281,1326.8335370200632,10.362562379061004,2016,non-indigenous
Secondary school or above,57,25,11534,4379.344835558639,71.95075429165944,239.2072712559968,6.615224553494017,2016,non-indigenous
Secondary school or above,58,15,7963,4625.723554774164,63.010172045711414,882.3232450081628,0,2016,non-indigenous
Secondary school or above,59,19,9533,7158.423336480297,106.0274834784433,859.7118780376936,80.38602748347844,2016,non-indigenous
Secondary school or above,60,21,9293,6048.245453567201,0,797.6143333692027,372.5298611858388,2016,non-indigenous
Secondary school or above,61,15,6548,7745.436901852983,0,1189.4267969863572,25.96212583995113,2016,non-indigenous
Secondary school or above,62,21,10243,5125.375785089003,29.00322171238895,876.3795437534577,15.91330664844284,2016,non-indigenous
At most primary school,16,107,82613,773.3615048479053,93.52561945456526,2.324089429024488,0,2016,p99
At most primary school,17,106,89695,732.1126019659216,104.47416243937789,17.788988609547168,0.2274374268353866,2016,p99
At most primary school,18,135,107580,931.8065780504431,113.24800148726528,126.77673979054346,4.132893350684762,2016,p99
At most primary school,19,93,69687,937.8210833201794,97.4586364745218,12.286366180205777,1.6110130536063638,2016,p99
At most primary school,20,113,85123,1036.5577262706122,83.52742502026479,12.851696956169308,6.277668785169696,2016,p99
At most primary school,21,85,63300,1137.883991574513,83.41137440758294,10.588072669826225,9.327277514481306,2016,p99
At most primary school,22,104,85272,1131.4338411201802,159.97708509241016,26.69682506176314,92.51571441973918,2016,p99
At most primary school,23,102,77861,1415.953128010172,114.31165795456005,14.247889401197861,7.581887380502861,2016,p99
At most primary school,24,108,74765,1354.1390802291623,200.7571724737511,23.761920684812413,0,2016,p99
At most primary school,25,98,90436,1515.1688634319667,88.94218010526781,30.742200746015598,0,2016,p99
At most primary school,26,66,45906,1478.2351308470934,118.43974643837407,23.5502984359343,0,2016,p99
At most primary school,27,79,68508,1468.2428183569803,118.27941262334326,116.15735875128938,35.40097506860513,2016,p99
At most primary school,28,99,68059,1436.1274090617453,89.41242157539781,61.29519975315535,0.7346566949264609,2016,p99
At most primary school,29,82,64542,1710.0698614855444,100.16252982553996,94.82653414314194,0,2016,p99
At most primary school,30,142,107123,1593.6931346831834,145.7646817210123,46.63142291260203,0,2016,p99
At most primary school,31,96,74443,1409.536681308742,95.96770683610279,31.05037858943531,3.432156146313287,2016,p99
At most primary school,32,127,88602,1525.0018077093819,63.72085280241981,66.46476847776198,66.58540439267736,2016,p99
At most primary school,33,111,84392,1473.810473741587,81.23437055645086,39.75031203589598,70.18911745189118,2016,p99
At most primary school,34,117,82980,1588.4622318630995,54.232236683538204,49.27058126456174,14.655238210010445,2016,p99
At most primary school,35,137,102276,1927.5167650931467,58.81115804294262,35.01167103393432,29.103126181443677,2016,p99
At most primary school,36,123,87038,1541.3167131980667,56.771754865690845,54.30594204064125,33.907603575449805,2016,p99
At most primary school,37,122,98893,1692.580287954321,129.3186069792604,51.97754138311104,124.9866016806043,2016,p99
At most primary school,38,145,107178,1946.727940124528,136.18172572729478,75.53821757574626,55.379679909434145,2016,p99
At most primary school,39,108,76030,1618.1338232715157,54.04905958174405,159.67642158796966,156.0794949362094,2016,p99
At most primary school,40,160,111989,2077.7388657219312,119.2242988150622,51.964664684329115,31.064033074676978,2016,p99
At most primary school,41,86,59730,1485.4677772197108,107.39444165411017,154.53054020871699,48.274379150622245,2016,p99
At most primary school,42,121,83258,1836.8799194471803,119.74050541689688,93.60892246590919,15.016815200941652,2016,p99
At most primary school,43,87,63077,1556.310921572047,83.80281243559459,176.22910094012082,35.88788306355724,2016,p99
At most primary school,44,101,73260,1611.2923218673218,52.005733005733006,51.83754208754209,33.08290108290109,2016,p99
At most primary school,45,99,69258,1628.0858240203297,112.66915013428051,68.76556980180388,38.377515954835545,2016,p99
At most primary school,46,91,65783,1297.0557958236425,96.72149339495006,89.82345996179357,33.73384207672702,2016,p99
At most primary school,47,83,52365,2362.514866800344,50.71966007829657,170.77484324771635,11.888984372513447,2016,p99
At most primary school,48,87,55396,1777.4045734349052,121.13798830240451,69.52517630635184,33.0986593496522,2016,p99
At most primary school,49,65,45689,1760.3211440390467,109.24156799229574,362.0829959071111,24.222460548490883,2016,p99
At most primary school,50,110,78455,1686.4754562063179,101.68548849659041,26.93682153251333,3.248316444671043,2016,p99
At most primary school,51,63,53833,2117.324692412956,64.0931770475359,75.04117672555248,42.023480021548124,2016,p99
At most primary school,52,91,57661,1652.9229447402347,45.09009555852309,110.140447327194,129.2916066896747,2016,p99
At most primary school,53,71,45148,1637.8072653642835,23.56006910605121,99.00900002953249,58.721685715129496,2016,p99
At most primary school,54,71,49374,1884.31822079097,82.69660145015595,227.62349617207437,143.1433548021226,2016,p99
At most primary school,55,83,60728,1648.7915459096298,103.93278224212884,68.8220672506916,31.962192069556053,2016,p99
At most primary school,56,75,46890,1714.3029110684581,62.90168479419919,168.77123764839695,8.381886685149642,2016,p99
At most primary school,57,57,49419,1443.8229291028415,73.84932920536636,166.87786074181994,114.34198722488652,2016,p99
At most primary school,58,67,42736,1760.885711110071,98.0470797454137,156.16755584674905,96.14673031324098,2016,p99
At most primary school,59,53,36473,1474.3929893345762,58.98500260466646,99.46851095330793,0,2016,p99
At most primary school,60,89,58759,1863.7740105061919,21.604520158614,458.74690118393215,40.54783097057472,2016,p99
At most primary school,61,43,27089,1658.268417684915,92.94252279523053,583.7340741014187,35.10650079368009,2016,p99
At most primary school,62,55,34830,1473.7838070628768,64.58340511053689,564.6722174370752,289.6511627906977,2016,p99
Secondary school or above,16,66,59831,470.8387513719198,254.0497401012853,2.015326502983403,7.300563253163076,2016,p99
Secondary school or above,17,79,52005,800.7545428324199,95.72152677627152,29.918212992340482,2.674742813191039,2016,p99
Secondary school or above,18,125,85207,904.7676951424179,108.77483070639737,71.35661780526638,37.63384072513604,2016,p99
Secondary school or above,19,150,102581,1364.5360633710595,80.89729092132072,24.649139054340793,28.348329612696308,2016,p99
Secondary school or above,20,186,114748,1812.2489302645797,67.41986788440757,32.12650038925878,18.678321190783283,2016,p99
Secondary school or above,21,171,111311,1770.7287719392814,94.8815930141675,41.29705659518527,0.6701943204175688,2016,p99
Secondary school or above,22,216,128994,2274.5404120863504,111.37347473525901,30.402383056576276,32.49758386694989,2016,p99
Secondary school or above,23,201,117855,2455.612129311442,90.14136014594204,48.689137782303106,21.127656866488483,2016,p99
Secondary school or above,24,176,137363,2300.0650793881905,66.32968848962238,111.71062319062145,2.9174522979259336,2016,p99
Secondary school or above,25,182,108003,2730.098301281754,70.18145792246511,36.22275924434198,15.065090784515245,2016,p99
Secondary school or above,26,132,65597,2718.886929534379,99.43436437641965,88.19775802755208,0,2016,p99
Secondary school or above,27,136,91150,3109.6093326019386,150.56039495337356,97.292740903273,0,2016,p99
Secondary school or above,28,146,77130,3091.538320584295,68.22338908336575,38.393718397510696,41.740135701629285,2016,p99
Secondary school or above,29,130,77910,3383.685942112694,40.40983185727121,48.57265006631583,0,2016,p99
Secondary school or above,30,174,92169,3300.803480562879,82.0918096106066,100.67168281453996,12.266145160882003,2016,p99
Secondary school or above,31,111,67465,3240.129294201932,81.8330986437412,73.92981545986808,15.713629289261098,2016,p99
Secondary school or above,32,139,73472,3627.8221987060833,66.11178408101046,142.94129055966897,142.25033572880372,2016,p99
Secondary school or above,33,94,66078,3478.442305558078,33.97424256182088,148.0736150206322,0,2016,p99
Secondary school or above,34,113,58548,4089.130580890893,231.12318097970896,52.131050590968094,0,2016,p99
Secondary school or above,35,96,61993,4020.17120884616,29.410417305179617,123.49055538528543,6.086708714424747,2016,p99
Secondary school or above,36,95,51824,3969.543457986004,61.498919419573944,273.5351059997942,5.038431357414839,2016,p99
Secondary school or above,37,89,52286,3907.2178722156345,87.67662471789771,149.1195858674725,18.739471369008914,2016,p99
Secondary school or above,38,96,59674,3987.0993062305192,129.09096088748868,54.705706561204764,66.11293584028779,2016,p99
Secondary school or above,39,81,54473,4735.615699520864,50.471059056780426,326.86358379380613,463.81265336344,2016,p99
Secondary school or above,40,91,55317,3982.712101764979,34.393224506028886,87.58594404372376,110.52623967315654,2016,p99
Secondary school or above,41,58,33645,4752.748342993015,89.01500965968198,223.9669093971368,106.41997325011145,2016,p99
Secondary school or above,42,69,45099,5220.119411369063,54.05485709217499,301.18110527210507,19.338935822671605,2016,p99
Secondary school or above,43,63,40172,3887.196911613396,54.656975007467885,49.158617942845765,41.24514587274719,2016,p99
Secondary school or above,44,47,28227,4424.778256043268,66.45605271548517,50.18244942785277,0,2016,p99
Secondary school or above,45,69,42399,3981.229537646328,69.4065897780608,281.52157676674767,0,2016,p99
Secondary school or above,46,52,32127,4404.092730932445,4.343698446789305,448.345628287733,12.839667569334205,2016,p99
Secondary school or above,47,47,21713,4962.3709068300095,137.76170957490905,17.10726293004191,160.96025422557915,2016,p99
Secondary school or above,48,50,24460,5331.556691196512,67.5204415372036,323.28291087489777,86.55812210411555,2016,p99
Secondary school or above,49,50,31344,4480.157701633486,65.82120980091884,228.5421452271567,23.975880551301685,2016,p99
Secondary school or above,50,47,26487,3663.7671499226035,46.90697323215162,204.7001673777073,62.55144032921811,2016,p99
Secondary school or above,51,34,19211,4528.236513802856,38.05632189891208,788.3670813596377,85.1179012024361,2016,p99
Secondary school or above,52,26,13522,3263.0530740028594,88.52240792782133,441.7615737316965,88.58561356801263,2016,p99
Secondary school or above,53,37,16778,4173.3539555767475,24.236619382524736,182.03202606587993,54.19795764294512,2016,p99
Secondary school or above,54,25,14856,3454.069500538503,182.19877490576198,130.28406031233172,19.58804523424879,2016,p99
Secondary school or above,55,30,13921,4171.035940904629,43.87615832195963,1047.8054737447023,81.60333309388693,2016,p99
Secondary school or above,56,31,13636,3791.9017062677226,17.691038427691407,927.3910726508262,9.949154199667547,2016,p99
Secondary school or above,57,25,11534,4379.344835558639,71.95075429165944,239.2072712559968,6.615224553494017,2016,p99
Secondary school or above,58,19,11305,4176.3105410585285,79.57098628925255,1019.2958867757629,0,2016,p99
Secondary school or above,59,18,8971,3902.00364136291,112.66971352134657,63.329989224538316,85.4219150596366,2016,p99
Secondary school or above,60,18,7328,3560.146470160116,0,1011.494268558952,472.4235807860262,2016,p99
Secondary school or above,61,14,6573,2317.491505654445,0,842.0254576804097,25.863380495968354,2016,p99
Secondary school or above,62,23,12404,4327.8131382349775,23.950338600451467,723.6984574868324,455.7400838439213,2016,p99
At most primary school,16,107,82613,773.3615048479053,93.52561945456526,2.324089429024488,0,2016,p90
At most primary school,17,104,88357,717.4006945308993,100.03632988897314,18.05836926710202,0.23088153739941375,2016,p90
At most primary school,18,135,107580,931.8065780504431,113.24800148726528,126.77673979054346,4.132893350684762,2016,p90
At most primary school,19,92,69109,928.9374442306116,98.2737414808491,12.389124426630396,1.6244869216262234,2016,p90
At most primary school,20,113,85123,1036.5577262706122,83.52742502026479,12.851696956169308,6.277668785169696,2016,p90
At most primary school,21,84,62857,1145.9035058413012,83.99923636190083,10.662694687942473,9.393013772000996,2016,p90
At most primary school,22,103,85023,1127.7186937652164,160.44559707373298,26.775009899282153,92.78665772790892,2016,p90
At most primary school,23,99,73946,1396.514706677846,103.42777161712601,15.00223023106952,7.983303131113694,2016,p90
At most primary school,24,98,69878,1168.7535657383821,204.10730129654542,24.12891038667392,0,2016,p90
At most primary school,25,97,89110,1481.1694684472375,90.26568286387611,31.199659596753076,0,2016,p90
At most primary school,26,64,45211,1455.1480889606512,120.26044546681118,22.35075534715003,0,2016,p90
At most primary school,27,73,64107,1359.4624975951663,126.39939476188248,124.13166008912182,37.83128207528039,2016,p90
At most primary school,28,96,66550,1378.596473829201,84.70503380916604,62.112546957175056,0.7513148009015778,2016,p90
At most primary school,29,80,63548,1699.1032447913387,101.72924403600427,96.30978420511529,0,2016,p90
At most primary school,30,139,105900,1578.4483128737804,137.55571293673276,47.169951998740956,0,2016,p90
At most primary school,31,93,72470,1259.0884388942552,98.58043328273769,30.243319074559583,3.525596798675314,2016,p90
At most primary school,32,122,86984,1466.4656354425335,63.48575600110365,67.70108774793832,67.82396762623011,2016,p90
At most primary school,33,108,80282,1418.6013697549472,85.39312672828281,41.78531094558349,31.780473829750132,2016,p90
At most primary school,34,112,80396,1489.5271655306235,55.490210955768944,50.85418221470388,15.126270792908437,2016,p90
At most primary school,35,132,97114,1613.710429666852,61.93720781761641,36.87268227718626,30.65007448291012,2016,p90
At most primary school,36,120,85815,1421.4930266658898,49.243139311309214,55.07988793722931,34.390840762104524,2016,p90
At most primary school,37,119,95745,1625.735189827145,132.8236983654499,53.68651104496318,129.0960363465455,2016,p90
At most primary school,38,139,103170,1535.1639090820975,140.3264999515363,70.8348849794837,57.53109754127492,2016,p90
At most primary school,39,105,74914,1557.5081371083286,54.85423285367221,162.0551343318116,158.4046239688176,2016,p90
At most primary school,40,151,104274,1760.2264051121724,124.79246983907781,43.52375312478022,33.362391391909775,2016,p90
At most primary school,41,80,55413,1392.6221343968623,111.10407305145002,139.43675972545552,52.03523842179031,2016,p90
At most primary school,42,115,80474,1719.5357299666146,123.88293113303676,96.84732543015964,15.536322290429206,2016,p90
At most primary school,43,85,62025,1418.7276528281607,85.22418379685611,179.2181056025796,36.49657396211205,2016,p90
At most primary school,44,97,72391,1596.4688359050158,51.70863781409291,52.459813144359565,33.48003665280675,2016,p90
At most primary school,45,90,65138,1432.4674997697198,116.12637784396205,69.60124402550483,40.80490650618687,2016,p90
At most primary school,46,89,65195,1253.2037950251809,97.59383388296648,63.82171434414705,34.03809085563822,2016,p90
At most primary school,47,77,48389,1919.7350155338336,50.6248320899378,154.26284210598828,12.865871720156784,2016,p90
At most primary school,48,80,50607,1715.9860049005079,132.60141877605864,72.31707076096193,36.230824457749584,2016,p90
At most primary school,49,58,42027,1592.5968980258724,118.76027315773193,388.1308841141806,26.33307159683061,2016,p90
At most primary school,50,99,74160,1508.314121494067,92.52029395900755,28.086951636102125,1.964760877382237,2016,p90
At most primary school,51,61,51976,2082.030299240675,66.38309989225796,77.72225001282644,43.52489610589503,2016,p90
At most primary school,52,77,50589,1502.1893148708218,48.88335408883354,125.5373368387067,147.36569873556175,2016,p90
At most primary school,53,64,41923,1559.828314210974,24.123750685781076,94.88963894123353,63.23895395526719,2016,p90
At most primary school,54,66,46551,1692.0410768118122,86.7956005241563,241.4273055358639,134.06285579257158,2016,p90
At most primary school,55,70,53779,1408.0282638204503,113.06848398073598,63.01133342010822,36.09215493036315,2016,p90
At most primary school,56,66,43745,1462.6274278965213,66.81632186535604,178.51144892749647,8.984493465919915,2016,p90
At most primary school,57,50,46162,1399.895700648441,49.45019713184004,175.16972834799185,116.71937957627486,2016,p90
At most primary school,58,59,37643,1415.1643089906047,103.82647504184045,168.58539436282973,109.155132871096,2016,p90
At most primary school,59,47,34552,1361.7352058732731,62.26441305857838,104.9986976151887,0,2016,p90
At most primary school,60,77,52413,1601.4344739536627,24.220327018106197,88.3243183942915,45.45723389235495,2016,p90
At most primary school,61,37,23647,1553.949894983155,92.49883706178373,214.7689629410355,0,2016,p90
At most primary school,62,49,32708,1465.1623863682687,45.85789409318821,570.8511679099914,304.6364803717745,2016,p90
Secondary school or above,16,64,58533,481.2798478351243,259.68342644320296,2.0600174260673465,7.462457075495874,2016,p90
Secondary school or above,17,75,50602,762.2124948947999,98.37551875419943,30.7477306562323,0,2016,p90
Secondary school or above,18,107,73479,710.0598084713546,81.14736183127152,81.52102414748884,43.640586652875875,2016,p90
Secondary school or above,19,121,89116,1157.9971600685249,82.02505722878047,24.992519113664585,32.63162619507159,2016,p90
Secondary school or above,20,164,99434,1605.113327265657,76.90181426876119,33.647461297611144,21.555001307399884,2016,p90
Secondary school or above,21,149,99804,1597.3643942126569,99.5435553685223,46.05844121144109,0.2054025890745862,2016,p90
Secondary school or above,22,177,108992,2096.6501295202092,108.19610613623018,27.091132070855352,34.58351683303973,2016,p90
Secondary school or above,23,153,93654,2227.2901976067938,99.22320456147095,53.35837230657527,26.587225318726375,2016,p90
Secondary school or above,24,131,113942,2088.36513167518,66.29903810710712,121.09061042752747,1.4963753488617015,2016,p90
Secondary school or above,25,137,84507,2209.7557815723353,72.16571408285704,38.88238055230139,19.253730460198565,2016,p90
Secondary school or above,26,96,50412,2379.2448110899522,100.96000952154249,53.740676822978656,0,2016,p90
Secondary school or above,27,101,74870,2765.497793953965,173.1417123013223,111.38684831485686,0,2016,p90
Secondary school or above,28,102,57646,2573.7007684835025,52.39929917080109,45.55532907747285,53.180908764990924,2016,p90
Secondary school or above,29,99,62941,3035.9728542073794,31.380975834511684,46.14313669415272,0,2016,p90
Secondary school or above,30,122,67028,2559.0890374171986,96.38240735215133,106.0498348948698,13.174718028286685,2016,p90
Secondary school or above,31,82,54198,2837.8559141173723,67.39289272666888,75.52569590513795,19.560131370161262,2016,p90
Secondary school or above,32,97,52734,2960.035524203234,84.92556984108924,37.87118683708171,184.87914185661367,2016,p90
Secondary school or above,33,75,56382,3192.6701133931633,19.954772799829733,168.95477871188206,0,2016,p90
Secondary school or above,34,86,45496,3008.1939657698845,64.32895199577985,40.40836007561104,0,2016,p90
Secondary school or above,35,68,42648,2921.0899631870193,20.48607203151379,170.53437441380603,5.252297880322641,2016,p90
Secondary school or above,36,66,38677,3036.9741405314094,69.86891434185692,249.4682455550672,5.767941326024941,2016,p90
Secondary school or above,37,66,39567,3017.5288961339834,98.13885308464124,118.65611915653618,22.24864154472161,2016,p90
Secondary school or above,38,74,46206,2738.4396110173284,140.74089945028783,53.78468164307666,85.38335569695134,2016,p90
Secondary school or above,39,55,37109,3257.9661896934253,66.4601579131747,358.3008614262488,368.10297591779175,2016,p90
Secondary school or above,40,68,42002,3095.545767661857,45.29617637255369,115.35145151818168,145.56402076091615,2016,p90
Secondary school or above,41,43,24804,3313.366930065043,84.5335429769392,53.74805138956083,77.7092404450895,2016,p90
Secondary school or above,42,48,33264,4866.384630030464,68.9033189033189,179.2077521244188,14.294733044733045,2016,p90
Secondary school or above,43,46,34035,3183.4693991479357,42.30057293962098,58.02262376964889,48.68223887174967,2016,p90
Secondary school or above,44,32,20966,2927.7146729625742,19.521129447677193,67.56176666984642,0,2016,p90
Secondary school or above,45,47,30024,2979.322025712763,85.7503996802558,215.890620836664,0,2016,p90
Secondary school or above,46,30,19246,3822.8411617998545,7.250857321001766,622.5310887110741,0,2016,p90
Secondary school or above,47,32,14512,4023.240272418229,132.53996692392502,22.167861080485117,232.69914553472987,2016,p90
Secondary school or above,48,26,11241,3683.8917059573582,102.82003380482163,617.1603949826527,114.68834326720636,2016,p90
Secondary school or above,49,32,21057,3685.328734704216,56.60920359025502,221.62582514128317,0,2016,p90
Secondary school or above,50,31,20270,3004.4916790001644,56.97212629501727,174.4101299128433,0,2016,p90
Secondary school or above,51,20,10683,2970.1663078411184,68.43583263128335,290.96383662516774,153.06561827202097,2016,p90
Secondary school or above,52,16,8795,2621.6045480386583,136.10005685048324,645.2529846503695,0,2016,p90
Secondary school or above,53,23,10687,3790.235738124201,38.05015439318799,285.7802314338293,85.08780137862199,2016,p90
Secondary school or above,54,19,12224,2683.432714332461,220.8622382198953,147.00589005235602,23.805628272251308,2016,p90
Secondary school or above,55,12,6177,3138.5879876962927,56.14375910636231,262.66796179375103,183.90804597701148,2016,p90
Secondary school or above,56,20,9029,3139.134271052534,0,1364.0367704064681,0,2016,p90
Secondary school or above,57,12,6140,3117.1061889250814,124.52768729641694,160.2741585233442,12.42671009771987,2016,p90
Secondary school or above,58,11,6748,1875.254890337878,95.850622406639,812.0480142264374,0,2016,p90
Secondary school or above,59,12,5345,2418.3442469597753,189.10383536014967,12.871842843779232,143.37137511693172,2016,p90
Secondary school or above,60,10,4580,1660.8486171761278,0,1597.1026200873362,755.8777292576419,2016,p90
Secondary school or above,61,9,3922,1879.4696583375828,0,1411.176270610233,43.345232024477305,2016,p90
Secondary school or above,62,11,6412,1955.0671917238512,40.408608858390515,550.0155957579539,856.2071116656269,2016,p90
At most primary school,16,72,55970,568.136394497052,82.80886189029837,3.4304091477577274,0,2016,p50
At most primary school,17,74,66203,572.7051619010216,72.0564022778424,18.33879632846447,0.30814313550745437,2016,p50
At most primary school,18,71,57583,644.6308285431464,134.89762603546185,211.4740172157292,7.721318213130033,2016,p50
At most primary school,19,61,49266,775.0712458896602,84.50655624568668,11.695692769861568,0.6211180124223602,2016,p50
At most primary school,20,69,57078,752.4385168833292,54.05278741371457,19.166316268965275,8.678661947977622,2016,p50
At most primary school,21,50,42587,915.8009486463005,102.92201845633645,12.558292436659075,7.9249536243454575,2016,p50
At most primary school,22,61,53735,911.9461803293942,133.17856145901183,28.5938711578425,0,2016,p50
At most primary school,23,57,48002,936.9675846839715,95.0564559810008,12.823137577600933,0,2016,p50
At most primary school,24,57,44023,912.4743959596877,145.89237444063332,33.40007874671573,0,2016,p50
At most primary school,25,52,40708,870.8036094461368,123.25451999606958,61.11419540794602,0,2016,p50
At most primary school,26,38,27837,1167.3699452766703,90.38258433020799,36.300607105650755,0,2016,p50
At most primary school,27,45,34992,838.8726089772902,58.15946502057613,91.91386602652035,61.33544810242341,2016,p50
At most primary school,28,59,41813,994.6982118798779,128.05491115203407,44.51988615980676,0,2016,p50
At most primary school,29,52,37329,1008.4960397188959,94.27496048648504,17.09408234884406,0,2016,p50
At most primary school,30,78,57708,924.5868106097363,139.53680598877105,70.68138299715811,0,2016,p50
At most primary school,31,62,55221,957.0279332138136,89.37623367921624,32.86129069255054,4.626862968798102,2016,p50
At most primary school,32,76,58789,1196.9607721399127,44.1001718008471,95.84125289878493,35.58772332692624,2016,p50
At most primary school,33,71,53716,1201.8495172139897,66.08926576811379,62.45082160498424,46.570854121676966,2016,p50
At most primary school,34,74,57005,980.5468760050287,35.22017366897641,67.01484372715844,18.6746776598544,2016,p50
At most primary school,35,74,51239,1139.3184358268766,59.18109252717657,27.388512656375028,33.95788364331857,2016,p50
At most primary school,36,80,63642,1077.5235025612017,46.890418277238304,64.35918497218817,46.37267841991138,2016,p50
At most primary school,37,69,53114,1133.4527933627041,163.2086643822721,34.014996046240164,215.20314794592764,2016,p50
At most primary school,38,85,67643,1123.3145114793845,131.3141049332525,96.2590622828674,43.16534354380103,2016,p50
At most primary school,39,58,43742,887.5098132229894,80.36326642586073,203.87381311630318,153.38242421471355,2016,p50
At most primary school,40,82,62284,1219.0694774473914,100.33459636503757,17.720508744889003,55.85431250401387,2016,p50
At most primary school,41,43,33975,1078.60445425558,45.734216335540836,131.89744910473388,25.41168506254599,2016,p50
At most primary school,42,60,47042,1260.5043046639173,104.86937205050806,58.62332242109888,13.441605373921178,2016,p50
At most primary school,43,43,35027,1031.1585824268896,60.322322779570044,63.952617504591686,62.38044936763068,2016,p50
At most primary school,44,52,42274,1197.133616407248,78.61025689549132,38.62874737821514,43.67112961473561,2016,p50
At most primary school,45,50,42001,1102.4225058133536,111.63198495273922,87.02219391601787,40.374038713363966,2016,p50
At most primary school,46,44,33284,900.8916721748187,116.17353683451508,68.3201137683772,57.438408845090734,2016,p50
At most primary school,47,33,22978,1155.6626483302869,41.76973626947515,239.83505962224737,2.389241883540778,2016,p50
At most primary school,48,43,28457,1166.296333063921,115.6594159609235,59.7480409038198,20.070047205725594,2016,p50
At most primary school,49,28,20717,873.5731122588535,97.33890041994498,114.29067915238693,16.33923830670464,2016,p50
At most primary school,50,45,39640,965.0162714429869,79.51791120080726,18.34119576185671,3.6757484022872524,2016,p50
At most primary school,51,27,22821,882.2152403488016,76.56228911967048,66.2697369382002,0,2016,p50
At most primary school,52,30,23450,885.8378251599147,23.865671641791046,160.06716417910448,107.73276474769011,2016,p50
At most primary school,53,30,21032,879.9880539178395,5.417459109927729,74.54949600608596,47.02358311144922,2016,p50
At most primary school,54,33,26088,1035.4206467852398,87.049371358479,404.6355604109169,227.10671573137074,2016,p50
At most primary school,55,32,30017,744.9907052670154,66.76916414032048,43.22772095812373,12.193090582003531,2016,p50
At most primary school,56,30,22523,776.1350397371576,64.94161523775696,142.37150172416347,13.985703503085734,2016,p50
At most primary school,57,31,35638,1097.473548833642,53.16656378023458,187.62140598986102,14.35265727594141,2016,p50
At most primary school,58,34,22515,891.3882781849137,56.96824339329336,178.14168332222962,182.49729809756457,2016,p50
At most primary school,59,22,15107,777.1349043489773,47.86258026080625,211.13887601774013,0,2016,p50
At most primary school,60,41,27452,675.7065150080141,22.128442372140462,119.23269100004858,7.2945504881247265,2016,p50
At most primary school,61,13,8536,606.7624863323962,56.81818181818182,70.22512496094971,0,2016,p50
At most primary school,62,22,17863,775.6810539476386,22.8293119856687,97.91748306555449,557.8038403403683,2016,p50
Secondary school or above,16,44,36071,341.01327936569544,51.77150619611322,3.1511925554231004,12.109450805356103,2016,p50
Secondary school or above,17,28,21714,390.5669153541494,107.8437874182555,17.14869055294587,0,2016,p50
Secondary school or above,18,50,40949,503.60362890424676,93.54160052748541,117.25194754450658,73.20488086807167,2016,p50
Secondary school or above,19,36,37227,458.82878018642384,87.8660649528568,41.92566327307241,28.68885486340559,2016,p50
Secondary school or above,20,38,24910,876.8249431285963,73.66338819751104,16.5154556403051,57.26615816940988,2016,p50
Secondary school or above,21,42,30468,937.1853201172814,107.86858343179729,94.1080259069625,0.6728370749638966,2016,p50
Secondary school or above,22,39,25790,795.6487010469174,174.72314850717333,6.582008530438154,0,2016,p50
Secondary school or above,23,23,16679,1498.4159921657972,50.56658073025961,5.467953714251454,0,2016,p50
Secondary school or above,24,25,17960,740.7013734224201,42.330178173719375,299.1804008908686,0,2016,p50
Secondary school or above,25,25,18487,1404.6885198608031,37.940174176448316,62.314058527614,0,2016,p50
Secondary school or above,26,16,10062,1326.6741204531902,234.06380441264162,91.60703637447824,0,2016,p50
Secondary school or above,27,19,14141,1357.1862433114113,28.675482639134433,347.730004950145,0,2016,p50
Secondary school or above,28,17,11375,1111.8892014652015,120.2021978021978,123.81296703296704,104.82051282051283,2016,p50
Secondary school or above,29,14,12705,1043.2762691853602,63.59700905155451,40.141676505312866,0,2016,p50
Secondary school or above,30,33,21168,1242.85227702192,96.828231292517,203.32813681027966,26.094812925170068,2016,p50
Secondary school or above,31,13,10295,1469.3619880200745,33.859154929577464,118.84409907722195,0,2016,p50
Secondary school or above,32,14,9615,933.7909516380655,80.28601144045761,163.2656439590917,401.01404056162244,2016,p50
Secondary school or above,33,12,7978,2026.0533550597477,3.1210829781900227,615.2544497367761,0,2016,p50
Secondary school or above,34,19,10478,1454.7189030985558,79.21359037984348,77.98959725138386,0,2016,p50
Secondary school or above,35,18,12825,1523.462644574399,25.91578947368421,221.2527615334633,0,2016,p50
Secondary school or above,36,15,9659,1567.7707492148945,101.76001656486179,322.95268661352105,0,2016,p50
Secondary school or above,37,15,10746,1438.0099882126683,141.37353433835847,29.092220361064584,0,2016,p50
Secondary school or above,38,18,11197,1567.325593164836,83.75100473341074,43.98574022803727,150.84397606501742,2016,p50
Secondary school or above,39,10,7073,1608.8208680899195,60.97836844337622,109.21815354163721,1371.4124134030822,2016,p50
Secondary school or above,40,12,9229,1518.9319897424784,87.70722721855022,127.83075089392133,0,2016,p50
Secondary school or above,41,5,7143,1225.1994960100799,143.46913061738766,0,0,2016,p50
Secondary school or above,42,6,2931,1159.6847492323438,22.10849539406346,33.663141134993744,0,2016,p50
Secondary school or above,43,5,4148,2462.7017036322723,0,176.47058823529412,0,2016,p50
Secondary school or above,44,3,3372,2685.70581257414,0,0,0,2016,p50
Secondary school or above,45,4,2884,846.2794729542302,100.03467406380028,1436.3037447988904,0,2016,p50
Secondary school or above,46,7,4016,1788.527141434263,12.5,487.8486055776892,0,2016,p50
Secondary school or above,47,3,1662,1626.8736462093864,0,0,898.9169675090253,2016,p50
Secondary school or above,48,5,2144,1694.7341417910447,18.563432835820894,26.81902985074627,370.1026119402985,2016,p50
Secondary school or above,49,6,2193,1437.9480164158688,2.2891016871865024,290.7736738106095,0,2016,p50
Secondary school or above,50,2,795,715.0943396226415,0,0,0,2016,p50
Secondary school or above,51,2,1443,1799.3485793485793,0,0,0,2016,p50
Secondary school or above,52,2,2426,775.1904369332234,431.8219291014015,2280.2967848309977,0,2016,p50
Secondary school or above,53,4,2179,1049.9311610830657,0,527.3672938656877,417.316811993269,2016,p50
Secondary school or above,54,5,4632,1565.0920768566493,311.2046632124352,325.1295336787565,0,2016,p50
Secondary school or above,55,3,1516,1207.3964379947229,0,1070.2506596306068,0,2016,p50
Secondary school or above,56,4,3524,1429.4438138479002,0,2843.044267877412,0,2016,p50
Secondary school or above,57,2,1457,1418.3253260123543,0,588.137725920842,0,2016,p50
Secondary school or above,58,3,2640,423.0378787878788,0,386.6666666666667,0,2016,p50
Secondary school or above,59,2,773,670.3751617076326,0,0,0,2016,p50
Secondary school or above,60,4,1825,1082.849315068493,0,333.9159817351598,966.5753424657535,2016,p50
Secondary school or above,62,3,2368,723.9315878378378,17.48310810810811,0,2318.412162162162,2016,p50
