education,age,n,weights_total,avg_labor_income,avg_add_labor_income,avg_no_labor_income,avg_remittances,year,sample
At most primary school,16,84,77224,624.4588469905729,145.010229980317,6.639559377050312,0,2021,general
At most primary school,17,87,84220,815.2628750098946,94.8218475421515,2.0781880788411304,9.012111137497032,2021,general
At most primary school,18,93,75043,893.9987207334461,93.42263768772571,0.06651741890205172,56.50626973868315,2021,general
At most primary school,19,76,65399,829.3377013919683,54.80970657043686,0.1643756020734262,0,2021,general
At most primary school,20,106,85248,1216.8987894144145,76.6794528903904,0.058554648398398405,22.78997747747748,2021,general
At most primary school,21,76,62048,1159.8651635293106,18.4853661681279,4.340591155234657,188.04259068248237,2021,general
At most primary school,22,106,98305,1177.577144261906,164.27028126748385,14.55121390909245,10.779960327552006,2021,general
At most primary school,23,74,61350,1005.3378755772887,75.94272208638957,4.812686769899484,0,2021,general
At most primary school,24,105,95185,1533.110378035755,137.69716867153437,17.379664162770744,6.483878762410043,2021,general
At most primary school,25,93,69896,1406.973191122048,63.62301133112052,1.6739512990729084,54.02692571820991,2021,general
At most primary school,26,79,63760,1379.854909033877,103.43961731493098,11.058526767043078,7.120451693851945,2021,general
At most primary school,27,83,71105,1253.1220167358133,68.4038393924478,4.769472376532358,42.0997116939737,2021,general
At most primary school,28,87,74739,1382.0040630282272,131.6800465620359,100.30355637618914,18.59537858413947,2021,general
At most primary school,29,94,80356,1456.4950262996333,118.0501144905172,27.91854891565865,52.35278012842849,2021,general
At most primary school,30,135,115685,1584.705216752388,81.73780524700696,52.04788866318019,36.56633674777773,2021,general
At most primary school,31,76,60398,1342.797697495502,85.3629259246995,58.730255968740686,37.35223020629822,2021,general
At most primary school,32,82,76669,1250.8807862369406,56.60377727634376,37.25435530222993,0,2021,general
At most primary school,33,90,65918,1678.8493279529112,73.58961133529537,96.72787908209189,17.229325323381577,2021,general
At most primary school,34,83,73764,1712.7047927625038,167.46773493845237,301.22676712217344,10.020741825280625,2021,general
At most primary school,35,116,90414,1964.938276520598,113.65196761563475,74.96235833683573,42.94017888085179,2021,general
At most primary school,36,96,81430,1547.5385914282206,115.32259609480535,64.81998853821278,45.54214253551107,2021,general
At most primary school,37,106,83209,1670.50571853205,108.17799757237799,109.28183850304654,269.75379265864666,2021,general
At most primary school,38,110,79362,1886.049549322514,103.14753912451803,29.843827440504693,42.451047100627505,2021,general
At most primary school,39,111,93229,1634.4805282333464,120.06028167201193,19.010983706786515,32.76555578199916,2021,general
At most primary school,40,148,117420,1586.5943621188894,106.86118208141714,14.86419122239255,126.6205359677511,2021,general
At most primary school,41,80,58112,2175.3881441584067,158.2172356828194,18.476964023494858,47.07576174743025,2021,general
At most primary school,42,123,100110,1757.6701212000135,95.31410448506642,43.13370292678054,42.04881963173842,2021,general
At most primary school,43,90,66424,1750.681540808543,111.77127243165121,95.59622024167972,29.83532056686338,2021,general
At most primary school,44,98,77129,1767.992190572504,158.40876972345032,148.28220686555426,11.891765743105706,2021,general
At most primary school,45,121,88447,2237.828100444334,115.10900313181905,27.657241059617625,144.52965052517328,2021,general
At most primary school,46,93,70601,1802.0922862282405,87.86624835342276,151.13840455517627,156.15679664593986,2021,general
At most primary school,47,112,83641,1792.9216253591737,58.69707440131036,29.903974526049826,89.5647947776808,2021,general
At most primary school,48,85,62535,1724.5952293382372,116.05964659790517,20.595932944217907,299.0564643799472,2021,general
At most primary school,49,78,64436,2183.341693049434,79.26035135638463,58.58430587456288,156.4891520268173,2021,general
At most primary school,50,115,89398,1602.839649656592,92.36576880914562,125.25207499049196,91.91493844008443,2021,general
At most primary school,51,78,53233,1709.613497892911,51.001352544474294,114.2856404861646,99.33174910300002,2021,general
At most primary school,52,76,52977,1802.5333226368675,125.36459218151273,78.14897659990814,209.01932285079687,2021,general
At most primary school,53,81,61289,2319.6921579184955,59.418166392011614,162.9130703171314,60.99463198942714,2021,general
At most primary school,54,80,56118,1792.7263830975207,50.89178160305072,78.47838483196122,191.95849222471696,2021,general
At most primary school,55,87,58223,1534.7001585856676,42.40995826391632,29.521895699866608,7.108874499768133,2021,general
At most primary school,56,93,63141,2427.8714147701176,103.70399581888155,66.42342798920933,69.19091134656298,2021,general
At most primary school,57,81,64095,1467.2622149413633,73.86332787268898,67.15480926749356,61.309514522713684,2021,general
At most primary school,58,82,60116,1885.3857375740236,85.25442477876106,151.07334153968992,18.95102801250915,2021,general
At most primary school,59,66,50862,1564.7808940531895,110.56722110809642,235.0385356454721,151.88909860668738,2021,general
At most primary school,60,100,78278,1616.6192693562261,100.12168169856153,161.9977303116244,60.224447907883864,2021,general
At most primary school,61,56,40224,1702.3394159374172,68.33482498011138,25.048851431980903,1007.1999469636701,2021,general
At most primary school,62,65,46436,1654.6302724897348,49.969635627530366,38.473292991070146,112.45618342090906,2021,general
Secondary school or above,16,69,59820,712.8957706452692,40.92828485456369,2.0561685055165495,31.59478435305918,2021,general
Secondary school or above,17,99,74292,665.8646399791813,57.25609756097561,10.506066153376764,0,2021,general
Secondary school or above,18,133,92518,1091.296821519416,72.71136427505999,64.61142696556345,14.78631185282864,2021,general
Secondary school or above,19,141,108514,1384.8441752523486,71.09796892566858,0.5778056287667951,0.7879167665001751,2021,general
Secondary school or above,20,182,117091,1659.1515153456144,84.63844360369285,8.892656139242128,11.081102162705362,2021,general
Secondary school or above,21,199,132311,1948.42084684317,50.92165428422429,7.712258743918999,3.428286385863609,2021,general
Secondary school or above,22,226,145423,2287.6116914105746,86.24980230087401,58.73612381351873,16.360722398336808,2021,general
Secondary school or above,23,209,135129,2150.3461050798373,46.42347682584789,7.730884315481256,5.920022102336779,2021,general
Secondary school or above,24,197,119825,2480.5330815773004,44.981514708950556,15.61555045552542,9.630294179011058,2021,general
Secondary school or above,25,242,152940,2414.5243619502203,61.3280894468419,44.40238001830783,44.26534370777211,2021,general
Secondary school or above,26,180,113506,2618.312694923616,53.08626856730041,41.62851890355282,96.63982520747801,2021,general
Secondary school or above,27,191,117128,2939.762452189058,63.35483402773035,45.15914213510006,28.70656034423878,2021,general
Secondary school or above,28,193,110104,2808.7069323851388,85.40639758773523,37.541324565865,6.757635205502676,2021,general
Secondary school or above,29,150,87272,3035.687486631833,53.670673297277474,51.972091086870165,67.58295902465854,2021,general
Secondary school or above,30,216,117021,3143.620630057853,37.53894600114509,56.739445626568454,40.28336794250605,2021,general
Secondary school or above,31,152,98793,2931.4019566163593,67.15342180113976,43.234726481970725,16.84329861427429,2021,general
Secondary school or above,32,164,94775,3259.356538292447,50.34914270640992,36.422755649344936,89.97559131275828,2021,general
Secondary school or above,33,157,86279,4080.1781497622055,52.238285098343745,135.84244138202808,10.242160123939005,2021,general
Secondary school or above,34,137,76046,3490.0567989550186,73.01257133840045,40.42180609981678,3.898955895116114,2021,general
Secondary school or above,35,147,81650,3888.7182486221677,104.87905695039804,33.382363747703614,34.116146152275974,2021,general
Secondary school or above,36,131,79648,3280.2683139145574,40.33516221374046,98.51497631244142,90.15187659033079,2021,general
Secondary school or above,37,111,63982,4067.2285069759205,88.421665468413,67.20541193877445,202.50278724224523,2021,general
Secondary school or above,38,152,83662,4266.50344043094,91.18379909636394,194.34052098523424,77.38718494258644,2021,general
Secondary school or above,39,118,64127,3711.6547099245768,76.8177210847225,71.15071134883382,21.271851170333868,2021,general
Secondary school or above,40,134,74578,3986.4031550859504,74.34504813752045,46.99688022383724,50.06022777047744,2021,general
Secondary school or above,41,108,58496,3901.1242677561995,76.25444474835886,72.6335988785558,199.91908278628736,2021,general
Secondary school or above,42,119,71622,4166.169126339207,94.301401803915,116.0317360587529,21.90714212579003,2021,general
Secondary school or above,43,101,57503,4249.974812908312,55.389979653235486,16.566092203885013,26.268658446805674,2021,general
Secondary school or above,44,63,31605,4315.80276063914,104.09650371776618,95.58086800611719,31.028845646785847,2021,general
Secondary school or above,45,94,45875,4738.894205267938,30.83433242506812,139.9591280653951,150.79019073569484,2021,general
Secondary school or above,46,69,38592,6726.514502142068,63.51575456053068,348.04804104477614,26.72401879491432,2021,general
Secondary school or above,47,61,31014,4811.700602953505,129.52279615657446,179.04037961350787,6.2552395692268,2021,general
Secondary school or above,48,79,46533,4720.36781065767,90.8396191949799,130.00379658880078,291.3761273361557,2021,general
Secondary school or above,49,48,27967,4943.590690218234,60.040047198483926,118.84482902468386,120.99974970500948,2021,general
Secondary school or above,50,74,44149,4313.274849562466,114.82207977530635,37.94800939243622,0,2021,general
Secondary school or above,51,44,27364,4792.827199970765,60.672416313404476,120.24923256833796,10.198314086634507,2021,general
Secondary school or above,52,54,29363,4018.3631100364405,27.429077410346355,172.66344265458798,80.62527670878316,2021,general
Secondary school or above,53,56,24059,5991.656625379276,42.56702273577456,621.7250647713261,8.887041578342131,2021,general
Secondary school or above,54,50,23371,3860.9957996377275,73.64169269607633,658.3258454209633,0,2021,general
Secondary school or above,55,43,18696,5058.221009841677,52.366816431322206,385.4778205676794,36.7921837113108,2021,general
Secondary school or above,56,37,17276,4952.178841552829,24.451261866172725,790.9832522960562,0,2021,general
Secondary school or above,57,36,21568,3850.556302546983,13.219816394658753,618.5313118199801,56.625494559841734,2021,general
Secondary school or above,58,43,21418,5259.699738537679,37.31907741152302,389.9407040806798,0,2021,general
Secondary school or above,59,31,15955,5909.740050141022,6.537135694139768,506.9382638671263,0.6518332811031025,2021,general
Secondary school or above,60,41,18037,6026.178623570068,134.73388035704386,496.8827964739147,47.70194599988912,2021,general
Secondary school or above,61,19,8698,3146.4934467693724,16.952172913313404,93.77634705296238,0,2021,general
Secondary school or above,62,23,11050,5212.441176470588,15.990950226244344,665.7496229260935,22.307692307692307,2021,general
At most primary school,16,57,51665,710.7066679570308,27.367657021194233,0.6645375657279268,0,2021,males
At most primary school,17,58,54044,1010.6922014161302,78.69506328177042,0.9405916167073741,0,2021,males
At most primary school,18,65,51884,1019.9226351090895,58.64621077788914,0.09620820805386375,2.320561252023745,2021,males
At most primary school,19,57,46926,977.3133515179929,76.38622512040233,0.22908408984358353,0,2021,males
At most primary school,20,68,53686,1563.9644600081958,53.24665648399955,0.09297892684622931,16.741794881347094,2021,males
At most primary school,21,46,38939,1408.8793668729722,24.247669431675185,1.6044325740260408,1.3825042587979488,2021,males
At most primary school,22,59,55561,1445.594742715214,134.09927827072946,5.250985403430464,0,2021,males
At most primary school,23,51,43150,1233.2278949401314,105.9968945538818,6.842603321745847,0,2021,males
At most primary school,24,73,64685,1723.3400530777355,137.92270232665996,25.574450542372006,8.242529179871687,2021,males
At most primary school,25,55,40768,1743.4257015306123,81.90134419152277,1.6358827184720044,0,2021,males
At most primary school,26,43,32109,1894.0830400614575,129.46681615746363,0,14.139337880345074,2021,males
At most primary school,27,49,42952,1683.88433600298,73.56071894207487,4.4080213571739,15.8223132799404,2021,males
At most primary school,28,59,52040,1582.0865039713042,119.24375480399692,38.050938380732774,10.791698693312837,2021,males
At most primary school,29,54,45907,1853.0432468541471,84.37003071427016,32.04032064826715,0,2021,males
At most primary school,30,84,73752,2010.4668980728204,115.88832845210977,18.319051234768775,30.08957949162961,2021,males
At most primary school,31,42,33351,1698.69505162264,85.77883721627538,35.72176746324448,0,2021,males
At most primary school,32,50,51214,1550.5553624659922,74.42127152731675,51.68996758698793,0,2021,males
At most primary school,33,53,36721,2362.804889118851,47.318155823643146,170.76060020151957,7.828399734938229,2021,males
At most primary school,34,54,51937,2046.6162594425298,217.33484798890964,396.3128325342883,6.1020082022450275,2021,males
At most primary school,35,67,54890,2543.026683670371,137.0248314811441,62.03476650270237,14.290277524746461,2021,males
At most primary school,36,54,44954,2112.3744828046447,111.83220625528318,3.190112856104759,0,2021,males
At most primary school,37,57,49421,2101.2074421804496,110.87551850427955,2.4432933368406142,32.02417325968043,2021,males
At most primary school,38,65,44421,2599.821848525097,137.94252718308908,4.3729317214830825,15.645753134778596,2021,males
At most primary school,39,57,49584,2053.8526305528662,78.96236689254599,31.928646337528235,17.929170700225878,2021,males
At most primary school,40,75,62600,2038.166288604899,166.5982428115016,0.4399627263045793,17.985090521831737,2021,males
At most primary school,41,53,40744,2521.6002969762417,95.70881602199097,23.75973558478958,3.035211728516264,2021,males
At most primary school,42,72,60851,2355.1365603413806,110.37312451726348,49.02683056427449,0,2021,males
At most primary school,43,46,38579,2321.475673293761,121.59464993908603,24.24084346406076,37.94378634317461,2021,males
At most primary school,44,55,45766,2369.712406590045,191.75632565660098,138.12191364768606,2.3423502163177905,2021,males
At most primary school,45,67,50574,3132.6301261517774,123.76687626052913,8.777566865714926,91.19053268477874,2021,males
At most primary school,46,55,39348,2239.808906001152,94.06996543661685,25.80150198231168,249.82591237165803,2021,males
At most primary school,47,67,55175,1962.8563238181544,75.37439057544178,42.4322609877662,9.812517746563962,2021,males
At most primary school,48,47,37255,1969.211211023129,173.27016507851295,33.886055563011674,346.7252717756006,2021,males
At most primary school,49,44,37951,2981.0303197983367,110.29248241153066,83.09838124599264,72.93615451503254,2021,males
At most primary school,50,71,56040,2013.3088210801807,68.01525695931477,172.52810492505353,86.09942303116821,2021,males
At most primary school,51,45,28116,2192.246419595011,89.04982927870252,166.98676909944516,68.46753924218713,2021,males
At most primary school,52,46,35961,2061.913192996116,146.84213453463474,50.77134488288238,251.88398542865883,2021,males
At most primary school,53,55,44130,2249.321572626331,62.33084069793791,200.62920160132938,0,2021,males
At most primary school,54,48,36974,2334.549931483385,54.38537891491318,113.1209318259678,289.0768287625539,2021,males
At most primary school,55,49,35920,1788.6542873051226,51.09033964365256,33.73886414253897,11.5228285077951,2021,males
At most primary school,56,59,43245,3042.905229891702,86.54165799514395,60.032373684819056,46.52560989709793,2021,males
At most primary school,57,46,40448,1831.5135894646626,104.96489319620254,58.97675204377638,37.508241033755276,2021,males
At most primary school,58,60,44934,2127.340447471106,94.80693906618596,150.95009717956708,22.79699114256465,2021,males
At most primary school,59,51,39250,1584.6562845010615,61.93732484076433,271.9251804670913,43.529936305732484,2021,males
At most primary school,60,66,53578,1967.5177280475816,83.48659897719213,225.07123570619785,53.00797591051054,2021,males
At most primary school,61,35,27058,2133.818562593934,57.15869613423017,2.8737649986448868,1466.7997141942,2021,males
At most primary school,62,44,32322,1959.7219437741064,41.244044304189096,27.15268753996246,136.15386836623145,2021,males
Secondary school or above,16,48,46907,741.4782441853029,48.52857782420534,2.6222099047050547,40.29249365766304,2021,males
Secondary school or above,17,68,52963,723.6248576049948,3.7913260200517342,0.7036358715833066,0,2021,males
Secondary school or above,18,86,59250,1260.4442222222224,48.64506329113924,13.836286919831224,23.088607594936708,2021,males
Secondary school or above,19,90,76483,1482.815586470196,43.48554580756508,0.8197900186969653,1.1178954800413163,2021,males
Secondary school or above,20,119,77598,1762.6014319527135,22.744400628882186,1.8524961983556276,16.720757407836974,2021,males
Secondary school or above,21,116,80235,2109.1756901601548,50.006543279117594,10.41627718576681,5.6533931575995515,2021,males
Secondary school or above,22,136,87806,2596.9296365472364,82.2087328884131,26.218310821583945,19.540426242701713,2021,males
Secondary school or above,23,125,92663,2255.0693300814064,47.8235110022339,3.9803733241243355,8.633075409458646,2021,males
Secondary school or above,24,121,78016,2842.802072651764,33.58490566037736,23.436004580257045,0,2021,males
Secondary school or above,25,151,97776,2581.858630100093,73.59452217313041,30.300550919107625,53.38162398407244,2021,males
Secondary school or above,26,116,74371,2821.31964296119,48.23681273614715,61.601856458386564,98.36450587818729,2021,males
Secondary school or above,27,125,80589,3283.6583342639815,77.93092109344948,54.73493073910005,7.296281130179056,2021,males
Secondary school or above,28,122,74144,3020.5772179812257,106.6387839879154,37.0156946842181,8.688623939001584,2021,males
Secondary school or above,29,90,52618,3183.256806922853,72.43998251548899,25.108169574416866,6.066365122201528,2021,males
Secondary school or above,30,121,65943,3553.7014631323013,39.288703880624176,81.03180019107411,27.871545627789654,2021,males
Secondary school or above,31,91,60369,3379.4123556792392,89.19690569663237,29.581821795954877,1.7702242320837958,2021,males
Secondary school or above,32,88,54792,3418.170297062831,75.41100890640969,30.09198423127464,0,2021,males
Secondary school or above,33,94,56460,4211.365412091156,70.13101310662415,50.567363325067895,6.83699374188216,2021,males
Secondary school or above,34,78,44899,3763.1370297779463,82.50571282211185,49.49256479357372,6.6037105503463325,2021,males
Secondary school or above,35,84,45450,3928.825922258892,150.63641364136413,27.407480748074807,24.207920792079207,2021,males
Secondary school or above,36,70,45065,3552.91162395059,69.99312104737601,26.841784089648286,19.65309367949998,2021,males
Secondary school or above,37,69,42096,4228.441676960599,126.68175123527176,23.102828455593563,64.8525592296972,2021,males
Secondary school or above,38,89,44893,4527.129990570171,64.87122714008865,197.82408541791963,7.626281751423756,2021,males
Secondary school or above,39,62,30790,4430.091801991989,116.0060084443001,63.66401429035401,0,2021,males
Secondary school or above,40,78,45452,4442.400297750008,115.6275851447681,45.351873038223474,8.25046202587345,2021,males
Secondary school or above,41,68,35055,4203.299125184235,74.82113821138212,77.56573004326535,22.978177150192554,2021,males
Secondary school or above,42,71,42650,4511.665959359125,140.10070339976554,163.18855021492772,15.084017194216491,2021,males
Secondary school or above,43,62,36733,4686.69649906079,76.16285084256663,11.44021270610441,41.12178876396338,2021,males
Secondary school or above,44,36,18898,5264.709660634283,162.40713302995027,121.15744170458956,0,2021,males
Secondary school or above,45,54,25608,5382.612458346351,39.259020618556704,196.28045923149017,7.673383317713214,2021,males
Secondary school or above,46,40,20058,8403.71657194137,97.91903479908267,468.3592581513611,51.417555754977236,2021,males
Secondary school or above,47,38,21066,5036.361356372036,173.06180575334662,155.01637710054115,9.209152188360392,2021,males
Secondary school or above,48,52,34285,5397.010597443003,117.24485926790142,45.1013562782558,289.4175295318652,2021,males
Secondary school or above,49,25,13785,4694.3743199129485,62.75661951396445,125.97267561358964,0,2021,males
Secondary school or above,50,52,32928,3854.624979753806,153.95043731778426,50.87969711694202,0,2021,males
Secondary school or above,51,27,17599,4970.283974468247,67.48906187851583,14.318995397465764,0,2021,males
Secondary school or above,52,36,18541,4605.00355967855,19.952537619330133,266.21631339553784,67.1484817431638,2021,males
Secondary school or above,53,33,14348,7119.288843973608,64.07861722888208,1021.4199423845369,14.901960784313726,2021,males
Secondary school or above,54,29,14445,4429.874777893157,93.6393215645552,835.5532479520018,0,2021,males
Secondary school or above,55,23,10186,4246.057497218404,88.3123895542902,252.3784279075856,67.53059755219581,2021,males
Secondary school or above,56,23,11121,4743.767796660972,35.129035158708746,943.5632287264336,0,2021,males
Secondary school or above,57,18,10775,4281.896983758701,21.392111368909514,939.396751740139,33.84674400618716,2021,males
Secondary school or above,58,29,13336,5929.375099980004,30.619376124775044,142.94766046790642,0,2021,males
Secondary school or above,59,21,11271,6257.651494987135,0,715.7661254547068,0,2021,males
Secondary school or above,60,26,12604,5369.918319581086,32.83203744842907,711.0659314503332,68.2640431609013,2021,males
Secondary school or above,61,17,7912,3277.0728008088977,18.636248736097066,103.09234917425009,0,2021,males
Secondary school or above,62,16,6643,5438.34236539716,26.599427969290982,1081.6322946459932,0,2021,males
At most primary school,16,27,25559,450.11737548417386,382.8130991040338,18.71747720959349,0,2021,females
At most primary school,17,29,30176,465.25682661717923,123.70426829268293,4.115577500883705,25.152439024390244,2021,females
At most primary school,18,28,23159,611.8865235977374,171.33360680512976,0,177.90060019862688,2021,females
At most primary school,19,19,18473,453.44286255616305,0,0,0,2021,females
At most primary school,20,38,31562,626.550662188708,116.53792535327293,0,33.07775172676003,2021,females
At most primary school,21,30,23109,740.2726210567312,8.77580163572634,8.951058029339219,502.567542227415,2021,females
At most primary school,22,47,42744,829.1931421174121,203.48820887142054,26.640161972050656,24.792345124461914,2021,females
At most primary school,23,23,18200,465.0381868131868,4.687912087912088,0,0,2021,females
At most primary school,24,32,30500,1129.6675409836066,137.2188524590164,0,2.7540983606557377,2021,females
At most primary school,25,38,29128,936.0690458207453,38.04037352375721,1.7272326741737618,129.6438478439989,2021,females
At most primary school,26,36,31651,858.1857339947132,77.0357966572936,22.27707392078186,0,2021,females
At most primary school,27,34,28153,595.9237381451355,60.536177316804604,5.320924945831705,82.19017511455262,2021,females
At most primary school,28,28,22699,923.2926560641438,160.19163839816733,243.02465600540407,36.4861888188907,2021,females
At most primary school,29,40,34449,928.0518447560162,162.93245086940115,22.42584448508423,122.11849400563152,2021,females
At most primary school,30,51,41933,835.8731388961758,21.673669901986504,111.3703606546952,47.95769441728471,2021,females
At most primary school,31,34,27047,903.9492981353447,84.85007579398824,87.10146535043937,83.41035974414908,2021,females
At most primary school,32,32,25455,647.9527270346364,20.756000785700255,8.21073135598769,0,2021,females
At most primary school,33,37,29197,818.6399858432944,106.63116073569202,3.6170953636789167,29.052847895331713,2021,females
At most primary school,34,29,21827,918.1677585864602,48.80973106702708,74.97098394954261,19.34530627204838,2021,females
At most primary school,35,49,35524,1071.7034868445744,77.53732687760387,94.93746012085727,87.20864767481139,2021,females
At most primary school,36,42,36476,851.4197006250686,119.624246079614,140.77429908250173,101.66949957963226,2021,females
At most primary school,37,49,33788,1040.5273272562251,104.23239019770332,265.55234106783473,617.4759283374768,2021,females
At most primary school,38,45,34941,978.6204745141811,58.91216622306173,62.22534653654256,76.52900603875104,2021,females
At most primary school,39,54,43645,1158.042303433001,166.75060144346432,4.335548172757475,49.62080421583228,2021,females
At most primary school,40,73,54820,1070.935795938222,38.646296971908065,31.335491912927157,250.67341602821352,2021,females
At most primary school,41,27,17368,1363.2009058805465,304.8572086596039,6.083985874405036,150.39152464302165,2021,females
At most primary school,42,51,39259,831.6039888942663,71.97279604676635,33.99942263769666,107.22400808307223,2021,females
At most primary school,43,44,27845,959.8513437481296,98.16107021009158,194.45846052552824,18.601113305799963,2021,females
At most primary school,44,43,31363,889.9407475900477,109.74683544303798,163.1084664519763,25.82661097471543,2021,females
At most primary school,45,54,37873,1042.9473767591687,103.54764608032107,52.868358285145966,215.75644918543554,2021,females
At most primary school,46,38,31253,1251.0004372913534,80.05567465523309,308.9394618116661,38.22596230761847,2021,females
At most primary school,47,45,28466,1463.5410665355162,26.371811986229186,5.620681983184618,244.14681842666104,2021,females
At most primary school,48,38,25280,1364.1059731012658,31.74881329113924,1.0103507383966244,228.8071993670886,2021,females
At most primary school,49,34,26485,1040.314278522434,34.79365678686049,23.457491661947014,276.2142722295639,2021,females
At most primary school,50,44,33358,913.2691608209925,133.27357755261107,45.830385514719104,101.6847532825709,2021,females
At most primary school,51,33,25117,1169.353625034837,8.409841939722101,55.291933750049765,133.8811827314833,2021,females
At most primary school,52,30,17016,1254.3692700987306,79.97472966619652,136.0078749412318,118.43069268139789,2021,females
At most primary school,53,26,17159,2500.673213279717,51.92726848883967,65.91366046972435,217.86234629057637,2021,females
At most primary school,54,32,19144,746.2688048474718,44.14437944003343,11.571075358685054,4.387797743418304,2021,females
At most primary school,55,38,22303,1125.6954370861915,28.429807649195176,22.730275448743814,0,2021,females
At most primary school,56,34,19896,1091.0631450207745,141.00723763570568,80.31471987669214,118.4551333601394,2021,females
At most primary school,57,35,23647,844.2132194358693,20.66435488645494,81.14330922879576,102.02139806317926,2021,females
At most primary school,58,22,15182,1169.275018662451,56.98195231194836,151.43810652966232,7.568172836253458,2021,females
At most primary school,59,15,11612,1497.5996095992652,274.94230106786085,110.35710184866231,518.1565047651854,2021,females
At most primary school,60,34,24700,855.4679487179486,136.20566801619432,25.18184885290148,75.87805668016195,2021,females
At most primary school,61,21,13166,815.5884854929363,91.30335713200668,70.62180363562712,62.657147197326445,2021,females
At most primary school,62,21,14114,955.9500259789334,69.9518208870625,64.39823343252563,58.18690661754287,2021,females
Secondary school or above,16,21,12913,609.0687679083095,13.319910168047704,0,0,2021,females
Secondary school or above,17,31,21329,522.437643583853,190.01687842843077,34.84692203103756,0,2021,females
Secondary school or above,18,47,33268,790.0468668590438,115.57322351809546,155.04148130335457,0,2021,females
Secondary school or above,19,51,32031,1150.9099414109248,137.03037682245323,0,0,2021,females
Secondary school or above,20,63,39493,1455.887477949679,206.2512343959689,22.725546299344188,0,2021,females
Secondary school or above,21,83,52076,1700.7412083621375,52.33159228819418,3.5460992907801416,0,2021,females
Secondary school or above,22,90,57617,1816.2235335635894,92.4082302098339,108.29196822697006,11.514981110898981,2021,females
Secondary school or above,23,84,42466,1921.8346324118118,43.36853011821222,15.914692538344402,0,2021,females
Secondary school or above,24,76,41809,1804.5356263005574,66.24769786409625,1.0225071156927934,27.600516635174245,2021,females
Secondary school or above,25,91,55164,2117.9310147922556,39.58632441447321,69.39731225678582,28.107098832571968,2021,females
Secondary school or above,26,64,39135,2232.524277075082,62.30203142966654,3.6717771815510414,93.36229291767812,2021,females
Secondary school or above,27,66,36539,2181.2790443088206,31.20638222173568,24.039154510705455,75.9282410575002,2021,females
Secondary school or above,28,71,35960,2371.862926399703,41.62847608453838,38.62509269558769,2.7762328513162773,2021,females
Secondary school or above,29,60,34654,2811.620928800908,25.171697350955156,92.76177834208653,160.98863046113001,2021,females
Secondary school or above,30,95,51078,2614.195821423444,35.27996397666314,25.377396661315377,56.30734693344819,2021,females
Secondary school or above,31,61,38424,2227.5205340412244,32.52029981261711,64.6851794017628,40.52501908529391,2021,females
Secondary school or above,32,76,39983,3041.720956406473,16.004802040867368,45.098333458386485,213.2765592043285,2021,females
Secondary school or above,33,63,29819,3831.785083895056,18.35977061605017,297.30429144728754,16.68958270453961,2021,females
Secondary school or above,34,59,31147,3096.4063901285303,59.32802517096349,27.34613285388641,0,2021,females
Secondary school or above,35,63,36200,3838.3620672191532,47.42955801104972,40.88397790055249,46.55616942909761,2021,females
Secondary school or above,36,61,34583,2924.987662531687,1.6879680768007403,191.9120907189467,182.01862186623487,2021,females
Secondary school or above,37,42,21886,3757.147651466691,14.831399067897285,152.03326327332542,467.2621767339852,2021,females
Secondary school or above,38,63,38769,3964.7079926401675,121.65273801232944,190.3066883334623,158.16760814052464,2021,females
Secondary school or above,39,56,33337,3048.107358190599,40.623481417044125,78.06541280459149,40.91849896511384,2021,females
Secondary school or above,40,56,29126,3274.8058836320356,9.922406097644716,49.56396346906544,115.30562613014717,2021,females
Secondary school or above,41,40,23441,3449.234859149922,78.39789258137452,65.2578103892041,464.5265418142002,2021,females
Secondary school or above,42,48,28972,3657.559436697501,26.879745961618113,46.61167103870404,31.951539417368494,2021,females
Secondary school or above,43,39,20770,3477.606122612743,18.651901781415503,25.63151982025357,0,2021,females
Secondary school or above,44,27,12707,2904.5772474489127,17.376249311403164,57.54308648776265,77.17531019647963,2021,females
Secondary school or above,45,40,20267,3925.5356902024637,20.189470567918292,68.79533231361326,331.62283515073767,2021,females
Secondary school or above,46,29,18534,4911.400705010611,26.283586921333765,217.84396244739395,0,2021,females
Secondary school or above,47,23,9948,4335.956389894116,37.324085243264975,229.91388553813164,0,2021,females
Secondary school or above,48,27,12248,2826.287312214239,16.925212279555847,367.6654691922491,296.85869801872417,2021,females
Secondary school or above,49,23,14182,5185.830689136464,57.399520518967705,111.91651389084755,238.61232548300663,2021,females
Secondary school or above,50,22,11221,5659.1818910970505,0,0,0,2021,females
Secondary school or above,51,17,9765,4473.005205666496,48.38709677419355,311.1623143881208,28.57825567502987,2021,females
Secondary school or above,52,18,10822,3013.290057290704,40.238403252633525,12.382184439105526,103.71465533173166,2021,females
Secondary school or above,53,23,9711,4325.580312703806,10.783647410153435,31.175985995263105,0,2021,females
Secondary school or above,54,21,8926,2940.375494809172,41.27940846963926,371.5176637538278,0,2021,females
Secondary school or above,55,20,8510,6030.335879357619,9.341950646298473,544.7904426165296,0,2021,females
Secondary school or above,56,14,6155,5328.740861088547,5.158407798537774,515.298131600325,0,2021,females
Secondary school or above,57,18,10793,3419.934988727262,5.061150745853794,298.2009944717255,79.36625590660613,2021,females
Secondary school or above,58,14,8082,4154.677390084962,48.374164810690424,797.5006186587478,0,2021,females
Secondary school or above,59,10,4684,5072.5688514090525,22.26729291204099,4.44064901793339,2.220324508966695,2021,females
Secondary school or above,60,15,5433,7548.634885575802,371.135652494018,0,0,2021,females
Secondary school or above,61,2,786,1832.0610687022902,0,0,0,2021,females
Secondary school or above,62,7,4407,4871.923455109296,0,38.85863399137735,55.933741774449736,2021,females
At most primary school,16,30,12275,539.3971486761711,93.95519348268839,2.797012898845893,0,2021,urban
At most primary school,17,26,11147,1168.9557130468586,96.11070243114739,0,0,2021,urban
At most primary school,18,41,17528,1171.7480602464627,110.23647877681424,0,241.92149703331813,2021,urban
At most primary school,19,31,13759,985.7684667005839,121.88022385347773,0,0,2021,urban
At most primary school,20,52,21290,1237.365194927196,114.9835603569751,0,0,2021,urban
At most primary school,21,43,21295,1252.598966893637,20.356891289034984,9.71354778116929,2.5279799639978084,2021,urban
At most primary school,22,41,18374,1476.7273955952253,42.21454228801567,0.8689815318747506,0,2021,urban
At most primary school,23,31,13583,1553.3952980441236,64.23367444599867,0.8368303516650716,0,2021,urban
At most primary school,24,49,22297,1591.7498617153278,32.00094183073956,0,3.767322958245504,2021,urban
At most primary school,25,51,22526,1920.3519266625233,30.670336500044392,4.48481754417118,0,2021,urban
At most primary school,26,36,14870,1706.0729657027573,50.61600537995965,21.84263618022865,30.531271015467382,2021,urban
At most primary school,27,38,17023,1393.4236033601599,120.94842272219938,7.303843819146644,23.43887681372261,2021,urban
At most primary school,28,39,18285,1586.6301157597302,254.0557834290402,19.127016680339075,32.82471971561389,2021,urban
At most primary school,29,43,20950,2040.2595385839302,120.99474940334129,28.162291169451073,26.021957040572794,2021,urban
At most primary school,30,65,29549,1390.9204033977462,71.33628887610409,4.083612530598892,13.131070425395107,2021,urban
At most primary school,31,36,16080,1691.4755182421227,90.89490049751244,13.853648424543946,0,2021,urban
At most primary school,32,37,16176,1562.567919551599,54.65900098911968,1.3301599076821629,0,2021,urban
At most primary school,33,51,22041,1811.522768174463,102.86193911347036,244.60097091783496,13.042360449465392,2021,urban
At most primary school,34,34,16243,1640.8395000923474,78.05547004863634,27.815058794557654,25.995813581234994,2021,urban
At most primary school,35,66,30850,3307.9851107509458,108.72223662884927,114.91237169097785,19.01329011345219,2021,urban
At most primary school,36,43,19011,2395.6128469482583,149.43243385408448,10.061280311398663,6.98700752196097,2021,urban
At most primary school,37,53,24812,2017.2059756032027,86.49137514106077,4.631629856521038,0,2021,urban
At most primary school,38,66,29555,3093.530085151977,57.402808323464726,16.531086110641176,23.515479614278465,2021,urban
At most primary school,39,55,24781,1877.5756493550166,58.80836124450184,10.025489958704922,29.10697711956741,2021,urban
At most primary school,40,80,34831,1693.2512799900474,91.40435244466137,24.57233977395615,41.993243566554696,2021,urban
At most primary school,41,45,19116,2694.352575503941,83.53368905628793,8.868225570202972,6.469275301667015,2021,urban
At most primary school,42,61,29164,1556.5928656334295,84.16729529556989,7.40896310519819,24.32784711745074,2021,urban
At most primary school,43,51,22094,2151.7218400168977,130.44831175884855,132.72928547720346,2.5979904046347424,2021,urban
At most primary school,44,52,24276,1519.5466304168726,148.33910034602076,32.05480721700445,33.36628769154721,2021,urban
At most primary school,45,68,32274,2228.182820020243,115.43288715374605,38.70840304889385,21.60544091218938,2021,urban
At most primary school,46,52,22561,1800.3059778674112,36.31222020300519,83.19518933853405,11.192618530502491,2021,urban
At most primary school,47,67,30174,1890.5515012925034,56.206734274541,50.97401736594419,157.09846225227017,2021,urban
At most primary school,48,48,19523,1943.8017039730914,61.99764380474312,8.195461763048712,732.5076064129488,2021,urban
At most primary school,49,42,19210,2326.05483255249,76.0546590317543,16.1721325698421,137.756376887038,2021,urban
At most primary school,50,64,29444,1982.9574446406739,87.79819318027442,316.9777090974958,75.63550015849297,2021,urban
At most primary school,51,48,21273,1910.1070840972125,33.745593005217884,229.8805998213698,161.94025290274055,2021,urban
At most primary school,52,47,19014,2133.2946688405036,81.5472809508783,127.14491076750465,65.71298341572876,2021,urban
At most primary school,53,51,23569,3306.603759175188,58.874793160507444,21.244537315965886,55.432984004412575,2021,urban
At most primary school,54,51,23436,1782.1442225635774,18.9010496671787,125.77942766114809,35.145075951527566,2021,urban
At most primary school,55,55,21377,1978.625594486286,39.234925387098286,73.07932201275514,7.999251532020396,2021,urban
At most primary school,56,62,27540,2242.040050835149,70.7164124909223,103.68070685064149,67.8921568627451,2021,urban
At most primary school,57,45,21361,2347.9992509713966,43.60048686859229,48.35740367960302,51.36151553454114,2021,urban
At most primary school,58,52,23137,1755.7225079598334,32.643385054242124,82.59065565976574,18.822664995461814,2021,urban
At most primary school,59,35,14994,1669.1332199546484,63.269307723089234,115.20719398870659,22.948068116135342,2021,urban
At most primary school,60,53,24955,2070.4605022373607,91.02023642556603,53.16703399452347,71.50957056034194,2021,urban
At most primary school,61,33,13109,1550.95262796552,124.7577999847433,2.8585958756070893,65.14608284384774,2021,urban
At most primary school,62,41,18758,2524.6652095106087,24.067064719053203,62.61328499840068,43.78131997014607,2021,urban
Secondary school or above,16,31,13333,519.4082352058801,17.998199954998874,9.225230630765768,141.75354383859596,2021,urban
Secondary school or above,17,62,27279,742.7837652895389,36.63440741962682,23.570023339076457,0,2021,urban
Secondary school or above,18,83,35292,1447.678208470286,38.16558993539612,39.336204616721446,0,2021,urban
Secondary school or above,19,85,37123,1815.1493189307619,105.10195835465883,1.6889798777038494,2.303154378687067,2021,urban
Secondary school or above,20,129,54942,2194.448427432565,68.37301153944159,18.951803720286847,23.615764503173047,2021,urban
Secondary school or above,21,146,67922,2395.9271909935906,56.17944112364182,7.794479942679347,6.6782485792526725,2021,urban
Secondary school or above,22,159,68678,2202.915125658872,53.00911500043682,31.424789112476585,23.961462671209606,2021,urban
Secondary school or above,23,152,67212,2253.608056101093,45.21183717193358,4.6018568112836995,11.902140490785374,2021,urban
Secondary school or above,24,145,62641,2836.7601624069434,61.47459331747577,0.9067543621589693,18.42164077840392,2021,urban
Secondary school or above,25,182,81901,2731.1831957688755,53.9834434255992,66.57020874795994,55.560676914811786,2021,urban
Secondary school or above,26,137,58552,2969.6230259712165,85.43807214100286,0.8696543243612516,47.96420275993988,2021,urban
Secondary school or above,27,148,66736,3318.2008860784786,66.11821205945816,50.97373731319428,33.09820786382163,2021,urban
Secondary school or above,28,150,62786,3500.562934677582,78.21402860510305,47.18355472026673,4.248293143906816,2021,urban
Secondary school or above,29,119,51891,3272.3888696177246,42.41847333834384,33.24918258143673,41.12851939642712,2021,urban
Secondary school or above,30,183,78972,3650.862779423931,42.72533302942815,63.39483192355097,36.45384862145233,2021,urban
Secondary school or above,31,116,51622,3668.8349056603774,55.277304250125916,38.24009143388478,16.240491779990442,2021,urban
Secondary school or above,32,128,55198,3787.243609369905,40.634986774883146,50.124400642535356,29.861045690061236,2021,urban
Secondary school or above,33,129,54441,4371.687801167012,23.197718631178706,215.28535478775188,9.644997948849825,2021,urban
Secondary school or above,34,110,46222,3792.4908016384697,56.07827441478084,55.74257568546003,6.414694301414911,2021,urban
Secondary school or above,35,123,54709,4043.5212670675755,72.95975068087517,44.6422587386597,1.3754592480213492,2021,urban
Secondary school or above,36,106,45932,4054.9403030566923,35.973068884437865,134.46598595024528,77.37887892246509,2021,urban
Secondary school or above,37,90,39563,4570.6890950298675,92.94049996208578,105.43268542156392,313.85469588588666,2021,urban
Secondary school or above,38,132,56868,4347.92360964573,99.85044313146233,251.90939251131275,6.020374668823709,2021,urban
Secondary school or above,39,102,44859,4404.662570498674,84.68690786687175,86.49672678095068,30.40861365612252,2021,urban
Secondary school or above,40,116,51486,4199.786760802289,62.12552927009284,60.13803105051211,72.51275427624337,2021,urban
Secondary school or above,41,94,39273,4290.811121296225,44.27214625824358,105.51205662923637,21.85895313998591,2021,urban
Secondary school or above,42,99,43646,4672.680279979838,93.77147963158136,90.22819960592035,31.474438283767892,2021,urban
Secondary school or above,43,87,39964,4716.151244453342,60.9390951856671,17.263870817068693,37.797184132385816,2021,urban
Secondary school or above,44,57,22723,4353.589589842891,128.00818553888132,132.94165969869002,43.1574469333568,2021,urban
Secondary school or above,45,90,40305,5177.94764917504,35.09552164743828,159.3009552164744,171.6288301699541,2021,urban
Secondary school or above,46,58,24775,6361.812297342751,44.76932391523714,447.4463504877228,41.627985200134546,2021,urban
Secondary school or above,47,55,24513,4740.250717306463,161.343776771509,187.36010824188526,7.914167992493779,2021,urban
Secondary school or above,48,65,26714,4559.403633550448,92.41072097027775,71.7869531581443,140.66052756357465,2021,urban
Secondary school or above,49,42,20123,4834.2676290811505,83.44382050390101,97.90455366164753,0,2021,urban
Secondary school or above,50,61,28851,5028.567929476737,63.28654119441267,58.06962208126813,0,2021,urban
Secondary school or above,51,35,16654,4881.9496917657425,54.413354149153356,182.44866098234658,16.756735118690205,2021,urban
Secondary school or above,52,46,18899,5369.0947933753105,11.892692735065348,213.8781593382366,0,2021,urban
Secondary school or above,53,55,23237,6097.485335886732,44.072814907259975,643.7183514796805,9.201417279912784,2021,urban
Secondary school or above,54,45,18751,4139.992507066289,49.713615273852064,786.4682772474357,0,2021,urban
Secondary school or above,55,41,16966,5466.397500884121,42.98891901449959,403.3769499783882,40.54383276356634,2021,urban
Secondary school or above,56,34,14265,5461.418974179227,22.006309148264986,894.5549713751608,0,2021,urban
Secondary school or above,57,30,13087,4097.960189501032,21.786887751203484,315.82868495453505,12.60793153511118,2021,urban
Secondary school or above,58,41,18832,5599.020231520815,34.459430756159726,443.4871495327103,0,2021,urban
Secondary school or above,59,28,12779,5728.531379607168,8.161827999060959,632.9290241802958,0.8138351983723296,2021,urban
Secondary school or above,60,38,15096,6445.807973414591,136.443759936407,185.22345875287053,0,2021,urban
Secondary school or above,61,17,6134,3995.761330290186,24.038148027388328,132.97467666557984,0,2021,urban
Secondary school or above,62,20,7765,6556.094655505473,22.755956213779783,106.1279244473063,31.74500965872505,2021,urban
At most primary school,16,54,64949,640.5350351814501,154.65934810389692,7.365779303761413,0,2021,rural
At most primary school,17,61,73073,761.3084176097875,94.62523777592271,2.3952075321938335,10.38687340057203,2021,rural
At most primary school,18,52,57515,809.3531426584369,88.29853081804747,0.0867889536063056,0,2021,rural
At most primary school,19,45,51640,787.6581719597211,36.939388071262584,0.2081719597211464,0,2021,rural
At most primary school,20,54,63958,1210.0860408393007,63.92898464617405,0.07804600936030938,30.376184370993464,2021,rural
At most primary school,21,33,40753,1111.4082071667524,17.507422766422103,1.5330159742841019,284.98106478868635,2021,rural
At most primary school,22,65,79931,1108.8104990554352,192.32763258310294,17.696393347595635,13.257985012072913,2021,rural
At most primary school,23,43,47767,849.4925436668273,79.27230096091444,5.943259293375482,0,2021,rural
At most primary school,24,56,72888,1515.172108806205,170.0304576885084,22.696237149233525,7.314894084074196,2021,rural
At most primary school,25,42,47370,1162.8446414749137,79.29309689677011,0.3372915347266202,79.71851382731687,2021,rural
At most primary school,26,43,48890,1280.6349764778074,119.50603395377378,7.778516397354605,0,2021,rural
At most primary school,27,45,54082,1208.9603010243704,51.86476091860508,3.971746607004179,47.97344772752487,2021,rural
At most primary school,28,48,56454,1315.7273178162752,92.04352215963439,126.59598965529457,13.98660856626634,2021,rural
At most primary school,29,51,59406,1250.6258122075212,117.01166548833451,27.83259126463096,61.63855502811164,2021,rural
At most primary school,30,70,86136,1651.18319866258,85.30605089625708,68.50205875979073,44.60581715736355,2021,rural
At most primary school,31,40,44318,1216.286136558509,83.35574710050092,75.01293680521083,50.9048242249199,2021,rural
At most primary school,32,45,60493,1167.5347615977605,57.12381597870828,46.86058717537566,0,2021,rural
At most primary school,33,39,43877,1612.2026726227107,58.885065068258996,22.445890405755485,19.3325888278597,2021,rural
At most primary school,34,49,57521,1732.9983889941643,192.7163123033327,378.4338111298482,5.50963995758071,2021,rural
At most primary school,35,50,59564,1269.3336355292906,116.20522463232825,54.27103619636022,55.33263940187586,2021,rural
At most primary school,36,53,62419,1289.2400017088814,104.93373812460949,81.4978879294232,57.28490790731454,2021,rural
At most primary school,37,53,58397,1523.1980352872008,117.39231467369899,153.7461256571399,384.3680896849724,2021,rural
At most primary school,38,44,49807,1169.5420857844613,130.29202722508884,37.74348150527703,53.68723271829261,2021,rural
At most primary school,39,56,68448,1546.4700648667601,142.23600397381955,22.264103163472026,34.090112201963535,2021,rural
At most primary school,40,68,82589,1541.6129831656356,113.37992953056703,10.76988662735554,162.3111633106911,2021,rural
At most primary school,41,35,38996,1920.9896399630732,194.82741819673814,23.187207234930078,66.981228843984,2021,rural
At most primary school,42,62,70946,1840.3275942265948,99.89625912665971,57.81918642347702,49.33343669833394,2021,rural
At most primary school,43,39,44330,1550.8037070456423,102.46266636589218,77.08916083916084,43.41036168132942,2021,rural
At most primary school,44,46,52853,1882.1061371476865,163.033886439748,201.6668085696807,2.0282670803927876,2021,rural
At most primary school,45,53,56173,2243.3697624600195,114.92291670375447,21.30783472486782,215.1553237320421,2021,rural
At most primary school,46,41,48040,1802.9311892867054,112.07753955037468,183.0465410768804,224.23624757146823,2021,rural
At most primary school,47,45,53467,1737.824390122256,60.10249312660145,18.01313582833025,51.45229767894215,2021,rural
At most primary school,48,37,43012,1625.098158653399,140.59820515205058,26.224464490529776,102.31447038035897,2021,rural
At most primary school,49,36,45226,2122.723477645602,80.62198735240791,76.59911702707882,164.4460045106797,2021,rural
At most primary school,50,51,59954,1416.1600560429663,94.60895019514962,31.093727413239037,99.90993094705941,2021,rural
At most primary school,51,30,31960,1576.1623070504797,62.48701501877347,37.34410200250313,57.65869837296621,2021,rural
At most primary school,52,29,33963,1617.358390012661,149.89547448694168,50.71887053558284,289.24859405823986,2021,rural
At most primary school,53,30,37720,1703.0293920113113,59.75768822905621,251.4333686815129,64.46977730646871,2021,rural
At most primary school,54,29,32682,1800.314765518226,73.83207882014564,44.5591865042939,304.40813495706095,2021,rural
At most primary school,55,32,36846,1277.147261575205,44.25202192911035,4.251117262841738,6.592303099386636,2021,rural
At most primary school,56,31,35601,2571.625684671779,129.22232521558382,37.60217409623325,70.19559375672968,2021,rural
At most primary school,57,36,42734,1027.0173554234723,88.99049936818459,76.55087284129733,66.28211728366172,2021,rural
At most primary school,58,30,36979,1966.513354426386,118.17207063468454,193.92155006895808,19.031342113091213,2021,rural
At most primary school,59,31,35868,1521.1582004386455,130.33929965428794,285.1319653544478,205.79067692650833,2021,rural
At most primary school,60,47,53323,1404.2229682000886,104.3811300939557,212.93016146878458,54.94304521501041,2021,rural
At most primary school,61,23,27115,1775.5287725121395,41.05661073206712,35.77693773434138,1462.644686213043,2021,rural
At most primary school,62,24,27678,1064.9881253462436,67.52438760026014,22.113080184021,158.99867524146734,2021,rural
Secondary school or above,16,38,46487,768.3901951083099,47.50489384128896,0,0,2021,rural
Secondary school or above,17,37,47013,621.232797311382,69.22170463488823,2.925786484589369,0,2021,rural
Secondary school or above,18,50,57226,871.5119001852305,94.01618145598155,80.19897715490629,23.905217907943943,2021,rural
Secondary school or above,19,56,71391,1161.0874293211564,53.416046840638174,0,0,2021,rural
Secondary school or above,20,53,62149,1185.9293726903622,99.01768330946597,0,0,2021,rural
Secondary school or above,21,53,64389,1476.359999378776,45.37537467579866,7.6255260991784315,0,2021,rural
Secondary school or above,22,67,76745,2363.4054335787346,115.99641670467132,83.17664560123353,9.558928920450844,2021,rural
Secondary school or above,23,57,67917,2048.1560458598974,47.622539275880854,10.827431521808482,0,2021,rural
Secondary school or above,24,52,57184,2090.311681006342,26.914521544487968,31.72798918112293,0,2021,rural
Secondary school or above,25,60,71039,2049.4477822041413,69.79574599867678,18.845047556037294,31.24293228602129,2021,rural
Secondary school or above,26,43,54954,2244.001043296818,18.616297266804963,85.05598621877692,148.50238381191542,2021,rural
Secondary school or above,27,43,50392,2438.5823576493626,59.695189712652805,37.4586574588559,22.890538180663597,2021,rural
Secondary school or above,28,43,47318,1890.6869197063838,94.94991335221269,24.747101173619626,10.087267706440114,2021,rural
Secondary school or above,29,31,35381,2688.533040332382,70.17353947033719,79.43175715779655,106.38195641728612,2021,rural
Secondary school or above,30,33,38049,2090.8222117094624,26.774422455255067,42.92596388866987,48.23166618483184,2021,rural
Secondary school or above,31,36,47171,2124.3857030802824,80.15015581607344,48.70064941030153,17.502985591429763,2021,rural
Secondary school or above,32,36,39577,2523.112999132493,63.897465699775125,17.313085883215,173.81728444972248,2021,rural
Secondary school or above,33,28,31838,3581.714774797412,101.89584772912872,0,11.263270305923738,2021,rural
Secondary school or above,34,27,29824,3021.3368260461375,99.25777896995709,16.677284513590845,0,2021,rural
Secondary school or above,35,24,26941,3574.3602687353846,169.6974871014439,10.51693206141816,100.60255125397474,2021,rural
Secondary school or above,36,25,33716,2224.9167358721875,46.27773164076403,49.53817673112667,107.55279392573259,2021,rural
Secondary school or above,37,21,24419,3251.5353481578554,81.10037266063311,5.270622602618181,22.093451820303862,2021,rural
Secondary school or above,38,20,26794,4093.6960140329925,72.78957975666194,72.15545768953248,228.85720683735164,2021,rural
Secondary school or above,39,16,19268,2098.2210573662724,58.49698982769358,35.422721610961176,0,2021,rural
Secondary school or above,40,18,23092,3510.6423581038166,101.58972804434435,17.697326635487034,0,2021,rural
Secondary school or above,41,14,19223,3104.985694220465,141.59496436560372,5.462206731519534,563.6997346928159,2021,rural
Secondary school or above,42,20,27976,3375.9494447621773,95.12814555333142,156.28842579353733,6.980983700314555,2021,rural
Secondary school or above,43,14,17539,3187.7549081095467,42.74588060892867,14.976148393104888,0,2021,rural
Secondary school or above,44,6,8882,4219.131952263004,42.92276514298582,0,0,2021,rural
Secondary school or above,45,4,5570,1561.8656493117892,0,0,0,2021,rural
Secondary school or above,46,11,13817,7380.455091553883,97.12962292827676,169.81882222383052,0,2021,rural
Secondary school or above,47,6,6501,5081.113162077629,9.536994308567913,147.66958929395477,0,2021,rural
Secondary school or above,48,14,19819,4937.331180517012,88.72193349815834,208.47419143246378,494.52545537110854,2021,rural
Secondary school or above,49,6,7844,5224.048104708482,0,172.56501784803672,431.4125446200918,2021,rural
Secondary school or above,50,13,15298,2964.2801673421363,212.01464243691987,0,0,2021,rural
Secondary school or above,51,9,10710,4654.242141300965,70.40522875816994,23.529411764705884,0,2021,rural
Secondary school or above,52,8,10464,1578.8105409021407,55.489296636085626,98.2256625891947,226.24235474006116,2021,rural
Secondary school or above,53,1,822,3000,0,0,0,2021,rural
Secondary school or above,54,5,4620,2728.643578643578,170.75757575757575,138.23953823953823,0,2021,rural
Secondary school or above,55,2,1730,1055.2601156069363,144.33526011560693,209.94219653179192,0,2021,rural
Secondary school or above,56,3,3011,2539.5881766854864,36.034540019926936,300.2989040185985,0,2021,rural
Secondary school or above,57,6,8481,3468.7882718232913,0,1085.630625319341,124.54883465000195,2021,rural
Secondary school or above,58,2,2586,2788.6697602474865,58.14385150812065,0,0,2021,rural
Secondary school or above,59,3,3176,6638.853904282116,0,0,0,2021,rural
Secondary school or above,60,3,2941,3872.243001246741,125.95715742944577,2096.613963504477,292.5535532131928,2021,rural
Secondary school or above,61,2,2564,1114.7425897035882,0,0,0,2021,rural
Secondary school or above,62,3,3285,2036.3470319634703,0,1988.5692541856924,0,2021,rural
At most primary school,16,53,48381,542.0708542609702,151.2984436038941,9.888179243918067,0,2021,indigenous
At most primary school,17,55,52421,753.0356154976059,118.43154460998454,0.9697131556691656,14.478930199729117,2021,indigenous
At most primary school,18,51,39485,896.6760035456502,84.06166898822337,0,104.34342155248828,2021,indigenous
At most primary school,19,45,38094,823.8415411000858,94.0961831259516,0,0,2021,indigenous
At most primary school,20,65,54081,1113.2436160573955,120.86999130933229,0,19.304376768181058,2021,indigenous
At most primary school,21,45,35163,930.4381120306382,29.863208486192875,1.776725535363877,330.2856221975751,2021,indigenous
At most primary school,22,53,49796,1012.3509318017511,201.2107398184593,2.3057407556162475,21.28130773556109,2021,indigenous
At most primary school,23,35,33000,848.5592424242424,26.73939393939394,3.481818181818182,0,2021,indigenous
At most primary school,24,52,48929,1205.0511557563,167.050726562979,10.490540715458454,1.7167732837376606,2021,indigenous
At most primary school,25,52,42357,1150.9239086809737,64.30327926907005,0.377210378449843,89.15329225393677,2021,indigenous
At most primary school,26,43,34968,1224.5095992526499,32.91437886067261,9.256081750934186,0,2021,indigenous
At most primary school,27,42,37529,900.8444402995017,41.11833515414746,3.9915798449199285,54.47787044685443,2021,indigenous
At most primary school,28,45,37227,1365.7478443065518,130.11174685040427,174.9618332572237,36.29623660246595,2021,indigenous
At most primary school,29,40,38491,1333.346721744477,162.95458678652153,18.03062187697557,87.84287235977241,2021,indigenous
At most primary school,30,66,59247,1345.7085928401439,113.60771009502591,100.01451550289467,57.86959677283238,2021,indigenous
At most primary school,31,42,35356,1103.504101142663,85.72095259644756,61.89944186748124,63.80812309084738,2021,indigenous
At most primary school,32,43,39394,976.1794943392395,46.42501396151698,69.8064214516593,0,2021,indigenous
At most primary school,33,46,34709,1368.6373851162523,38.57184015673168,18.343705282971758,29.783514362269152,2021,indigenous
At most primary school,34,46,40049,1315.9627706060076,118.08821693425554,6.781682022855335,0,2021,indigenous
At most primary school,35,53,45192,2181.986398772644,130.37026464861037,41.402718770283826,17.356906827167048,2021,indigenous
At most primary school,36,44,40325,1213.8266170696425,123.45192808431494,61.200454639388305,24.09588758007853,2021,indigenous
At most primary school,37,51,42866,1408.3452775315322,101.4147576167592,21.03413350129862,467.8435901024899,2021,indigenous
At most primary school,38,46,35027,2211.055756987467,109.9744482827533,4.784023753104748,39.021326405344446,2021,indigenous
At most primary school,39,53,50665,1368.2310075989342,75.81624395539328,33.17822954702457,28.50883252738577,2021,indigenous
At most primary school,40,75,58923,1675.1356855557253,169.92286543455018,15.837321589192674,217.95450559770097,2021,indigenous
At most primary school,41,31,20496,1980.825575722092,73.63973458235753,17.43348295602394,127.43950039032006,2021,indigenous
At most primary school,42,52,40998,1280.8834821210792,73.49248743841163,28.559523228775387,99.01726913507976,2021,indigenous
At most primary school,43,46,36197,1387.3538414785755,105.52863496974888,111.03164626902782,17.087051413100532,2021,indigenous
At most primary school,44,42,33094,1832.9993050099715,182.86698495195503,91.70796317560082,18.311476400555993,2021,indigenous
At most primary school,45,49,38317,1664.5770806691546,111.29028890570765,24.599612008594967,213.25636140616436,2021,indigenous
At most primary school,46,40,32058,1338.9120500343129,42.974296587435276,125.74375610871962,52.381620812277745,2021,indigenous
At most primary school,47,43,37722,1400.011514058993,52.702401781453794,27.810208013007443,107.18583320078469,2021,indigenous
At most primary school,48,36,26119,1045.9810993274373,37.260232015008235,7.10370483811274,624.1317048891611,2021,indigenous
At most primary school,49,36,34217,1761.8007423210686,40.326445918695384,12.765584358652132,277.2667095303504,2021,indigenous
At most primary school,50,51,38518,925.1197881509944,66.5137078768368,58.891946622358375,74.85707980684356,2021,indigenous
At most primary school,51,28,18815,1256.2608911329614,60.84108424129684,4.954424661174595,156.19861812383738,2021,indigenous
At most primary school,52,34,25935,1264.341006362059,142.91575091575092,109.39746802904698,162.2035858877964,2021,indigenous
At most primary school,53,24,18944,2528.716497747748,71.57622466216216,47.30917440878378,176.08741554054055,2021,indigenous
At most primary school,54,33,26636,1946.458176903439,69.88962306652651,20.614331481203386,317.5837212794714,2021,indigenous
At most primary school,55,35,24724,1031.3291943051286,34.54032519009869,27.303429865717522,0,2021,indigenous
At most primary school,56,37,29091,1634.2904506548416,84.12581210683716,50.31481672453106,95.90709612365795,2021,indigenous
At most primary school,57,32,30468,1720.94379895847,112.27451752658527,102.60355126690298,40.04201129053433,2021,indigenous
At most primary school,58,36,27559,1882.1236256758227,99.3831416234261,266.64943091790946,0,2021,indigenous
At most primary school,59,31,20619,999.3152755549089,86.93632086910131,460.20886884265326,25.813570008244824,2021,indigenous
At most primary school,60,43,34571,1700.0134505799658,126.05854618032456,315.9777462806013,79.40821304947308,2021,indigenous
At most primary school,61,18,14216,1541.8065090977302,103.49535734383792,25.95948227349465,137.939223410242,2021,indigenous
At most primary school,62,28,21521,1081.5752985456065,57.48060034385019,8.592382634016388,120.12607840403945,2021,indigenous
Secondary school or above,16,32,30151,562.2146860800636,79.50416238267387,0,62.68448807668071,2021,indigenous
Secondary school or above,17,37,31595,529.0393258426966,96.51590441525558,3.7289655536213537,0,2021,indigenous
Secondary school or above,18,58,46404,802.4856693388501,33.30187052840272,119.59033703991035,29.48021722265322,2021,indigenous
Secondary school or above,19,48,46337,1030.8663271251914,46.82489155534454,0,0,2021,indigenous
Secondary school or above,20,64,47567,1017.7647143327656,42.188281791998655,0,0,2021,indigenous
Secondary school or above,21,44,33957,1611.3490100224794,62.677062166858086,0,0,2021,indigenous
Secondary school or above,22,56,42844,1619.8334072448883,101.59252170665671,136.41602869324373,11.593035197460555,2021,indigenous
Secondary school or above,23,51,37579,1556.6314076124077,14.538705127863967,4.129079184296193,0,2021,indigenous
Secondary school or above,24,49,33596,1816.472987855697,20.252411001309678,0,34.347839028455766,2021,indigenous
Secondary school or above,25,56,42483,1715.67303391945,113.5303533177977,10.362576403110264,35.025775015888705,2021,indigenous
Secondary school or above,26,43,32457,1889.4069846258126,85.65548263856795,140.69897608117407,78.56548664386727,2021,indigenous
Secondary school or above,27,46,29059,1906.2519930715669,85.27444165318835,2.7690790001950054,39.69510306617571,2021,indigenous
Secondary school or above,28,41,25690,2228.0964058647983,84.40054495912807,5.533605812897366,0,2021,indigenous
Secondary school or above,29,45,29688,2396.949075945388,39.361088655348965,103.18029731429084,71.88763136620857,2021,indigenous
Secondary school or above,30,44,26001,2063.6549619886414,25.856313218722356,19.301693524608027,0,2021,indigenous
Secondary school or above,31,31,25448,2111.6378628313946,115.67816724300535,90.27264749030704,0,2021,indigenous
Secondary school or above,32,39,23831,2986.0533268991367,43.972137132306656,8.108486145496762,0,2021,indigenous
Secondary school or above,33,36,23459,3213.2684328686933,49.049405345496396,343.54973926140644,24.755957201926766,2021,indigenous
Secondary school or above,34,22,14879,1938.5874946793022,107.0606223536528,33.42854582521227,0,2021,indigenous
Secondary school or above,35,22,18448,3702.162790907777,178.82155247181265,7.974667533969355,0,2021,indigenous
Secondary school or above,36,12,6992,1950.8211765827612,32.651601830663616,67.64576182303584,0,2021,indigenous
Secondary school or above,37,19,15748,2887.057933282533,82.41808483616967,36.51913470493608,0,2021,indigenous
Secondary school or above,38,24,15031,3526.7418446322044,76.71412414343689,389.3675293282771,407.9568890958685,2021,indigenous
Secondary school or above,39,17,11588,2186.00333678518,69.28676216775975,130.20150155333104,0,2021,indigenous
Secondary school or above,40,14,10530,1896.8422285533395,49.77207977207977,84.3937955049066,0,2021,indigenous
Secondary school or above,41,15,15171,3369.209236921319,137.2968162942456,85.96664689209676,714.2574649001384,2021,indigenous
Secondary school or above,42,17,11363,5012.437179148699,76.89430608114054,406.0716066766406,0,2021,indigenous
Secondary school or above,43,19,11934,3694.121347969387,124.59527400703871,22.009943578571026,20.236299648064353,2021,indigenous
Secondary school or above,44,9,6924,2863.94665896399,53.91103408434431,0,0,2021,indigenous
Secondary school or above,45,6,3247,6736.4182322143515,19.402525408068986,0,0,2021,indigenous
Secondary school or above,46,8,4796,5181.476925215457,77.51459549624687,1028.3819849874897,0,2021,indigenous
Secondary school or above,47,7,4696,2643.1131104486085,0,364.3153747870528,0,2021,indigenous
Secondary school or above,48,11,13543,5389.271210219302,125.62799970464447,35.98537990105589,723.6948977331463,2021,indigenous
Secondary school or above,49,8,5165,7892.748628589868,7.771539206195547,0,0,2021,indigenous
Secondary school or above,50,11,7034,5035.84309544119,205.74353141882287,122.85565349255995,0,2021,indigenous
Secondary school or above,51,6,4955,3001.1394550958626,116.08476286579213,50.8577194752775,0,2021,indigenous
Secondary school or above,52,9,7006,3130.4425016652394,42.826149015129886,57.641069559425254,0,2021,indigenous
Secondary school or above,53,8,4528,9778.01089517079,0,2029.5936395759718,0,2021,indigenous
Secondary school or above,54,4,2423,3316.2470766267716,89.35204292199752,476.6817994222039,0,2021,indigenous
Secondary school or above,55,2,502,4385.956175298805,0,492.0318725099602,0,2021,indigenous
Secondary school or above,56,4,1727,1788.4771279675738,21.771858714533874,1653.5379270411117,0,2021,indigenous
Secondary school or above,57,2,1295,7858.558558558559,0,63.24324324324324,534.0540540540541,2021,indigenous
Secondary school or above,58,4,1628,4270.943693693694,9.176904176904177,1170.9766584766585,0,2021,indigenous
Secondary school or above,59,2,904,672.2345132743363,0,0,0,2021,indigenous
Secondary school or above,60,3,1539,6117.283950617284,0,179.85705003248862,0,2021,indigenous
Secondary school or above,62,2,1991,8213.460572576594,0,86.01205424409844,0,2021,indigenous
At most primary school,16,31,28843,762.6557570294352,134.46243455951185,1.190352367414393,0,2021,non-indigenous
At most primary school,17,32,31799,917.8451942933216,55.90100317620051,3.9055211379812786,0,2021,non-indigenous
At most primary school,18,42,35558,891.0257607289499,103.81742505202767,0.1403809738080507,3.386017211316722,2021,non-indigenous
At most primary school,19,31,27305,837.0055545382409,0,0.3937007874015748,0,2021,non-indigenous
At most primary school,20,41,31167,1396.7613180607693,0,0.16015871488005476,28.83819424391183,2021,non-indigenous
At most primary school,21,31,26885,1459.9337300849297,3.604240282685512,7.69388134647573,2.0023557126030624,2021,non-indigenous
At most primary school,22,53,48509,1347.1869996632927,126.34974953101487,27.121573659870677,0,2021,non-indigenous
At most primary school,23,39,28350,1187.8315226337447,133.21643738977073,6.361845972957084,0,2021,non-indigenous
At most primary school,24,53,46256,1880.127190706791,106.64735385679695,24.666890061109193,11.52646143203044,2021,non-indigenous
At most primary school,25,41,27539,1800.795750269315,62.576709393950395,3.668433857438542,0,2021,non-indigenous
At most primary school,26,36,28792,1568.5224136334168,189.0928035565435,13.247603500972492,15.768268963601,2021,non-indigenous
At most primary school,27,41,33576,1646.8742554205385,98.90174529425781,5.638948455245811,28.264236359304267,2021,non-indigenous
At most primary school,28,42,37512,1398.1367740100945,133.23643100874386,26.212500888604538,1.0290040520366817,2021,non-indigenous
At most primary school,29,54,41865,1569.718515864485,76.76460050161232,37.00958437835901,19.722918906007404,2021,non-indigenous
At most primary school,30,69,56438,1835.597044544456,48.28168964173075,1.6938941847691271,14.202782994908869,2021,non-indigenous
At most primary school,31,34,25042,1680.6486835449778,84.85743950163724,54.25578361685701,0,2021,non-indigenous
At most primary school,32,39,37275,1541.1982293762576,67.3611804158283,2.8517773306505703,0,2021,non-indigenous
At most primary school,33,44,31209,2023.8506520554968,112.53452529718992,183.9026135623271,3.267219925876083,2021,non-indigenous
At most primary school,34,37,33715,2183.982302634831,226.1241287260863,650.9889267882743,21.924069405309208,2021,non-indigenous
At most primary school,35,63,45222,1748.0341426739199,96.94476139931892,108.49973464243068,68.50647914731768,2021,non-indigenous
At most primary school,36,52,41105,1874.9181162064633,107.34752463203989,68.3708389084864,66.58143778129181,2021,non-indigenous
At most primary school,37,55,40343,1949.0613406704178,115.36420196812334,203.0484429351643,59.275710780060976,2021,non-indigenous
At most primary school,38,64,44335,1629.277418142175,97.75391902560054,49.64240066162927,45.16070824405097,2021,non-indigenous
At most primary school,39,58,42564,1951.4040307928453,172.7250728315008,2.1473545719387275,37.83244056009774,2021,non-indigenous
At most primary school,40,73,58497,1497.4082431577688,43.340256765304204,13.883974106934259,34.62143357779031,2021,non-indigenous
At most primary school,41,49,37616,2281.400330533106,204.3013611229264,19.045530270806747,3.287608110024103,2021,non-indigenous
At most primary school,42,71,59112,2088.3525313529117,110.44880904046556,53.24184034826545,2.5375107141245996,2021,non-indigenous
At most primary school,43,44,30227,2185.7684741015205,119.2468653852516,77.11221204000839,45.101443521796185,2021,non-indigenous
At most primary school,44,56,44035,1719.1368381211917,140.02747814238674,190.79993187237426,7.067105711365959,2021,non-indigenous
At most primary school,45,72,50130,2675.9940554558148,118.02784759624976,29.994348028459342,91.99820466786356,2021,non-indigenous
At most primary school,46,53,38543,2187.340762265522,125.20496588226138,172.2603109946467,242.47142152920117,2021,non-indigenous
At most primary school,47,69,45919,2115.6933585952074,63.62163810187504,31.62398281031091,75.08928765870337,2021,non-indigenous
At most primary school,48,49,36416,2211.324207308143,172.57771309314586,30.273094244288224,65.89960456942003,2021,non-indigenous
At most primary school,49,42,30219,2660.6528784318916,123.34524636817896,110.46488412367495,19.732618551242595,2021,non-indigenous
At most primary school,50,64,50880,2115.898093553459,111.93671383647799,175.48909198113208,104.82835429769392,2021,non-indigenous
At most primary school,51,50,34418,1957.4439731148432,45.62234877099192,174.05282119821024,68.24481376024174,2021,non-indigenous
At most primary school,52,42,27042,2318.694025343293,108.5319133200207,48.179683455365726,253.9185957646131,2021,non-indigenous
At most primary school,53,57,42345,2226.1803597433777,53.97898217026804,214.63110560081867,9.50525445743299,2021,non-indigenous
At most primary school,54,47,29482,1653.8348540352304,33.72786785157045,130.7566198584447,78.46030346199942,2021,non-indigenous
At most primary school,55,52,33499,1906.2140461904337,48.218155765843754,31.159238584236345,12.355592704259829,2021,non-indigenous
At most primary school,56,56,34050,3105.8762261380325,120.43083700440529,80.18600097895252,46.36563876651982,2021,non-indigenous
At most primary school,57,49,33627,1237.4120795789097,39.06057632259791,35.03620602492045,80.57909814533956,2021,non-indigenous
At most primary school,58,46,32557,1888.14706514728,73.29468317105385,53.239958636647515,34.9927818902233,2021,non-indigenous
At most primary school,59,35,30243,1950.302687123191,126.678239592633,81.52244596545758,237.84457009335495,2021,non-indigenous
At most primary school,60,57,43707,1550.6568322389244,79.60635596128766,40.20389563837982,45.050632621776835,2021,non-indigenous
At most primary school,61,38,26008,1790.0868707064494,49.11604121808674,24.55109966164257,1482.3387675586998,2021,non-indigenous
At most primary school,62,37,24915,2149.621887751689,43.481838250050174,64.28373135326777,105.83110575958258,2021,non-indigenous
Secondary school or above,16,37,29669,866.0248070376488,1.7257069668677745,4.145741346186255,0,2021,non-indigenous
Secondary school or above,17,62,42697,767.1128728794372,28.204557697262103,15.520996791343654,0,2021,non-indigenous
Secondary school or above,18,75,46114,1381.9242384814445,112.36869497332697,9.286767576007286,0,2021,non-indigenous
Secondary school or above,19,93,62177,1648.6438366813022,89.1873200701224,1.0084114704794378,1.3751065506537787,2021,non-indigenous
Secondary school or above,20,118,69524,2097.9761796885487,113.68203785743053,14.97684252919855,18.662581746351382,2021,non-indigenous
Secondary school or above,21,155,98354,2064.7958632423015,46.86306606747056,10.374938148592499,4.611912072716921,2021,non-indigenous
Secondary school or above,22,170,102579,2566.521534622096,79.8416342526248,26.291687382407705,18.35203436700819,2021,non-indigenous
Secondary school or above,23,158,97550,2379.061682897659,58.7063864684777,9.11840082009226,8.200580898684436,2021,non-indigenous
Secondary school or above,24,148,86229,2739.259993737606,54.61631237750641,21.699582893612746,0,2021,non-indigenous
Secondary school or above,25,186,110457,2683.3104141581493,41.25051377459102,57.49446994456365,47.818985366854676,2021,non-indigenous
Secondary school or above,26,137,81049,2910.211332033708,40.0435538994929,1.954620044664339,103.87790102283803,2021,non-indigenous
Secondary school or above,27,145,88069,3280.7766618598293,56.12230183151847,59.14604836359371,25.080811636330605,2021,non-indigenous
Secondary school or above,28,152,84414,2985.40611055828,85.7125121425356,47.28234258140434,8.814209333364923,2021,non-indigenous
Secondary school or above,29,105,57584,3364.995383555617,61.04812100583496,25.57119454478096,65.36364267852181,2021,non-indigenous
Secondary school or above,30,172,91020,3452.126313813814,40.87623599208965,67.43400717790962,51.79081520544935,2021,non-indigenous
Secondary school or above,31,121,73345,3215.8297520848955,50.31713136546458,26.914309087190674,22.6872997477674,2021,non-indigenous
Secondary school or above,32,125,70944,3351.1625942057585,52.49126071267479,45.933882122989026,120.19954706059238,2021,non-indigenous
Secondary school or above,33,121,62820,4403.910003449008,53.42911493155046,58.27788390109308,4.822243446885281,2021,non-indigenous
Secondary school or above,34,115,61167,3867.454934850491,64.73031209639184,42.12293121018414,4.847385027874507,2021,non-indigenous
Secondary school or above,35,125,63202,3943.1718273683323,83.2960191133192,40.79860341972301,44.074290897967366,2021,non-indigenous
Secondary school or above,36,119,72656,3408.2067413565296,41.074584342655804,101.48565385744696,98.82758019525802,2021,non-indigenous
Secondary school or above,37,92,48234,4452.544387776257,90.38178463324626,77.22422634103192,268.61826374203537,2021,non-indigenous
Secondary school or above,38,128,68631,4428.519971538615,94.35282889656278,151.62730155954793,4.988513451161526,2021,non-indigenous
Secondary school or above,39,101,52539,4048.1523233534454,78.47874911970156,58.12647112938325,25.96356991948838,2021,non-indigenous
Secondary school or above,40,120,64048,4329.943570967607,78.38503934549088,40.84853026896494,58.29052689649429,2021,non-indigenous
Secondary school or above,41,93,43325,4087.383539142143,54.87939988459319,67.96480092325447,19.81457972687055,2021,non-indigenous
Secondary school or above,42,102,60259,4006.588916178496,97.58384639638892,61.3391084042771,26.03815750897515,2021,non-indigenous
Secondary school or above,43,82,45569,4395.546478965964,37.26590445258838,15.140409781503505,27.848464233726148,2021,non-indigenous
Secondary school or above,44,54,24681,4723.106016098754,118.17551963048498,122.39509474224438,39.73366827384088,2021,non-indigenous
Secondary school or above,45,88,42628,4586.741617403271,31.705099934315474,150.61989771980856,162.27596884676737,2021,non-indigenous
Secondary school or above,46,61,33796,6945.771225391565,61.52917505030181,251.5016570008285,30.51643192488263,2021,non-indigenous
Secondary school or above,47,54,26318,5198.648200217849,152.63393874914507,145.98120424551004,7.371380804012463,2021,non-indigenous
Secondary school or above,48,68,32990,4445.770698191372,76.55835101545922,168.60008083257554,113.90134384156816,2021,non-indigenous
Secondary school or above,49,40,22802,4275.5615369996785,71.87965967897553,145.7649913750256,148.40803438294887,2021,non-indigenous
Secondary school or above,50,63,37115,4176.334393102519,97.5907315101711,21.856392294220665,0,2021,non-indigenous
Secondary school or above,51,38,22409,5188.9989513142045,48.41983131777411,135.5928421616315,12.453329763339136,2021,non-indigenous
Secondary school or above,52,45,22357,4296.610271205141,22.60410609652458,208.70793636594055,105.89077246499977,2021,non-indigenous
Secondary school or above,53,48,19531,5113.841248101309,52.435615175874254,295.3296468861468,10.947382793166419,2021,non-indigenous
Secondary school or above,54,46,20948,3924.005450003183,71.82451785373306,679.3361339189104,0,2021,non-indigenous
Secondary school or above,55,41,18194,5076.76981422447,53.81169616357041,382.53783298523325,37.80733575171302,2021,non-indigenous
Secondary school or above,56,33,15549,5303.5656097926985,24.748858447488583,695.1808262053295,0,2021,non-indigenous
Secondary school or above,57,34,20273,3594.5328762393333,14.064272677946036,654.0020388365477,26.128282280208484,2021,non-indigenous
Secondary school or above,58,39,19790,5341.038537982146,39.63415866599293,325.6897422940879,0,2021,non-indigenous
Secondary school or above,59,29,15051,6224.317487210152,6.9297721081655705,537.3862201847053,0.6909839877748987,2021,non-indigenous
Secondary school or above,60,38,16498,6017.679951105184,147.30240029094435,526.4562371196508,52.15177597284519,2021,non-indigenous
Secondary school or above,61,19,8698,3146.4934467693724,16.952172913313404,93.77634705296238,0,2021,non-indigenous
Secondary school or above,62,21,9059,4552.872833646098,19.505464179269236,793.1651764359568,27.210508886190528,2021,non-indigenous
At most primary school,16,84,77224,624.4588469905729,145.010229980317,6.639559377050312,0,2021,p99
At most primary school,17,87,84220,815.2628750098946,94.8218475421515,2.0781880788411304,9.012111137497032,2021,p99
At most primary school,18,92,73593,893.8804777628307,83.44156373568138,0.06782800900447959,57.61961056078703,2021,p99
At most primary school,19,76,65399,829.3377013919683,54.80970657043686,0.1643756020734262,0,2021,p99
At most primary school,20,105,84897,1168.182479946288,76.99647808520913,0.05879673800801756,22.884200855153892,2021,p99
At most primary school,21,76,62048,1159.8651635293106,18.4853661681279,4.340591155234657,188.04259068248237,2021,p99
At most primary school,22,106,98305,1177.577144261906,164.27028126748385,14.55121390909245,10.779960327552006,2021,p99
At most primary school,23,74,61350,1005.3378755772887,75.94272208638957,4.812686769899484,0,2021,p99
At most primary school,24,105,95185,1533.110378035755,137.69716867153437,17.379664162770744,6.483878762410043,2021,p99
At most primary school,25,93,69896,1406.973191122048,63.62301133112052,1.6739512990729084,54.02692571820991,2021,p99
At most primary school,26,78,63409,1243.5702975918246,104.01220646911322,11.119741151361268,7.159866895866517,2021,p99
At most primary school,27,83,71105,1253.1220167358133,68.4038393924478,4.769472376532358,42.0997116939737,2021,p99
At most primary school,28,87,74739,1382.0040630282272,131.6800465620359,100.30355637618914,18.59537858413947,2021,p99
At most primary school,29,94,80356,1456.4950262996333,118.0501144905172,27.91854891565865,52.35278012842849,2021,p99
At most primary school,30,135,115685,1584.705216752388,81.73780524700696,52.04788866318019,36.56633674777773,2021,p99
At most primary school,31,76,60398,1342.797697495502,85.3629259246995,58.730255968740686,37.35223020629822,2021,p99
At most primary school,32,82,76669,1250.8807862369406,56.60377727634376,37.25435530222993,0,2021,p99
At most primary school,33,89,65823,1645.1907387995077,73.69582060981723,96.86748299733122,17.254191797193485,2021,p99
At most primary school,34,83,73764,1712.7047927625038,167.46773493845237,301.22676712217344,10.020741825280625,2021,p99
At most primary school,35,115,89594,1433.7782589607934,114.14301180882649,75.34336376691891,43.33318451384393,2021,p99
At most primary school,36,96,81430,1547.5385914282206,115.32259609480535,64.81998853821278,45.54214253551107,2021,p99
At most primary school,37,106,83209,1670.50571853205,108.17799757237799,109.28183850304654,269.75379265864666,2021,p99
At most primary school,38,109,78542,1504.833902031185,103.18040029538336,30.155405175999256,42.89424766367039,2021,p99
At most primary school,39,111,93229,1634.4805282333464,120.06028167201193,19.010983706786515,32.76555578199916,2021,p99
At most primary school,40,147,116998,1527.3928614164345,107.24661960033505,14.917804862761185,127.07724348564363,2021,p99
At most primary school,41,79,57292,2000.4216266378085,160.48174265167913,18.74141823174847,47.74954036631059,2021,p99
At most primary school,42,123,100110,1757.6701212000135,95.31410448506642,43.13370292678054,42.04881963173842,2021,p99
At most primary school,43,90,66424,1750.681540808543,111.77127243165121,95.59622024167972,29.83532056686338,2021,p99
At most primary school,44,98,77129,1767.992190572504,158.40876972345032,148.28220686555426,11.891765743105706,2021,p99
At most primary school,45,121,88447,2237.828100444334,115.10900313181905,27.657241059617625,144.52965052517328,2021,p99
At most primary school,46,93,70601,1802.0922862282405,87.86624835342276,151.13840455517627,156.15679664593986,2021,p99
At most primary school,47,112,83641,1792.9216253591737,58.69707440131036,29.903974526049826,89.5647947776808,2021,p99
At most primary school,48,85,62535,1724.5952293382372,116.05964659790517,20.595932944217907,299.0564643799472,2021,p99
At most primary school,49,77,64065,2051.2105725955407,79.71934753765707,58.923567210385286,157.3953796924998,2021,p99
At most primary school,50,115,89398,1602.839649656592,92.36576880914562,125.25207499049196,91.91493844008443,2021,p99
At most primary school,51,78,53233,1709.613497892911,51.001352544474294,114.2856404861646,99.33174910300002,2021,p99
At most primary school,52,76,52977,1802.5333226368675,125.36459218151273,78.14897659990814,209.01932285079687,2021,p99
At most primary school,53,80,60736,2067.6635383737266,59.95916754478398,164.39639038900597,61.54998682824025,2021,p99
At most primary school,54,79,55894,1799.9108878710895,51.095734783697715,78.79289369163058,192.72778234992424,2021,p99
At most primary school,55,86,57999,1403.360644149037,41.02889704994914,23.19902067277022,7.136329936723047,2021,p99
At most primary school,56,91,61209,1823.0254102065599,99.10264830335409,68.52001611963382,71.3748522820718,2021,p99
At most primary school,57,80,63542,1218.9445038976846,74.50615341034276,67.7392512039281,61.84308541332243,2021,p99
At most primary school,58,81,59495,1892.539692411127,86.14429784015464,150.56265232372468,19.148836036641736,2021,p99
At most primary school,59,66,50862,1564.7808940531895,110.56722110809642,235.0385356454721,151.88909860668738,2021,p99
At most primary school,60,99,77249,1539.2483807773133,101.05574182190061,164.15563092510368,61.02667132692117,2021,p99
At most primary school,61,56,40224,1702.3394159374172,68.33482498011138,25.048851431980903,1007.1999469636701,2021,p99
At most primary school,62,64,45627,1364.8149414454892,50.8556337256449,39.155452546372395,114.4501136023261,2021,p99
Secondary school or above,16,69,59820,712.8957706452692,40.92828485456369,2.0561685055165495,31.59478435305918,2021,p99
Secondary school or above,17,98,73987,644.5625470240267,57.49212699528295,10.549375791242605,0,2021,p99
Secondary school or above,18,133,92518,1091.296821519416,72.71136427505999,64.61142696556345,14.78631185282864,2021,p99
Secondary school or above,19,140,108020,1358.4025874837994,71.42311608961303,0.5804480651731161,0.7915200888724311,2021,p99
Secondary school or above,20,178,115888,1649.8409894323256,85.51705094574072,8.984968245202264,11.19613189746422,2021,p99
Secondary school or above,21,198,131491,1870.7707042053576,51.239210288156606,7.760353687071104,3.4496657565917057,2021,p99
Secondary school or above,22,223,143626,2234.055458853782,86.55400136465542,55.72168920204792,16.565422230886703,2021,p99
Secondary school or above,23,208,134998,2149.0364215272325,46.46852545963644,7.7383862476974965,5.925766801483478,2021,p99
Secondary school or above,24,193,117699,2444.368946776665,45.79401694152032,15.897614536515462,9.804246425203273,2021,p99
Secondary school or above,25,237,150995,2372.710062695233,62.11807013477267,44.9743368985728,44.835535393004186,2021,p99
Secondary school or above,26,175,111689,2545.4139090092426,53.94989658784661,42.30574780566275,98.21199939116654,2021,p99
Secondary school or above,27,187,115383,2813.3606900496607,64.31298371510535,25.677381705566102,29.14070530320758,2021,p99
Secondary school or above,28,188,108202,2735.2150252922006,86.90769117021867,38.20123472763905,6.876422493730861,2021,p99
Secondary school or above,29,147,85925,2924.320211424692,54.51203956939191,52.78682959945689,68.64242071574047,2021,p99
Secondary school or above,30,212,115080,3045.670082406442,36.01012339242266,30.671764569574787,40.962808481056655,2021,p99
Secondary school or above,31,148,97000,2830.4456374570445,68.39472164948454,44.03390034364262,17.15463917525773,2021,p99
Secondary school or above,32,158,92343,3066.1679742915003,46.45549743889629,37.38200693790181,92.34524183388741,2021,p99
Secondary school or above,33,153,83990,3809.507527681867,53.66194785093464,139.54458864150493,10.52129221732746,2021,p99
Secondary school or above,34,134,75040,3393.777345415778,73.99139125799573,40.963708244491826,3.951226012793177,2021,p99
Secondary school or above,35,144,80228,3776.4539188313306,106.73798424490202,33.97404896046268,34.72083728041748,2021,p99
Secondary school or above,36,128,78171,3139.1309223795697,35.7628148546136,96.53862472442893,91.85524896274407,2021,p99
Secondary school or above,37,107,62281,3725.2867005988987,69.11249016554005,55.89082812842868,208.03348265656194,2021,p99
Secondary school or above,38,145,79398,4063.6112580501613,64.07742008614827,146.9002157904901,81.543195882348,2021,p99
Secondary school or above,39,116,63049,3573.616524449238,78.13113610049326,72.36723289293514,21.63555329981443,2021,p99
Secondary school or above,40,132,73674,3834.902966673001,75.25728208051687,47.573544715005745,50.67448036847011,2021,p99
Secondary school or above,41,108,58496,3901.1242677561995,76.25444474835886,72.6335988785558,199.91908278628736,2021,p99
Secondary school or above,42,118,71491,4149.523928419894,94.47419954959365,116.24435243597097,21.94728473980408,2021,p99
Secondary school or above,43,100,57096,4266.013410163,55.78481855121199,16.684181028443323,26.455910513287563,2021,p99
Secondary school or above,44,62,30757,4177.464628648221,106.96654420132002,98.21612424271981,31.884340692091772,2021,p99
Secondary school or above,45,91,44788,4595.325961567086,31.58267839599893,143.3559212289006,150.06251674555685,2021,p99
Secondary school or above,46,67,37711,6214.473486957828,63.92034154490732,356.1790989366498,27.34834221668302,2021,p99
Secondary school or above,47,59,30342,4466.803413310482,34.75446575703645,183.00567969591106,6.393777602003823,2021,p99
Secondary school or above,48,76,45398,4526.9037255679405,93.11070972289528,133.25403468581584,298.6608514325154,2021,p99
Secondary school or above,49,46,26652,4624.789915703637,63.0024013207264,124.7085897243484,126.96983340837461,2021,p99
Secondary school or above,50,70,42410,3718.946388430402,119.53029945767507,39.50404778747151,0,2021,p99
Secondary school or above,51,44,27364,4792.827199970765,60.672416313404476,120.24923256833796,10.198314086634507,2021,p99
Secondary school or above,52,53,28935,3836.202845458211,27.834802142733714,175.21744139162493,81.81786763435287,2021,p99
Secondary school or above,53,53,22670,4882.391196147625,45.17512130569034,254.43684752242316,9.431554183208352,2021,p99
Secondary school or above,54,47,22550,3777.7087730968215,76.32283813747229,399.07908351810795,0,2021,p99
Secondary school or above,55,40,17543,3243.259419711566,55.808584620646414,160.61829029622453,39.21032130574398,2021,p99
Secondary school or above,56,32,14992,2930.419001245108,28.176360725720386,271.8689967982924,0,2021,p99
Secondary school or above,57,35,20658,3680.9854939168035,13.802158969890598,641.8135024365056,25.641333462419723,2021,p99
Secondary school or above,58,39,18845,4047.780083134342,42.41443353674715,377.1690103475723,0,2021,p99
Secondary school or above,59,29,14196,5025.0415610031,7.347140039447732,77.74020850943928,0.7326007326007326,2021,p99
Secondary school or above,60,36,16356,4292.8497493274635,148.58125458547323,547.9502934702862,52.60454878943507,2021,p99
Secondary school or above,61,19,8698,3146.4934467693724,16.952172913313404,93.77634705296238,0,2021,p99
Secondary school or above,62,21,10236,3746.529406017976,17.262602579132473,718.6921974729712,24.081672528331378,2021,p99
At most primary school,16,83,77104,623.0962077194439,145.23591512761985,6.649892785501833,0,2021,p90
At most primary school,17,85,83185,790.4440704453928,93.43271022419907,2.104045200456813,9.124241149245657,2021,p90
At most primary school,18,91,73470,892.028664761127,82.74418129848918,0.06794156344993421,57.71607458826732,2021,p90
At most primary school,19,75,63901,843.1532579041539,56.09458380933006,0.16822897920220342,0,2021,p90
At most primary school,20,103,83913,1159.3279706362541,50.74982422270685,0.059486213896138465,23.152550856243966,2021,p90
At most primary school,21,73,57657,1072.2296859011049,9.686594862722654,4.671158749154483,202.36340195755358,2021,p90
At most primary school,22,104,97321,1166.3209499148866,165.93119676123345,14.698339344368977,10.888955107325243,2021,p90
At most primary school,23,74,61350,1005.3378755772887,75.94272208638957,4.812686769899484,0,2021,p90
At most primary school,24,102,93600,1498.5578133903134,136.17505341880343,17.673967236467234,5.696239316239316,2021,p90
At most primary school,25,86,66583,1163.9061747493104,66.07022813631107,1.7572428397639037,56.71516753525675,2021,p90
At most primary school,26,77,63132,1236.229365984498,98.76465184058797,11.168530486388308,7.191281758854464,2021,p90
At most primary school,27,81,69641,1088.4233569305438,69.84183167961402,4.8697366972520975,42.9847360032165,2021,p90
At most primary school,28,84,73315,1380.0122985291778,119.2366500716088,102.2517561208484,18.95655732114847,2021,p90
At most primary school,29,92,79513,1423.008996432449,118.54709292820041,28.21454248571512,52.90782639316841,2021,p90
At most primary school,30,132,114418,1556.5364686209045,82.64292331626143,52.62423744515723,36.97125160959523,2021,p90
At most primary school,31,75,59626,1317.9533872248126,76.75762251366854,58.951184606267965,37.83584342400966,2021,p90
At most primary school,32,81,76549,1245.0035794066546,56.692510679434086,37.31275609957892,0,2021,p90
At most primary school,33,86,64703,1638.6709014007592,73.25904517564874,98.54424575882622,17.552859475861503,2021,p90
At most primary school,34,81,72768,1685.0450243696862,169.75992194371153,305.34975882255935,10.15789907651715,2021,p90
At most primary school,35,107,84021,1336.9421136779297,118.45649301960225,77.39707930160317,46.207416399868286,2021,p90
At most primary school,36,95,80955,1498.8086076626932,112.47877215737138,65.20031704856608,45.80935910897,2021,p90
At most primary school,37,103,81646,1606.9118348316717,110.24891605222547,111.3738884942312,274.91785676375247,2021,p90
At most primary school,38,106,76264,1465.6765227805167,106.14438004825344,31.05614488268821,42.995384454001886,2021,p90
At most primary school,39,110,92673,1614.2887914135363,120.78059413205573,19.12504181368899,32.96213568137429,2021,p90
At most primary school,40,146,115919,1530.4403074560685,108.24489514229764,15.056663129714138,128.26010691373574,2021,p90
At most primary school,41,76,56410,1918.3151184778112,161.92731785144477,19.03445015659162,48.496129527861484,2021,p90
At most primary school,42,119,95351,1648.668314962612,100.07126301769253,42.058097625265255,44.14749015042666,2021,p90
At most primary school,43,85,64459,1622.233316268222,113.92815588203354,98.24474989269666,30.74483521825243,2021,p90
At most primary school,44,95,76044,1734.877040485333,160.66895481563304,150.39790559851315,12.061438114775656,2021,p90
At most primary school,45,116,84820,1762.4672954491866,117.71221410044801,28.839896250884227,150.7099033246876,2021,p90
At most primary school,46,87,66333,1485.194410524676,93.51974130523269,160.86295659777184,166.20424223237302,2021,p90
At most primary school,47,109,80927,1726.0711217105127,58.60592880002966,30.9068460876263,92.5684752925476,2021,p90
At most primary school,48,80,59349,1693.9814374856076,122.29001331109201,21.701573180115364,315.110549461659,2021,p90
At most primary school,49,68,56839,1700.8601371124287,88.14669505093333,66.41458036442114,113.36467918154788,2021,p90
At most primary school,50,106,84007,1461.7529967740784,90.16885497637102,52.59226413671876,97.81341634228895,2021,p90
At most primary school,51,73,49721,1675.7908194391368,54.603789143420286,122.35810824400153,93.80396613101104,2021,p90
At most primary school,52,72,49538,1782.890060828724,116.71726755218216,83.57419220261887,189.79806747681914,2021,p90
At most primary school,53,70,53644,1783.6063554793327,65.2072925210648,185.57674980737204,64.1506971888748,2021,p90
At most primary school,54,75,53565,1677.8814368835372,53.31737141790348,73.71822396465353,201.10756401879337,2021,p90
At most primary school,55,76,52452,1273.6336205800858,38.89203462213071,25.652406009303743,3.260123541523679,2021,p90
At most primary school,56,84,56840,1599.2293572601454,94.90190007037297,61.77647783251231,76.8610720150129,2021,p90
At most primary school,57,74,60337,1124.6809033705135,78.46379501798233,71.33744634303993,65.12808613841148,2021,p90
At most primary school,58,72,53594,1516.0792066276076,92.82484979661902,65.82064534587205,8.125909616748144,2021,p90
At most primary school,59,61,48610,1475.3418192415825,115.68957004731537,226.21950216004942,158.92580401837756,2021,p90
At most primary school,60,90,72318,1413.2522654571935,93.49892143034928,175.34857619587564,56.92095098500143,2021,p90
At most primary school,61,53,39001,1658.821072963941,70.47768005948565,25.834337581087663,1038.7838944300572,2021,p90
At most primary school,62,61,43026,1226.806148220456,53.92994933296146,35.36340429817629,121.36883124932211,2021,p90
Secondary school or above,16,67,58198,678.027165881989,42.068971442317604,2.113474689851885,32.47534279528506,2021,p90
Secondary school or above,17,93,71856,639.1774173346694,58.71075484301937,10.862233726712685,0,2021,p90
Secondary school or above,18,120,84346,969.6931804709174,74.07476347426078,70.87141061816803,16.21890783202523,2021,p90
Secondary school or above,19,131,102841,1303.9215633842534,74.55805563928783,0.6096790190682705,0.8313804805476415,2021,p90
Secondary school or above,20,150,99057,1371.468335571102,70.08167014950988,0.6393625219149917,13.098492113968053,2021,p90
Secondary school or above,21,169,114492,1638.1058778488161,58.43198651434162,0,3.961848862802641,2021,p90
Secondary school or above,22,184,119412,1889.325718241606,82.46587445147891,66.93471622059202,19.006118871358545,2021,p90
Secondary school or above,23,176,117238,1913.358568325401,51.997287568876985,8.910648993216078,6.82344177371387,2021,p90
Secondary school or above,24,155,99613,2093.042054417261,40.953590394827984,18.354866667335926,11.584331362372382,2021,p90
Secondary school or above,25,200,129012,2137.154244695584,63.707391560474996,37.60011988548869,52.47528653665292,2021,p90
Secondary school or above,26,137,92422,2208.182245569237,54.50769297353444,51.12512893755456,118.68602713639609,2021,p90
Secondary school or above,27,149,96592,2270.743864226161,58.484915935067086,11.66090359450058,34.465504389597484,2021,p90
Secondary school or above,28,150,92720,2241.4685558671267,64.5350086281277,39.34282427379925,8.02461892436008,2021,p90
Secondary school or above,29,115,69419,2393.479654945572,56.90267794119765,63.82090397921798,84.96377072559386,2021,p90
Secondary school or above,30,155,89854,2370.1259700922237,34.59907182763149,28.78510324155482,51.39559730229038,2021,p90
Secondary school or above,31,115,80340,2350.5133100987473,76.79347771969131,49.46836362127625,20.71197411003236,2021,p90
Secondary school or above,32,126,77362,2587.7900810475426,55.4515136630387,44.62095947191989,72.22538197047646,2021,p90
Secondary school or above,33,116,65485,3194.5188834593164,44.02896846606093,12.263877223791708,13.49443893003487,2021,p90
Secondary school or above,34,105,61688,2981.0034960878397,53.785403968356896,44.7791034452946,4.806445337829075,2021,p90
Secondary school or above,35,99,56018,3037.2180311090483,93.38525116926702,38.18718983183977,19.641008247349067,2021,p90
Secondary school or above,36,94,60315,2310.8296388405315,43.271408439028434,111.82161706595927,108.95161513166985,2021,p90
Secondary school or above,37,81,48656,3027.1012653458292,84.29782555080565,71.54177627973255,88.3042858708758,2021,p90
Secondary school or above,38,114,65091,3486.527169654791,74.2418921202624,135.60374450128796,99.46638808232578,2021,p90
Secondary school or above,39,87,49291,2855.7320792166247,78.6404211722221,58.03456344295442,27.674423322716116,2021,p90
Secondary school or above,40,96,57075,2508.9712220762153,81.53438458169076,55.45802306906118,65.41203095342385,2021,p90
Secondary school or above,41,87,48311,3283.35132785494,90.52741611641241,72.76965908385255,240.9699654323032,2021,p90
Secondary school or above,42,93,60639,3584.1969304682902,84.04846715809957,115.19855208694075,25.874986944595616,2021,p90
Secondary school or above,43,72,41957,3309.8972757823485,50.973377505541386,7.320391511944768,16.24901685058512,2021,p90
Secondary school or above,44,42,22571,3279.408359546911,133.47569890567542,67.90128926498605,36.06397589827655,2021,p90
Secondary school or above,45,58,31123,3230.59740920434,41.401053882980435,42.959386948558944,215.94961925264275,2021,p90
Secondary school or above,46,33,18674,2780.010379850773,39.68083967012959,268.85080861090285,0,2021,p90
Secondary school or above,47,39,19730,2974.944289575942,36.835783071464775,204.5932589964521,9.83274201723264,2021,p90
Secondary school or above,48,52,33114,3838.791498057217,36.8019568762457,159.65452678625354,400.4330092005395,2021,p90
Secondary school or above,49,26,15431,3091.5233404618407,46.16680707666386,196.25429330568338,219.29881407556218,2021,p90
Secondary school or above,50,48,31696,2986.8343639575974,115.3640837960626,4.955409725727748,0,2021,p90
Secondary school or above,51,30,19743,3302.475696027284,71.77429975181077,119.35876006685913,0,2021,p90
Secondary school or above,52,34,20790,2296.102701619368,36.3011063011063,64.25765592432259,113.87205387205387,2021,p90
Secondary school or above,53,29,11530,3213.849233882625,82.7510841283608,33.49233882625036,18.54408788667245,2021,p90
Secondary school or above,54,31,14449,2801.7100029990543,109.11343345560246,176.42974138925416,0,2021,p90
Secondary school or above,55,29,12446,2785.7993197278915,72.27623332797685,215.84123413144786,55.268091488563925,2021,p90
Secondary school or above,56,25,12722,2868.1516271026567,29.71388146517843,320.37887124665934,0,2021,p90
Secondary school or above,57,17,10437,3337.547666954106,2.922295678834914,1099.6055699275014,50.75200408802018,2021,p90
Secondary school or above,58,24,11187,3250.7714013289233,61.303298471440065,31.96567444355055,0,2021,p90
Secondary school or above,59,15,6246,3004.657380723663,0,55.09125840537944,1.665065642010887,2021,p90
Secondary school or above,60,23,10338,3208.097681692139,231.22412458889534,202.3868253047011,0,2021,p90
Secondary school or above,61,11,5088,2856.0370807127883,21.16745283018868,91.19496855345912,0,2021,p90
Secondary school or above,62,14,7361,2358.9967395734275,24.004890639858715,135.21713535298647,33.48729792147806,2021,p90
At most primary school,16,46,44850,506.3783723522854,169.3340022296544,0.7655146785581569,0,2021,p50
At most primary school,17,57,58760,579.5306330837304,93.46238938053098,2.978641933287951,12.916950306330838,2021,p50
At most primary school,18,49,42228,702.2216065170029,76.13822582172966,0.11820750844621263,97.5655962868239,2021,p50
At most primary school,19,51,43050,561.2093999225707,25.185830429732867,0.2497096399535424,0,2021,p50
At most primary school,20,65,53823,765.1475391561229,76.3376251788269,0.09274226012423438,19.39691210077476,2021,p50
At most primary school,21,49,37397,646.5950120776176,12.343236088456294,7.201780891515362,310.5552138763359,2021,p50
At most primary school,22,61,56961,864.9565492178859,220.50016678077984,3.8047743192710803,0,2021,p50
At most primary school,23,48,43440,747.842011970534,103.1403314917127,6.565953038674033,0,2021,p50
At most primary school,24,53,48168,906.697869955157,125.66797458893872,1.1736699330122349,0,2021,p50
At most primary school,25,52,39312,897.3283984533984,67.06461131461131,2.97625407000407,96.05886243386243,2021,p50
At most primary school,26,48,45165,962.217513561386,91.02513007860068,8.42005240045758,0,2021,p50
At most primary school,27,53,50653,809.7350798570667,72.08220638461691,6.192459808237749,53.5585256549464,2021,p50
At most primary school,28,48,41466,1036.1101866589495,85.70190035209569,70.65839081014164,33.51661602276564,2021,p50
At most primary school,29,56,53559,1073.285516906589,60.64218898784518,13.68237986768486,78.54627606938143,2021,p50
At most primary school,30,90,79655,1081.0849664176762,78.80803464942565,8.077040570794885,25.24650053355094,2021,p50
At most primary school,31,51,44619,1126.760557908813,91.62576480871378,78.77862196224329,50.56142002286022,2021,p50
At most primary school,32,52,50293,962.3873103612829,59.942437317320504,9.230989733495052,0,2021,p50
At most primary school,33,52,44414,1277.5932138514884,70.72454631422525,133.582691643776,21.394665345761847,2021,p50
At most primary school,34,57,52504,1205.638662451115,167.32601325613285,23.811233429833923,6.036111534359287,2021,p50
At most primary school,35,79,67442,1014.6701363146605,123.87626404910887,77.59971531093385,48.86915176497336,2021,p50
At most primary school,36,58,51843,1092.760867748137,100.81185502382192,101.15075002089642,52.79073356094362,2021,p50
At most primary school,37,61,50775,1064.7019136714262,129.23613983259477,163.98685376661743,380.12361726571476,2021,p50
At most primary school,38,59,47076,912.6810405868524,148.06175121080807,39.90916284306228,69.65332653581443,2021,p50
At most primary school,39,62,57647,964.6835972961877,161.40978715284405,8.13239775414737,36.388710600725105,2021,p50
At most primary school,40,86,74045,987.9603394332274,138.1748261192518,18.729252481599026,188.1524748463772,2021,p50
At most primary school,41,40,27951,1326.0259024721834,107.14536152552681,34.73638390993763,0,2021,p50
At most primary school,42,64,50876,1043.5911824828995,91.15781507980188,18.517539376785386,13.079513588594493,2021,p50
At most primary school,43,47,42780,1295.264079788063,141.5612435717625,100.68285413744741,31.86725884369643,2021,p50
At most primary school,44,53,41407,1122.071582099645,214.20653512691092,165.7909089445424,14.635206607578429,2021,p50
At most primary school,45,50,41292,1071.1493025283348,123.11755303690788,31.293793793793792,146.50038748425845,2021,p50
At most primary school,46,44,33248,1225.7871601299325,122.39713666987488,167.52955064966315,277.9357956368303,2021,p50
At most primary school,47,47,36074,981.9598880079836,86.11664911016244,64.31940825340504,180.20589159320656,2021,p50
At most primary school,48,34,25857,1123.3462118575242,92.7810650887574,7.364543450516301,92.90118729937734,2021,p50
At most primary school,49,38,34769,1244.7620581552533,69.43325951278437,25.288954720200945,184.11041444965343,2021,p50
At most primary school,50,55,44918,879.8465203259273,81.94187185538091,39.05412826335396,64.1913041542366,2021,p50
At most primary school,51,34,25654,1059.7225254021466,78.44877991736182,30.870462046204622,88.46659390348483,2021,p50
At most primary school,52,28,21570,939.5915159944367,124.30458970792768,38.710477515067225,377.96708391284193,2021,p50
At most primary school,53,30,26290,993.4211487257512,66.79650057055915,84.82756434639279,126.88474705211107,2021,p50
At most primary school,54,29,20224,1042.556368670886,50.23116099683544,24.376153744725737,87.7254746835443,2021,p50
At most primary school,55,37,28354,1015.1957043097975,47.451329618395995,45.76309045167055,6.030895111800804,2021,p50
At most primary school,56,38,28094,1127.3233667924349,112.38164732683136,18.793158681569018,26.866353432524146,2021,p50
At most primary school,57,42,36415,888.9892260515355,72.68460799121242,61.575243718247975,58.22692114055564,2021,p50
At most primary school,58,32,28982,790.4354081843903,56.44796770409219,49.69952614266326,11.062038506659306,2021,p50
At most primary school,59,32,26477,916.146592640153,57.76900706273369,319.0289685387318,45.96631038259621,2021,p50
At most primary school,60,47,41605,842.2091094820335,98.98629972359092,96.69050194287546,41.73027280374955,2021,p50
At most primary school,61,20,16429,703.8792582222493,28.461866212185768,23.740945888368127,94.03761641000669,2021,p50
At most primary school,62,28,22960,1035.280981416957,84.56184668989548,32.148482868757256,84.36550522648083,2021,p50
Secondary school or above,16,28,25720,340.6802099533437,16.841368584758943,4.782270606531882,0,2021,p50
Secondary school or above,17,34,28936,464.9338194636439,39.399018523638375,0,0,2021,p50
Secondary school or above,18,44,32045,566.0377594008426,29.809330628803245,11.552504290841005,42.68996723357778,2021,p50
Secondary school or above,19,45,37814,556.5516739831809,56.538980271856985,0,0,2021,p50
Secondary school or above,20,57,46469,759.9189423773556,44.25100604704211,0,0,2021,p50
Secondary school or above,21,49,37464,628.455290412129,8.630285073670724,0,0,2021,p50
Secondary school or above,22,45,30198,667.8041592158421,31.305384462547188,23.06775283131333,52.251539837075306,2021,p50
Secondary school or above,23,48,37129,876.8954186754289,22.7223464138544,9.933834289459272,1.7407776490972915,2021,p50
Secondary school or above,24,40,31674,1118.0201637515522,19.192397550041044,24.373303024562734,36.432089410873274,2021,p50
Secondary school or above,25,53,37217,1105.185699187647,73.11443695085579,3.7948607715112272,141.27168587831724,2021,p50
Secondary school or above,26,35,24883,1167.8057308202388,88.14532009805892,5.774826186553068,10.384599927661455,2021,p50
Secondary school or above,27,42,33655,1241.58610904769,85.73733471995246,8.93131283117912,34.27425345416729,2021,p50
Secondary school or above,28,42,32786,1445.4913174322373,69.25321783688159,22.890613879908095,11.513328859879216,2021,p50
Secondary school or above,29,32,19951,1441.9730005179356,89.78231667585585,11.583379279234123,141.60693699563933,2021,p50
Secondary school or above,30,43,24312,1554.5883959910059,86.30696775255018,34.68232422946144,38.86969397828233,2021,p50
Secondary school or above,31,36,31593,1144.9028160246467,62.860696989839525,80.15409531647306,33.445172453813605,2021,p50
Secondary school or above,32,31,22719,1355.8797188843405,59.16259518464721,37.71292750561204,148.31198556274484,2021,p50
Secondary school or above,33,22,13953,1571.7936047206097,40.70020784060775,27.234286533362003,0,2021,p50
Secondary school or above,34,23,16334,1144.3804334516958,50.641300355087544,65.05652830496716,0,2021,p50
Secondary school or above,35,19,12141,1590.5670867309118,130.5180792356478,54.292891854048264,0,2021,p50
Secondary school or above,36,27,25804,1105.5092233762207,52.73310339482251,85.96438536660983,10.721851909264712,2021,p50
Secondary school or above,37,17,10841,2307.2856132583092,138.241398394982,47.95990529778926,108.97518679088645,2021,p50
Secondary school or above,38,19,11984,1617.7999833110814,123.1813251001335,113.90186915887851,511.68224299065423,2021,p50
Secondary school or above,39,22,13126,931.4536035349688,39.046167911016305,88.09741480014222,29.414901721773578,2021,p50
Secondary school or above,40,24,17579,1213.6080929897414,121.36469651288469,157.10886095151412,138.48294366384133,2021,p50
Secondary school or above,41,19,13467,1834.6164698893592,152.95908517115913,50.73513031855647,864.4464245934506,2021,p50
Secondary school or above,42,15,12418,1984.3335480753744,147.5140924464487,17.085413646856715,0,2021,p50
Secondary school or above,43,16,12000,2152.0044444444443,93.63833333333334,25.595138888888886,22.23,2021,p50
Secondary school or above,44,10,4557,1337.3710774632434,76.66008338819398,234.07212347304514,0,2021,p50
Secondary school or above,45,9,6314,1662.4247703515996,10.40544821032626,0,365.8536585365854,2021,p50
Secondary school or above,46,8,5211,1437.506556642999,91.40088274803301,73.79005948954135,0,2021,p50
Secondary school or above,47,8,4986,1707.1399919775372,77.45687926193341,198.7665463297232,0,2021,p50
Secondary school or above,48,11,7404,1361.7774176121015,8.6709886547812,35.73743922204214,0,2021,p50
Secondary school or above,49,4,2927,1855.1417833959686,155.6200888281517,0,0,2021,p50
Secondary school or above,50,8,6617,1144.0308296811245,0,0,0,2021,p50
Secondary school or above,51,5,4670,1754.557458957887,188.98072805139185,450.6423982869379,0,2021,p50
Secondary school or above,52,5,6155,1044.714865962632,48.708367181153534,166.9916057405903,384.63038180341186,2021,p50
Secondary school or above,53,3,1080,613.8888888888889,0,0,0,2021,p50
Secondary school or above,54,5,2335,1498.8865096359743,0,212.14846538187007,0,2021,p50
Secondary school or above,55,4,2140,960.0467289719626,116.6822429906542,169.7196261682243,0,2021,p50
Secondary school or above,56,5,3301,1284.0957285671009,37.70069675855801,1139.0063617085732,0,2021,p50
Secondary school or above,57,3,1816,1421.3656387665199,0,0,0,2021,p50
Secondary school or above,58,4,1697,1117.678255745433,164.93812610489098,210.72480848556276,0,2021,p50
Secondary school or above,59,4,1908,567.4213836477987,0,0,0,2021,p50
Secondary school or above,60,4,1770,1643.2203389830509,0,1119.09604519774,0,2021,p50
Secondary school or above,61,2,707,1797.100424328147,0,0,0,2021,p50
Secondary school or above,62,2,994,2984.36452045607,0,0,247.98792756539234,2021,p50
