age_2021,education,sample,comparison,weights_total_1,weights_total_2,y1_1,y1_2,y2_1,y2_2,y3_1,y3_2,y4_1,y4_2
19,At most primary school,general,2016-2017,61712,79316,460.45069570477915,438.4168894044077,612.9165694408434,533.4237354379949,618.0992459597269,536.128107821877,618.0992459597269,536.128107821877
20,At most primary school,general,2016-2017,83070,113545,550.6948958709522,615.4021136994144,606.802732635127,683.508608921573,608.390229124032,696.7970628385223,613.8940211066972,696.7970628385223
21,At most primary school,general,2016-2017,82613,84356,773.3615048479053,731.4042115162723,866.8871243024705,811.9168602905148,869.211213731495,822.6266299966808,869.211213731495,822.6266299966808
22,At most primary school,general,2016-2017,89695,80740,732.1126019659216,781.8293947650897,836.5867644052995,843.8381141111387,854.3757530148466,866.3486933366362,854.603190441682,866.3486933366362
23,At most primary school,general,2016-2017,107855,65686,946.5138534761177,1002.7007063910117,1060.8754500641294,1149.881840879335,1205.1769814411325,1174.8759961534167,1209.299337072922,1174.8759961534167
24,At most primary school,general,2016-2017,69687,84002,937.8210833201794,974.988857408157,1035.2797197947011,1047.433382538511,1047.5660859749069,1118.8626342229948,1049.1770990285133,1139.278814790124
25,At most primary school,general,2016-2017,85123,57466,1036.5577262706122,1034.0055279063563,1120.085151290877,1118.000759869604,1132.9368482470463,1137.2562036682561,1139.214517032216,1137.2562036682561
26,At most primary school,general,2016-2017,63300,65830,1137.883991574513,959.2618360423312,1221.295365982096,1044.8484986581598,1231.883438651922,1073.38319661755,1241.2107161664035,1097.3084586561345
27,At most primary school,general,2016-2017,85272,75886,1131.4338411201802,1106.0953151218055,1291.4109262125903,1207.7840982965677,1318.1077512743534,1230.8153776717709,1410.6234656940926,1230.8153776717709
28,At most primary school,general,2016-2017,77861,72598,1415.953128010172,1289.0388670027642,1530.264785964732,1387.0448726778516,1544.51267536593,1429.6373339026788,1552.0945627464328,1433.1012493457122
29,At most primary school,general,2016-2017,74765,77137,1354.1390802291623,1350.317852219644,1554.8962527029134,1482.5332611673605,1578.6581733877258,1548.5809587703266,1578.6581733877258,1560.1452318601969
30,At most primary school,general,2016-2017,90436,58956,1515.1688634319667,1134.6044168532464,1604.1110435372345,1353.2349548816067,1634.85324428325,1417.692947565416,1634.85324428325,1425.8524224280254
31,At most primary school,general,2016-2017,45906,67635,1478.2351308470934,1090.797476651635,1596.6748772854676,1176.7238461348907,1620.2251757214017,1259.077201153249,1620.2251757214017,1259.077201153249
32,At most primary school,general,2016-2017,68508,68888,1468.2428183569803,1672.6190918592497,1586.5222309803235,1805.8323946115434,1702.6795897316129,1848.3064829868772,1738.080564800218,1848.3064829868772
33,At most primary school,general,2016-2017,68059,69143,1436.1274090617453,1357.7895231621421,1525.539830637143,1447.821630533821,1586.8350303902985,1544.8336756191275,1587.569687085225,1614.9591161313026
34,At most primary school,general,2016-2017,64542,121240,1710.0698614855444,1440.0603671780489,1810.2323913110843,1508.4956195699988,1905.0589254542263,1585.6793584350598,1905.0589254542263,1626.929495903442
35,At most primary school,general,2016-2017,107123,55913,1593.6931346831834,1414.8137672216958,1739.4578164041957,1542.7286528475788,1786.0892393167978,1616.4727016376635,1786.0892393167978,1633.1503973434922
36,At most primary school,general,2016-2017,74443,89208,1409.536681308742,1619.14060024512,1505.5043881448446,1667.9872283502225,1536.55476673428,1751.8896147206528,1539.9869228805933,1886.260149500792
37,At most primary school,general,2016-2017,89528,79986,1678.8558905221457,1527.783624634311,1741.9176700771452,1652.8561373240318,1911.1263133693742,1786.0803682311073,1977.023016076907,1836.088286283433
38,At most primary school,general,2016-2017,84392,86561,1473.810473741587,1573.05968623283,1555.0448442980378,1680.9162382597244,1594.7951563339338,1794.202926260094,1664.984273785825,1875.2161231193415
39,At most primary school,general,2016-2017,82980,76786,1588.4622318630995,1426.134030509034,1642.6944685466378,1515.2587407426702,1691.9650498111994,1569.6051352677139,1706.62028802121,1570.66001506351
40,At most primary school,general,2016-2017,102771,78432,2482.364525660611,1781.0600775193798,2540.892417770253,1906.1621404528762,2575.7354539056087,2064.247860142119,2604.698403894743,2083.4610001869983
41,At most primary school,general,2016-2017,87038,77553,1541.3167131980667,1684.7454192616663,1598.0884680637575,1795.7780679019509,1652.3944101043987,1956.392318801336,1686.3020136798486,1999.053466661509
42,At most primary school,general,2016-2017,98893,103684,1692.580287954321,1689.1987834831475,1821.8988949335815,1753.3930661111326,1873.8764363166924,1801.2581336882579,1998.8630379972967,1851.6310938364004
43,At most primary school,general,2016-2017,107178,76057,1946.727940124528,1562.7672359765265,2082.909665851823,1709.8914980431346,2158.447883427569,1768.0579170884996,2213.827563337003,1822.2975005587916
44,At most primary school,general,2016-2017,77432,97572,2081.1977035764717,1647.1907061793686,2134.2681395719255,1771.2651537667912,2291.0534264472917,1881.5808898386151,2444.30691337776,1963.3451254799877
45,At most primary school,general,2016-2017,111989,62893,2077.7388657219312,1507.6131895971464,2196.9631645369936,1649.7381478595921,2248.9278292213226,1753.0779273263054,2279.9918622959995,1784.2817178912333
46,At most primary school,general,2016-2017,60183,94222,1714.3992544960092,1584.6234274727065,1820.9853336213437,1709.095323632839,1974.3527158832226,1793.4916323505481,2022.2637317293365,1798.5570735426265
47,At most primary school,general,2016-2017,83258,74595,1836.8799194471803,1652.4580043345175,1956.6204248640772,1715.7715240074178,2050.2293473299865,1774.8127801237795,2065.246162530928,1841.106767656456
48,At most primary school,general,2016-2017,63077,60113,1556.310921572047,1775.0209937950194,1640.1137340076416,1877.422304659558,1816.3428349477624,2005.095575554927,1852.2307180113196,2234.331348183144
49,At most primary school,general,2016-2017,73260,84632,1611.2923218673218,1871.6961117938054,1663.2980548730548,1976.570391026247,1715.1355969605968,2113.953604034723,1748.218498043498,2145.9808907978068
50,At most primary school,general,2016-2017,69258,63889,1628.0858240203297,1620.1772462134848,1740.7549741546102,1716.956034424288,1809.520543956414,1767.0292603838948,1847.8980599112497,1836.3943571402483
51,At most primary school,general,2016-2017,65783,38310,1297.0557958236425,1733.7642391020622,1393.7772892185926,1806.8428086661447,1483.6007491803862,1949.223118419908,1517.334591257113,2047.1725224049421
52,At most primary school,general,2016-2017,52365,79357,2362.514866800344,1749.286254940753,2413.2345268786407,1862.2169100814463,2584.0093701263568,1974.3148892557263,2595.8983544988705,2043.6601518034536
53,At most primary school,general,2016-2017,55396,65570,1777.4045734349052,1945.3621727415994,1898.5425617373096,2006.9536017487674,1968.0677380436614,2084.7990214020638,2001.1663973933137,2134.647020995374
54,At most primary school,general,2016-2017,45689,93829,1760.3211440390467,1782.7312629002404,1869.5627120313425,1886.9684390398133,2231.6457079384536,2051.257997705045,2255.8681684869443,2408.2357622199247
55,At most primary school,general,2016-2017,78455,50031,1686.4754562063179,1129.483340328996,1788.1609447029082,1283.3319541884032,1815.0977662354217,1431.936096286969,1818.3460826800926,1699.7560479169583
56,At most primary school,general,2016-2017,53833,72197,2117.324692412956,1593.1652654080733,2181.417869460492,1667.6771980368528,2256.4590461860444,1739.943445249341,2298.482526207593,1824.2095689571588
57,At most primary school,general,2016-2017,58003,39136,1687.3987538000908,1677.6740000681384,1732.2229870294066,1766.1810012946307,1841.7140191024603,1814.0182270373398,1970.2432905769242,1814.0182270373398
58,At most primary school,general,2016-2017,45148,50880,1637.8072653642835,1507.6377358490565,1661.3673344703348,1546.6649764150943,1760.3763344998672,1708.0682095125785,1819.0980202149967,1773.105657101677
59,At most primary school,general,2016-2017,49374,54948,1884.31822079097,1353.4655674455848,1967.0148222411258,1479.1118148067262,2194.6383184132,1530.278357113392,2337.781673215323,1539.7618687971658
60,At most primary school,general,2016-2017,60728,62949,1648.7915459096298,1370.6814511218076,1752.7243281517585,1429.3729791842075,1821.5463954024503,1568.4647730702632,1853.5085874720062,1632.0036166844059
61,At most primary school,general,2016-2017,46890,37235,1714.3029110684581,1529.6039926592364,1777.2045958626572,1552.542625665816,1945.9758335110544,1656.740535338615,1954.357720196204,1733.1650463273802
62,At most primary school,general,2016-2017,50181,46027,1725.5990381485688,1434.6520303300238,1798.326963060388,1541.5810068003564,1962.6707784486823,1686.554029881012,2075.2764791454933,1833.7072225722584
63,At most primary school,general,2016-2017,43242,58924,1740.2805547847001,1293.7498925169145,1837.1803281531845,1356.7365363292831,1991.5204758490975,1504.903825266445,2086.542136888519,1784.7126637702804
64,At most primary school,general,2016-2017,36473,71323,1474.3929893345762,1410.754786908384,1533.3779919392427,1502.588697428132,1632.8465028925507,1669.64527221233,1632.8465028925507,1779.106923199155
19,Secondary school or above,general,2016-2017,14986,17272,224.32733884959296,191.87992125984252,243.98969037768586,199.5223483094025,253.91562124649676,213.2681025165972,253.91562124649676,213.2681025165972
20,Secondary school or above,general,2016-2017,28353,30716,292.7515606814094,351.0986131006641,413.4470779106268,412.61964448495894,436.0622626647386,412.61964448495894,438.50174584700034,421.68332465164735
21,Secondary school or above,general,2016-2017,59831,68735,470.8387513719198,724.5882156106787,724.888491473205,790.3648214155817,726.9038179761885,837.1978759001964,734.2043812293516,844.6831454135448
22,Secondary school or above,general,2016-2017,52005,74677,800.7545428324199,926.4669766684076,896.4760696086914,999.0319966879584,926.3942826010319,1001.5854379527834,929.069025414223,1002.0820388696209
23,Secondary school or above,general,2016-2017,85207,109210,904.7676951424179,1419.8870066843695,1013.5425258488152,1548.50563135244,1084.8991436540816,1574.5748099990842,1122.5329843792176,1584.696593718524
24,Secondary school or above,general,2016-2017,103352,123445,1354.3567024989034,1845.5400056705416,1434.650504263746,1957.5903924824822,1467.3216991446707,2057.956365182875,1495.4585518422477,2069.6032443598365
25,Secondary school or above,general,2016-2017,115640,126629,1927.0869962815634,1870.6423956334384,1993.9868146835004,1950.2522006544052,2029.7223012510087,1986.614638695191,2048.256545457166,2012.832961512239
26,Secondary school or above,general,2016-2017,111311,134891,1770.7287719392814,1871.9963513750608,1865.6103649534489,1962.0119788075804,1906.9074215486341,2002.75615991183,1907.5776158690517,2013.4939654980687
27,Secondary school or above,general,2016-2017,131039,126273,2370.9129794692167,2303.8409002716335,2480.5483551970533,2402.4877052101397,2510.476277418682,2430.4136738125594,2542.46670266104,2461.029086450257
28,Secondary school or above,general,2016-2017,118852,86994,2498.2450232221586,2437.386797748504,2588.6095942853294,2554.92209903365,2640.399705796565,2699.2668239572076,2661.35013153614,2723.076895149857
29,Secondary school or above,general,2016-2017,137363,99982,2300.0650793881905,2981.2146252992206,2366.3947678778127,3105.5738099524583,2478.1053910684345,3182.3831898074986,2481.02284336636,3200.0411015649483
30,Secondary school or above,general,2016-2017,108502,96527,2763.5325324264372,2663.6638695218267,2833.3912262753984,2776.3646579022798,2869.447397282999,2914.3368919231584,2884.4432038119107,2922.675491485975
31,Secondary school or above,general,2016-2017,68484,93850,3346.288672049919,3019.2441893091814,3450.401983188287,3205.235729000178,3537.4552851760996,3236.331600071035,3537.4552851760996,3263.175499911206
32,Secondary school or above,general,2016-2017,93681,77896,3327.5389691257205,3430.9560974461674,3481.6489807609505,3503.18599371812,3661.15336265269,3549.3121105919004,3661.15336265269,3551.8077457978156
33,Secondary school or above,general,2016-2017,77707,79498,3140.8558302340844,3744.039321743943,3208.5726382436587,3881.741653878085,3246.681270670596,4375.6323282766025,3288.1114721539457,4448.919270505757
34,Secondary school or above,general,2016-2017,79304,109868,3446.543744115471,3561.631002657735,3486.243254858939,3718.9693996432084,3535.315245763139,3867.2370746410847,3535.315245763139,3890.6278708692857
35,Secondary school or above,general,2016-2017,96963,70873,3916.896300650764,3963.4491520042893,3998.3481946721945,4016.546382261228,4102.437469275222,4138.371731830175,4114.097157334929,4177.779216579892
36,Secondary school or above,general,2016-2017,67958,84870,3261.117987090065,3602.5275480146106,3342.3574290983643,3709.3858607281727,3415.750922138183,3789.747126978516,3431.350557206902,3863.8125603864733
37,Secondary school or above,general,2016-2017,74492,85238,3700.301409323596,3435.8315285827134,3765.5079415686696,3504.2280184111937,3906.491973411015,3613.990487419539,4046.7945114911668,3617.5522791086914
38,Secondary school or above,general,2016-2017,66571,70835,3539.08124158167,2924.2544481306322,3572.8038835729276,3009.890786099151,3719.7809206210914,3178.313617326651,3719.7809206210914,3230.7466894896593
39,Secondary school or above,general,2016-2017,60219,69335,4259.098511267208,4495.822634071296,4486.558283100018,4553.051594913583,4537.678672844118,4620.815951539626,4537.678672844118,4624.78508689695
40,Secondary school or above,general,2016-2017,62588,59679,4307.079212468844,3495.0136424314524,4336.210036268933,3575.1205477080152,4458.526614526747,3753.579748878723,4464.555459246714,3763.2716002837396
41,Secondary school or above,general,2016-2017,53057,53005,4028.8104020204687,4059.627091783794,4088.8801383417835,4128.580964059995,4356.0585188256655,4323.172905071849,4360.979861281264,4323.172905071849
42,Secondary school or above,general,2016-2017,54525,63638,4001.659061592542,4125.586350398608,4085.7353568699377,4215.706247315545,4228.731535992664,4324.151149208544,4246.70149472719,4365.571055553809
43,Secondary school or above,general,2016-2017,61196,43852,4350.498790770638,3810.74593899176,4489.765638277011,3853.0441237951895,4543.110764320108,3931.1327324485387,4607.579411508377,3954.4780758764327
44,Secondary school or above,general,2016-2017,55244,64367,4894.103775975672,4506.231837225079,4943.870447469409,4639.100387879918,5266.172235898922,4716.263867095458,5723.511796152826,4735.644916390905
45,Secondary school or above,general,2016-2017,58693,29592,4860.120315313014,6383.143141164279,4892.535254062098,6484.720594530053,4975.083286479365,6540.682791520231,5169.467284571131,6590.2682650716415
46,Secondary school or above,general,2016-2017,35820,50847,5890.8840871021775,4007.0873011190433,5974.494081518705,4085.4149900682437,6184.861660152615,4289.36868120702,6284.819784105714,4331.131223736569
47,Secondary school or above,general,2016-2017,46552,41697,5511.315990720055,5134.0210406823835,5570.622142979893,5284.820618589667,5883.583276049722,5466.654803303196,5902.318597124363,5487.740412979351
48,Secondary school or above,general,2016-2017,42302,33822,4436.793555860243,5931.787576626653,4488.698430334263,5978.323559123253,4535.381802278852,6095.4037017326,4574.550163112855,6186.232156584471
49,Secondary school or above,general,2016-2017,28227,42956,4424.778256043268,5121.273454232238,4491.234308758753,5185.121601173294,4541.416758186606,5274.870918304001,4541.416758186606,5275.764856287054
50,Secondary school or above,general,2016-2017,42399,22587,3981.229537646328,5102.876396452237,4050.6361274243886,5146.4501335576515,4332.157704191137,5330.223985773528,4332.157704191137,5330.223985773528
51,Secondary school or above,general,2016-2017,32127,21275,4404.092730932445,5000.369808068939,4408.436429379234,5028.735025460243,4856.782057666967,5107.884261652958,4869.621725236302,5107.884261652958
52,Secondary school or above,general,2016-2017,22206,36045,6916.912523642259,4248.509821057012,7051.615757002612,4418.373879872382,7068.343218049175,4759.663471586443,7225.729960371071,4764.317283950618
53,Secondary school or above,general,2016-2017,24875,31517,5559.593031825795,4137.215143150258,5635.997051926298,4163.438451206228,5953.886499162479,4480.894638872143,6039.0005360134,4872.70858055441
54,Secondary school or above,general,2016-2017,31655,41304,4583.5117043121145,4822.400655303763,4648.686242299794,4903.941426173413,4874.9830358553145,5172.067192846535,4898.723361238351,5238.457857188972
55,Secondary school or above,general,2016-2017,27890,21550,3990.6310684833275,3736.5172273781905,4035.178397275009,3759.018387470998,4271.854386279431,4273.242672080433,4331.25919086889,4273.242672080433
56,Secondary school or above,general,2016-2017,20468,21793,6409.583333333334,5269.854907539118,6487.514738453521,5372.0831459643005,8670.474089635854,5659.175331528473,8750.364650511368,5659.175331528473
57,Secondary school or above,general,2016-2017,16450,19977,6175.718561296859,4763.408849343412,6248.484518743668,4911.524181975939,6615.463242147923,5305.995323789024,6688.281155015197,5305.995323789024
58,Secondary school or above,general,2016-2017,19645,20732,5197.836141511835,5210.430317062191,5218.535657928226,5225.041546080134,5374.001849495206,5463.248183162905,5420.290133197591,5576.196765065278
59,Secondary school or above,general,2016-2017,17164,17996,4669.190738367125,4790.979199081277,4833.9976015691755,4909.945636067274,4946.762691291851,5446.383826035415,4963.716781247573,5453.510409720679
60,Secondary school or above,general,2016-2017,14596,14550,4787.4411710971035,5139.762978235967,4829.288252489266,5167.408339060709,5828.63738923906,5799.141443298969,5906.466931579427,5801.643161512027
61,Secondary school or above,general,2016-2017,14944,11042,4631.683061206281,6385.600464891625,4647.825660242684,6406.5531908470675,5810.225597787295,7548.052315401798,5819.3039346895075,7577.17747388758
62,Secondary school or above,general,2016-2017,11534,13551,4379.344835558639,5056.602686148623,4451.295589850298,5110.606080732049,4690.502861106295,5338.836469633237,4697.118085659789,5338.836469633237
63,Secondary school or above,general,2016-2017,11305,9825,4176.3105410585285,3323.8968617472437,4255.881527347781,3344.7416454622567,5275.177414123544,3756.7355385920273,5275.177414123544,3847.931467345208
64,Secondary school or above,general,2016-2017,10137,14020,6851.065371082832,3229.722182596291,6950.775344447733,3285.5582738944368,7759.262405050804,4061.1443414170235,7834.858735326034,4108.600356633381
19,At most primary school,males,2016-2017,46027,49073,498.52108544984463,463.6909094614146,676.3752580007387,557.9661728445377,682.6744591942411,562.337211908789,682.6744591942411,562.337211908789
20,At most primary school,males,2016-2017,55037,90299,625.2596435125461,698.4961405995637,670.8086014862728,739.4238363658512,673.2046865442036,746.2360657371621,681.5118253780789,746.2360657371621
21,At most primary school,males,2016-2017,61509,57310,875.877578890894,844.8170650846274,941.8126778195061,888.0711219682429,944.9341722349575,903.8350956784737,944.9341722349575,903.8350956784737
22,At most primary school,males,2016-2017,66871,60118,853.6055963471958,890.2169954644754,927.4380498771266,926.3221553167659,947.9688729045475,951.4311770185302,948.2739378803966,951.4311770185302
23,At most primary school,males,2016-2017,70115,50205,1048.1677054363072,1085.020416293198,1119.4095224512112,1245.9292899113634,1336.679602557703,1278.097223052153,1342.1705816634578,1278.097223052153
24,At most primary school,males,2016-2017,52442,53529,1038.6109002962003,1169.098445079614,1107.0989442304515,1222.565631090935,1114.8865953497832,1326.9744562137657,1117.0273730978986,1359.013164203827
25,At most primary school,males,2016-2017,56589,49452,1181.4926929261871,979.0965313165628,1259.7690363851632,1043.5881595621343,1267.7878209546025,1065.9640661651702,1270.8852427150155,1065.9640661651702
26,At most primary school,males,2016-2017,50185,41031,1256.1420079040881,1276.0694759247074,1336.2932483145694,1363.9730122752717,1343.7401946132643,1382.0676033568116,1354.1848826010428,1382.0676033568116
27,At most primary school,males,2016-2017,62531,56910,1284.338778632465,1272.4412068763545,1404.9579275346096,1359.489528788145,1417.8330081612853,1369.8550474433316,1417.8330081612853,1369.8550474433316
28,At most primary school,males,2016-2017,53786,48060,1665.9265081371857,1550.3282702177835,1763.8004902143061,1623.5631849077542,1779.4793828009767,1644.8704570675545,1779.4793828009767,1648.522142460813
29,At most primary school,males,2016-2017,50285,57660,1522.5481488846906,1508.6301161984045,1694.265360776905,1641.6342785293098,1728.5535182791423,1716.2877861602499,1728.5535182791423,1726.4288429298185
30,At most primary school,males,2016-2017,51791,33802,1715.4716971417172,1443.216643985563,1775.3884780495969,1705.4369268090645,1817.028338256969,1778.1372601226751,1817.028338256969,1789.8126047768376
31,At most primary school,males,2016-2017,35642,39708,1621.9738651029684,1355.5162771565765,1748.3689888333988,1399.1686897686445,1771.1651282195162,1507.4700186360433,1771.1651282195162,1507.4700186360433
32,At most primary school,males,2016-2017,36341,45618,1608.978481604799,2058.9115626872435,1634.4772295754108,2193.608349043506,1841.1710006145493,2237.1625381793738,1841.1710006145493,2237.1625381793738
33,At most primary school,males,2016-2017,43408,45285,1639.8316055412213,1689.776460196533,1711.6460176311587,1805.9400905377056,1783.8490677601671,1924.6077803540538,1783.8490677601671,1975.5061646608515
34,At most primary school,males,2016-2017,50815,85526,1939.3737544688247,1520.5591876544363,2060.1735183180817,1596.3988153699847,2173.6123487159302,1681.9636611478768,2173.6123487159302,1689.4740478528945
35,At most primary school,males,2016-2017,74205,41082,1808.7478337039283,1637.7405230190027,1935.0742268041238,1771.6727804553495,1978.2451440828336,1830.422354478036,1978.2451440828336,1835.643619265534
36,At most primary school,males,2016-2017,46547,48422,1805.5814374001907,1912.0630911569122,1912.8939387429195,1944.843232415018,1944.2500590800698,2025.1638924455826,1949.739134638108,2038.0010325884928
37,At most primary school,males,2016-2017,60463,49382,1800.4400652740796,1875.2575634846705,1866.2745425577077,1974.7656838524158,2081.7443849957826,2127.944439944379,2083.157370347706,2194.4045536160274
38,At most primary school,males,2016-2017,51174,47664,1767.232579044046,1655.6585368412218,1854.732891702818,1748.5389287512587,1907.8698199606572,1907.42017385588,1929.2400470290904,2025.113821052926
39,At most primary school,males,2016-2017,57245,51424,1837.4582234256268,1693.1919466915579,1885.601729408682,1758.3632674756275,1924.8003115264798,1811.055925573014,1927.1178356188314,1812.2421421255965
40,At most primary school,males,2016-2017,60929,46174,3230.901278537314,2016.442023649673,3317.892202399514,2156.9311517304113,3362.118876068867,2336.729035821025,3387.102895720155,2336.729035821025
41,At most primary school,males,2016-2017,52869,43932,1674.5197012111696,2034.5722745758599,1748.8986378280906,2177.0185551913564,1801.054858864993,2362.5796761661964,1835.6687157565555,2408.286677896143
42,At most primary school,males,2016-2017,59454,62193,2014.702550150817,1918.5715916582253,2171.5115957995536,2001.103548630875,2239.0073207858177,2038.1113308571705,2240.2048852894677,2051.415882816394
43,At most primary school,males,2016-2017,70089,47713,2300.672009873161,1985.3554167627271,2448.004900911698,2179.7349359713285,2524.5711488250654,2245.5333207581443,2550.6808093994778,2277.375795555369
44,At most primary school,males,2016-2017,40055,60880,2740.4061665210334,1809.8058571506788,2829.477443515166,1986.9042474266314,3060.7818582782006,2100.87116869251,3195.3960138143384,2152.5137442509854
45,At most primary school,males,2016-2017,76922,38660,2325.6128545799647,1727.129211933092,2449.3502769038773,1904.1790050008622,2474.8667633013533,1978.0600513019485,2508.847679034174,1988.1997305569926
46,At most primary school,males,2016-2017,32782,55123,2122.89241046916,1926.4421460491387,2183.3993960100056,2079.8667600940926,2259.795461940496,2164.134606546572,2332.8953948304966,2172.792988710097
47,At most primary school,males,2016-2017,57139,41717,1856.9289262441882,2261.100658404647,1973.047426742972,2317.926412893225,2094.325217160492,2343.1266709814545,2094.325217160492,2374.365734193095
48,At most primary school,males,2016-2017,36361,35970,1952.9993766214716,1983.3545547215272,2056.7734752436218,2104.216662033176,2109.474216880724,2145.48878695209,2109.474216880724,2259.4031600407748
49,At most primary school,males,2016-2017,46950,50395,1905.960678026269,1951.7580381651617,1960.517440539581,2092.034454476304,1974.752442314519,2217.9109518140026,1974.752442314519,2232.5949482422197
50,At most primary school,males,2016-2017,41369,34658,1765.665506377561,2016.5237367034067,1901.1953717356796,2129.466491622906,1997.6226280548235,2167.478927424164,1997.6226280548235,2195.524400330852
51,At most primary school,males,2016-2017,39959,19692,1397.6594113132628,2010.2378630916107,1457.8586154975517,2057.335161486898,1571.2737827106118,2267.8780215315865,1626.8085391693153,2329.927330895795
52,At most primary school,males,2016-2017,34673,46838,2858.756650227362,2059.89353374041,2917.686220786587,2199.333304866419,3039.6666666666665,2224.53977895441,3046.633663080783,2284.7259525741206
53,At most primary school,males,2016-2017,36956,49739,2038.4771011473103,2177.7417720501016,2157.770855882671,2215.4839864090554,2241.9903781974963,2296.973042615788,2291.6043335317677,2362.6867347554235
54,At most primary school,males,2016-2017,30522,67878,1989.1635050127777,2131.330882858462,2102.0947677085383,2243.9395336731586,2456.6707020072954,2413.656894231808,2456.6707020072954,2810.469803667364
55,At most primary school,males,2016-2017,51307,23984,1892.8257791334515,1364.9488825883923,1983.2916999629679,1618.1460140093395,2002.0701642400973,1799.82562680676,2007.037257749105,2335.286767567267
56,At most primary school,males,2016-2017,37691,44606,2652.3132887603583,1807.8755025482374,2730.239053531789,1905.6610022567968,2753.8996091020845,1944.474764232017,2769.2215692517225,1958.686484628376
57,At most primary school,males,2016-2017,43315,21890,1770.8026068721383,2121.0385716461096,1822.6728596713995,2235.8741129891887,1963.074760475586,2269.974128216842,2135.187962214783,2269.974128216842
58,At most primary school,males,2016-2017,25907,37101,1814.2857689684897,1781.3616614107436,1826.728738050205,1826.6371526373953,1969.1757600905803,1963.1369729477192,2013.2565104669266,2024.087711023063
59,At most primary school,males,2016-2017,36515,26659,1842.6367702770551,1449.8219112994987,1950.4243096444384,1668.6542005826675,2245.9119859418506,1744.290477262213,2416.821475192843,1744.290477262213
60,At most primary school,males,2016-2017,38990,39441,1815.1567410447121,1522.4407342613017,1847.0220911344788,1581.7704419259146,1894.5510259040777,1713.8047294270768,1944.3330212875094,1755.0043609441952
61,At most primary school,males,2016-2017,27552,28136,2214.9500520228416,1470.368448488295,2248.6927930216802,1492.3801061510758,2417.7966693283006,1581.824560468202,2432.0615744773518,1682.964262866079
62,At most primary school,males,2016-2017,30599,33735,1763.9377757443053,1678.8216096042686,1807.7294029216641,1793.0350377945754,1848.6851095351699,1947.3838347907713,2033.3534538165734,2106.037063386196
63,At most primary school,males,2016-2017,31915,35206,1990.0328607237975,1551.0021492548617,2106.411992793357,1605.4921509591168,2278.789453757376,1737.7694143043798,2393.469071491984,1813.8034994035106
64,At most primary school,males,2016-2017,25067,43004,1716.1388877807476,1764.7290174557406,1757.103502612997,1799.1339565311755,1888.4853326418531,1994.8223285430813,1888.4853326418531,2123.8738896381733
19,Secondary school or above,males,2016-2017,6892,12704,414.88239988392337,207.86366498740554,430.2480412071967,218.25409319899245,451.83103598374925,236.942432829555,451.83103598374925,236.942432829555
20,Secondary school or above,males,2016-2017,13426,21464,362.07619544168034,363.94637532612745,365.38321167883214,408.50936451733133,380.25981925616964,408.50936451733133,380.25981925616964,421.47991986582184
21,Secondary school or above,males,2016-2017,35569,55263,399.5699438649761,680.1539004397156,413.4963966750073,725.17950527477706,413.4963966750073,773.5612435083149,425.77675316520947,773.5612435083149
22,Secondary school or above,males,2016-2017,37855,55121,825.0220578523313,969.5300838156056,888.9966450931184,1000.299445764772,908.7131070312156,1002.6854087673784,912.3876546471184,1002.6854087673784
23,Secondary school or above,males,2016-2017,54210,75688,1066.696452069114,1445.0602385230595,1154.9082211154155,1539.3681869428883,1197.682309536986,1563.5991086213578,1213.0238824325156,1574.525543459113
24,Secondary school or above,males,2016-2017,66146,85339,1558.7945882341082,1780.2871606182403,1633.2554021911124,1902.765511665241,1659.123431500015,2004.5520434189918,1686.940684243945,2015.2710464539464
25,Secondary school or above,males,2016-2017,75825,75403,1873.0375162105724,2108.083638360985,1943.5333948785578,2176.647355984952,1974.276135839103,2215.561722787334,1993.089192218925,2215.561722787334
26,Secondary school or above,males,2016-2017,71374,94912,1931.394700217633,1832.6846693077098,2015.4103781956082,1935.7126109799956,2060.610077432492,1957.4835496740843,2061.65527596417,1972.0774190829402
27,Secondary school or above,males,2016-2017,84539,87394,2556.6476567028235,2346.0321875643635,2685.1992127893636,2441.191214499851,2705.710751842345,2459.8010923709485,2750.297589475469,2461.0719652760295
28,Secondary school or above,males,2016-2017,65610,52107,2672.7362673372963,2645.714141094287,2774.4855433622924,2755.3187239718272,2840.6475867499876,2987.432131639383,2867.213658995072,3025.9688605497663
29,Secondary school or above,males,2016-2017,92825,65495,2738.0349923691533,3100.7295060691654,2800.266449411976,3247.1159477822735,2923.7709614866685,3342.226344250197,2928.088225154861,3348.296120569
30,Secondary school or above,males,2016-2017,68016,60711,3024.08078246295,2745.066056123822,3109.7028125735123,2867.044198470349,3130.3572664275075,2954.24537837734,3142.6422434917276,2954.24537837734
31,Secondary school or above,males,2016-2017,41467,60841,3901.444465880499,3139.4225220931057,4041.2968786424544,3369.1872859858754,4139.988006527278,3383.6230968151954,4139.988006527278,3396.37491439435
32,Secondary school or above,males,2016-2017,67150,54139,3603.098389178456,3201.5734960010345,3784.9886348969962,3289.7923400875525,3994.966669148672,3350.2274238534146,3994.966669148672,3353.8181809785924
33,Secondary school or above,males,2016-2017,45657,50637,3546.642238138,4139.937002587041,3613.8713596308708,4306.419219148054,3654.4838615473345,5040.927088887573,3689.2448693519063,5040.927088887573
34,Secondary school or above,males,2016-2017,55477,60314,3464.4770114942526,3734.341755921787,3521.227196255505,3936.3184943241477,3589.266296543312,4133.339742845774,3589.266296543312,4150.266161256093
35,Secondary school or above,males,2016-2017,64547,40531,3680.403965327591,4180.833522488959,3777.29073001069,4259.844649774247,3883.287393940333,4282.366505473176,3900.802667048817,4341.53175347265
36,Secondary school or above,males,2016-2017,43485,52336,3620.953842321107,3988.848297538979,3712.4012379747805,4150.430478064812,3782.202127170289,4196.306051284011,3782.202127170289,4218.757136579028
37,Secondary school or above,males,2016-2017,44597,56786,4127.1586224036,3680.6474805996786,4225.009711041849,3782.087624297069,4428.434436920272,3914.731820636542,4433.563705705167,3920.0782088308156
38,Secondary school or above,males,2016-2017,40951,44436,3795.19960033536,3183.910327962313,3840.699099737084,3259.3136045848714,4016.943269598626,3347.243014297717,4016.943269598626,3347.508114666787
39,Secondary school or above,males,2016-2017,40353,38646,4882.589206502615,4949.325363556383,5101.383348202116,5004.197277855405,5132.102718509157,5040.298469871827,5132.102718509157,5040.298469871827
40,Secondary school or above,males,2016-2017,31656,33092,4808.741526093,3382.3117571215603,4852.573343126106,3472.5782867964062,5013.209030936737,3705.6366291953746,5013.209030936737,3705.6366291953746
41,Secondary school or above,males,2016-2017,30044,33562,4364.555574046954,4478.44671056552,4452.400734478321,4576.381875335201,4752.048473350198,4857.134909520688,4752.048473350198,4857.134909520688
42,Secondary school or above,males,2016-2017,34641,40449,4589.824124592246,4536.533132257081,4679.091178083774,4632.321161627399,4797.081180296951,4685.166720232061,4805.698137082263,4716.524726610464
43,Secondary school or above,males,2016-2017,33746,25875,5093.754578320393,3974.765423510467,5285.614769157826,4022.2463896940417,5320.515942630237,4113.552347826087,5383.623866532329,4137.557758454106
44,Secondary school or above,males,2016-2017,28838,35534,5231.419851122361,5284.655475507026,5309.851434449915,5494.786617511866,5606.65495757912,5535.634584716984,6013.7659453961205,5570.741805969868
45,Secondary school or above,males,2016-2017,34309,17764,5239.644447035278,8318.596843803949,5276.246504804377,8416.378874878032,5297.83122018518,8482.807231854687,5627.919535204563,8482.807231854687
46,Secondary school or above,males,2016-2017,26687,27163,5966.711170232697,4421.391108002307,6078.934724772361,4511.001239431089,6299.411611146501,4542.51469523494,6346.850439040231,4545.263532501319
47,Secondary school or above,males,2016-2017,30356,30153,6007.758471691483,6048.161719674107,6026.756363376817,6253.841751511735,6236.50951486801,6481.127925358451,6252.173633987789,6483.224123636123
48,Secondary school or above,males,2016-2017,17861,20361,5909.4647556127875,7452.171754006844,6025.543362633671,7482.13688342092,6052.08163036784,7590.031121588659,6052.08163036784,7590.031121588659
49,Secondary school or above,males,2016-2017,16341,24068,4689.7854578463175,6154.826256163094,4705.058390959346,6190.872666334275,4791.742192440283,6211.747063874578,4791.742192440283,6211.747063874578
50,Secondary school or above,males,2016-2017,21523,10726,5061.222599080053,3832.288442414072,5150.859266830832,3893.6347038349186,5592.3094983660885,3993.95169059606,5592.3094983660885,3993.95169059606
51,Secondary school or above,males,2016-2017,21873,12799,4525.931483259422,6155.057035705914,4526.642405400875,6165.956324712868,5072.730428686813,6255.893038518634,5072.730428686813,6255.893038518634
52,Secondary school or above,males,2016-2017,13760,25499,9128.079093992248,4176.336712550818,9340.42793120155,4380.789828359281,9344.043483527132,4808.466730721466,9366.572553294574,4815.045289357752
53,Secondary school or above,males,2016-2017,15361,21846,5972.1693466137185,4764.373188074094,6028.415684742747,4799.313222863072,6455.688214742963,5155.2670206597695,6512.7700019529975,5155.2670206597695
54,Secondary school or above,males,2016-2017,15408,24217,4913.800752855658,5387.932100039917,5034.2836188992715,5424.947419856575,5438.287491346486,5666.664670823526,5438.287491346486,5727.118071327304
55,Secondary school or above,males,2016-2017,15996,13545,4344.376906726681,3515.7202104097455,4372.761502875718,3544.3137873754154,4679.626344086021,3656.4461855543254,4696.161727931983,3656.4461855543254
56,Secondary school or above,males,2016-2017,11249,15972,7949.148961389161,5184.714479505802,8090.948232435476,5221.238396360297,10975.414288677512,5520.2115994657315,10975.414288677512,5520.2115994657315
57,Secondary school or above,males,2016-2017,11564,9378,7066.736524270726,6218.185362906092,7157.328015104347,6513.498862586195,7666.9959500749455,7218.07873036184,7770.580753487836,7218.07873036184
58,Secondary school or above,males,2016-2017,13108,12501,5367.12516529346,4837.876943177879,5385.704811311159,4842.932538730235,5546.64469535144,4963.722875503293,5616.017088800732,5151.039890142122
59,Secondary school or above,males,2016-2017,10847,11164,5500.32380688977,4536.566493490983,5706.290433606835,4630.529230861101,5787.78762176946,4861.572465066284,5787.78762176946,4861.572465066284
60,Secondary school or above,males,2016-2017,7510,10976,3981.465335108744,5294.781158892129,4016.6184642698627,5331.428389212829,4232.663737239237,6139.000971817299,4265.286906347093,6142.317298347911
61,Secondary school or above,males,2016-2017,9906,5344,4411.775859748301,9273.78000249501,4417.0125849653405,9317.073415668663,5978.1679117033445,11647.786988522954,5978.1679117033445,11707.966629241517
62,Secondary school or above,males,2016-2017,8031,7953,4103.260947163077,4891.162663984241,4200.668492923256,4891.162663984241,4349.551986054041,5010.331531078419,4359.052670900262,5010.331531078419
63,Secondary school or above,males,2016-2017,9506,6059,4463.713163615962,4134.082631897453,4558.342871169087,4167.883589151125,5633.295532646049,4798.621334653683,5633.295532646049,4798.621334653683
64,Secondary school or above,males,2016-2017,8662,8994,7397.916147156161,3525.0524423689867,7514.605133533441,3585.4840634497073,8452.82186561995,4794.480802016159,8539.580120064651,4868.456044770588
19,At most primary school,females,2016-2017,15685,30243,348.73467219211557,397.40667261845715,426.69960684305596,493.60060179215026,428.60588672829664,493.60060179215026,428.60588672829664,493.60060179215026
20,At most primary school,females,2016-2017,28033,23246,404.3024292797774,292.6236771917749,481.14044162237366,466.30611718145053,481.14044162237366,504.7514411081476,481.14044162237366,504.7514411081476
21,At most primary school,females,2016-2017,21104,27046,474.5716451857468,491.0843624442308,648.5116565579985,650.5473144519215,648.5116565579985,650.5473144519215,648.5116565579985,650.5473144519215
22,At most primary school,females,2016-2017,22824,20622,376.1558009113214,465.8539423916206,570.4057132842622,603.3776549316265,580.1615258791915,618.3131607021627,580.1615258791915,618.3131607021627
23,At most primary school,females,2016-2017,37740,15481,757.656942236354,735.7372650345585,952.1283253842078,838.3992377753375,960.8657392686804,840.1287772107745,962.4454071718777,840.1287772107745
24,At most primary school,females,2016-2017,17245,30473,631.3195129022905,634.0151390848729,816.8776456944042,739.7953379494415,842.8445926355465,753.2925321869633,842.8445926355465,753.2925321869633
25,At most primary school,females,2016-2017,28534,8014,749.1208149342305,1372.8325430496632,843.0622532183827,1577.17868729723,865.4986448914744,1577.17868729723,878.0834209481086,1577.17868729723
26,At most primary school,females,2016-2017,13115,24799,685.365611894777,435.09012460179844,781.2520015249714,516.8434211056897,803.8597026305757,562.6517198274124,808.9111704155547,626.1623452558571
27,At most primary school,females,2016-2017,22741,18976,710.9906483150844,607.2154300168634,979.1903756797561,752.8117095278246,1043.8928953578707,813.8282567453625,1390.7993638509008,813.8282567453625
28,At most primary school,females,2016-2017,24075,24538,857.4871581862236,777.278792077594,1008.5222568362756,923.8013285516342,1019.5731394946348,1008.0828510881082,1044.0937348563516,1011.179001276931
29,At most primary school,females,2016-2017,24480,19477,1008.2056644880175,881.647875271688,1268.6145697167758,1011.5282469921789,1270.7542755991287,1052.099176806832,1270.7542755991287,1067.8767606236415
30,At most primary school,females,2016-2017,38645,25154,1246.7283391555613,719.89063369643,1374.5695864061759,879.9451777053351,1390.707034113943,933.3270950942195,1390.707034113943,936.7619364713365
31,At most primary school,females,2016-2017,10264,27927,979.0987350610548,714.4070970745157,1069.9132323330734,860.4406846421026,1096.0823671732917,905.899917642425,1096.0823671732917,905.899917642425
32,At most primary school,females,2016-2017,32167,23270,1309.2452513445457,915.3397650766366,1532.3445767401374,1045.6448789571696,1546.2174899741972,1086.001561380891,1621.613081729723,1086.001561380891
33,At most primary school,females,2016-2017,24651,23858,1077.4242424242425,727.6433062285188,1197.8250375238329,768.0750272445301,1239.912579611375,823.9823748847348,1241.940894892702,930.6027957079386
34,At most primary school,females,2016-2017,13727,35714,861.2261722639081,1247.2860456216983,884.9932007479177,1297.9896912508634,910.920205920206,1355.1027981557186,910.920205920206,1477.1511078755298
35,At most primary school,females,2016-2017,32918,14831,1108.9087024323064,797.3046996156698,1298.4919091884885,908.5514125817544,1352.9241347185935,1023.8302879104579,1352.9241347185935,1072.242397680534
36,At most primary school,females,2016-2017,27896,40786,748.70017206768,1271.3768368230928,825.7380628047032,1339.2979372006735,856.2782836248925,1427.4526246751336,856.2782836248925,1706.110170565063
37,At most primary school,females,2016-2017,29065,30604,1425.9281782212283,967.1066527251339,1483.222002408395,1133.4293556397856,1556.194936636275,1234.4553653117239,1756.2350765525546,1257.9163508038164
38,At most primary school,females,2016-2017,33218,38897,1021.7789602022999,1471.8438697071754,1093.3603317478476,1598.0520605702238,1112.487888092801,1655.4676281804082,1257.8849619684106,1691.532963124834
39,At most primary school,females,2016-2017,25735,25362,1034.5949096561103,884.6473069947165,1102.3709345249658,1022.3399179875404,1174.0456965222459,1080.0394290671084,1216.1449776568875,1080.8280104092737
40,At most primary school,females,2016-2017,41842,32258,1392.3689275528575,1444.1350982701965,1409.4498510268788,1547.2121644243289,1430.6287303028853,1674.219160104987,1465.385673087647,1720.9339285345236
41,At most primary school,females,2016-2017,34169,33621,1335.2144341362052,1227.632501511952,1364.742954139717,1297.617481137781,1422.375115845747,1425.6340729504377,1455.1899480035509,1464.3152543549172
42,At most primary school,females,2016-2017,39439,41491,1206.9833667182231,1345.3800502920312,1294.8603412865439,1382.0870469901104,1323.444335978769,1446.2266595968604,1635.0419931201773,1552.1633687627036
43,At most primary school,females,2016-2017,37089,28344,1277.8615402590165,851.4015194279801,1392.9703326233293,918.9784316492616,1466.5658281431151,964.2975468059085,1577.2585762175665,1056.2394039890864
44,At most primary school,females,2016-2017,37377,36692,1374.7580486217014,1377.3768396380683,1389.2482431263434,1413.473045895563,1466.1752303109756,1517.730672444493,1639.403525786803,1649.4732866383226
45,At most primary school,females,2016-2017,35067,24233,1534.009348770449,1157.409359138365,1643.3337848499539,1243.8171501671275,1753.3144409273675,1394.153777906161,1777.9800809878234,1458.9620971402633
46,At most primary school,females,2016-2017,27401,39099,1225.6863374816005,1102.7166466320537,1387.4005084972569,1186.3700904541463,1632.8548106516794,1270.9475093139636,1650.6303176283104,1270.9475093139636
47,At most primary school,females,2016-2017,26119,32878,1793.019886544916,880.1864063101973,1920.684039077555,951.7318774459111,1953.7634065877967,1053.7120262789708,2001.6316251260257,1164.4851876634832
48,At most primary school,females,2016-2017,26716,24143,1016.4101537156262,1464.630479504066,1073.0316539402106,1539.5275511190268,1417.385274741728,1795.9275428350522,1502.1172705494835,2196.977536622071
49,At most primary school,females,2016-2017,26310,34237,1085.458824274674,1753.849315068493,1132.9122640314206,1806.6135759558372,1251.8512606106679,1960.9340479598095,1343.9703534777655,2018.4897138573278
50,At most primary school,females,2016-2017,27889,29231,1424.0077330369202,1150.2454386325019,1502.7665626830171,1227.8592732601232,1530.500316731806,1292.2324843488077,1625.804917111884,1410.588567502537
51,At most primary school,females,2016-2017,25824,18618,1141.3858813506815,1441.3419271672574,1294.620469330855,1541.9005263723277,1347.9390876703842,1612.1862534464854,1347.9390876703842,1748.1066888674043
52,At most primary school,females,2016-2017,17692,32519,1389.9740937523552,1301.9101448384022,1424.6038699223755,1376.6589993542236,1691.0065754766752,1613.9091761739292,1712.5417326098427,1696.4465235708356
53,At most primary school,females,2016-2017,18440,15831,1254.183514099783,1215.2548586107428,1379.0175704989153,1351.777504053229,1419.093492407809,1418.1750784326111,1419.093492407809,1418.1750784326111
54,At most primary school,females,2016-2017,15167,25951,1299.7998450583505,870.926515355863,1401.6162886529967,953.2670802666564,1778.806460297576,1103.3595622519363,1851.774087382695,1356.1436553504682
55,At most primary school,females,2016-2017,27148,26047,1296.4940204312165,912.667370522517,1419.3833677127843,975.0361653933275,1461.7386670595747,1093.1845126118171,1461.7386670595747,1114.5612546550467
56,At most primary school,females,2016-2017,16142,27591,868.1452112501548,1246.0461019897793,899.9397844133316,1282.9319705701134,1094.9528972039814,1409.280402425912,1199.323483252798,1606.802541287618
57,At most primary school,females,2016-2017,14688,17246,1441.4402913943354,1114.920290695427,1465.4857706971677,1170.009006919479,1483.8204656862745,1235.2825969306894,1483.8204656862745,1235.2825969306894
58,At most primary school,females,2016-2017,19241,13779,1400.1881918819188,770.615356702228,1438.716854633335,792.8187096305973,1479.2388302756267,1021.2762658151292,1557.673769554597,1097.3174879647772
59,At most primary school,females,2016-2017,12859,28289,2002.6787593643883,1262.6612346377271,2014.1259947637195,1300.4907796905745,2049.0392850662315,1328.5975231833338,2113.3366643336703,1347.0181106908456
60,At most primary school,females,2016-2017,21738,23508,1350.393397123317,1116.0643894277125,1583.5887232802772,1173.6851993647551,1690.6028613487902,1324.617860586467,1690.6028613487902,1425.6367477738074
61,At most primary school,females,2016-2017,19338,9099,1001.0011204192092,1712.7726123749862,1105.447288585514,1738.5776458951532,1273.7445961319681,1888.396307286515,1273.7445961319681,1888.396307286515
62,At most primary school,females,2016-2017,19582,12292,1665.6906002110782,764.5364464692483,1783.6346304429237,851.4734786853238,2140.785755625915,970.7149907799111,2140.785755625915,1086.3067035470224
63,At most primary school,females,2016-2017,11327,23718,1036.5774697625143,911.8954802259886,1078.5921250110355,987.4941816342018,1182.1102675024279,1159.2479551395563,1221.743592007298,1741.5314529049667
64,At most primary school,females,2016-2017,11406,28319,943.1073119410836,873.2249373212331,1041.695774153954,1052.2679826265053,1071.0282892045122,1175.8455571642126,1071.0282892045122,1255.5588238756077
19,Secondary school or above,females,2016-2017,8094,4568,62.07066963182604,147.42775831873905,85.39164813442056,147.42775831873905,85.39164813442056,147.42775831873905,85.39164813442056,147.42775831873905
20,Secondary school or above,females,2016-2017,14927,9252,230.39793662490789,321.2926934716818,456.6778321162993,422.15520968439256,486.25343337576203,422.15520968439256,490.88709497331456,422.15520968439256
21,Secondary school or above,females,2016-2017,24262,13472,575.3214903965048,906.8605997624703,1181.400956227846,1057.759130047506,1186.370826807353,1098.239385391924,1186.370826807353,1136.429706057007
22,Secondary school or above,females,2016-2017,14150,19556,735.8325088339222,805.0882934478761,916.4855123674911,995.4595350105678,973.696113074205,998.4850344310356,973.696113074205,1000.3813663325833
23,Secondary school or above,females,2016-2017,30997,33522,621.5739050015593,1363.049360618897,766.311040853416,1569.1367062426666,887.6550418857739,1599.3564127040947,964.2753599810734,1607.6614064395521
24,Secondary school or above,females,2016-2017,37206,38106,990.9005827913061,1991.674801868472,1081.5644542098944,2080.3715950244055,1126.3305313659087,2177.5562028726886,1155.035578938881,2191.281075596144
25,Secondary school or above,females,2016-2017,39815,51226,2030.0206099041397,1521.1366363435234,2090.0719724559417,1617.005921472169,2135.315808531123,1649.6120036700113,2153.3190736322153,1714.4228419162143
26,Secondary school or above,females,2016-2017,39937,39979,1483.5922828454816,1965.3241076565196,1597.8930565640883,2024.4478976462642,1632.2154476634032,2110.2354361039543,1632.2154476634032,2111.81876735286
27,Secondary school or above,females,2016-2017,46500,38879,2033.239347670251,2209.0013889246125,2108.4842939068103,2315.488181280383,2155.5316057347673,2364.355286058455,2164.621211469534,2460.932701458371
28,Secondary school or above,females,2016-2017,53242,34887,2283.219845234965,2126.230410563629,2359.555069306187,2255.6109821232358,2393.634680640597,2268.8649640267145,2407.664957489701,2270.679393470347
29,Secondary school or above,females,2016-2017,44538,34487,1387.2589998054098,2754.241356646466,1462.1301210950949,2836.7681058563135,1549.260212253207,2878.821633272441,1549.260212253207,2918.4868211210023
30,Secondary school or above,females,2016-2017,40486,35816,2325.8145614121754,2525.6806176010723,2369.191037230977,2622.655545007818,2431.1219104546426,2846.688798302435,2450.6718783447777,2869.1619946392675
31,Secondary school or above,females,2016-2017,27017,33009,2494.2086741681164,2797.73581447484,2543.467881333975,2903.0461237844224,2612.6588845294937,2964.84921789007,2612.6588845294937,3017.667136235572
32,Secondary school or above,females,2016-2017,26531,23757,2630.097671905821,3953.6881199927043,2713.895870239845,3989.4813598798955,2816.271393212971,4002.999270390482,2816.271393212971,4002.999270390482
33,Secondary school or above,females,2016-2017,32050,28861,2562.790618824753,3049.4316898236375,2631.2021632865317,3136.6393402861995,2665.743894955798,3208.3640148758996,2716.6747321892876,3410.233850755922
34,Secondary school or above,females,2016-2017,23827,49554,3404.7892691764246,3351.418378603813,3404.7892691764246,3454.4258048458923,3409.6996649459297,3543.353708412372,3409.6996649459297,3574.612537164844
35,Secondary school or above,females,2016-2017,32416,30342,4387.8017414239885,3673.0659893876473,4438.519596804048,3691.5473024190887,4538.810862434189,3946.022770966537,4538.810862434189,3959.0377337244304
36,Secondary school or above,females,2016-2017,24473,32534,2621.741442950735,2981.070526218725,2684.84281997848,2999.8969846929363,2764.619853171522,3135.7338527899014,2807.937795393563,3292.8289942829037
37,Secondary school or above,females,2016-2017,29895,28452,3063.5209734069244,2947.2149585266416,3080.028750627195,2949.6611837480673,3127.864509115237,3013.7550963025446,3469.816898032001,3013.7550963025446
38,Secondary school or above,females,2016-2017,25620,26399,3129.701736924278,2487.18983673624,3144.600253708041,2590.0509299594682,3244.796714806141,2893.963956968067,3244.796714806141,3034.2085369395304
39,Secondary school or above,females,2016-2017,19866,30689,2992.6271519178495,3924.7363659074367,3237.689066747206,3984.9335049474835,3330.2492197724755,4092.570606188971,3330.2492197724755,4101.537988638708
40,Secondary school or above,females,2016-2017,30932,26587,3793.674899780163,3635.29012299244,3807.7606362343204,3702.7516643472377,3890.8612009138324,3813.253037198631,3903.060002586318,3835.008030240343
41,Secondary school or above,females,2016-2017,23013,19443,3590.4873694578423,3336.6715784601142,3614.295651733078,3355.5986987604792,3839.08453917351,3401.461605719282,3850.4308072249014,3401.461605719282
42,Secondary school or above,females,2016-2017,19884,23189,2976.9846526520487,3408.7643063521496,3052.0178451686447,3488.9971753848804,3238.578647824046,3694.4250362959447,3272.8429809562126,3753.396100162433
43,Secondary school or above,females,2016-2017,27450,17977,3436.768014571949,3574.6662726446752,3511.3785792349727,3609.504677272811,3587.3980085003036,3668.569037288387,3653.5394778384943,3690.9643201498207
44,Secondary school or above,females,2016-2017,26406,28833,4525.720795778737,3546.8968542988937,4544.182509025726,3584.546422501994,4894.330960135322,3706.4654042243264,5406.52515842359,3706.4654042243264
45,Secondary school or above,females,2016-2017,24384,11828,4326.1187800743655,3476.362656408522,4352.642320100612,3583.6403026716266,4520.967519685039,3623.8837926952992,4524.4115813648295,3747.9397052192535
46,Secondary school or above,females,2016-2017,9133,23684,5669.31424504544,3531.925406744356,5669.31424504544,3597.3133479705007,5850.142012482207,3999.0374373698137,6103.563670206942,4085.544502617801
47,Secondary school or above,females,2016-2017,16196,11544,4580.838838807936,2746.2798856548857,4715.694358689388,2753.7313756063754,5222.097174199391,2816.844681219681,5246.588818226722,2887.530751905752
48,Secondary school or above,females,2016-2017,24441,13461,3360.5945337752137,3632.0667360027737,3365.6025121721696,3703.6676571824783,3427.0075283335377,3834.642324740609,3494.799353545272,4062.8571676200386
49,Secondary school or above,females,2016-2017,11886,18888,4060.4435189859214,3804.2706568544404,4197.266672275506,3903.5451168290274,4197.266672275506,4081.0581762671186,4197.266672275506,4083.0912131159116
50,Secondary school or above,females,2016-2017,20876,11861,2867.764761767899,6251.879549222943,2916.3142923293094,6279.3814461962165,3032.9506211279295,6538.626029283646,3032.9506211279295,6538.626029283646
51,Secondary school or above,females,2016-2017,10254,8476,4144.196199856967,3256.7593990876203,4156.289041674794,3311.498662891301,4396.138531304857,3374.3585024382573,4436.36673493271,3374.3585024382573
52,Secondary school or above,females,2016-2017,8446,10546,3314.5383810876947,4423.015993425627,3322.743448575263,4509.247740059422,3360.832484805431,4641.662873759403,3737.9257834083196,4641.662873759403
53,Secondary school or above,females,2016-2017,9514,9671,4893.4605143297595,2720.5162858029157,5002.410482797281,2727.049219315479,5143.693504309438,2957.5424464895045,5274.067514539976,4234.432116637369
54,Secondary school or above,females,2016-2017,16247,17087,4270.278882255186,4020.886346345175,4283.001230996491,4165.531983379177,4340.767793028456,4471.085913267397,4387.022486202581,4545.8913208872245
55,Secondary school or above,females,2016-2017,11894,8005,3514.885446443585,4110.120674578388,3581.1697074155036,4122.313054341037,3723.4501289165405,5316.903935040599,3840.5091502718456,5316.903935040599
56,Secondary school or above,females,2016-2017,9219,5821,4531.009328560582,5503.46818988719,4531.009328560582,5785.979785832904,5857.992009256246,6040.472141098323,6035.364826264599,6040.472141098323
57,Secondary school or above,females,2016-2017,4886,10599,4066.890946923182,3476.221931314275,4097.468106153637,3494.0962590810454,4126.735400463911,3614.1830597226153,4126.735400463911,3614.1830597226153
58,Secondary school or above,females,2016-2017,6537,8231,4858.377594207333,5776.253391649455,4883.327877211769,5805.377434900579,5027.818214267503,6221.912485319725,5027.818214267503,6221.912485319725
59,Secondary school or above,females,2016-2017,6317,6832,3242.041712838373,5206.70862607338,3336.172629412696,5366.532982045277,3502.6282254234607,6402.009416471507,3548.694396074086,6420.78137197502
60,Secondary school or above,females,2016-2017,7086,3574,5641.643616520839,4663.691475470994,5690.585191457333,4663.691475470994,7520.108194562047,4755.4094385375865,7645.8490921065,4755.4094385375865
61,Secondary school or above,females,2016-2017,5038,5698,5064.077014688369,3676.855036855037,5101.6633584755855,3676.855036855037,5480.007939658595,3703.022113022113,5506.936615058886,3703.022113022113
62,Secondary school or above,females,2016-2017,3503,5598,5012.296507755258,5291.641002739073,5025.884860595681,5422.366261760152,5472.168998001714,5805.538823389305,5472.168998001714,5805.538823389305
63,Secondary school or above,females,2016-2017,1799,3766,2657.6616638873447,2020.4142326075412,2657.6616638873447,2020.4142326075412,3382.864554382064,2080.477960701009,3382.864554382064,2318.396176314392
64,Secondary school or above,females,2016-2017,1475,5026,3639.6610169491523,2701.2302692664807,3639.6610169491523,2748.842684706194,3686.3050847457625,2748.842684706194,3696.352542372881,2748.842684706194
19,At most primary school,urban,2016-2017,14739,14074,496.66417893570343,701.0132158590309,498.05233281317135,876.5098763677704,515.6292828550105,876.5098763677704,515.6292828550105,876.5098763677704
20,At most primary school,urban,2016-2017,26211,20203,597.6488878715044,681.1973469286739,648.160047308382,836.7500866207988,648.521473172841,881.416720289066,665.1862322434602,881.416720289066
21,At most primary school,urban,2016-2017,33813,19643,803.8576878715287,868.474859576779,955.7431165528051,914.3955437899847,960.8151302753379,918.962056033532,960.8151302753379,918.962056033532
22,At most primary school,urban,2016-2017,28215,22649,712.281174316262,1064.548398016101,815.6120266997459,1183.822714762977,837.0249867091972,1246.4045800403258,837.0249867091972,1246.4045800403258
23,At most primary school,urban,2016-2017,39057,22951,1194.6236270066825,1200.3756815244071,1278.3922216248047,1356.8420664313828,1345.1075351409477,1370.6520420315746,1345.1075351409477,1370.6520420315746
24,At most primary school,urban,2016-2017,22896,26087,898.2393649545772,1137.8764646503366,995.2584949336128,1236.9050996026117,1024.73089185884,1452.0582410140428,1028.2977448753786,1517.7997981114474
25,At most primary school,urban,2016-2017,20546,16106,1335.9361108407152,1513.2147439877479,1415.5988189104123,1600.0177987499483,1458.807553781758,1668.7209735502297,1476.2851163243454,1668.7209735502297
26,At most primary school,urban,2016-2017,20776,21509,1120.4201161596714,1056.7766981263658,1187.1148600949814,1181.6955692965737,1201.3861346425363,1202.1986145334513,1213.5596361185983,1224.3288855827793
27,At most primary school,urban,2016-2017,21177,27474,1363.351851851852,1015.9595981655383,1542.809565409013,1087.9585790201645,1577.7531362641862,1092.6357283249617,1577.7531362641862,1092.6357283249617
28,At most primary school,urban,2016-2017,31039,27405,1786.003092883147,1377.8924770419023,1943.800057991559,1515.6782825518458,1954.625149006089,1560.5216809584626,1954.625149006089,1569.6978653530377
29,At most primary school,urban,2016-2017,34061,27205,1765.502177465919,1510.5193714390737,2011.181987219009,1577.5335232494026,2024.2913596195062,1687.8626753660478,2024.2913596195062,1716.2777951356982
30,At most primary school,urban,2016-2017,26020,20294,1526.7321931847296,1508.8858775992903,1680.3217396874197,1626.8311816300384,1715.8640148603638,1716.0242107683714,1715.8640148603638,1720.2816267533917
31,At most primary school,urban,2016-2017,15545,23857,1454.6690951002465,1564.3586787944837,1602.5761391658625,1680.8875801651507,1610.2184678889246,1831.5866412373725,1610.2184678889246,1831.5866412373725
32,At most primary school,urban,2016-2017,16600,35645,1389.8864257028113,2182.4613269743304,1512.5651004016065,2350.2267358675836,1512.5651004016065,2391.856697994109,1658.664497991968,2391.856697994109
33,At most primary school,urban,2016-2017,24446,27939,1872.3564864054104,1725.5831155970745,1976.534675066132,1849.332355011513,2028.6991736889468,1933.742588019137,2030.7444980773948,2047.7655427896489
34,At most primary school,urban,2016-2017,19412,45956,1704.8717803420564,1647.5131303130531,1753.1929219039769,1715.7131477210087,1781.7579847517,1787.003706443845,1781.7579847517,1803.7407302637305
35,At most primary school,urban,2016-2017,34637,25336,1793.0291980637278,1779.81126986633,2152.2176381711274,1903.3666850857805,2184.7748265342457,1972.540982528155,2184.7748265342457,1981.007196610883
36,At most primary school,urban,2016-2017,29170,38961,1584.4947663124215,1925.2465114687336,1641.2360758770426,1987.4700170255726,1666.7383041938065,2117.3471163471163,1666.7383041938065,2136.8348091681423
37,At most primary school,urban,2016-2017,40133,29190,2056.2752763727276,1996.9748772410642,2115.561275425876,2162.060180427087,2401.111612222693,2476.7101747173688,2503.9758386697567,2476.7101747173688
38,At most primary school,urban,2016-2017,33570,40643,1735.2989425081919,2144.671841809578,1854.217053917188,2288.732073583807,1921.0177688412273,2319.943680338558,2037.3537831397082,2338.1325443495807
39,At most primary school,urban,2016-2017,36917,29353,1899.0321532085488,1864.2280743592364,1961.4107592707967,1941.581666837007,2042.7721013805744,1963.27621253932,2075.7133389314768,1963.9575738993176
40,At most primary school,urban,2016-2017,39385,40096,1888.0472007109306,2483.4470021947327,1928.4577631077823,2622.284167996808,1946.295632855148,2714.330548350625,1997.3747577334857,2751.913474328279
41,At most primary school,urban,2016-2017,41586,21622,2116.677772166915,2563.3980744920295,2142.149325093381,2661.4754956371594,2211.3144287340288,2854.594194184935,2282.2818216066303,2854.594194184935
42,At most primary school,urban,2016-2017,33564,50275,2537.999396675009,2122.567856787668,2648.633856214992,2212.1332471407263,2762.5005487029753,2259.690018233052,2781.038267687602,2359.2647571689045
43,At most primary school,urban,2016-2017,48186,28333,2699.260698128087,1858.6975964423111,2794.5261279209726,1898.3361804256522,2845.18663788929,1914.1863668984342,2883.6884848987947,2006.1639195755245
44,At most primary school,urban,2016-2017,31935,38388,2117.0982725327485,2231.5835677815985,2134.0577214132873,2420.1008648536003,2205.487187516309,2643.8349831544583,2352.661134596315,2757.5944913340977
45,At most primary school,urban,2016-2017,53239,22485,2378.091887526062,1945.844577866726,2426.4098499220495,2224.6477800014827,2520.7410732733524,2327.4208138759172,2533.3774864291217,2327.4208138759172
46,At most primary school,urban,2016-2017,29100,43013,2080.1541580756016,1696.2226633033424,2225.533883161512,1756.5008582676555,2454.398487972509,1805.3582967164966,2523.816586483391,1805.3582967164966
47,At most primary school,urban,2016-2017,38757,41409,2221.866682147741,1946.0355075788675,2307.8129628196193,2019.375168039154,2410.6141772238993,2071.115912804785,2426.558393752526,2159.0678073204695
48,At most primary school,urban,2016-2017,29476,21695,1528.6437553716019,2132.0341399708072,1655.2046862984575,2194.1645847737573,1964.4167458271136,2203.9406468464313,1967.0867146152802,2794.1227164477223
49,At most primary school,urban,2016-2017,30776,39891,1848.8354128758342,2169.7047120068855,1862.993198163071,2251.6140399254637,1930.0625595702281,2460.801575961161,1930.0625595702281,2480.418365044747
50,At most primary school,urban,2016-2017,38547,31014,1859.9285979886029,1623.7284747748329,1955.159355245977,1719.6506389587498,2050.9126780294187,1754.5561654951528,2089.591433834021,1778.9859928849337
51,At most primary school,urban,2016-2017,35126,15996,1440.351619882708,2881.299887471868,1557.7996640665035,3025.8760315078766,1650.5070602972157,3056.771255313828,1685.6443754863444,3084.4719304826203
52,At most primary school,urban,2016-2017,29334,34236,2901.946887570737,1877.179586789734,2986.0540669530237,2006.3835825836352,3192.4947160291813,2171.0757195155197,3213.71809731597,2249.4736632005297
53,At most primary school,urban,2016-2017,20061,29008,2086.3231643487366,2612.4686523257956,2205.275360151538,2715.7984234234236,2249.7480517754184,2827.132882882883,2257.87326986026,2881.1869369369374
54,At most primary school,urban,2016-2017,20620,44289,2137.0176689298414,1923.1925233504182,2314.145699967669,1966.9889513573726,2647.1905593275137,2043.4039001407425,2684.4456514710637,2617.1129475340003
55,At most primary school,urban,2016-2017,30480,24549,2200.6636482939634,1411.208766141187,2306.693667979003,1469.097071163795,2359.397462817148,1590.380932013524,2359.397462817148,1609.8929284288565
56,At most primary school,urban,2016-2017,17087,36491,1615.1868184389693,1445.374731668996,1638.0989738787773,1483.6743123875294,1812.5933263104505,1575.5602111936275,1812.5933263104505,1639.2334456898047
57,At most primary school,urban,2016-2017,28911,19818,2037.6165444525152,1695.9089548222153,2083.6996961940667,1760.4063814041106,2172.085892912732,1806.5374238907389,2342.5659869945694,1806.5374238907389
58,At most primary school,urban,2016-2017,19115,23810,2050.6827971052403,1822.4789164216716,2105.686197576075,1868.8543889122218,2235.910279884907,2042.1163236735265,2303.9545731973144,2055.777474450511
59,At most primary school,urban,2016-2017,25053,30324,2103.717758352293,1502.133722464055,2201.4798626910947,1545.7216396253793,2350.783671948802,1577.6218396869367,2350.783671948802,1585.519874247021
60,At most primary school,urban,2016-2017,25888,32721,2501.468170580964,1434.3679797887187,2682.236866501854,1541.837341972026,2809.4633807169344,1606.3899228833675,2809.4633807169344,1649.7932418528364
61,At most primary school,urban,2016-2017,23673,18108,2127.501415114265,1887.1015205065903,2226.485912220673,1900.068165083573,2435.788380574212,1998.6168866431046,2435.788380574212,2112.4708001988074
62,At most primary school,urban,2016-2017,14876,22189,2893.478802545487,1902.9213273844398,2970.6951241373126,2024.6041431940753,3128.7832078515726,2171.395646491505,3428.763041140091,2261.9969955082847
63,At most primary school,urban,2016-2017,21754,23014,2005.7120989243358,1253.9818661104835,2062.533832858325,1342.467570464355,2230.941175569244,1415.0397728918629,2400.404262817566,2073.151762695171
64,At most primary school,urban,2016-2017,22906,34514,1787.4226185278967,1904.6229742519945,1841.2687723740505,2084.224585192482,1852.2591242469223,2407.6817813061366,1852.2591242469223,2407.6817813061366
19,Secondary school or above,urban,2016-2017,8101,7954,346.33125540056784,323.88106613024894,369.63208245895567,323.88106613024894,387.99401308480435,353.7297795658369,387.99401308480435,353.7297795658369
20,Secondary school or above,urban,2016-2017,14616,13591,323.8700738916256,547.2036641895372,554.9647646414887,624.3988668972114,585.1696770662288,624.3988668972114,589.901933953658,644.8830108159812
21,Secondary school or above,urban,2016-2017,23187,31846,371.5784706947859,1049.4630722853733,457.22775693276407,1140.6398291779187,457.52586938083124,1164.663254411857,476.36401144319376,1180.8191295610122
22,Secondary school or above,urban,2016-2017,24289,44538,1040.0219578135507,1200.3721410181568,1155.6573483195411,1264.7778170700674,1161.8823884611688,1266.580023425689,1161.8823884611688,1267.4126756926669
23,Secondary school or above,urban,2016-2017,48361,57434,1071.6883990543345,1756.190177711228,1227.1325999600228,1879.4224094903136,1321.7487851781395,1928.4406739329781,1372.7954274449799,1933.2879769242377
24,Secondary school or above,urban,2016-2017,60585,67146,1694.5047440235483,1948.6444662873935,1807.9022021402438,2037.3297193181027,1855.5616888118623,2135.542941252395,1855.5616888118623,2148.9130452049762
25,Secondary school or above,urban,2016-2017,71152,83839,2146.431350020613,2261.4972536647624,2232.7684171445167,2353.5083702095685,2280.397202467956,2396.6343517535597,2290.4714097987408,2436.234060719554
26,Secondary school or above,urban,2016-2017,66262,82556,2028.0586459811052,2142.092658316779,2124.141996921312,2240.9161236009495,2171.0907257050294,2300.0376088150265,2171.907181592265,2300.8043610801556
27,Secondary school or above,urban,2016-2017,92310,86362,2541.5790551763985,2462.1890569154643,2601.6677779583288,2535.1460055734387,2638.2657449535986,2570.9522147086295,2675.6845150399017,2614.430056043167
28,Secondary school or above,urban,2016-2017,88041,64534,2596.4212298815323,2585.591363983843,2680.6757249463317,2665.917083759465,2736.707763049791,2849.432879050836,2764.9900406250117,2881.5296549105897
29,Secondary school or above,urban,2016-2017,75421,79582,2578.877229153684,3194.278501001064,2684.013663303324,3336.4709565814715,2866.1180241577276,3419.907438239803,2869.1708874186234,3437.9262532147136
30,Secondary school or above,urban,2016-2017,80170,66270,2884.061492245645,2871.7480232382677,2944.1744771527174,2952.9544514863437,2986.0064176125734,3092.864164277451,3002.5185169015845,3105.0099315929783
31,Secondary school or above,urban,2016-2017,52387,62336,3165.3628142478096,3218.6332376155033,3260.721319220417,3291.062427810575,3366.6666555315887,3337.878834060575,3366.6666555315887,3358.8806093856947
32,Secondary school or above,urban,2016-2017,60736,56250,3491.253026760625,3843.668554074074,3562.3217504171052,3906.0137985185183,3809.7059212548293,3957.7001985185184,3809.7059212548293,3957.7001985185184
33,Secondary school or above,urban,2016-2017,59855,61311,3387.565644752596,3965.7886132450403,3443.571993428563,4097.358478358968,3469.516943725113,4214.354340982858,3503.383510149528,4309.380769084395
34,Secondary school or above,urban,2016-2017,61130,76605,3583.529773978952,3703.5813001762285,3630.602078902885,3795.4034397232554,3670.2987908282894,4004.7817168156994,3670.2987908282894,4030.484999891217
35,Secondary school or above,urban,2016-2017,73570,54808,4374.951551810068,4206.984433537683,4445.066000634317,4236.202066000097,4550.4032078292785,4392.170075536418,4558.262163019347,4411.965117622732
36,Secondary school or above,urban,2016-2017,53290,63964,3528.5455932945515,4134.863071415171,3597.1096766122473,4217.404031955475,3669.6906799274407,4321.825175098494,3680.856001751423,4399.290624413733
37,Secondary school or above,urban,2016-2017,63185,64777,3947.0448563741393,3535.57011233411,4012.942854316689,3598.9932409136986,4179.03897417636,3740.397340105284,4251.172391917913,3745.0841888324558
38,Secondary school or above,urban,2016-2017,45430,48644,3599.0321153422847,3263.7001582929033,3642.922716266784,3328.734900501603,3755.486550737398,3568.943525066469,3755.486550737398,3635.9538449414795
39,Secondary school or above,urban,2016-2017,49521,59340,4596.294566951395,4684.061835748792,4860.582444821389,4745.441512189641,4922.358130893965,4824.619834850017,4922.358130893965,4829.257516009437
40,Secondary school or above,urban,2016-2017,53636,50642,4617.575558704352,3395.551357239709,4646.8029432967905,3472.058999117992,4754.587826584135,3659.5571890262368,4761.622902528152,3670.9785388939354
41,Secondary school or above,urban,2016-2017,48288,41640,3970.2882186050365,4518.650728466218,4026.3087620112656,4572.334686199168,4311.9701409597965,4805.678726384886,4317.377523056108,4805.678726384886
42,Secondary school or above,urban,2016-2017,40606,53254,4458.2701242837675,4360.947606439579,4538.077541906779,4448.6670265770335,4730.090216552562,4574.264164820171,4754.219951074554,4599.942611509621
43,Secondary school or above,urban,2016-2017,53048,37388,4646.981808927763,3978.173034574373,4807.639590559493,4014.950610267109,4869.178354194943,4068.648989426197,4918.835708540692,4088.0359585071856
44,Secondary school or above,urban,2016-2017,47006,56466,5208.810492277582,4433.199282163898,5236.5169552823045,4579.9840730114875,5602.647662000596,4667.849012385034,5933.781276149144,4689.941953269814
45,Secondary school or above,urban,2016-2017,48699,23688,5149.965433924037,4469.063442812113,5178.631936316283,4583.989987898232,5246.399070480571,4653.900209670156,5356.852673223954,4663.35647444557
46,Secondary school or above,urban,2016-2017,30877,43746,6457.350908443178,4295.844221947912,6554.345758979176,4380.446882762615,6798.39040925824,4596.899434614975,6914.350509008864,4641.177768634086
47,Secondary school or above,urban,2016-2017,30032,37453,4993.187039380216,5253.917158394076,5076.6253718256085,5421.804644042756,5423.917149484993,5618.358725157753,5423.917149484993,5641.833658184925
48,Secondary school or above,urban,2016-2017,29481,31693,5015.504256979071,5995.341855194101,5082.309317865744,6041.665018037632,5149.2948339608565,6166.610103177357,5205.497133747159,6263.540024611112
49,Secondary school or above,urban,2016-2017,24041,34591,4631.571724692539,5292.938866564521,4709.599053006668,5365.566457556398,4752.754495791911,5462.495331155504,4752.754495791911,5463.605446503426
50,Secondary school or above,urban,2016-2017,39100,18481,4103.171896845694,5701.616579189438,4178.434556692242,5746.284075537038,4430.159194373401,5947.988528759267,4430.159194373401,5947.988528759267
51,Secondary school or above,urban,2016-2017,28580,18069,4729.454554466993,3968.3629789510583,4734.337339631444,3995.485121847732,5233.588564264053,4088.6778829302493,5248.021734313039,4088.6778829302493
52,Secondary school or above,urban,2016-2017,19675,29097,7071.240974163489,4139.799778900459,7199.3436425243535,4180.448299366487,7218.222930961456,4504.320748989014,7395.855967810249,4510.085833591092
53,Secondary school or above,urban,2016-2017,21805,22883,5818.263089505465,4488.883771067313,5905.424291064741,4522.240411367973,6268.070473133073,4877.741583999767,6326.283421233662,5008.004224387828
54,Secondary school or above,urban,2016-2017,27478,33776,4829.508127714292,5379.846459024159,4874.1183613557505,5472.184213642823,5115.009862435402,5718.917594347071,5142.359014484314,5800.105420022106
55,Secondary school or above,urban,2016-2017,21718,18434,4311.919475396752,3748.5721809337815,4351.33493722565,3774.8768353766586,4652.439704392669,4368.491894506527,4716.547817478589,4368.491894506527
56,Secondary school or above,urban,2016-2017,16153,15929,7604.484099960792,4847.337225605291,7703.2335582657515,4983.321907631784,9942.21158092408,5376.102370937703,9942.21158092408,5376.102370937703
57,Secondary school or above,urban,2016-2017,14505,19570,6422.508583247156,4839.597270482031,6505.031851085832,4990.792978197922,6921.2193726301275,5393.467990972577,6921.2193726301275,5393.467990972577
58,Secondary school or above,urban,2016-2017,17063,18813,5479.999472542929,5327.7847233296125,5503.8312723436675,5343.886355179929,5559.186915157553,5606.3910062191035,5559.186915157553,5616.684420347632
59,Secondary school or above,urban,2016-2017,13858,16869,5547.011353249627,4944.03708973067,5647.115625150334,5070.951548204795,5741.89842209073,5643.228604738475,5762.897123202001,5650.83130792183
60,Secondary school or above,urban,2016-2017,13301,13606,4418.395208380322,5288.222205889559,4464.316567676616,5317.785633789014,5560.963436333108,5993.349110686462,5627.950880886149,5996.0244009995595
61,Secondary school or above,urban,2016-2017,13092,11042,5180.787631123333,6385.600464891625,5199.213769222936,6406.5531908470675,6526.047306242999,7548.052315401798,6536.4098686220605,7577.17747388758
62,Secondary school or above,urban,2016-2017,9645,10531,4649.552963538967,5936.157534896971,4735.595472611025,5948.388092298927,4932.806462761362,6242.068654448771,4940.717297390704,6242.068654448771
63,Secondary school or above,urban,2016-2017,8292,9440,4819.6144074610065,3382.5515536723165,4897.617301817012,3404.246468926554,6287.2868628396845,3832.0642655367233,6287.2868628396845,3926.9795197740114
64,Secondary school or above,urban,2016-2017,9186,14020,7116.895239132013,3229.722182596291,7127.541875317513,3285.5582738944368,8019.729261920314,4061.1443414170235,8103.151861528413,4108.600356633381
19,At most primary school,rural,2016-2017,46973,65242,449.08777382751794,381.7696269274394,648.9582100355524,459.413215413384,650.2518609981621,462.70097483216335,650.2518609981621,462.70097483216335
20,At most primary school,rural,2016-2017,56859,93342,529.0499305299073,601.161352874376,587.7377372095887,650.3409290565877,589.8904307145747,656.8378704120332,590.2492129654057,656.8378704120332
21,At most primary school,rural,2016-2017,48800,64713,752.2310245901639,689.7977531562437,805.3197540983606,780.810455395361,805.7398360655737,793.3849509887245,805.7398360655737,793.3849509887245
22,At most primary school,rural,2016-2017,61480,58091,741.2138337670788,671.600569221853,846.2126951854262,711.282103366557,862.3385355671221,718.1693578465969,862.6703507915854,718.1693578465969
23,At most primary school,rural,2016-2017,68798,42735,805.6605812184463,896.5385827385828,937.3899919571305,1038.733036933037,1125.737642567129,1069.7336999337,1132.2002819849415,1069.7336999337
24,At most primary school,rural,2016-2017,46791,57915,957.1894025204277,901.6184177961956,1054.863100453791,962.088503266281,1058.7399143709972,968.7793432904543,1059.3938862886737,968.7793432904543
25,At most primary school,rural,2016-2017,64577,41360,941.3066571689611,847.3966392649903,1026.0636914071574,930.2984767891683,1029.2569077741819,930.2984767891683,1031.971186851872,930.2984767891683
26,At most primary school,rural,2016-2017,42524,44321,1146.4163374408179,911.9378323292946,1237.9949753864485,978.4365575385633,1246.7835418430377,1010.8690199529192,1254.7202364155146,1035.6653918759353
27,At most primary school,rural,2016-2017,64095,48412,1054.8080869542605,1157.2476882453386,1208.3487687547129,1275.785550758765,1232.3208674623604,1309.232870982401,1355.403791247367,1309.232870982401
28,At most primary school,rural,2016-2017,46822,45193,1170.641503993849,1235.1581070814802,1256.1261052496689,1309.0416731204687,1272.6430185952472,1350.2691677914722,1285.2510518559652,1350.2691677914722
29,At most primary school,rural,2016-2017,40704,49932,1009.9115238469601,1263.0334988918262,1173.0775517557652,1430.7732249192234,1205.7534967898323,1472.6945712836123,1205.7534967898323,1475.0778124916553
30,At most primary school,rural,2016-2017,64416,38662,1510.498007741348,938.1410170192954,1573.3267304189435,1209.6220578345662,1602.1300039327703,1261.0964275860879,1602.1300039327703,1271.3041250668184
31,At most primary school,rural,2016-2017,30361,43778,1490.3010715501248,832.7283643230238,1593.6533985485767,901.9777589961473,1625.348665502893,947.0858422038467,1625.348665502893,947.0858422038467
32,At most primary school,rural,2016-2017,51908,33243,1493.30092342863,1125.937791414734,1610.173467159847,1222.1023974972175,1763.477550024402,1265.4816051499565,1763.477550024402,1265.4816051499565
33,At most primary school,rural,2016-2017,43613,41204,1191.6118741353878,1108.4014739669287,1272.7477739817639,1175.5711662298158,1339.1609229663939,1281.128062000453,1339.1609229663939,1321.4881241303433
34,At most primary school,rural,2016-2017,45130,75284,1712.3057389762907,1313.4239081345306,1834.7670729005097,1382.0027562297435,1958.0949959376617,1462.7838994120043,1958.0949959376617,1518.9977031418805
35,At most primary school,rural,2016-2017,72486,30577,1498.4415933191697,1112.3780564912627,1542.2230131795566,1243.9051847249023,1595.5797245904955,1321.435714207847,1595.5797245904955,1344.9174161406725
36,At most primary school,rural,2016-2017,45273,50247,1296.808844859703,1381.7892676843062,1418.0506446078973,1420.263604460631,1452.6757706948217,1468.5176776722988,1458.3193109947797,1691.967170511009
37,At most primary school,rural,2016-2017,49395,50796,1372.2059823868813,1258.1621453132793,1438.3355501568985,1360.2412460298713,1513.0175979350136,1389.208881276741,1548.8785150318859,1467.9539268183846
38,At most primary school,rural,2016-2017,50822,45918,1301.086694738499,1067.1135901679806,1357.4294203297784,1142.9254939965447,1379.3118400167907,1328.858584868679,1419.0190534283054,1465.478937090756
39,At most primary school,rural,2016-2017,46063,47433,1339.5572585372208,1155.0279552210486,1387.2606213229708,1251.4369953407966,1410.812195616149,1325.9893586743406,1410.812195616149,1327.2753831720531
40,At most primary school,rural,2016-2017,63386,38336,2851.6446165820003,1046.42667466611,2921.4297426350718,1157.1630582220366,2966.8389681212466,1384.3199733931551,2982.059994846391,1384.3199733931551
41,At most primary school,rural,2016-2017,45452,55931,1014.8940035641996,1345.072827829528,1100.3036665053244,1461.1137532554992,1141.014319135205,1609.1623220277365,1141.014319135205,1668.3155644156789
42,At most primary school,rural,2016-2017,65329,53409,1258.2303520131438,1281.259481860111,1397.148290447836,1321.5714143059536,1417.3291187680816,1369.726687761738,1597.0058320194707,1373.7849925418313
43,At most primary school,rural,2016-2017,58992,47724,1332.042161083989,1387.0779621713743,1501.6452428577888,1598.0148073645685,1597.504134741434,1681.3037186041963,1666.6700103403853,1713.1388539658592
44,At most primary school,rural,2016-2017,45497,59184,2055.9985768292413,1268.141078388303,2134.4158351100073,1350.4165244548074,2351.1136027283846,1387.1666877872397,2508.634406297851,1448.178109793187
45,At most primary school,rural,2016-2017,58750,40408,1805.5602354609932,1263.7596763017225,1989.0395546099294,1329.8301326470007,2002.6118241134754,1433.485277255329,2050.374887943263,1482.0523926780177
46,At most primary school,rural,2016-2017,31083,51209,1371.9783911891816,1490.8856483560833,1442.245739900696,1669.2770443997474,1524.9323906958787,1783.524227512091,1552.7084097416594,1792.844386077968
47,At most primary school,rural,2016-2017,44501,33186,1501.5856123083377,1286.136337612246,1650.7583275282204,1336.9393870909419,1736.3614600420965,1405.0901133007894,1750.570578938301,1444.3596848068462
48,At most primary school,rural,2016-2017,33601,38418,1580.581550152277,1573.412367466639,1626.8754104540537,1698.555008936783,1686.4470997886965,1892.8059243063146,1751.4749263414778,1918.2119839658494
49,At most primary school,rural,2016-2017,42484,44741,1439.2128056052475,1605.9921473964969,1518.6361179110568,1731.3419384159197,1559.4395184069297,1804.704538342907,1616.4881327872454,1847.7970038666995
50,At most primary school,rural,2016-2017,30711,32875,1337.0876993042668,1616.8270468948035,1471.6446984251031,1714.4139670468949,1506.536512433113,1778.7962737642586,1544.5359263239015,1890.552927756654
51,At most primary school,rural,2016-2017,30657,22314,1132.871136010264,911.1425562427175,1205.8446820193321,932.9674195572286,1292.363802176773,1155.266857876968,1324.4895809548661,1303.5747214006155
52,At most primary school,rural,2016-2017,23031,45121,1675.4539967869393,1652.245938698167,1683.6488211540966,1752.829037477006,1808.9970329845282,1825.0206851207492,1808.9970329845282,1887.4971373270391
53,At most primary school,rural,2016-2017,35335,36562,1602.019944813924,1416.085197746294,1724.3988892033396,1444.5617581095125,1808.1472972972974,1495.8372399394636,1855.4243125324278,1542.3481893769488
54,At most primary school,rural,2016-2017,25069,49540,1450.4770200912149,1657.1582155833669,1503.8799480101586,1815.4297133629389,1889.8476770779316,2058.279598977257,1903.3504095363462,2221.498546628987
55,At most primary school,rural,2016-2017,47975,25482,1359.795808580858,858.0730319441174,1458.7210821608476,1104.3684561651362,1469.2873493138786,1279.2925725348612,1474.5994215737362,1786.3289119116762
56,At most primary school,rural,2016-2017,36746,35706,2350.8203069721876,1744.204988890756,2434.0627823436566,1855.725405627439,2462.8579346504835,1907.9406612334062,2524.4224586803102,2013.2524108926605
57,At most primary school,rural,2016-2017,29092,19318,1339.3598927540218,1658.9670773371984,1382.9330400109995,1772.1050833419608,1513.3976007149731,1821.6926527935948,1600.237052568862,1821.6926527935948
58,At most primary school,rural,2016-2017,26033,27070,1334.6491280298083,1230.7124122644993,1335.1216052702339,1263.2763575914296,1411.2106076902392,1414.2490148996428,1463.0870721776207,1524.4755879817756
59,At most primary school,rural,2016-2017,24321,24624,1658.315317352631,1170.383487654321,1725.492982744679,1397.0830490578298,2033.7933884297522,1471.9757350552306,2324.3883475186053,1483.4117324561403
60,At most primary school,rural,2016-2017,34840,30228,1015.2068025258324,1301.742490406246,1062.0463547646384,1307.633320100569,1087.4707663605052,1527.4118146530811,1143.18259184845,1612.746824136562
61,At most primary school,rural,2016-2017,23217,19127,1292.988865917216,1191.1523152262944,1319.0990438041092,1223.5316742475732,1446.5429857432055,1333.07780885659,1463.47138590975,1374.0669864589324
62,At most primary school,rural,2016-2017,35305,23838,1233.5050181749516,998.7753866375815,1304.3417268564415,1091.971124535056,1471.321437001369,1235.2514612523423,1504.9757824670726,1435.0445087675141
63,At most primary school,rural,2016-2017,21488,35910,1471.5632329672376,1319.236424394319,1609.0371719099032,1365.881230854915,1749.1359867522958,1562.495897150283,1768.7947110014893,1599.8578204771188
64,At most primary school,rural,2016-2017,13567,36809,945.8858259010835,947.678728934047,1013.5470627257316,957.2171570358698,1262.3986879929241,977.6245143850689,1262.3986879929241,1189.723004790495
19,Secondary school or above,rural,2016-2017,6885,9318,80.7755991285403,79.20154539600773,96.15686274509804,93.36767546683838,96.15686274509804,93.36767546683838,96.15686274509804,93.36767546683838
20,Secondary school or above,rural,2016-2017,13737,17125,259.64184319720465,195.46277372262773,262.8739899541385,244.54423357664234,277.41379728713207,244.54423357664234,277.41379728713207,244.54423357664234
21,Secondary school or above,rural,2016-2017,36644,36889,533.647072735873,444.12616227059556,894.2545391696685,487.9750060993792,897.3564567186988,554.4994442787823,897.3564567186988,554.4994442787823
22,Secondary school or above,rural,2016-2017,27716,30139,591.0718237359888,521.7027771326188,669.3417761100687,606.3252928099804,720.0235724250733,609.9888737737373,725.0423341511521,609.9888737737373
23,Secondary school or above,rural,2016-2017,36846,51776,685.6814398668331,1046.8331530696332,733.2019305578171,1181.426787185826,774.0299715934791,1182.0390399670375,794.0592827805822,1198.0116913885454
24,Secondary school or above,rural,2016-2017,42767,56299,872.4929034068324,1722.5706436467196,905.8910842472,1862.4878713061808,917.329420659231,1965.4213603557198,985.3257729869604,1975.0130049675247
25,Secondary school or above,rural,2016-2017,44488,42790,1576.2780262842414,1104.8354210485315,1612.0908297368578,1160.147176131495,1628.804737607145,1183.2577159772532,1660.8695640772044,1183.2577159772532
26,Secondary school or above,rural,2016-2017,45049,52335,1392.2255395976233,1445.9321359192381,1485.3394821934635,1522.0538135728161,1518.3235661908884,1533.8086621445175,1518.7786262366164,1560.275335180408
27,Secondary school or above,rural,2016-2017,38729,39911,1964.1329064353154,1961.196929835551,2191.861998330278,2115.433105326017,2205.891967259676,2126.3073004100793,2224.9440126692316,2129.0901589369682
28,Secondary school or above,rural,2016-2017,30811,22460,2217.711077212684,2011.5527159394478,2325.5349063646104,2236.0017809439,2365.203909859033,2267.7968239833776,2365.203909859033,2267.7968239833776
29,Secondary school or above,rural,2016-2017,61942,20400,1960.581511736786,2150.035735294118,1979.6598430790095,2204.8259313725493,2005.6585730737356,2255.7824673202617,2008.411148063242,2272.0324673202617
30,Secondary school or above,rural,2016-2017,28332,30257,2422.4762459409853,2207.9102631897854,2519.9120076238883,2389.591163477322,2539.6246999858818,2523.3198598671383,2550.329909642807,2523.3198598671383
31,Secondary school or above,rural,2016-2017,16097,31514,3935.104160195481,2624.8443760445093,4067.709614627984,3035.4669564849482,4093.279596612205,3035.4669564849482,4093.279596612205,3073.866821095386
32,Secondary school or above,rural,2016-2017,32945,21646,3025.722699448576,2358.4680772429087,3332.9240957150805,2456.384551418276,3387.288187383012,2488.0615356185904,3387.288187383012,2497.0424096830825
33,Secondary school or above,rural,2016-2017,17852,18187,2313.6759093285536,2996.4904785469475,2420.656079617597,3154.866241454519,2499.54766039286,4919.323683583512,2566.3375625513486,4919.323683583512
34,Secondary school or above,rural,2016-2017,18174,33263,2985.7780345548586,3234.7181402759825,3000.6784417299436,3542.94109070138,3081.285086753971,3550.470477707964,3081.285086753971,3568.535595105673
35,Secondary school or above,rural,2016-2017,23393,16065,2476.3318229099873,3132.5943925718434,2593.4395046951367,3267.1602189023756,2693.604083842745,3272.503096794273,2717.2169167414754,3378.8211795829443
36,Secondary school or above,rural,2016-2017,14668,20906,2289.5324175074993,1973.7937195063619,2416.822436596673,2155.0534057208456,2493.1677688391965,2161.8010698682992,2524.8776133987817,2225.4638142160147
37,Secondary school or above,rural,2016-2017,11307,20461,2321.4666430824564,3120.071485590473,2382.8091742578345,3204.213023149732,2383.4635623949766,3213.801997295668,2904.7040918604994,3213.801997295668
38,Secondary school or above,rural,2016-2017,21141,22191,3410.252510918752,2180.169137638382,3422.1251754095515,2310.9654063959865,3643.0529145578103,2322.0294826731556,3643.0529145578103,2342.5083554894627
39,Secondary school or above,rural,2016-2017,10698,9995,2698.2192933258552,3378.2524262131064,2755.2019068984855,3410.8387193596795,2756.9989717704243,3410.8387193596795,2756.9989717704243,3410.8387193596795
40,Secondary school or above,rural,2016-2017,8952,9037,2446.7371630175753,4052.3854523993955,2475.2894418379506,4152.66209287743,2684.6728198540363,4280.46814945963,2684.6728198540363,4280.46814945963
41,Secondary school or above,rural,2016-2017,4769,11365,4621.370517928287,2377.8194163367066,4722.439924512477,2502.720428215281,4802.470678688754,2555.329315148849,4802.470678688754,2555.329315148849
42,Secondary school or above,rural,2016-2017,13919,10384,2669.5842852695355,2918.5439458140727,2766.1142083961968,3020.9746083718537,2766.1142083961968,3041.4548343605543,2766.1142083961968,3163.6042950693372
43,Secondary school or above,rural,2016-2017,8148,6464,2420.2298723613158,2842.3418162128714,2420.2298723613158,2916.571395420792,2420.2298723613158,3135.7339366749175,2581.1282523318605,3181.9746544966997
44,Secondary school or above,rural,2016-2017,8238,7901,3098.3883224083515,5028.172889507658,3274.03046856033,5061.5863814707,3346.2445982034474,5062.269839260854,4523.714857975237,5062.269839260854
45,Secondary school or above,rural,2016-2017,9994,5904,3447.7561536922153,14062.804369918698,3498.4365619371624,14110.822662601626,3653.00930558335,14110.822662601626,4256.371322793676,14321.41435185185
46,Secondary school or above,rural,2016-2017,4943,7101,2352.386000404613,2228.188518049101,2352.386000404613,2267.8589869971365,2352.386000404613,2394.8129371450027,2352.386000404613,2421.0768436370463
47,Secondary school or above,rural,2016-2017,16520,4244,6453.231769572235,4075.946277097078,6468.667604923325,4075.946277097078,6719.218452380952,4127.878416588124,6772.013044794188,4127.878416588124
48,Secondary school or above,rural,2016-2017,12821,2129,3106.088448638952,4985.697510568342,3123.731378207628,5035.401596993895,3123.731378207628,5035.401596993895,3123.731378207628,5035.401596993895
49,Secondary school or above,rural,2016-2017,4186,8365,3237.123745819398,4411.401574018729,3237.123745819398,4438.944909344491,3327.663640707119,4499.005279936242,3327.663640707119,4499.005279936242
50,Secondary school or above,rural,2016-2017,3299,4106,2535.959381630797,2407.962290956324,2535.959381630797,2446.6130459490178,3170.636556532282,2549.681725929534,3170.636556532282,2549.681725929534
51,Secondary school or above,rural,2016-2017,3547,3206,1782.4854806879052,10816.755146600124,1782.4854806879052,10852.126325639425,1820.6585847194813,10852.126325639425,1820.6585847194813,10852.126325639425
52,Secondary school or above,rural,2016-2017,2531,6948,5717.223758725141,4703.768326616772,5903.237192150665,5414.7642966800995,5903.237192150665,5828.9938111686815,5903.237192150665,5828.9938111686815
53,Secondary school or above,rural,2016-2017,3070,8634,3722.3615635179153,3205.175160219288,3722.3615635179153,3212.4927418732145,3722.3615635179153,3429.116940776774,3998.543431053203,4514.129681105706
54,Secondary school or above,rural,2016-2017,4177,7528,2965.2474662836166,2321.2995040736805,3165.7023382012608,2354.397272405243,3295.98922671774,2718.50460503011,3295.98922671774,2718.50460503011
55,Secondary school or above,rural,2016-2017,6172,3116,2860.083171311298,3665.201112537441,2922.6884856340457,3665.201112537441,2932.6528407863466,3709.7560975609754,2975.5076690429896,3709.7560975609754
56,Secondary school or above,rural,2016-2017,4315,5864,1936.5283893395133,6417.5841291496135,1936.5283893395133,6428.116189176899,3909.784472769409,6428.116189176899,4288.7415990730015,6428.116189176899
57,Secondary school or above,rural,2016-2017,1945,407,4335.261353898886,1100,4335.261353898886,1100,4335.261353898886,1100,4951.124935732648,1100
58,Secondary school or above,rural,2016-2017,2582,1919,3333.175832687839,4059.9412888657284,3333.175832687839,4059.9412888657284,4150.216886134779,4059.9412888657284,4502.3986573715465,5179.2742747959
59,Secondary school or above,rural,2016-2017,3306,1127,989.5663944343619,2500,1425.5918027828193,2500,1613.7345735027225,2500,1613.7345735027225,2500
60,Secondary school or above,rural,2016-2017,1295,944,8577.927927927929,3000,8577.927927927929,3000,8577.927927927929,3000,8767.117117117119,3000
62,Secondary school or above,rural,2016-2017,1889,3020,2999.6956061408155,1989.5192052980133,2999.6956061408155,2189.1880794701988,3453.3306864302103,2189.1880794701988,3453.3306864302103,2189.1880794701988
63,Secondary school or above,rural,2016-2017,3013,385,2405.8904746100234,1885.7142857142858,2489.776966478593,1885.7142857142858,2489.776966478593,1909.7142857142858,2489.776966478593,1909.7142857142858
19,At most primary school,indigenous,2016-2017,29430,49561,345.78865103635746,337.80956800710237,611.146924906558,395.8874921813523,611.146924906558,395.8874921813523,611.146924906558,395.8874921813523
20,At most primary school,indigenous,2016-2017,43637,80094,501.251804661182,569.1937348615377,572.2837271123129,627.1099333283391,572.2837271123129,631.494625065548,572.2837271123129,631.494625065548
21,At most primary school,indigenous,2016-2017,45186,51332,791.6505112202894,704.4582846307695,915.3934847076528,788.1355230005973,919.1889080688709,795.1331073534376,919.1889080688709,795.1331073534376
22,At most primary school,indigenous,2016-2017,50047,54572,567.6843733557123,616.8946712599868,619.6641124010097,685.826357839185,621.5406817591464,700.3118846050478,621.5406817591464,700.3118846050478
23,At most primary school,indigenous,2016-2017,58860,29934,752.0626684788764,798.9066479588429,871.9998074527126,880.5178592904391,881.3253256314418,925.6701387496938,881.3253256314418,925.6701387496938
24,At most primary school,indigenous,2016-2017,32166,54018,724.3869613878007,777.2531810384194,767.6002922340359,849.5199254569466,782.3425666853199,864.3075888284153,782.3425666853199,896.0562651955522
25,At most primary school,indigenous,2016-2017,51745,31531,873.6979611556673,916.1345976975041,970.0005024640062,980.6507881132854,973.6601153090476,987.2844713668031,973.6601153090476,987.2844713668031
26,At most primary school,indigenous,2016-2017,29915,40026,861.7142904897208,840.5208864238245,959.2503092094266,935.5281317143857,959.2503092094266,949.410295807725,959.2503092094266,976.867448658372
27,At most primary school,indigenous,2016-2017,49156,42096,1039.5647360783355,886.3330957810718,1160.744856511243,983.1976434815659,1188.0994351316895,990.2688220575193,1348.5884903843544,990.2688220575193
28,At most primary school,indigenous,2016-2017,40978,40389,1235.8736151105472,1091.6858303003294,1322.2560642295866,1147.0120329792767,1344.2109831291589,1177.6305801084454,1344.2109831291589,1177.6305801084454
29,At most primary school,indigenous,2016-2017,38994,35852,1342.7982937545946,905.1443666555097,1593.4122343608417,968.167907880546,1631.7962592535603,1069.602637230838,1631.7962592535603,1072.9218383911636
30,At most primary school,indigenous,2016-2017,39072,30944,1119.953624078624,764.0362913650465,1177.7973484848485,1020.4860716132368,1182.2521157521157,1053.5127353714236,1182.2521157521157,1053.5127353714236
31,At most primary school,indigenous,2016-2017,19478,33694,1307.3943936749154,614.2118774856058,1416.1309169319234,618.9664331928534,1420.1970428175377,652.0467541204172,1420.1970428175377,652.0467541204172
32,At most primary school,indigenous,2016-2017,31739,36236,1143.6237016499153,1208.6106542296795,1206.9029480029826,1330.2949460941238,1287.640631399855,1361.7052608823637,1355.2624846403478,1361.7052608823637
33,At most primary school,indigenous,2016-2017,29076,37581,1081.720594304581,1110.8229779232415,1171.0210482872471,1184.6049422137075,1179.3268675196036,1255.2559937202311,1179.3268675196036,1299.5069716079936
34,At most primary school,indigenous,2016-2017,34366,66380,1355.0726929717355,1320.0394797629808,1457.7951512153484,1383.8112483679822,1462.9194019282622,1429.4916440694988,1462.9194019282622,1468.019815205383
35,At most primary school,indigenous,2016-2017,35663,31233,1143.7763975735822,1143.451947192606,1201.7496471599884,1334.7376065913188,1237.917792950677,1385.3155209767447,1237.917792950677,1408.304026723871
36,At most primary school,indigenous,2016-2017,40364,48744,1305.9583663660687,1308.046056950599,1383.4983524923198,1364.6027613655012,1421.3460220328345,1457.1677334646315,1421.3460220328345,1687.5071940478144
37,At most primary school,indigenous,2016-2017,36771,37724,1170.8132812995748,1126.423231894815,1218.2533835540687,1215.429965009013,1233.309011630542,1242.5373767362953,1282.0707169599232,1348.5689039691797
38,At most primary school,indigenous,2016-2017,43191,47702,1286.9569702021254,1195.0792978631223,1333.942707971568,1310.585796542423,1411.6118597238622,1425.4098779925368,1444.2112438548154,1560.772825737565
39,At most primary school,indigenous,2016-2017,37475,42312,1041.2803735823882,954.1820838847924,1074.5356104069378,1059.6311290729186,1158.0972159217256,1098.8366519348333,1158.0972159217256,1098.8366519348333
40,At most primary school,indigenous,2016-2017,44209,42352,1615.4358011566271,1579.0267205011962,1677.8172167054972,1692.2014229945848,1692.3071207220248,1878.1970666477773,1720.2784236995483,1913.778030946984
41,At most primary school,indigenous,2016-2017,44532,42670,1547.2281935836404,1458.6980782751348,1619.4178549507471,1606.1775720646824,1655.077605242672,1724.8939809389892,1721.3501732836314,1771.952804468401
42,At most primary school,indigenous,2016-2017,46139,43188,1547.5755362419357,1071.3908956191535,1708.4753173381882,1158.7325182921181,1717.0973074116619,1216.0267898490322,1742.9756316059445,1284.5226683337964
43,At most primary school,indigenous,2016-2017,42170,40409,1288.26666271441,1154.924760985589,1430.5142320765158,1402.4557565558828,1519.181191210181,1478.707746624102,1655.3380167575685,1575.6663449561568
44,At most primary school,indigenous,2016-2017,33116,50694,1560.2144079397672,1367.6217895608947,1592.1506321214317,1447.7748648755276,1793.8166948504247,1602.6134552412514,1975.8209828079075,1697.9679350613485
45,At most primary school,indigenous,2016-2017,42053,32883,1301.1207999429291,1207.99279262841,1420.436425463106,1323.3902624456407,1474.0020648546674,1382.9129514744195,1523.861765708352,1430.6731923283562
46,At most primary school,indigenous,2016-2017,28653,48535,1746.8299887155504,1135.2482194979568,1819.775230051536,1278.183523917448,1842.9932758640746,1327.836966450328,1842.9932758640746,1337.6706122729302
47,At most primary school,indigenous,2016-2017,31271,30814,1476.5786991141952,994.6803076523659,1635.841914233635,1026.4499578113846,1712.2193885708803,1057.588401375998,1712.2193885708803,1099.8808658402027
48,At most primary school,indigenous,2016-2017,20286,31150,1330.051685891748,1498.1848796147672,1369.0766292024057,1639.4773354735153,1443.7291810443985,1668.8114713750667,1551.438931611292,1799.76278223649
49,At most primary school,indigenous,2016-2017,34045,37927,1447.5189455132913,1512.8852971937317,1490.3413864003526,1651.6048109965634,1516.0730161061342,1701.6732099383903,1529.329979928526,1701.6732099383903
50,At most primary school,indigenous,2016-2017,27588,25177,1164.2867551109177,1136.7758933418067,1211.1752573582717,1212.8330089632072,1305.4171982987773,1273.5525148614477,1321.2574186844522,1342.2527836252666
51,At most primary school,indigenous,2016-2017,28714,15298,1043.0991009031598,927.1193184294243,1171.6816738640848,985.2837843726849,1302.4877847043253,1094.7451300823636,1369.0678501776135,1282.7174140410511
52,At most primary school,indigenous,2016-2017,19081,34099,1427.7675348950963,1386.7511950497083,1450.7511311426724,1516.8696735974663,1581.8868158552136,1553.329687087598,1584.7640235487308,1713.0117892020294
53,At most primary school,indigenous,2016-2017,17608,26426,1803.7393608965622,1948.5756451979112,1943.1640542177797,2027.6156058427307,1966.13088747539,2073.4249728802442,2033.3579054975012,2073.4249728802442
54,At most primary school,indigenous,2016-2017,17846,40222,1271.4253240688856,1289.361767192084,1288.8017669692554,1327.6025309532097,1311.2093092756547,1380.0064806987884,1311.2093092756547,1999.294432565926
55,At most primary school,indigenous,2016-2017,38470,23640,1404.1192617624122,855.6234771573604,1494.5741616844293,1036.8442893401016,1511.061467810415,1136.743739424704,1511.061467810415,1703.5500000000002
56,At most primary school,indigenous,2016-2017,14887,25346,1425.8445623698528,1009.2724164233673,1548.6851615503458,1022.5912833057156,1594.4223819439778,1130.1791012388544,1594.4223819439778,1130.1791012388544
57,At most primary school,indigenous,2016-2017,20123,17117,1493.0562043432888,996.0732215536211,1517.8263678377975,1090.894159802146,1714.3730225778131,1135.7876964421334,1964.9817787274926,1135.7876964421334
58,At most primary school,indigenous,2016-2017,19360,16950,1433.584090909091,1427.3438348082595,1436.980785123967,1477.8456637168142,1546.2210571625344,1642.2279547689282,1659.1601067493114,1775.6399508357915
59,At most primary school,indigenous,2016-2017,21664,28654,1427.0508447193502,848.1112584630418,1529.7964134047268,935.0027919313185,1709.5169943993108,1014.5882192131407,2011.1371938084687,1032.774161838952
60,At most primary school,indigenous,2016-2017,25385,21854,958.1478694767252,1087.316463805253,1011.1945505876174,1130.377459503981,1023.6289212789707,1180.5991961807144,1023.6289212789707,1224.2777904883926
61,At most primary school,indigenous,2016-2017,17779,16337,1334.3163563754993,1232.5521209524393,1350.6839811012994,1264.1564546734407,1406.8269587715845,1357.9006651568016,1406.8269587715845,1532.0860521107506
62,At most primary school,indigenous,2016-2017,20442,16404,1159.9259041841958,818.058217507925,1223.5904184195936,891.1282004389174,1297.8762841209275,944.2345566122085,1536.4292632814793,1228.9720190197513
63,At most primary school,indigenous,2016-2017,14254,15718,932.9041672512978,820.7852780251941,977.4699031850708,866.0257666369768,1019.0278284458163,914.231645247487,1305.4335157382723,984.1514823768928
64,At most primary school,indigenous,2016-2017,16020,30477,1077.5701622971285,895.3023263444564,1125.3822721598,923.7073530859336,1231.921493965876,1162.1134954227778,1231.921493965876,1337.8110159573887
19,Secondary school or above,indigenous,2016-2017,6094,10888,336.4012963570725,130.86425422483467,352.80431572038066,142.98769287288758,377.21357072530355,142.98769287288758,377.21357072530355,142.98769287288758
20,Secondary school or above,indigenous,2016-2017,6159,17109,281.7178113330086,178.50400374072126,297.1635005682741,223.8614179671518,313.57309086973,223.8614179671518,313.57309086973,223.8614179671518
21,Secondary school or above,indigenous,2016-2017,26871,36361,340.63525734062745,708.5073292813729,352.5607532283875,769.7164544429471,356.79084018706664,839.984598883419,356.79084018706664,854.1343747421688
22,Secondary school or above,indigenous,2016-2017,12674,36382,523.4811424964495,461.98042072086935,598.8598706012309,558.3824876770565,615.8053232339173,560.5887068696975,615.8053232339173,560.5887068696975
23,Secondary school or above,indigenous,2016-2017,34348,31708,607.7418772563177,907.3519301122745,697.1000640503087,1012.1532420840167,739.6076336322348,1027.7105146966067,739.6076336322348,1027.7105146966067
24,Secondary school or above,indigenous,2016-2017,21039,35701,1119.5250883280257,1504.0831442629992,1150.5598333254115,1618.8642428316668,1200.1273032621957,1641.7170107279908,1338.3468003865837,1656.8426374611356
25,Secondary school or above,indigenous,2016-2017,36234,34842,1162.394192379165,1252.6397738361748,1205.8025933285494,1311.9787899661328,1215.9342376405216,1312.6618736008265,1215.9342376405216,1312.6618736008265
26,Secondary school or above,indigenous,2016-2017,29140,48126,1665.589716312057,1234.329156796742,1807.2214939373143,1331.573266010057,1871.2268702814004,1369.6223455097038,1871.2268702814004,1371.6115682444695
27,Secondary school or above,indigenous,2016-2017,27284,32246,1350.6206323608465,1702.4260580123632,1474.898230953428,1831.3061671731894,1474.898230953428,1864.0133246500857,1593.8324048282266,1867.4576795054684
28,Secondary school or above,indigenous,2016-2017,19525,24024,2239.926709346991,2081.0830662393164,2352.3979001280413,2224.8765644078144,2403.194314980794,2299.5102640415143,2403.194314980794,2333.609498140748
29,Secondary school or above,indigenous,2016-2017,20412,23888,1497.7919034554836,2142.9836459031035,1549.0254915409237,2219.864087966064,1669.5167711803513,2298.6738285610627,1669.5167711803513,2298.6738285610627
30,Secondary school or above,indigenous,2016-2017,23928,22832,1765.733283182882,1861.7933528965195,1855.487963891675,1929.6901643891615,1855.487963891675,1980.7752642490073,1855.487963891675,1980.7752642490073
31,Secondary school or above,indigenous,2016-2017,16300,14904,2463.5772392638037,1814.2041510109143,2691.0404294478526,2178.3251923421003,2729.851779141104,2215.22803721596,2729.851779141104,2249.670692431562
32,Secondary school or above,indigenous,2016-2017,14371,17765,2627.279776401549,1824.3768646214467,2710.661586992322,1956.9577821559246,2710.661586992322,2001.8547706163806,2710.661586992322,2012.7976358007318
33,Secondary school or above,indigenous,2016-2017,19342,12229,2161.5026539826977,3304.9127483849866,2225.3941853651813,3450.9344999591135,2298.2083979595354,3454.5325047019383,2298.2083979595354,3454.5325047019383
34,Secondary school or above,indigenous,2016-2017,12918,25429,2828.8608917789134,3192.8695845950165,2899.2742684626105,3406.157562887517,2923.125690251329,3824.657684140155,2923.125690251329,3824.657684140155
35,Secondary school or above,indigenous,2016-2017,17408,9281,2701.785941329657,2875.1076033473405,2751.820982689951,2952.0971518873685,2810.5822801776962,3322.206120030169,2810.5822801776962,3322.206120030169
36,Secondary school or above,indigenous,2016-2017,10700,27949,3012.101542056075,2226.730455472468,3194.2277102803737,2361.5193566853914,3194.2277102803737,2361.5193566853914,3194.2277102803737,2496.765698236073
37,Secondary school or above,indigenous,2016-2017,8010,16647,3046.02968164794,2514.754720570273,3066.66638576779,2668.1108808393906,3704.6314294631707,2675.4290162391626,3704.6314294631707,2675.4290162391626
38,Secondary school or above,indigenous,2016-2017,7609,15450,3371.0462610067025,1551.8146170442287,3414.376527796031,1708.6884034519958,3449.335129451965,1898.1135652642934,3449.335129451965,1964.030501618123
39,Secondary school or above,indigenous,2016-2017,11012,11258,2792.351525608427,2441.2707260022503,3247.0918089357065,2476.571845206372,3248.8376316745366,2493.3599070290757,3248.8376316745366,2493.3599070290757
40,Secondary school or above,indigenous,2016-2017,12282,10464,3074.494714487326,2661.2775707186543,3074.494714487326,2738.455514143731,3090.0052176627046,2801.661107925586,3102.489612169571,2856.936337283384
41,Secondary school or above,indigenous,2016-2017,6506,9403,2759.8378419920073,4258.560388528484,2803.8280049185364,4335.91867843596,2831.6792191822933,4469.143447126803,2831.6792191822933,4469.143447126803
42,Secondary school or above,indigenous,2016-2017,9734,9254,3125.5039723306622,2707.2509185217205,3149.9543524416135,2765.0724011238385,3458.316793370317,2793.449319213313,3468.5386959797274,2793.449319213313
43,Secondary school or above,indigenous,2016-2017,5505,5722,1662.2509234029671,3968.6356751718513,1662.2509234029671,4018.953745776535,1666.266969421738,4189.195794011418,1904.4141083863155,4189.195794011418
44,Secondary school or above,indigenous,2016-2017,6740,15260,2618.255192878338,4523.475535168196,2627.053412462908,4577.391000436873,2777.4985163204747,4660.881498470948,4216.66765578635,4660.881498470948
45,Secondary school or above,indigenous,2016-2017,6489,4687,2796.049776544922,4711.925040893251,2834.653567575898,4711.925040893251,2841.087532747727,4711.925040893251,3770.352442595161,4711.925040893251
46,Secondary school or above,indigenous,2016-2017,3409,7287,3275.79270558326,3164.702758336764,3275.79270558326,3231.4792095512557,3275.79270558326,3231.4792095512557,3275.79270558326,3231.4792095512557
47,Secondary school or above,indigenous,2016-2017,2617,3041,4901.463125716469,4282.187657568782,4953.889568207872,4282.187657568782,4953.889568207872,4282.187657568782,4953.889568207872,4282.187657568782
48,Secondary school or above,indigenous,2016-2017,3761,2844,4108.871753966144,4771.821378340365,4108.871753966144,4771.821378340365,4108.871753966144,5113.118846694796,4343.27749711956,5113.118846694796
49,Secondary school or above,indigenous,2016-2017,3582,3546,4176.614554252746,5616.101240834743,4199.227619579378,5616.101240834743,4305.034431416341,5736.3367174280875,4305.034431416341,5736.3367174280875
50,Secondary school or above,indigenous,2016-2017,2818,5865,5977.583865625739,3245.0273941460646,5977.583865625739,3294.7290139244105,5977.583865625739,3668.011196362603,5977.583865625739,3668.011196362603
51,Secondary school or above,indigenous,2016-2017,6796,1091,5269.377820286442,1671.3950504124657,5269.377820286442,1775.3363886342806,6852.453649205414,1775.3363886342806,6852.453649205414,1775.3363886342806
52,Secondary school or above,indigenous,2016-2017,1990,11773,4678.078726968174,5175.81858206631,4678.078726968174,5195.77950961239,4678.078726968174,5916.383150712081,4678.078726968174,5916.383150712081
53,Secondary school or above,indigenous,2016-2017,1852,3817,4458.876889848812,4892.644223211946,4458.876889848812,4892.644223211946,4458.876889848812,4935.216924286088,4458.876889848812,4935.216924286088
54,Secondary school or above,indigenous,2016-2017,2758,5236,5784.433164128596,2356.2471352177236,5784.433164128596,2395.2845683728037,6022.866811699299,2969.7689075630256,6022.866811699299,2969.7689075630256
55,Secondary school or above,indigenous,2016-2017,2558,4657,4267.073885848319,3916.8591009949178,4267.073885848319,3963.4341493092834,4267.073885848319,4883.196514208002,4267.073885848319,4883.196514208002
56,Secondary school or above,indigenous,2016-2017,2351,2541,4927.335885438821,2069.5151515151515,4927.335885438821,2069.5151515151515,7330.19424358429,2552.789452971271,7330.19424358429,2552.789452971271
57,Secondary school or above,indigenous,2016-2017,2574,1435,2147.9974099974097,2962.8571428571427,2147.9974099974097,2962.8571428571427,4297.181559181559,2962.8571428571427,4297.181559181559,2962.8571428571427
58,Secondary school or above,indigenous,2016-2017,1826,2506,3053.647316538883,6335.932561851556,3096.4961664841185,6335.932561851556,3208.544359255203,6394.392258579409,3706.536327126689,6394.392258579409
60,Secondary school or above,indigenous,2016-2017,1787,1275,4382.016228315612,3921.577516339869,4382.016228315612,3921.577516339869,5289.962506994963,6495.0677124183,5289.962506994963,6495.0677124183
61,Secondary school or above,indigenous,2016-2017,1852,1105,750,6400.045248868778,750,6410.41628959276,750,6410.41628959276,750,6410.41628959276
63,Secondary school or above,indigenous,2016-2017,3342,88,3105.491921005386,1500,3224.5224416517053,1500,4570.183722321963,1605,4570.183722321963,1605
64,Secondary school or above,indigenous,2016-2017,604,2046,2000,3605.6451612903224,2000,3768.6813294232647,2000,3951.8680351906155,2000,3951.8680351906155
19,At most primary school,non-indigenous,2016-2017,32282,29755,564.9827561282862,605.9920685599059,614.5298721681845,762.5090573012939,624.4373541498875,769.7179297597042,624.4373541498875,769.7179297597042
20,At most primary school,non-indigenous,2016-2017,39433,33451,605.4091750564248,726.0419718394069,645.0018512413461,818.5477863143104,648.346089146992,853.155122417865,659.9404390569658,853.155122417865
21,At most primary school,non-indigenous,2016-2017,37427,33024,751.2810003473428,773.2885477228682,808.3248991369867,848.882206879845,808.8726320570711,865.3621406653747,808.8726320570711,865.3621406653747
22,At most primary school,non-indigenous,2016-2017,39648,26168,939.6675746569814,1125.7921634566392,1110.4045601291364,1173.3633954957709,1148.2795264998654,1212.6098033221238,1148.7940543449017,1212.6098033221238
23,At most primary school,non-indigenous,2016-2017,48995,35752,1180.1172160424533,1173.3309185500111,1287.7806510868456,1375.41164130678,1594.2352212810831,1383.5280473819646,1603.3099567983127,1383.5280473819646
24,At most primary school,non-indigenous,2016-2017,37521,29984,1120.7938709878024,1331.221707132693,1264.755918907634,1403.9865150302383,1274.936884233718,1577.4590337068657,1277.9289864342634,1577.4590337068657
25,At most primary school,non-indigenous,2016-2017,33378,25935,1289.0347634170212,1177.3094916779128,1352.7572752511635,1284.9867617762354,1379.859208660395,1319.5873658505238,1395.8689755727326,1319.5873658505238
26,At most primary school,non-indigenous,2016-2017,33385,25804,1385.3489191752783,1143.447437089857,1456.1037491887573,1214.4213171084587,1476.1793819579652,1265.684364181264,1493.8644700713894,1284.1311166227458
27,At most primary school,non-indigenous,2016-2017,36116,33790,1256.4730959500869,1379.8778065502615,1469.255131612951,1487.5766819571866,1495.0567153985307,1530.4912523429023,1495.0567153985307,1530.4912523429023
28,At most primary school,non-indigenous,2016-2017,36883,32209,1616.0262858227368,1536.5129208192327,1761.3680421874576,1688.0379604044417,1767.0532155735705,1745.6453061773625,1783.0587827273632,1753.4528547921389
29,At most primary school,non-indigenous,2016-2017,35771,41285,1366.5016819956575,1736.907650074684,1512.909945672938,1929.209454604174,1520.7322971121857,1964.526962980905,1520.7322971121857,1983.2512777037664
30,At most primary school,non-indigenous,2016-2017,51364,28012,1815.8045193780338,1543.959695844638,1928.4029346104924,1720.8124732257604,1979.1416815928146,1819.9916940358894,1979.1416815928146,1837.1646913227664
31,At most primary school,non-indigenous,2016-2017,26428,33941,1604.1484000554965,1563.9148031387801,1729.7396290550423,1730.4222719817724,1767.650178472327,1861.690084754918,1767.650178472327,1861.690084754918
32,At most primary school,non-indigenous,2016-2017,36769,32652,1748.4540328356316,2187.5587508677363,1914.2095877868132,2333.566529870554,2060.9412095333932,2388.318791089877,2068.5291232650693,2388.318791089877
33,At most primary school,non-indigenous,2016-2017,38983,31562,1700.4665452462184,1651.8535791986144,1789.96247937135,1761.2347971188983,1890.7805282644572,1889.6349829964304,1892.0631386330792,1990.5692499419133
34,At most primary school,non-indigenous,2016-2017,30176,54860,2114.3591209349593,1585.2843282901931,2211.6062709879816,1659.362345060153,2408.5904361081652,1774.6647846032324,2408.5904361081652,1819.208471563981
35,At most primary school,non-indigenous,2016-2017,71460,24680,1818.2296669465436,1758.2272082658023,2007.807752588861,1805.945198541329,2059.6610038249837,1909.006422204214,2059.6610038249837,1917.6976701782821
36,At most primary school,non-indigenous,2016-2017,34079,40464,1532.2173674892651,1993.8932796230395,1650.011316842239,2033.4521467642019,1673.0108180013108,2106.9193542408066,1680.5081037197883,2125.6831937030447
37,At most primary school,non-indigenous,2016-2017,52757,42262,2032.9555319673218,1886.046826936728,2106.905434349944,2043.3124556339028,2383.5568913445923,2271.2589165996246,2461.396482931175,2271.2589165996246
38,At most primary school,non-indigenous,2016-2017,41201,38859,1669.6889638601006,2037.0556842258763,1786.8261692677363,2135.5214193194197,1786.8261692677363,2246.920854885612,1896.4205965874617,2261.216127538022
39,At most primary school,non-indigenous,2016-2017,45505,34474,2039.0861224041314,2005.3888534354392,2110.593671025162,2074.4777320105973,2131.624363623045,2147.407422985438,2158.3487162582865,2149.7570197830246
40,At most primary school,non-indigenous,2016-2017,58562,36080,3136.817105517799,2018.214089061345,3192.435936841866,2157.316916112343,3242.643742244687,2282.6409645232816,3272.355295811846,2282.6409645232816
41,At most primary school,non-indigenous,2016-2017,42506,34883,1535.123468843614,1961.2537482441303,1575.7424402829404,2027.7034515379983,1649.5833235307955,2239.568481304169,1649.5833235307955,2276.8502517940924
42,At most primary school,non-indigenous,2016-2017,52754,60496,1819.402410243773,2130.250870580975,1921.099911855025,2177.9203032707396,2010.9965073738483,2219.053876840342,2222.6638690904956,2256.4889138675835
43,At most primary school,non-indigenous,2016-2017,65008,35648,2373.864785872508,2025.0794714991023,2506.1116631799164,2058.3870904398564,2573.1334053757487,2096.052504114303,2576.1138077877595,2101.8676971125074
44,At most primary school,non-indigenous,2016-2017,44316,46878,2470.512687291272,1949.5173126697669,2539.3760774889433,2121.0884547833384,2662.6233245329004,2183.257051993117,2794.3922116165722,2250.324759659826
45,At most primary school,non-indigenous,2016-2017,69936,30010,2544.7246744642725,1835.9176718871488,2663.894057900557,2007.3288681550596,2714.8960454320145,2158.680556481173,2734.658113608633,2171.7428690436523
46,At most primary school,non-indigenous,2016-2017,31530,45687,1684.9277090601543,2062.011431041653,1822.0850195580927,2166.868961630223,2093.726075695105,2288.1739097919904,2185.1763981393383,2288.1739097919904
47,At most primary school,non-indigenous,2016-2017,51987,43781,2053.6067831060327,2115.4159528867162,2149.5737556183917,2200.930719566326,2253.547665762594,2279.6105692728197,2277.597332025314,2362.797339789711
48,At most primary school,non-indigenous,2016-2017,42791,28963,1663.5740108901405,2072.7610399475193,1768.6047416512818,2133.334530262749,1992.9884048826466,2366.772537375272,1994.827576671107,2701.7142446109406
49,At most primary school,non-indigenous,2016-2017,39215,46705,1753.4742572995028,2163.070006780145,1813.4525819201838,2240.4601149056134,1887.9543032003062,2448.7477054562323,1938.2493433635088,2506.7828908396673
50,At most primary school,non-indigenous,2016-2017,41670,38712,1935.1481881449483,1934.5654426706622,2091.368010559155,2044.8209190087484,2143.2667186625067,2087.970157832197,2196.5652547796176,2157.7676366501346
51,At most primary school,non-indigenous,2016-2017,37069,23012,1493.7730673428832,2270.008546265716,1565.814665443722,2353.0017671939277,1623.8925742084582,2517.2660640825075,1632.1834192092226,2555.3697346312065
52,At most primary school,non-indigenous,2016-2017,33284,45258,2898.3853703481154,2022.4331683532928,2965.005518166887,2122.4139010414365,3158.5046368625567,2291.5002356857717,3175.559878620358,2292.7824841280362
53,At most primary school,non-indigenous,2016-2017,37788,39144,1765.1334043435306,1943.1927668778528,1877.7503726932714,1993.004743170516,1968.9702484915847,2092.4776083180054,1986.166183709114,2175.9778467538663
54,At most primary school,non-indigenous,2016-2017,27843,53607,2073.6794316943815,2152.9125425162138,2241.802047791785,2306.667649125425,2821.6003813046964,2554.9063741675527,2861.3482533012484,2715.069536938584
55,At most primary school,non-indigenous,2016-2017,39985,26391,1958.1333979408946,1374.796028949263,2070.6239569005043,1504.1257246788678,2107.614369972073,1696.3575777095728,2113.987926722521,1696.3575777095728
56,At most primary school,non-indigenous,2016-2017,38946,46851,2381.6410457214265,1909.0464237689698,2423.2781843235935,2016.6632942733347,2509.520716718876,2069.8208665058733,2567.6075549050825,2199.6742598877295
57,At most primary school,non-indigenous,2016-2017,37880,22019,1790.6393853396692,2207.5327822940794,1846.1169460577262,2291.1314924989024,1909.3614022351285,2341.257065867357,1973.0383645723336,2341.257065867357
58,At most primary school,non-indigenous,2016-2017,25788,33930,1791.125113101701,1547.7491895078101,1829.8225692828705,1581.0442086648982,1921.1505771418229,1740.959229786816,1939.169293857608,1771.8396306120444
59,At most primary school,non-indigenous,2016-2017,27710,26294,2241.8151690123905,1904.1776070586445,2308.837254901961,2072.0569711721305,2573.911806808613,2092.2539109048957,2593.1561229399736,2092.2539109048957
60,At most primary school,non-indigenous,2016-2017,35343,41095,2144.8442218638297,1521.372737964878,2285.325788227749,1588.3764610455448,2394.6481434324573,1774.728657176461,2449.5670807043357,1848.8290262400128
61,At most primary school,non-indigenous,2016-2017,29111,20898,1946.3726082923981,1761.8241299007877,2037.6941018858852,1777.9883561425333,2275.2509475227007,1890.3584394040895,2288.7519150836456,1890.3584394040895
62,At most primary school,non-indigenous,2016-2017,29739,29623,2114.431554524362,1776.0963440569828,2193.3894885503887,1901.7750396651252,2419.637356109262,2097.620047485625,2445.6693903628234,2168.584725832405
63,At most primary school,non-indigenous,2016-2017,28988,43206,2137.284246929764,1465.8106667283864,2259.9177504484614,1535.2532210032557,2469.7152528632537,1719.7856779151043,2470.6294242445147,2075.9504698421515
64,At most primary school,non-indigenous,2016-2017,20453,40846,1785.2081112795188,1795.3565751032334,1852.9443846868428,1934.5175700598998,1946.874696458547,2048.337089311071,1946.874696458547,2108.377240121432
19,Secondary school or above,non-indigenous,2016-2017,8892,6384,147.519118308592,295.9429824561403,169.41520467836258,295.9429824561403,169.41520467836258,333.1323099415205,169.41520467836258,333.1323099415205
20,Secondary school or above,non-indigenous,2016-2017,22194,13607,295.8135081553573,568.1134710075696,445.71663512661075,649.9581097964283,470.05391847646507,649.9581097964283,473.17037637800007,670.4181671198647
21,Secondary school or above,non-indigenous,2016-2017,32960,32374,576.9885720064725,742.6495335763267,1028.432746763754,813.556125285723,1028.6424656148868,834.0679557669735,1041.8948927993526,834.0679557669735
22,Secondary school or above,non-indigenous,2016-2017,39331,38295,890.1029722102159,1367.7504308656482,992.3797513411812,1417.6691669930801,1026.4782995601433,1420.5524850937895,1030.014950039409,1421.5208795752274
23,Secondary school or above,non-indigenous,2016-2017,50859,77502,1105.3662675239386,1629.5778818611132,1227.254271613677,1767.9407628190238,1318.0943064813175,1798.3106242419549,1381.1444385457833,1812.5734819746585
24,Secondary school or above,non-indigenous,2016-2017,82313,87744,1414.3790845107496,1984.4708887977145,1507.2633798225472,2095.4102122842205,1535.6159284276685,2227.314511533552,1535.6159284276685,2237.545968955142
25,Secondary school or above,non-indigenous,2016-2017,79406,91787,2276.026359259166,2105.2338666332557,2353.6456197684474,2192.538386881221,2401.0644756063775,2242.444573668747,2428.056138704884,2278.6152732231503
26,Secondary school or above,non-indigenous,2016-2017,82171,86765,1808.013849168198,2225.6916364125323,1886.3165958793247,2311.697837069479,1919.560684426379,2353.9369119652706,1920.4685472977085,2369.5272997944644
27,Secondary school or above,non-indigenous,2016-2017,103755,94027,2639.214809728045,2510.09254079502,2744.9997839461553,2598.371013999525,2782.7977213949525,2624.657302335145,2791.924928115914,2664.590867516777
28,Secondary school or above,non-indigenous,2016-2017,99327,62970,2549.023412566573,2573.3220184214706,2635.042420489897,2680.8394235350165,2687.0278658706425,2851.779950770208,2712.096578305328,2871.6645519030226
29,Secondary school or above,non-indigenous,2016-2017,116951,76094,2440.089534648414,3244.3583900614153,2509.0540154993687,3383.6224581876804,2619.2321100289864,3459.8038697751026,2622.658758796419,3483.0050858149134
30,Secondary school or above,non-indigenous,2016-2017,84574,73695,3045.83371761219,2912.097381097768,3110.0633626567665,3038.6792251848838,3156.3206836616455,3203.570613112604,3175.5591612079365,3214.4926566705117
31,Secondary school or above,non-indigenous,2016-2017,52184,78946,3622.009129554397,3246.7404111671267,3687.5933316086666,3399.1033681250474,3789.7153102483517,3429.102956451245,3789.7153102483517,3454.512307991116
32,Secondary school or above,non-indigenous,2016-2017,79310,60131,3454.426182070357,3905.6011236577915,3621.3521687050816,3960.0010172235066,3833.3828079687305,4006.490265697671,3833.3828079687305,4006.490265697671
33,Secondary school or above,non-indigenous,2016-2017,58365,67269,3465.4107712955824,3823.8692414039156,3534.3952654273394,3960.0591654402474,3561.002564322225,4543.081372301258,3616.1626202918414,4629.69133132151
34,Secondary school or above,non-indigenous,2016-2017,66386,84439,3566.7381689412427,3672.6843559650556,3600.4610924492113,3813.1734072328345,3654.4407342411555,3880.0599564971953,3654.4407342411555,3910.494945068827
35,Secondary school or above,non-indigenous,2016-2017,79555,61592,4182.783311335973,4127.4460657769405,4271.109752163074,4176.943078375979,4385.117566463453,4261.355772665281,4399.328594473425,4306.701380319954
36,Secondary school or above,non-indigenous,2016-2017,57258,56921,3307.6525492798673,4278.062990811827,3370.0389407011535,4371.206997417474,3457.147728992746,4491.026759309687,3475.66252168547,4535.051518771631
37,Secondary school or above,non-indigenous,2016-2017,66482,68591,3779.130514023846,3659.376390488548,3849.7069858508066,3707.153212520593,3930.8128866961483,3841.7788679758764,4088.0195992900335,3846.205104654158
38,Secondary school or above,non-indigenous,2016-2017,58962,55385,3560.766024445123,3307.1053173241853,3593.248809968002,3372.869513406157,3754.6817385208556,3535.4336101832628,3754.6817385208556,3584.10527218561
39,Secondary school or above,non-indigenous,2016-2017,49207,58077,4587.340789928262,4894.08951047747,4763.937615583149,4955.569097921725,4826.107505029772,5033.215010531995,4826.107505029772,5037.953547302145
40,Secondary school or above,non-indigenous,2016-2017,50306,49215,4608.009574735949,3672.2810254326255,4644.252567619502,3753.0106810254324,4792.645403464133,3955.9748857055774,4797.0981526391815,3955.9748857055774
41,Secondary school or above,non-indigenous,2016-2017,46551,43602,4206.162885867114,4016.726082901396,4268.479914502374,4083.8674984327936,4569.1068254888905,4291.693592037062,4574.715978174476,4291.693592037062
42,Secondary school or above,non-indigenous,2016-2017,44791,54384,4192.0654744628755,4366.930791531823,4289.099700088559,4462.54659765127,4396.158409799587,4584.615894993625,4415.812179530114,4633.083826738256
43,Secondary school or above,non-indigenous,2016-2017,55691,38130,4616.229420672401,3787.0521264970716,4769.262657640672,3828.146802605123,4827.483914217139,3892.4063532651458,4874.784615108366,3919.255028848676
44,Secondary school or above,non-indigenous,2016-2017,48504,49107,5210.35025977239,4500.873358177042,5265.809809500248,4658.276579713686,5611.99239238001,4733.473937863577,5932.899259167629,4758.877648128916
45,Secondary school or above,non-indigenous,2016-2017,52204,24905,5116.685975531887,6697.658268085391,5148.331634868337,6818.352104664391,5240.340708247133,6884.846115237904,5343.3784065078025,6943.763334002542
46,Secondary school or above,non-indigenous,2016-2017,32411,43560,6165.940287762385,4148.0068640955005,6258.3444098197115,4228.266919191919,6490.838521901001,4466.33930976431,6601.31027531805,4515.088161922253
47,Secondary school or above,non-indigenous,2016-2017,43935,38656,5547.642039376351,5201.03328504415,5607.357983384545,5363.696002345475,5938.960729866089,5559.834764762693,5958.812025340465,5582.579142522075
48,Secondary school or above,non-indigenous,2016-2017,38541,30978,4468.793605078575,6038.280696515807,4525.76358509985,6089.089012094605,4577.002525449089,6185.584414745948,4597.118765297562,6284.751565627219
49,Secondary school or above,non-indigenous,2016-2017,24645,39410,4460.847332116048,5076.750253742704,4533.675694867114,5146.34327581832,4575.7734834652065,5233.349534805041,4575.7734834652065,5234.323906791846
50,Secondary school or above,non-indigenous,2016-2017,39581,16722,3839.0975425919846,5754.49010285851,3913.4455883715254,5795.914573615596,4215.010312186824,5913.221115895228,4215.010312186824,5913.221115895228
51,Secondary school or above,non-indigenous,2016-2017,25331,20184,4171.947238561446,5180.3099319593075,4177.45629860645,5204.590054828907,4321.367579908676,5288.0175221297395,4337.651974523969,5288.0175221297395
52,Secondary school or above,non-indigenous,2016-2017,20216,24272,7137.296341181903,3798.723810700945,7285.259340786177,4041.2975582289605,7303.633400936553,4198.602958141068,7476.512803390055,4205.514076576576
53,Secondary school or above,non-indigenous,2016-2017,23023,27700,5648.136066831719,4033.1186522262337,5730.686125468735,4062.9554753309267,6074.147012407882,4418.290012033694,6166.107732846864,4864.095066185319
54,Secondary school or above,non-indigenous,2016-2017,28897,36068,4468.892837780161,5180.412738900595,4540.287792273707,5268.123729252154,4765.426214947342,5491.775350264315,4791.432374756318,5567.803962884921
55,Secondary school or above,non-indigenous,2016-2017,25332,16893,3962.716149534186,3686.8012441050532,4011.761822990684,3702.665803389964,4272.33711642718,4105.092844176089,4337.740558713616,4105.092844176089
56,Secondary school or above,non-indigenous,2016-2017,18117,19252,6601.931059226141,5692.25586952005,6689.975437434454,5807.976833575732,8844.399017497379,6069.175670060254,8934.656786443671,6069.175670060254
57,Secondary school or above,non-indigenous,2016-2017,13876,18542,6922.861415393485,4902.756907740985,7009.125468434707,5062.335162513933,7045.50482848083,5487.335162513933,7131.830474680503,5487.335162513933
58,Secondary school or above,non-indigenous,2016-2017,17819,18226,5417.561647679443,5055.678389846007,5435.991413659576,5072.2986027287025,5595.906859719026,5335.219704451516,5595.906859719026,5463.698251581989
59,Secondary school or above,non-indigenous,2016-2017,15747,17996,4909.161162972841,4790.979199081277,5088.798236701171,4909.945636067274,5211.71053745687,5446.383826035415,5230.190247877903,5453.510409720679
60,Secondary school or above,non-indigenous,2016-2017,12809,13275,4844.002524266792,5256.76384180791,4891.687745595545,5287.064406779661,5903.788612173732,5732.3010671688635,5992.476253675801,5735.043063402385
61,Secondary school or above,non-indigenous,2016-2017,13092,9937,5180.787631123333,6383.994196773004,5199.213769222936,6406.123612089497,6526.047306242999,7674.558082586965,6536.4098686220605,7706.921975109859
62,Secondary school or above,non-indigenous,2016-2017,11534,13188,4379.344835558639,5140.735744616318,4451.295589850298,5196.225583864119,4690.502861106295,5430.738019411586,4697.118085659789,5430.738019411586
63,Secondary school or above,non-indigenous,2016-2017,7963,9737,4625.723554774164,3340.38067851152,4688.733726819875,3361.4138509465615,5571.056971828038,3776.182260107494,5571.056971828038,3868.202389510801
64,Secondary school or above,non-indigenous,2016-2017,9533,11974,7158.423336480297,3165.488140972106,7264.45081995874,3203.006931685318,8124.162697996434,4079.816407772396,8204.548725479912,4135.381242692501
19,At most primary school,p99,2016-2017,61712,78570,460.45069570477915,433.08481608756523,612.9165694408434,517.6000636375206,618.0992459597269,520.3301132747868,618.0992459597269,520.3301132747868
20,At most primary school,p99,2016-2017,83070,113545,550.6948958709522,615.4021136994144,606.802732635127,683.508608921573,608.390229124032,696.7970628385223,613.8940211066972,696.7970628385223
21,At most primary school,p99,2016-2017,82613,84356,773.3615048479053,731.4042115162723,866.8871243024705,811.9168602905148,869.211213731495,822.6266299966808,869.211213731495,822.6266299966808
22,At most primary school,p99,2016-2017,89695,80740,732.1126019659216,781.8293947650897,836.5867644052995,843.8381141111387,854.3757530148466,866.3486933366362,854.603190441682,866.3486933366362
23,At most primary school,p99,2016-2017,107580,65686,931.8065780504431,1002.7007063910117,1045.0545795377084,1149.881840879335,1171.831319328252,1174.8759961534167,1175.9642126789367,1174.8759961534167
24,At most primary school,p99,2016-2017,69687,84002,937.8210833201794,974.988857408157,1035.2797197947011,1047.433382538511,1047.5660859749069,1118.8626342229948,1049.1770990285133,1139.278814790124
25,At most primary school,p99,2016-2017,85123,57466,1036.5577262706122,1034.0055279063563,1120.085151290877,1118.000759869604,1132.9368482470463,1137.2562036682561,1139.214517032216,1137.2562036682561
26,At most primary school,p99,2016-2017,63300,65830,1137.883991574513,959.2618360423312,1221.295365982096,1044.8484986581598,1231.883438651922,1073.38319661755,1241.2107161664035,1097.3084586561345
27,At most primary school,p99,2016-2017,85272,75886,1131.4338411201802,1106.0953151218055,1291.4109262125903,1207.7840982965677,1318.1077512743534,1230.8153776717709,1410.6234656940926,1230.8153776717709
28,At most primary school,p99,2016-2017,77861,72598,1415.953128010172,1289.0388670027642,1530.264785964732,1387.0448726778516,1544.51267536593,1429.6373339026788,1552.0945627464328,1433.1012493457122
29,At most primary school,p99,2016-2017,74765,77137,1354.1390802291623,1350.317852219644,1554.8962527029134,1482.5332611673605,1578.6581733877258,1548.5809587703266,1578.6581733877258,1560.1452318601969
30,At most primary school,p99,2016-2017,90436,58956,1515.1688634319667,1134.6044168532464,1604.1110435372345,1353.2349548816067,1634.85324428325,1417.692947565416,1634.85324428325,1425.8524224280254
31,At most primary school,p99,2016-2017,45906,67635,1478.2351308470934,1090.797476651635,1596.6748772854676,1176.7238461348907,1620.2251757214017,1259.077201153249,1620.2251757214017,1259.077201153249
32,At most primary school,p99,2016-2017,68508,68888,1468.2428183569803,1672.6190918592497,1586.5222309803235,1805.8323946115434,1702.6795897316129,1848.3064829868772,1738.080564800218,1848.3064829868772
33,At most primary school,p99,2016-2017,68059,69143,1436.1274090617453,1357.7895231621421,1525.539830637143,1447.821630533821,1586.8350303902985,1544.8336756191275,1587.569687085225,1614.9591161313026
34,At most primary school,p99,2016-2017,64542,121240,1710.0698614855444,1440.0603671780489,1810.2323913110843,1508.4956195699988,1905.0589254542263,1585.6793584350598,1905.0589254542263,1626.929495903442
35,At most primary school,p99,2016-2017,107123,55913,1593.6931346831834,1414.8137672216958,1739.4578164041957,1542.7286528475788,1786.0892393167978,1616.4727016376635,1786.0892393167978,1633.1503973434922
36,At most primary school,p99,2016-2017,74443,88320,1409.536681308742,1570.0667421497583,1505.5043881448446,1619.4044912439613,1536.55476673428,1704.1504613903983,1539.9869228805933,1832.8339607865337
37,At most primary school,p99,2016-2017,88602,79986,1525.0018077093819,1527.783624634311,1588.7226605118017,1652.8561373240318,1655.1874289895636,1786.0803682311073,1721.772833382241,1836.088286283433
38,At most primary school,p99,2016-2017,84392,86561,1473.810473741587,1573.05968623283,1555.0448442980378,1680.9162382597244,1594.7951563339338,1794.202926260094,1664.984273785825,1875.2161231193415
39,At most primary school,p99,2016-2017,82980,76786,1588.4622318630995,1426.134030509034,1642.6944685466378,1515.2587407426702,1691.9650498111994,1569.6051352677139,1706.62028802121,1570.66001506351
40,At most primary school,p99,2016-2017,102276,78432,1927.5167650931467,1781.0600775193798,1986.3279231360893,1906.1621404528762,2021.3395941700237,2064.247860142119,2050.4427203514674,2083.4610001869983
41,At most primary school,p99,2016-2017,87038,77553,1541.3167131980667,1684.7454192616663,1598.0884680637575,1795.7780679019509,1652.3944101043987,1956.392318801336,1686.3020136798486,1999.053466661509
42,At most primary school,p99,2016-2017,98893,103684,1692.580287954321,1689.1987834831475,1821.8988949335815,1753.3930661111326,1873.8764363166924,1801.2581336882579,1998.8630379972967,1851.6310938364004
43,At most primary school,p99,2016-2017,107178,75749,1946.727940124528,1537.6095746038452,2082.909665851823,1685.3320527883757,2158.447883427569,1743.734979999736,2213.827563337003,1798.1951048858732
44,At most primary school,p99,2016-2017,76030,97572,1618.1338232715157,1647.1907061793686,1672.1828828532598,1771.2651537667912,1831.8593044412294,1881.5808898386151,1987.9387993774387,1963.3451254799877
45,At most primary school,p99,2016-2017,111989,62893,2077.7388657219312,1507.6131895971464,2196.9631645369936,1649.7381478595921,2248.9278292213226,1753.0779273263054,2279.9918622959995,1784.2817178912333
46,At most primary school,p99,2016-2017,59730,94222,1485.4677772197108,1584.6234274727065,1592.862218873821,1709.095323632839,1747.3927590825379,1793.4916323505481,1795.6671382331601,1798.5570735426265
47,At most primary school,p99,2016-2017,83258,74595,1836.8799194471803,1652.4580043345175,1956.6204248640772,1715.7715240074178,2050.2293473299865,1774.8127801237795,2065.246162530928,1841.106767656456
48,At most primary school,p99,2016-2017,63077,60113,1556.310921572047,1775.0209937950194,1640.1137340076416,1877.422304659558,1816.3428349477624,2005.095575554927,1852.2307180113196,2234.331348183144
49,At most primary school,p99,2016-2017,73260,84632,1611.2923218673218,1871.6961117938054,1663.2980548730548,1976.570391026247,1715.1355969605968,2113.953604034723,1748.218498043498,2145.9808907978068
50,At most primary school,p99,2016-2017,69258,63889,1628.0858240203297,1620.1772462134848,1740.7549741546102,1716.956034424288,1809.520543956414,1767.0292603838948,1847.8980599112497,1836.3943571402483
51,At most primary school,p99,2016-2017,65783,38310,1297.0557958236425,1733.7642391020622,1393.7772892185926,1806.8428086661447,1483.6007491803862,1949.223118419908,1517.334591257113,2047.1725224049421
52,At most primary school,p99,2016-2017,52365,79357,2362.514866800344,1749.286254940753,2413.2345268786407,1862.2169100814463,2584.0093701263568,1974.3148892557263,2595.8983544988705,2043.6601518034536
53,At most primary school,p99,2016-2017,55396,65570,1777.4045734349052,1945.3621727415994,1898.5425617373096,2006.9536017487674,1968.0677380436614,2084.7990214020638,2001.1663973933137,2134.647020995374
54,At most primary school,p99,2016-2017,45689,93829,1760.3211440390467,1782.7312629002404,1869.5627120313425,1886.9684390398133,2231.6457079384536,2051.257997705045,2255.8681684869443,2408.2357622199247
55,At most primary school,p99,2016-2017,78455,50031,1686.4754562063179,1129.483340328996,1788.1609447029082,1283.3319541884032,1815.0977662354217,1431.936096286969,1818.3460826800926,1699.7560479169583
56,At most primary school,p99,2016-2017,53833,72197,2117.324692412956,1593.1652654080733,2181.417869460492,1667.6771980368528,2256.4590461860444,1739.943445249341,2298.482526207593,1824.2095689571588
57,At most primary school,p99,2016-2017,57661,39136,1652.9229447402347,1677.6740000681384,1698.0130402987577,1766.1810012946307,1808.1534876259518,1814.0182270373398,1937.4450943156264,1814.0182270373398
58,At most primary school,p99,2016-2017,45148,50880,1637.8072653642835,1507.6377358490565,1661.3673344703348,1546.6649764150943,1760.3763344998672,1708.0682095125785,1819.0980202149967,1773.105657101677
59,At most primary school,p99,2016-2017,49374,54948,1884.31822079097,1353.4655674455848,1967.0148222411258,1479.1118148067262,2194.6383184132,1530.278357113392,2337.781673215323,1539.7618687971658
60,At most primary school,p99,2016-2017,60728,62949,1648.7915459096298,1370.6814511218076,1752.7243281517585,1429.3729791842075,1821.5463954024503,1568.4647730702632,1853.5085874720062,1632.0036166844059
61,At most primary school,p99,2016-2017,46890,37235,1714.3029110684581,1529.6039926592364,1777.2045958626572,1552.542625665816,1945.9758335110544,1656.740535338615,1954.357720196204,1733.1650463273802
62,At most primary school,p99,2016-2017,49419,46027,1443.8229291028415,1434.6520303300238,1517.6722583082078,1541.5810068003564,1684.550119050028,1686.554029881012,1798.8921062749143,1833.7072225722584
63,At most primary school,p99,2016-2017,42736,58924,1760.885711110071,1293.7498925169145,1858.9327908554847,1356.7365363292831,2015.1003467022338,1504.903825266445,2111.2470770154746,1784.7126637702804
64,At most primary school,p99,2016-2017,36473,71323,1474.3929893345762,1410.754786908384,1533.3779919392427,1502.588697428132,1632.8465028925507,1669.64527221233,1632.8465028925507,1779.106923199155
19,Secondary school or above,p99,2016-2017,14986,17272,224.32733884959296,191.87992125984252,243.98969037768586,199.5223483094025,253.91562124649676,213.2681025165972,253.91562124649676,213.2681025165972
20,Secondary school or above,p99,2016-2017,28353,30716,292.7515606814094,351.0986131006641,413.4470779106268,412.61964448495894,436.0622626647386,412.61964448495894,438.50174584700034,421.68332465164735
21,Secondary school or above,p99,2016-2017,59831,68735,470.8387513719198,724.5882156106787,724.888491473205,790.3648214155817,726.9038179761885,837.1978759001964,734.2043812293516,844.6831454135448
22,Secondary school or above,p99,2016-2017,52005,74464,800.7545428324199,921.0363318740152,896.4760696086914,993.8089199702765,926.3942826010319,996.3696652073486,929.069025414223,996.8676866226185
23,Secondary school or above,p99,2016-2017,85207,108697,904.7676951424179,1393.5514319622437,1013.5425258488152,1522.7770775642382,1084.8991436540816,1548.9692907807944,1122.5329843792176,1559.138844678326
24,Secondary school or above,p99,2016-2017,102581,122495,1364.5360633710595,1830.1026109909249,1445.4333542923803,1943.0219954555969,1470.082493346721,2044.1663482863246,1498.4308229594174,2055.9035538865533
25,Secondary school or above,p99,2016-2017,114748,126001,1812.2489302645797,1865.013578595937,1879.6687981489872,1945.0201658452445,1911.795298538246,1981.5638374563164,1930.4736197290295,2007.912834686497
26,Secondary school or above,p99,2016-2017,111311,134891,1770.7287719392814,1871.9963513750608,1865.6103649534489,1962.0119788075804,1906.9074215486341,2002.75615991183,1907.5776158690517,2013.4939654980687
27,Secondary school or above,p99,2016-2017,128994,125152,2274.5404120863504,2233.7150851231568,2385.9138868216096,2333.2454801627887,2416.3162698781857,2361.4215846863544,2448.8138537451355,2392.3112228863033
28,Secondary school or above,p99,2016-2017,117855,86614,2455.612129311442,2422.4878243317094,2545.753489457384,2540.5387860699966,2594.4426272396872,2685.5167919350993,2615.5702841061757,2709.4313246126494
29,Secondary school or above,p99,2016-2017,137363,95927,2300.0650793881905,2814.24469301309,2366.3947678778127,2941.379701926118,2478.1053910684345,3021.4359469527176,2481.02284336636,3039.8402891434807
30,Secondary school or above,p99,2016-2017,108003,95427,2730.098301281754,2591.194742228789,2800.2797592042193,2705.1946479158587,2836.502518448561,2840.5996782881152,2851.5676092330764,2849.034398021524
31,Secondary school or above,p99,2016-2017,65597,92379,2718.886929534379,2815.537717807438,2818.3212939107984,2957.873162010125,2906.5190519383505,2988.0163493145988,2906.5190519383505,3015.287698863739
32,Secondary school or above,p99,2016-2017,91150,76659,3109.6093326019386,3384.294814264035,3260.169727555312,3457.6902407632065,3357.462468458585,3504.5606669362587,3357.462468458585,3507.096572700748
33,Secondary school or above,p99,2016-2017,77130,76965,3091.538320584295,3626.7181576041057,3159.761709667661,3722.4221789124927,3198.1554280651712,4232.567320643582,3239.8955637668005,4308.266214079993
34,Secondary school or above,p99,2016-2017,77910,108892,3383.685942112694,3432.119975143567,3424.095773969965,3590.868597631904,3472.668424036281,3740.465197167836,3472.668424036281,3764.065645318297
35,Secondary school or above,p99,2016-2017,92169,68641,3300.803480562879,3768.872079612282,3382.8952901734856,3823.695872971936,3483.5669729880256,3937.693745963297,3495.8331181489075,3978.382644240808
36,Secondary school or above,p99,2016-2017,67465,84085,3240.129294201932,3279.5327704108936,3321.9623928456735,3387.388690016055,3395.8922083055413,3468.5001922657625,3411.605837594803,3543.257085092466
37,Secondary school or above,p99,2016-2017,73472,82781,3627.8221987060833,3290.5945547086085,3693.9339827870936,3357.8706204724913,3836.8752733467627,3469.355743870373,3979.1256090755664,3473.0232521150183
38,Secondary school or above,p99,2016-2017,66078,69934,3478.442305558078,2754.166745312247,3512.416548119899,2840.9063855444656,3660.490163140531,3011.4991051086263,3660.490163140531,3064.607702738773
39,Secondary school or above,p99,2016-2017,58548,65232,4089.130580890893,3702.91785217889,4320.253761870602,3757.179104325076,4372.38481246157,3805.3294242089773,4372.38481246157,3809.548212533726
40,Secondary school or above,p99,2016-2017,61993,59679,4020.17120884616,3495.0136424314524,4049.5816261513396,3575.1205477080152,4173.072181536625,3753.579748878723,4179.158890251049,3763.2716002837396
41,Secondary school or above,p99,2016-2017,51824,50023,3969.543457986004,3392.1361107224006,4031.042377405578,3465.2005011028255,4304.577483405372,3671.392569418067,4309.615914762787,3671.392569418067
42,Secondary school or above,p99,2016-2017,52286,62204,3907.2178722156345,3928.8405488393028,3994.894496933532,4021.037995948813,4144.014082801004,4131.982897670032,4162.753554170014,4174.357664566051
43,Secondary school or above,p99,2016-2017,59674,43852,3987.0993062305192,3810.74593899176,4116.190267118008,3853.0441237951895,4170.895973679213,3931.1327324485387,4237.008909519501,3954.4780758764327
44,Secondary school or above,p99,2016-2017,54473,63203,4735.615699520864,4245.441271247672,4786.086758577644,4380.7568417111,5112.9503423714505,4459.341428940609,5576.762995734891,4479.079416061473
45,Secondary school or above,p99,2016-2017,55317,28061,3982.712101764979,4071.3659586852455,4017.1053262710075,4172.3701994464445,4104.691270314732,4231.385677630876,4215.217509987888,4283.676520200041
46,Secondary school or above,p99,2016-2017,33645,50246,4752.748342993015,4010.2221669386618,4841.763352652697,4089.4867452135495,5065.730262049834,4277.938230572251,5172.150235299945,4320.200301184837
47,Secondary school or above,p99,2016-2017,45099,39476,5220.119411369063,4666.799034012227,5274.174268461237,4795.538774614111,5575.355373733342,4987.6033201607725,5594.694309556015,5009.875249096497
48,Secondary school or above,p99,2016-2017,40172,33822,3887.196911613396,5931.787576626653,3941.8538866208637,5978.323559123253,3991.0125045637096,6095.4037017326,4032.257650436457,6186.232156584471
49,Secondary school or above,p99,2016-2017,28227,42078,4424.778256043268,4909.1121845144735,4491.234308758753,4974.292587575455,4541.416758186606,5065.914614921496,4541.416758186606,5066.827205824105
50,Secondary school or above,p99,2016-2017,42399,21422,3981.229537646328,3704.7215090405502,4050.6361274243886,3750.6649316901626,4332.157704191137,3944.433020570753,4332.157704191137,3944.433020570753
51,Secondary school or above,p99,2016-2017,32127,19994,4404.092730932445,3845.6512453736123,4408.436429379234,3875.833800140042,4856.782057666967,3960.054066219866,4869.621725236302,3960.054066219866
52,Secondary school or above,p99,2016-2017,21713,36045,4962.3709068300095,4248.509821057012,5100.132616404919,4418.373879872382,5117.23987933496,4759.663471586443,5278.20013356054,4764.317283950618
53,Secondary school or above,p99,2016-2017,24460,30370,5331.556691196512,3963.0016353857977,5399.077132733715,3990.215333113819,5722.360043608613,4319.661058061684,5808.918165712728,4726.272846010317
54,Secondary school or above,p99,2016-2017,31344,40396,4480.157701633486,4379.321054889923,4545.978911434405,4462.694656236591,4774.5210566615615,4736.847212595307,4798.4969372128635,4804.73017130409
55,Secondary school or above,p99,2016-2017,26487,19788,3663.7671499226035,3456.036802607641,3710.6741231547553,3480.541552961391,3915.3742905324625,3784.18685988141,3977.9257308616807,3784.18685988141
56,Secondary school or above,p99,2016-2017,19211,18639,4528.236513802856,4255.7611102169285,4566.292835701768,4375.287908864924,5354.659917061406,4621.095087361625,5439.777818263842,4621.095087361625
57,Secondary school or above,p99,2016-2017,13522,17015,3263.0530740028594,3953.3324664511706,3351.575481930681,3964.466759721814,3793.337055662377,4382.383303947498,3881.92266923039,4382.383303947498
58,Secondary school or above,p99,2016-2017,16778,20185,4173.3539555767475,4995.501180744777,4197.590574959272,5010.50836429692,4379.622601025152,5255.170241928825,4433.820558668097,5371.179654859218
59,Secondary school or above,p99,2016-2017,14856,16424,3454.069500538503,4081.808836661796,3636.268275444265,4174.85072657899,3766.5523357565967,4667.488025653515,3786.140380990845,4675.2967202467935
60,Secondary school or above,p99,2016-2017,13921,13866,4171.035940904629,4899.6467137843165,4214.912099226588,4928.655800759652,5262.717572971291,5591.551853454493,5344.320906065178,5594.176979662484
61,Secondary school or above,p99,2016-2017,13636,9681,3791.9017062677226,5163.657370106394,3809.592744695414,5164.841132114451,4736.98381734624,6466.817511965018,4746.932971545908,6500.037220672796
62,Secondary school or above,p99,2016-2017,11534,12445,4379.344835558639,4322.979616981385,4451.295589850298,4381.782349002277,4690.502861106295,4457.937431364672,4697.118085659789,4457.937431364672
63,Secondary school or above,p99,2016-2017,11305,9623,4176.3105410585285,2536.522221067581,4255.881527347781,2557.8045654508296,5275.177414123544,2915.472652326024,5275.177414123544,3008.5829090027364
64,Secondary school or above,p99,2016-2017,8971,14020,3902.00364136291,3229.722182596291,4014.6733548842567,3285.5582738944368,4078.003344108795,4061.1443414170235,4163.425259168432,4108.600356633381
19,At most primary school,p90,2016-2017,61712,78570,460.45069570477915,433.08481608756523,612.9165694408434,517.6000636375206,618.0992459597269,520.3301132747868,618.0992459597269,520.3301132747868
20,At most primary school,p90,2016-2017,82222,112516,556.37451047165,608.0986970741939,613.0610177324804,671.1328611041985,614.6648869321268,684.5428427956913,620.225442501196,684.5428427956913
21,At most primary school,p90,2016-2017,82613,83282,773.3615048479053,731.0509313737261,866.8871243024705,805.3397933126805,869.211213731495,816.1876756081746,869.211213731495,816.1876756081746
22,At most primary school,p90,2016-2017,88357,80449,717.4006945308993,781.0402283848567,817.4370244198724,839.7283910717764,835.4953936869745,859.3060634687815,835.7262752243738,859.3060634687815
23,At most primary school,p90,2016-2017,107580,65199,931.8065780504431,985.7204343624902,1045.0545795377084,1131.0131535759751,1171.831319328252,1156.1940011861122,1175.9642126789367,1156.1940011861122
24,At most primary school,p90,2016-2017,69109,84002,928.9374442306116,974.988857408157,1027.2111857114608,1047.433382538511,1039.6003101380911,1118.8626342229948,1041.2247970597173,1139.278814790124
25,At most primary school,p90,2016-2017,85123,55868,1036.5577262706122,927.080827426553,1120.085151290877,1013.4785864299181,1132.9368482470463,1033.2847963055774,1139.214517032216,1033.2847963055774
26,At most primary school,p90,2016-2017,62857,64252,1145.9035058413012,957.0867832907925,1229.902742203202,1032.514318620432,1240.5654368911446,1061.7498158293386,1249.9584506631456,1086.2626714602918
27,At most primary school,p90,2016-2017,85023,75473,1127.7186937652164,1100.6074898749662,1288.1642908389495,1202.8527298945758,1314.9393007382314,1226.0100400143097,1407.7259584661404,1226.0100400143097
28,At most primary school,p90,2016-2017,73946,72009,1396.514706677846,1295.4928365435803,1499.942478294972,1392.6645789646666,1514.9447085260417,1433.9013572377528,1522.9280116571554,1437.3936058918562
29,At most primary school,p90,2016-2017,69878,76246,1168.7535657383821,1285.8309703678444,1372.8608670349277,1419.5914299329363,1396.9897774216015,1486.4109516127621,1396.9897774216015,1498.1103631665924
30,At most primary school,p90,2016-2017,89110,58956,1481.1694684472375,1134.6044168532464,1571.4351513111135,1353.2349548816067,1602.6348109078667,1417.692947565416,1602.6348109078667,1425.8524224280254
31,At most primary school,p90,2016-2017,45211,65655,1455.1480889606512,1054.4476937526972,1575.4085344274624,1134.3622470997386,1597.7592897746124,1214.1774807706954,1597.7592897746124,1214.1774807706954
32,At most primary school,p90,2016-2017,64107,67827,1359.4624975951663,1609.4613354563817,1485.8618923570486,1742.7607295030002,1609.9935524461705,1781.6089020596517,1647.824834521451,1781.6089020596517
33,At most primary school,p90,2016-2017,66550,67017,1378.596473829201,1299.8996423792967,1463.301507638367,1373.811187211205,1525.414054595542,1464.5132304738597,1526.1653693964436,1503.962176263734
34,At most primary school,p90,2016-2017,63548,119407,1699.1032447913387,1428.7974651123188,1800.832488827343,1498.283257402553,1897.1422730324582,1576.6518329467003,1897.1422730324582,1618.5351954519695
35,At most primary school,p90,2016-2017,105900,54601,1578.4483128737804,1415.3336416304953,1716.0040258105132,1537.7417477091385,1763.1739778092542,1613.257782214001,1763.1739778092542,1630.3362240007816
36,At most primary school,p90,2016-2017,72470,85306,1259.0884388942552,1442.4532232980878,1357.6688721769929,1493.5341554716747,1387.9121912515525,1581.2743388507258,1391.4377880502277,1714.504435991216
37,At most primary school,p90,2016-2017,86984,78702,1466.4656354425335,1437.2014561256385,1529.9513914436372,1564.3144901019034,1597.6524791915756,1662.1020092670242,1665.4764468178057,1712.9257918053756
38,At most primary school,p90,2016-2017,80282,84837,1418.6013697549472,1469.163108863664,1503.99449648323,1579.2114486210812,1545.7798074288135,1694.8002718939456,1577.5602812585637,1777.4597640180582
39,At most primary school,p90,2016-2017,80396,75012,1489.5271655306235,1332.1083604401074,1545.0173764863925,1423.3408299116586,1595.8715587010963,1478.2303886933646,1610.9978294940047,1479.3102159210082
40,At most primary school,p90,2016-2017,97114,77355,1613.710429666852,1724.544338870575,1675.6476374844683,1849.604192790813,1712.5203197616547,1995.541484066964,1743.1703942445647,2015.0221252666279
41,At most primary school,p90,2016-2017,85815,75311,1421.4930266658898,1341.2741144498589,1470.736165977199,1448.6092314978332,1525.8160539144283,1541.8508163924703,1560.2068946765328,1585.7819818264704
42,At most primary school,p90,2016-2017,95745,101927,1625.735189827145,1459.9682779505592,1758.5588881925948,1525.269130521517,1812.245399237558,1568.9164630895966,1941.3414355841035,1620.1577436138934
43,At most primary school,p90,2016-2017,103170,71322,1535.1639090820975,1372.8768075301684,1675.4904090336338,1529.7685099501791,1746.3252940131174,1591.591486497855,1803.8563915543923,1649.4319845209052
44,At most primary school,p90,2016-2017,74914,94724,1557.5081371083286,1505.8988033655673,1612.3623699620007,1633.2075318820996,1774.4175042938123,1746.840053735062,1932.82212826263,1831.062637240826
45,At most primary school,p90,2016-2017,104274,62757,1760.2264051121724,1504.8774851145422,1885.0188749512502,1647.3104408007605,1928.5426280760305,1750.8741667596175,1961.9050194679403,1782.1455787136626
46,At most primary school,p90,2016-2017,55413,89865,1392.6221343968623,1520.9645199280403,1503.7262074483124,1649.3035952076264,1643.1629671737678,1737.7917607893323,1695.1982055955582,1743.1027940058236
47,At most primary school,p90,2016-2017,80474,73860,1719.5357299666146,1652.9800275295604,1843.4186610996512,1716.9235964437223,1940.265986529811,1776.5523873995849,1955.8023088202401,1843.5060835815507
48,At most primary school,p90,2016-2017,62025,58076,1418.7276528281607,1649.6269887733315,1503.9518366250168,1755.619997933742,1683.1699422275965,1880.5439481598823,1719.6665161897085,2117.8201035424845
49,At most primary school,p90,2016-2017,72391,80365,1596.4688359050158,1784.842796408055,1648.1774737191088,1892.8116883386217,1700.6372868634683,2037.4892977871793,1734.117323516275,2071.217081440926
50,At most primary school,p90,2016-2017,65138,61236,1432.4674997697198,1511.5798563481176,1548.5938776136818,1612.5515070111262,1618.1951216391867,1654.146783210312,1659.0000281453736,1726.517066485945
51,At most primary school,p90,2016-2017,65195,35845,1253.2037950251809,1143.4639791695727,1350.7976289081473,1213.0047798391222,1414.6193432522944,1364.583512344818,1448.6574341079327,1468.379485748826
52,At most primary school,p90,2016-2017,48389,77285,1919.7350155338336,1658.1221366802527,1970.3598476237714,1774.0015181902481,2124.6226897297597,1888.9075068469517,2137.4885614499162,1960.111906148239
53,At most primary school,p90,2016-2017,50607,62890,1715.9860049005079,1552.140737796152,1848.5874236765665,1599.0027190332328,1920.9044944375285,1679.1561748025654,1957.135318895278,1731.1284014416706
54,At most primary school,p90,2016-2017,42027,88310,1592.5968980258724,1699.8487562752423,1711.3571711836044,1797.6810515985353,2099.4880552977847,1972.2380100403877,2125.8211268946156,2351.525368965387
55,At most primary school,p90,2016-2017,74160,46876,1508.314121494067,896.256527860739,1600.8344154530746,1020.9160551241573,1628.9213670891766,1123.1676799783827,1630.886127966559,1409.0133152714964
56,At most primary school,p90,2016-2017,51976,66437,2082.030299240675,1384.176026410986,2148.413399132933,1462.935422530618,2226.1356491457595,1541.467057763997,2269.6605452516546,1600.7075612986741
57,At most primary school,p90,2016-2017,50589,36694,1502.1893148708218,1604.7295924856016,1551.0726689596554,1694.9707763303718,1676.610005798362,1745.991588088879,1823.9757045339238,1745.991588088879
58,At most primary school,p90,2016-2017,41923,49303,1559.828314210974,1345.9342839178144,1583.952064896755,1379.6788025069468,1678.8417038379887,1533.18257509685,1742.0806577932558,1600.3003028889384
59,At most primary school,p90,2016-2017,46551,50767,1692.0410768118122,1232.5112967084917,1778.8366773359685,1368.5053479622588,2020.2639828718325,1418.4885883874695,2154.326838664404,1428.7531303143119
60,At most primary school,p90,2016-2017,53779,59824,1408.0282638204503,1257.5053935990015,1521.0967478011862,1311.179052999911,1584.1080812212945,1446.7716133993047,1620.2002361516577,1490.4080580814834
61,At most primary school,p90,2016-2017,43745,34858,1462.6274278965213,1397.8963604720104,1529.4437497618774,1417.097691586819,1707.955198689374,1528.400955304378,1716.9396921552939,1610.036926004552
62,At most primary school,p90,2016-2017,46162,42284,1399.895700648441,1407.3994655188724,1449.3458977802811,1512.0068820357583,1624.515626128273,1668.3206965597703,1741.2350057045478,1798.381712546905
63,At most primary school,p90,2016-2017,37643,54707,1415.1643089906047,1124.4405042620992,1518.9907840324452,1192.2823709336403,1687.5761783952748,1315.7986059066177,1796.731311266371,1617.1760530340418
64,At most primary school,p90,2016-2017,34552,68274,1361.7352058732731,1251.5382869027742,1423.9996189318515,1319.3542929958696,1528.9983165470403,1483.5145309097657,1528.9983165470403,1597.8645519036043
19,Secondary school or above,p90,2016-2017,14620,16708,129.5581395348837,171.3520469236294,149.7127222982216,179.25245391429254,159.88714090287277,193.4622137099992,159.88714090287277,193.4622137099992
20,Secondary school or above,p90,2016-2017,28223,28653,293.4090989618396,356.9659372491537,414.6605605357332,422.91644853942,437.37991472675947,422.91644853942,439.83063458881054,432.63270861689875
21,Secondary school or above,p90,2016-2017,58533,61858,481.2798478351243,700.3654229579575,740.9632742783273,751.8293403170703,743.0232917043946,800.5420371388234,750.4857487798905,800.5420371388234
22,Secondary school or above,p90,2016-2017,50602,69940,762.2124948947999,859.9930809741684,860.5880136489993,929.0942820036222,891.3357443052316,931.820666523687,891.3357443052316,932.3509019635878
23,Secondary school or above,p90,2016-2017,73479,97523,710.0598084713546,1229.4930597568436,791.2071703026261,1354.3481195888833,872.728194450115,1383.5413868181522,916.3687811029909,1394.8761488742825
24,Secondary school or above,p90,2016-2017,89116,99465,1157.9971600685249,1656.1845975971448,1240.0222172973054,1753.856743578143,1265.0147364109698,1831.4782938722165,1297.6463626060415,1845.9331171768965
25,Secondary school or above,p90,2016-2017,99434,112014,1605.113327265657,1732.0313539676588,1682.0151415344183,1820.4436060075823,1715.6626028320293,1856.8211049511667,1737.2176041394293,1886.4602571999928
26,Secondary school or above,p90,2016-2017,99804,118698,1597.3643942126569,1645.9074780816302,1696.907949581179,1735.0311195920178,1742.9663907926204,1781.3336970013536,1743.171793381695,1793.5363738226424
27,Secondary school or above,p90,2016-2017,108992,105427,2096.6501295202092,1937.1676578738525,2204.8462356564396,2048.1379785696895,2231.9373677272947,2074.1872433057943,2266.5208845603347,2110.85621804661
28,Secondary school or above,p90,2016-2017,93654,69187,2227.2901976067938,2102.3473605349755,2326.5134021682647,2211.717545685365,2379.87177447484,2248.751598325312,2406.4589997935664,2266.8494105347345
29,Secondary school or above,p90,2016-2017,113942,73804,2088.36513167518,2310.3304563438296,2154.664169782287,2386.4275513522302,2275.7547802098143,2469.2868645330877,2277.251155558676,2482.1787583780465
30,Secondary school or above,p90,2016-2017,84507,76381,2209.7557815723353,2152.456937370987,2281.9214956551923,2272.824502603178,2320.803876207494,2436.6649319420626,2340.057606667692,2447.202892953309
31,Secondary school or above,p90,2016-2017,50412,71200,2379.2448110899522,2333.3161704119852,2480.2048206114946,2479.886900749064,2533.9454974344735,2518.996416198502,2533.9454974344735,2554.3798431647942
32,Secondary school or above,p90,2016-2017,74870,55764,2765.497793953965,2473.2203452645676,2938.6395062552874,2535.7585419506017,3050.026354570144,2600.1915094565193,3050.026354570144,2603.6776295339887
33,Secondary school or above,p90,2016-2017,57646,56990,2573.7007684835025,3253.322275837866,2626.1000676543035,3341.5524916652043,2671.6553967317764,4008.60343627537,2724.8363054967676,4009.132745510908
34,Secondary school or above,p90,2016-2017,62941,77173,3035.9728542073794,2641.137466039504,3067.3538300418913,2763.615923531114,3113.4969667360438,2844.6392952630235,3113.4969667360438,2857.868015152104
35,Secondary school or above,p90,2016-2017,67028,47175,2559.0890374171986,2767.5444462109167,2655.47144476935,2819.7649019607843,2761.52127966422,2906.0276823882705,2774.6959976925064,2929.025597950892
36,Secondary school or above,p90,2016-2017,54198,68435,2837.8559141173723,2558.361413506734,2905.248806844041,2677.2854289958846,2980.774502749179,2753.609834149193,3000.3346341193405,2827.8179635176934
37,Secondary school or above,p90,2016-2017,52734,64330,2960.035524203234,2753.932879941966,3044.9610940443235,2834.6383050935283,3082.832280881405,2913.0053189284417,3267.711422738019,2917.724734442199
38,Secondary school or above,p90,2016-2017,56382,60338,3192.6701133931633,2450.1709784878517,3212.624886192993,2532.3008137492125,3381.5796649048752,2725.640520898936,3381.5796649048752,2787.1953730098226
39,Secondary school or above,p90,2016-2017,45496,46386,3008.1939657698845,2930.9280278532315,3072.5229177656643,2990.5994804466864,3112.9312778412755,3037.625343135141,3112.9312778412755,3043.5581676942757
40,Secondary school or above,p90,2016-2017,42648,49248,2921.0899631870193,3056.150280214425,2941.576035218533,3153.224273066927,3112.1104096323393,3358.618739170457,3117.362707512662,3370.3633785466754
41,Secondary school or above,p90,2016-2017,38677,40029,3036.9741405314094,2924.5352078076726,3106.8430548732663,2986.1830131488005,3356.3113004283337,3200.5529074754136,3362.0792417543585,3200.5529074754136
42,Secondary school or above,p90,2016-2017,39567,49990,3017.5288961339834,3179.771237580849,3115.6677492186245,3246.12550843502,3234.3238683751606,3337.817180102687,3256.5725099198826,3339.3670900846832
43,Secondary school or above,p90,2016-2017,46206,35614,2738.4396110173284,3472.0957839613634,2879.1805104676164,3524.17811113607,2932.965192110693,3612.95055081335,3018.348547807644,3633.6092805263847
44,Secondary school or above,p90,2016-2017,37109,47592,3257.9661896934253,3525.2355367848936,3324.4263476066,3599.686074690424,3682.727209032849,3655.5513461646215,4050.8301849506406,3681.763734801367
45,Secondary school or above,p90,2016-2017,42002,22444,3095.545767661857,3644.451753995129,3140.841944034411,3731.6821942018655,3256.1933955525924,3758.7956023881666,3401.7574163135087,3824.1731346165275
46,Secondary school or above,p90,2016-2017,24804,41670,3313.366930065043,3254.9153027757775,3397.9004730419824,3350.4931285497155,3451.648524431543,3569.162035037197,3529.3577648766327,3585.960691144708
47,Secondary school or above,p90,2016-2017,33264,26125,4866.384630030464,3673.3817288676237,4935.287948933783,3833.3078532695376,5114.495701058202,3968.5208676236043,5128.790434102934,3999.7553173843703
48,Secondary school or above,p90,2016-2017,34035,19124,3183.4693991479357,3519.630412047689,3225.7699720875567,3599.071951474587,3283.7925958572055,3767.170501289828,3332.474834728955,3849.266297148435
49,Secondary school or above,p90,2016-2017,20966,26097,2927.7146729625742,3524.2263478560753,2947.2358024102514,3580.035866191516,3014.7975690800977,3642.0525730926925,3014.7975690800977,3643.5240065907956
50,Secondary school or above,p90,2016-2017,30024,14385,2979.322025712763,3215.4462287104625,3065.072425393019,3261.1883211678833,3280.963046229683,3434.681543274244,3280.963046229683,3434.681543274244
51,Secondary school or above,p90,2016-2017,19246,13008,3822.8411617998545,2599.3607267322677,3830.092019120856,2645.7529469044694,4452.623107831931,2737.1274856498567,4452.623107831931,2737.1274856498567
52,Secondary school or above,p90,2016-2017,14512,28690,4023.240272418229,3661.8019577088417,4155.780239342153,3682.8476182177296,4177.948100422639,4087.8406471476706,4410.647245957369,4093.687515975369
53,Secondary school or above,p90,2016-2017,11241,20160,3683.8917059573582,3352.0162533068788,3786.71173976218,3357.5757771164026,4403.872134744833,3771.5770998677253,4518.560478012039,3970.4263062169316
54,Secondary school or above,p90,2016-2017,21057,21035,3685.328734704216,3366.275572458601,3741.937938294471,3434.7024799936617,3963.563763435754,3727.294192219317,3963.563763435754,3796.8924807859917
55,Secondary school or above,p90,2016-2017,20270,13151,3004.4916790001644,2491.952563810103,3061.463805295182,2521.40279573163,3235.873935208025,2558.2086153144246,3235.873935208025,2558.2086153144246
56,Secondary school or above,p90,2016-2017,10683,10466,2970.1663078411184,2421.0465316262184,3038.6021404724015,2578.17437416396,3329.5659770975694,2734.8149245174855,3482.6315953695903,2734.8149245174855
57,Secondary school or above,p90,2016-2017,8795,8075,2621.6045480386583,2517.6389576883385,2757.7046048891416,2520.8897316821467,3402.957589539511,2616.0641382868935,3402.957589539511,2616.0641382868935
58,Secondary school or above,p90,2016-2017,10687,7371,3790.235738124201,2590.420024420024,3828.2858925173887,2631.5162121828785,4114.066123951218,2836.3730837064168,4199.153925329841,2841.3113553113553
59,Secondary school or above,p90,2016-2017,12224,8476,2683.432714332461,3017.3641261601388,2904.2949525523563,3068.827080383829,3051.300842604712,3188.7775287085105,3075.1064708769636,3188.7775287085105
60,Secondary school or above,p90,2016-2017,6177,8396,3138.5879876962927,3458.378354772113,3194.731746802655,3499.3502461489593,3457.399708596406,4360.845799587105,3641.3077545734177,4365.181197395585
61,Secondary school or above,p90,2016-2017,9029,5209,3139.134271052534,3717.53062008063,3139.134271052534,3719.7306584757152,4503.1710414590025,6139.4721315671595,4503.1710414590025,6201.211428937097
62,Secondary school or above,p90,2016-2017,6140,5885,3117.1061889250814,2322.0479467572923,3241.633876221498,2446.397989238176,3401.9080347448426,2446.397989238176,3414.3347448425625,2446.397989238176
63,Secondary school or above,p90,2016-2017,6748,6875,1875.254890337878,2283.8671515151514,1971.105512744517,2313.6562424242425,2783.1535269709543,2735.1602424242424,2783.1535269709543,2865.487515151515
64,Secondary school or above,p90,2016-2017,5345,9827,2418.3442469597753,2144.7165971303552,2607.448082319925,2184.464231199756,2620.3199251637043,2602.9032258064517,2763.691300280636,2670.607849123164
19,At most primary school,p50,2016-2017,48394,59434,355.194032318056,352.3288689975435,529.1171219572675,406.7568058686947,535.1082227824386,410.36585119628495,535.1082227824386,410.36585119628495
20,At most primary school,p50,2016-2017,59020,78538,463.69290071162317,412.8019939392396,507.6640630294815,491.9442180855127,509.8984468541737,507.9057589956454,517.6449734553258,507.9057589956454
21,At most primary school,p50,2016-2017,55970,56209,568.136394497052,649.1000017790745,650.9452563873504,695.2727677062393,654.3756655351082,704.6348508839036,654.3756655351082,704.6348508839036
22,At most primary school,p50,2016-2017,66203,54403,572.7051619010216,598.8186190712522,644.761564178864,674.4737116212954,663.1003605073284,681.8278556942325,663.408503642836,681.8278556942325
23,At most primary school,p50,2016-2017,57583,41789,644.6308285431464,664.401229988753,779.5284545786083,781.255665366484,991.0024717943375,819.9019857697799,998.7237900074675,819.9019857697799
24,At most primary school,p50,2016-2017,49266,58052,775.0712458896602,658.1969441190656,859.5778021353469,721.937469854613,871.2734949052084,803.2611107283125,871.8946129176308,803.2611107283125
25,At most primary school,p50,2016-2017,57078,41563,752.4385168833292,712.7402497413565,806.4913042970437,777.4610350552174,825.657620566009,782.9154055289561,834.3362825139866,782.9154055289561
26,At most primary school,p50,2016-2017,42587,45260,915.8009486463005,791.813278833407,1018.722967102637,886.3057666813964,1031.2812595392961,914.8340293121225,1039.2062131636415,939.1159559581677
27,At most primary school,p50,2016-2017,53735,48791,911.9461803293942,893.1302699268308,1045.124741788406,993.1753602098748,1073.7186129462486,997.3595676798317,1073.7186129462486,997.3595676798317
28,At most primary school,p50,2016-2017,48002,48722,936.9675846839715,854.0759205287139,1032.0240406649723,934.2294446040803,1044.8471782425731,991.7184468344211,1044.8471782425731,995.3205157150089
29,At most primary school,p50,2016-2017,44023,40529,912.4743959596877,635.6565833518387,1058.366770400321,765.1843289167427,1091.7668491470367,818.5667937361725,1091.7668491470367,818.5667937361725
30,At most primary school,p50,2016-2017,40708,38734,870.8036094461368,790.1901688439098,994.0581294422063,1071.1593948469044,1055.1723248501523,1146.3100484501128,1055.1723248501523,1151.905907385415
31,At most primary school,p50,2016-2017,27837,42329,1167.3699452766703,643.9999763755345,1257.7525296068782,689.341468024286,1294.053136712529,731.9355524581257,1294.053136712529,731.9355524581257
32,At most primary school,p50,2016-2017,34992,42242,838.8726089772902,915.7626769565835,897.0320739978663,1051.7647601912788,988.9459400243867,1081.108896359074,1050.28138812681,1081.108896359074
33,At most primary school,p50,2016-2017,41813,40842,994.6982118798779,789.349648237925,1122.753123031912,853.2155216035779,1167.2730091917188,897.7606589621794,1167.2730091917188,960.0433581443938
34,At most primary school,p50,2016-2017,37329,91614,1008.4960397188959,1104.0780193711296,1102.771000205381,1185.4828264966782,1119.865082554225,1278.0575403322637,1119.865082554225,1330.0310378326458
35,At most primary school,p50,2016-2017,57708,35644,924.5868106097363,1011.9474946695096,1064.1236165985074,1160.3007939625184,1134.8049995956655,1243.1726471028317,1134.8049995956655,1263.3162897916434
36,At most primary school,p50,2016-2017,55221,56483,957.0279332138136,835.7724271019599,1046.40416689303,883.9502859267391,1079.2654575855804,986.2119826614498,1083.8923205543786,1184.991556456515
37,At most primary school,p50,2016-2017,58789,50631,1196.9607721399127,958.4831098207292,1241.06094394076,1038.424055091413,1336.9021968395448,1123.0627152008324,1372.489920166471,1202.0643808470438
38,At most primary school,p50,2016-2017,53716,52292,1201.8495172139897,1034.6095259950534,1267.9387829821035,1142.3114880542594,1330.3896045870877,1302.2587521354446,1376.9604587087647,1401.3561284071495
39,At most primary school,p50,2016-2017,57005,49541,980.5468760050287,882.8979162040868,1015.7670496740051,970.8650545339549,1082.7818934011636,1040.0500174939275,1101.456571061018,1041.2813208588173
40,At most primary school,p50,2016-2017,51239,49542,1139.3184358268766,1081.3962765599558,1198.4995283540532,1188.052447081937,1225.8880410104282,1369.458375385195,1259.8459246537468,1399.8754962119683
41,At most primary school,p50,2016-2017,63642,50638,1077.5235025612017,882.3397316902985,1124.41392083844,928.3748239135301,1188.773105810628,1046.0599187698303,1235.1457842305394,1111.396227470806
42,At most primary school,p50,2016-2017,53114,61682,1133.4527933627041,1073.183635420382,1296.6614577449764,1136.1459258778898,1330.6764537912163,1175.6889314008408,1545.879601737144,1221.1438453141382
43,At most primary school,p50,2016-2017,67643,43330,1123.3145114793845,888.4244326486652,1254.628616412637,1115.0074005692745,1350.8876786955043,1176.3375028848372,1394.0530222393054,1266.759843064851
44,At most primary school,p50,2016-2017,43742,60766,887.5098132229894,1000.9814534443603,967.8730796488501,1070.0210808675904,1171.7468927651532,1173.496604460828,1325.1293169798669,1213.418600313772
45,At most primary school,p50,2016-2017,62284,41775,1219.0694774473914,1097.250053859964,1319.404073812429,1275.327013764213,1337.124582557318,1389.7809036505087,1392.9788950613317,1436.7587612208258
46,At most primary school,p50,2016-2017,33975,57758,1078.60445425558,1110.0764814686565,1124.338670591121,1273.579632547295,1256.2361196958548,1379.1543408128166,1281.6478047584008,1387.417715583411
47,At most primary school,p50,2016-2017,47042,39664,1260.5043046639173,958.0739125319349,1365.3736767144253,982.0616596073685,1423.9969991355242,1064.9774018421406,1437.4386045094454,1189.6546910716686
48,At most primary school,p50,2016-2017,35027,37300,1031.1585824268896,1138.80527256479,1091.4809052064595,1283.669347631814,1155.4335227110512,1464.6796246648792,1217.813972078682,1834.1179624664878
49,At most primary school,p50,2016-2017,42274,33330,1197.133616407248,1029.7409240924092,1275.7438733027393,1241.136513651365,1314.3726206809545,1317.4917916791678,1358.04375029569,1343.8944319431941
50,At most primary school,p50,2016-2017,42001,34490,1102.4225058133536,820.1744756934378,1214.0544907660928,884.072417125737,1301.0766846821107,914.2444959891757,1341.4507233954746,928.1325794916402
51,At most primary school,p50,2016-2017,33284,18707,900.8916721748187,839.91564654942,1017.0652090093338,879.664938258406,1085.385322777711,1126.211133087436,1142.8237316228017,1231.252026870512
52,At most primary school,p50,2016-2017,22978,33457,1155.6626483302869,965.3274252523139,1197.432384599762,1023.2561098325214,1437.2674442220093,1065.617075649341,1439.65668610555,1144.1058821771228
53,At most primary school,p50,2016-2017,28457,39671,1166.296333063921,1021.2311260114441,1281.9557490248446,1045.8236495172796,1341.7037899286645,1100.810940821591,1361.77383713439,1104.420630519355
54,At most primary school,p50,2016-2017,20717,45801,873.5731122588535,915.0229907643937,970.9120126787984,955.6747232593175,1085.2026918311853,1038.1831109946652,1101.54193013789,1457.14776242149
55,At most primary school,p50,2016-2017,39640,27841,965.0162714429869,877.0791638231385,1044.534182643794,1064.8576200567509,1062.8753784056507,1187.4626689654347,1066.551126807938,1668.7420770326737
56,At most primary school,p50,2016-2017,22821,34458,882.2152403488016,656.427912240989,958.777529468472,752.1159962853328,1025.0472664066722,863.0972270590283,1025.0472664066722,898.605188441968
57,At most primary school,p50,2016-2017,23450,16354,885.8378251599147,711.0081325669561,909.7034968017058,817.2280176103706,1069.7706609808101,875.188353511883,1177.5034257285004,875.188353511883
58,At most primary school,p50,2016-2017,21032,23987,879.9880539178395,772.9734439488057,885.4055130277671,795.7401926043274,959.9550090338531,963.0619293784133,1006.9785921453024,993.1824113061242
59,At most primary school,p50,2016-2017,26088,29146,1035.4206467852398,811.639733296736,1122.4700181437188,912.9376815572177,1527.1055785546357,982.8875031450857,1754.2122942860065,991.1047542258515
60,At most primary school,p50,2016-2017,30017,30135,744.9907052670154,801.4555832088934,811.7598694073359,829.454587688734,854.9875903654596,1052.0282838338587,867.1806809474632,1105.9507881201262
61,At most primary school,p50,2016-2017,22523,17365,776.1350397371576,1084.021998272387,841.0766549749146,1119.6868413475381,983.448156699078,1190.3689701506862,997.4338602021638,1354.2426624436127
62,At most primary school,p50,2016-2017,35638,18968,1097.473548833642,717.0438106284269,1150.6401126138767,757.5182939687895,1338.2615186037376,842.9344334317448,1352.6141758796791,1108.8647722479966
63,At most primary school,p50,2016-2017,22515,31020,891.3882781849137,690.9814313346228,948.3565215782071,734.1485815602837,1126.4982049004366,831.7616806361486,1308.9955029980013,1276.9776703202235
64,At most primary school,p50,2016-2017,15107,37161,777.1349043489773,628.2396867683863,824.9974846097836,663.9416323565029,1036.1363606275238,707.402996420979,1036.1363606275238,868.4410022155845
19,Secondary school or above,p50,2016-2017,7834,9403,111.85090630584631,170.46155482292886,135.94587694664284,184.49962777836862,154.933622670411,184.49962777836862,154.933622670411,184.49962777836862
20,Secondary school or above,p50,2016-2017,14644,14268,230.53059273422562,376.17781048500143,233.56255121551487,446.0264227642277,254.67756988072475,446.0264227642277,254.67756988072475,465.5386178861789
21,Secondary school or above,p50,2016-2017,36071,28966,341.01327936569544,375.0655941448595,392.7847855618087,421.3051508665332,395.93597811723174,502.40782296485537,408.04542892258786,502.40782296485537
22,Secondary school or above,p50,2016-2017,21714,35808,390.5669153541494,486.1470900357462,498.4107027724049,543.1008433869526,515.5593933253508,547.836749702115,515.5593933253508,548.8724028150134
23,Secondary school or above,p50,2016-2017,40949,33926,503.60362890424676,562.2962035017391,597.1452294317322,656.1610858928256,714.3971769762387,677.6428402994753,787.6020578443104,710.2255202499558
24,Secondary school or above,p50,2016-2017,37227,28162,458.82878018642384,962.9963425893047,546.6948451392807,1056.4087422768268,588.620508412353,1246.330741187889,617.3093632757586,1275.7320621168003
25,Secondary school or above,p50,2016-2017,24910,32419,876.8249431285963,787.9149675601756,950.4883313261073,938.0667304152914,967.0037869664123,979.2226369310177,1024.2699451358224,979.2226369310177
26,Secondary school or above,p50,2016-2017,30468,40925,937.1853201172814,885.1100794135614,1045.0539035490788,958.7350030543678,1139.1619294560412,987.3348808796579,1139.834766531005,1022.7272653227449
27,Secondary school or above,p50,2016-2017,25790,30167,795.6487010469174,669.2955878940564,970.3718495540907,703.4176417940133,976.9538580845289,748.4194926022917,976.9538580845289,862.4292825493641
28,Secondary school or above,p50,2016-2017,16679,15343,1498.4159921657972,1275.1546416389667,1548.9825728960568,1310.3938386669274,1554.4505266103083,1333.2783245345327,1554.4505266103083,1337.4039844445892
29,Secondary school or above,p50,2016-2017,17960,18874,740.7013734224201,1246.4545582988944,783.0315515961395,1279.0056868355057,1082.2119524870081,1385.6208717459645,1082.2119524870081,1414.969888029388
30,Secondary school or above,p50,2016-2017,18487,23249,1404.6885198608031,879.5820035270334,1442.6286940372515,920.4201040904985,1504.9427525648655,1056.215192051271,1504.9427525648655,1090.8360359585358
31,Secondary school or above,p50,2016-2017,10062,18569,1326.6741204531902,1072.4000215412784,1560.7379248658317,1236.913996445689,1652.34496124031,1253.5869459852443,1652.34496124031,1253.5869459852443
32,Secondary school or above,p50,2016-2017,14141,18432,1357.1862433114113,1081.4608289930557,1385.8617259505459,1165.087131076389,1733.5917309006907,1207.4656032986113,1733.5917309006907,1218.0124782986113
33,Secondary school or above,p50,2016-2017,11375,7171,1111.8892014652015,1178.0779993492308,1232.0913992673993,1329.4627434574445,1355.9043663003663,1411.3945986147912,1460.7248791208792,1411.3945986147912
34,Secondary school or above,p50,2016-2017,12705,16682,1043.2762691853602,1296.3974743236224,1106.8732782369148,1383.1029053270993,1147.0149547422275,1432.3166287015947,1147.0149547422275,1457.49346601127
35,Secondary school or above,p50,2016-2017,21168,8244,1242.85227702192,1374.630114830988,1339.680508314437,1402.9658741711141,1543.0086451247166,1402.9658741711141,1569.1034580498867,1402.9658741711141
36,Secondary school or above,p50,2016-2017,10295,18307,1469.3619880200745,1426.014493545274,1503.221142949652,1634.9135485515558,1622.0652420268739,1744.410826459824,1622.0652420268739,1751.1532382877224
37,Secondary school or above,p50,2016-2017,9615,21012,933.7909516380655,1457.4210609810266,1014.0769630785231,1542.247826638746,1177.342607037615,1675.8433117583602,1578.3566475992372,1690.292198109017
38,Secondary school or above,p50,2016-2017,7978,18198,2026.0533550597477,1398.5562058101623,2029.1744380379378,1549.2057277356487,2644.428887774714,1626.6275827013958,2644.428887774714,1682.5906922006081
39,Secondary school or above,p50,2016-2017,10478,7390,1454.7189030985558,1595.4140279657195,1533.9324934783992,1752.76450157871,1611.9220907297831,1778.339603067208,1611.9220907297831,1778.339603067208
40,Secondary school or above,p50,2016-2017,12825,8377,1523.462644574399,1725.486252039314,1549.3784340480834,1813.7159285344792,1770.6311955815465,1976.0751661294814,1770.6311955815465,2045.1213640523656
41,Secondary school or above,p50,2016-2017,9659,11697,1567.7707492148945,1858.2823800974609,1669.5307657797564,1948.2627169359664,1992.4834523932773,2120.65271722094,1992.4834523932773,2120.65271722094
42,Secondary school or above,p50,2016-2017,10746,6545,1438.0099882126683,1759.1732620320856,1579.3835225510268,1868.1266615737204,1608.4757429120914,1938.837127578304,1608.4757429120914,1938.837127578304
43,Secondary school or above,p50,2016-2017,11197,5793,1567.325593164836,1470.8254790264111,1651.0765978982467,1497.3920248575866,1695.062338126284,1542.921111686518,1845.9063141913014,1542.921111686518
44,Secondary school or above,p50,2016-2017,7073,7953,1608.8208680899195,1303.6667924053816,1669.7992365332957,1392.0296743367282,1779.017390074933,1453.4601617838132,3150.429803478015,1453.4601617838132
45,Secondary school or above,p50,2016-2017,9229,5592,1518.9319897424784,839.7482117310443,1606.6392169610288,1189.8555078683835,1734.46996785495,1189.8555078683835,1734.46996785495,1229.9127324749643
46,Secondary school or above,p50,2016-2017,7143,6223,1225.1994960100799,702.7716535433071,1368.6686266274676,735.8907279447212,1368.6686266274676,1275.8125234345707,1368.6686266274676,1275.8125234345707
47,Secondary school or above,p50,2016-2017,2931,2005,1159.6847492323438,670.5000831255196,1181.7932446264074,670.5000831255196,1215.456385761401,780.4252701579386,1215.456385761401,780.4252701579386
48,Secondary school or above,p50,2016-2017,4148,5086,2462.7017036322723,954.0900511207235,2462.7017036322723,998.7420369642155,2639.1722918675664,1369.6753178660374,2639.1722918675664,1678.365840870363
49,Secondary school or above,p50,2016-2017,3372,4254,2685.70581257414,1868.0206864127879,2685.70581257414,1906.9228960977903,2685.70581257414,1924.800188058298,2685.70581257414,1933.8269863657733
50,Secondary school or above,p50,2016-2017,2884,2134,846.2794729542302,453.3144329896907,946.3141470180304,453.3144329896907,2382.6178918169207,453.3144329896907,2382.6178918169207,453.3144329896907
51,Secondary school or above,p50,2016-2017,4016,3517,1788.527141434263,1688.0227466590845,1801.027141434263,1756.936593687802,2288.875747011952,1972.4043218652262,2288.875747011952,1972.4043218652262
52,Secondary school or above,p50,2016-2017,1662,4426,1626.8736462093864,1327.096550685344,1626.8736462093864,1388.5515890947431,1626.8736462093864,2022.894110558819,2525.790613718412,2022.894110558819
53,Secondary school or above,p50,2016-2017,2144,5379,1694.7341417910447,1632.3530395984383,1713.2975746268658,1632.3530395984383,1740.1166044776119,1632.3530395984383,2110.2192164179105,1823.4666294850342
54,Secondary school or above,p50,2016-2017,2193,3683,1437.9480164158688,957.5677436872115,1440.2371181030553,957.5677436872115,1731.010791913665,1774.293239207168,1731.010791913665,1774.293239207168
55,Secondary school or above,p50,2016-2017,795,1537,715.0943396226415,705.7852960312297,715.0943396226415,705.7852960312297,715.0943396226415,705.7852960312297,715.0943396226415,705.7852960312297
56,Secondary school or above,p50,2016-2017,1443,1357,1799.3485793485793,1273.43404568902,1799.3485793485793,1273.43404568902,1799.3485793485793,1273.43404568902,1799.3485793485793,1273.43404568902
57,Secondary school or above,p50,2016-2017,2426,1142,775.1904369332234,966.4798598949212,1207.0123660346248,966.4798598949212,3487.3091508656225,1306.701692936369,3487.3091508656225,1306.701692936369
58,Secondary school or above,p50,2016-2017,2179,981,1049.9311610830657,1541.8844716275908,1049.9311610830657,1606.8386000679577,1577.2984549487533,1606.8386000679577,1994.6152669420223,1606.8386000679577
59,Secondary school or above,p50,2016-2017,4632,378,1565.0920768566493,1000,1876.2967400690845,1000,2201.426273747841,1150,2201.426273747841,1150
61,Secondary school or above,p50,2016-2017,3524,990,1429.4438138479002,750.2222222222222,1429.4438138479002,761.7979797979798,4272.488081725312,761.7979797979798,4272.488081725312,761.7979797979798
63,Secondary school or above,p50,2016-2017,2640,1152,423.0378787878788,2423.935185185185,423.0378787878788,2423.935185185185,809.7045454545455,2431.9560185185187,809.7045454545455,3209.7337962962965
64,Secondary school or above,p50,2016-2017,773,2026,670.3751617076326,1307.4037512339585,670.3751617076326,1307.4037512339585,670.3751617076326,3337.0187561697926,670.3751617076326,3665.4162553471533
18,At most primary school,general,2017-2018,85145,82410,340.079464443009,421.8663754398738,402.7442128134359,520.4286251668487,406.403362890755,535.842167212717,406.403362890755,535.842167212717
19,At most primary school,general,2017-2018,79316,86859,438.4168894044077,459.7171124082325,533.4237354379949,551.2959931229541,536.128107821877,574.5963323700864,536.128107821877,587.768254680958
20,At most primary school,general,2017-2018,113545,103046,615.4021136994144,770.0840821898311,683.508608921573,838.7606926356514,696.7970628385223,868.9744644786471,696.7970628385223,868.9744644786471
21,At most primary school,general,2017-2018,84356,100467,731.4042115162723,773.0126409666856,811.9168602905148,858.8947714174803,822.6266299966808,916.8241578495094,822.6266299966808,923.8752293456226
22,At most primary school,general,2017-2018,80740,93413,781.8293947650897,1061.1512316272895,843.8381141111387,1138.5559825720188,866.3486933366362,1198.5709787003236,866.3486933366362,1203.6275554080623
23,At most primary school,general,2017-2018,65686,82100,1002.7007063910117,931.6715996751927,1149.881840879335,989.8082622817701,1174.8759961534167,1033.379395046691,1174.8759961534167,1033.379395046691
24,At most primary school,general,2017-2018,84002,45571,974.988857408157,1355.636055093517,1047.433382538511,1475.0541938220942,1118.8626342229948,1536.9302224367834,1139.278814790124,1536.9302224367834
25,At most primary school,general,2017-2018,57466,81734,1034.0055279063563,1072.0593143612205,1118.000759869604,1156.3578926762423,1137.2562036682561,1201.9250780988734,1137.2562036682561,1202.5612882439784
26,At most primary school,general,2017-2018,65830,78041,959.2618360423312,1215.7550475604703,1044.8484986581598,1354.266547925663,1073.38319661755,1383.8516217970896,1097.3084586561345,1407.3392116537034
27,At most primary school,general,2017-2018,75886,62410,1106.0953151218055,1400.1251615659883,1207.7840982965677,1462.9195855365058,1230.8153776717709,1555.4041232708432,1230.8153776717709,1555.4041232708432
28,At most primary school,general,2017-2018,72598,65850,1289.0388670027642,1467.056729941787,1387.0448726778516,1515.6491065553025,1429.6373339026788,1576.415165780815,1433.1012493457122,1587.668013161225
29,At most primary school,general,2017-2018,77137,73485,1350.317852219644,1234.0863725023246,1482.5332611673605,1349.4324975618606,1548.5809587703266,1443.5359767299447,1560.1452318601969,1474.6089848268352
30,At most primary school,general,2017-2018,58956,62287,1134.6044168532464,1148.243079080172,1353.2349548816067,1209.2226253739411,1417.692947565416,1261.996786381321,1425.8524224280254,1348.6232092303906
31,At most primary school,general,2017-2018,67635,66349,1090.797476651635,1321.6276407079733,1176.7238461348907,1401.818570488377,1259.077201153249,1485.4289778293567,1259.077201153249,1489.4521482363461
32,At most primary school,general,2017-2018,68888,56680,1672.6190918592497,1303.804634203717,1805.8323946115434,1328.986709009645,1848.3064829868772,1358.5179957657024,1848.3064829868772,1438.0445777464126
33,At most primary school,general,2017-2018,69143,99227,1357.7895231621421,1418.9934308874265,1447.821630533821,1491.5949405571737,1544.8336756191275,1663.4339981389473,1614.9591161313026,1668.5431586161026
34,At most primary school,general,2017-2018,121240,61127,1440.0603671780489,1828.0787049912478,1508.4956195699988,1912.0621329363457,1585.6793584350598,1990.3599309634042,1626.929495903442,1990.3599309634042
35,At most primary school,general,2017-2018,55913,93161,1414.8137672216958,1583.0649341820433,1542.7286528475788,1660.3078255206935,1616.4727016376635,1777.5801864514121,1633.1503973434922,1823.0053464790344
36,At most primary school,general,2017-2018,89208,85299,1619.14060024512,1469.5013227978443,1667.9872283502225,1551.5963063263735,1751.8896147206528,1605.3258146832513,1886.260149500792,1612.1176098195756
37,At most primary school,general,2017-2018,79986,69155,1527.783624634311,1531.0789193357916,1652.8561373240318,1604.48454438098,1786.0803682311073,1701.8690248957655,1836.088286283433,1735.3373207528982
38,At most primary school,general,2017-2018,86561,100399,1573.05968623283,1543.1952775094041,1680.9162382597244,1586.1321593508567,1794.202926260094,1688.6758940162088,1875.2161231193415,1730.3260432540828
39,At most primary school,general,2017-2018,76786,79305,1426.134030509034,1498.3219763360864,1515.2587407426702,1561.6085282558897,1569.6051352677139,1659.4634081499696,1570.66001506351,1661.4494115545467
40,At most primary school,general,2017-2018,78432,83697,1781.0600775193798,1459.2489933928337,1906.1621404528762,1518.5843339665698,2064.247860142119,1581.7308854160444,2083.4610001869983,1632.389953244043
41,At most primary school,general,2017-2018,77553,101207,1684.7454192616663,1609.3325140553518,1795.7780679019509,1648.2170773760706,1956.392318801336,1764.445278818,1999.053466661509,1787.249943185748
42,At most primary school,general,2017-2018,103684,81169,1689.1987834831475,1543.9841934728777,1753.3930661111326,1619.250243319494,1801.2581336882579,1714.681991688124,1851.6310938364004,1749.7834466770976
43,At most primary school,general,2017-2018,76057,118481,1562.7672359765265,1659.7674648255838,1709.8914980431346,1736.542601767372,1768.0579170884996,1840.576328694052,1822.2975005587916,1888.4173327368944
44,At most primary school,general,2017-2018,97572,61451,1647.1907061793686,1525.917392176965,1771.2651537667912,1649.5505307751978,1881.5808898386151,1770.2001988033828,1963.3451254799877,1833.887044148997
45,At most primary school,general,2017-2018,62893,99611,1507.6131895971464,1956.2568039674334,1649.7381478595921,1984.732574715644,1753.0779273263054,2098.801056108261,1784.2817178912333,2129.641023581733
46,At most primary school,general,2017-2018,94222,74432,1584.6234274727065,1651.3156460482946,1709.095323632839,1698.9795540448551,1793.4916323505481,1884.4687164122959,1798.5570735426265,1942.583953586271
47,At most primary school,general,2017-2018,74595,60350,1652.4580043345175,1657.86454018227,1715.7715240074178,1700.2309030654515,1774.8127801237795,1743.7405136702569,1841.106767656456,1774.794366197183
48,At most primary school,general,2017-2018,60113,93198,1775.0209937950194,1623.4359929039963,1877.422304659558,1682.9226771676072,2005.095575554927,1779.804647095431,2234.331348183144,1801.425282731389
49,At most primary school,general,2017-2018,84632,75172,1871.6961117938054,2407.1682230972524,1976.570391026247,2449.9429264442433,2113.953604034723,2506.0809166533636,2145.9808907978068,2695.6687951187496
50,At most primary school,general,2017-2018,63889,68677,1620.1772462134848,1797.4727419660148,1716.956034424288,1837.5059408535608,1767.0292603838948,1856.7862069300252,1836.3943571402483,1910.7606088404173
51,At most primary school,general,2017-2018,38310,67433,1733.7642391020622,1590.0520022343167,1806.8428086661447,1682.1411870548052,1949.223118419908,1767.5468675079958,2047.1725224049421,1896.6478516947689
52,At most primary school,general,2017-2018,79357,62232,1749.286254940753,1784.0421701589748,1862.2169100814463,1836.4327409264256,1974.3148892557263,1920.275976721515,2043.6601518034536,1959.9527775099625
53,At most primary school,general,2017-2018,65570,102277,1945.3621727415994,1644.3111484823894,2006.9536017487674,1708.40639961412,2084.7990214020638,1770.3385862249904,2134.647020995374,1871.9863988645216
54,At most primary school,general,2017-2018,93829,49030,1782.7312629002404,1721.4073628390781,1886.9684390398133,1782.7085049969407,2051.257997705045,1942.282711265212,2408.2357622199247,2047.1001699639676
55,At most primary school,general,2017-2018,50031,52265,1129.483340328996,2109.6358047131603,1283.3319541884032,2142.089071717848,1431.936096286969,2200.771013106285,1699.7560479169583,2263.5309863197167
56,At most primary school,general,2017-2018,72197,63808,1593.1652654080733,1502.5476925568373,1667.6771980368528,1559.710054643096,1739.943445249341,1654.8328971288868,1824.2095689571588,1764.7762689108995
57,At most primary school,general,2017-2018,39136,50989,1677.6740000681384,1629.2089470277904,1766.1810012946307,1670.7767361587794,1814.0182270373398,1789.1294772728759,1814.0182270373398,1936.2729788124236
58,At most primary school,general,2017-2018,50880,74194,1507.6377358490565,1562.3105507183868,1546.6649764150943,1604.254508450818,1708.0682095125785,1706.4661765102298,1773.105657101677,1764.3572009416753
59,At most primary school,general,2017-2018,54948,39308,1353.4655674455848,1554.6627488891152,1479.1118148067262,1649.2520182490418,1530.278357113392,1734.9945303754962,1539.7618687971658,1783.869738136427
60,At most primary school,general,2017-2018,62949,60560,1370.6814511218076,1635.0485358872743,1429.3729791842075,1666.8427895200352,1568.4647730702632,1734.8809059885511,1632.0036166844059,1866.0741578599736
61,At most primary school,general,2017-2018,37235,51041,1529.6039926592364,1283.3872834257427,1552.542625665816,1298.6025025632987,1656.740535338615,1447.0478373595083,1733.1650463273802,1784.7121660364544
62,At most primary school,general,2017-2018,46027,46951,1434.6520303300238,1666.224638452855,1541.5810068003564,1705.7062256394966,1686.554029881012,1829.5437015896005,1833.7072225722584,1928.7162431755091
63,At most primary school,general,2017-2018,58924,69015,1293.7498925169145,1446.8412180926853,1356.7365363292831,1469.3227076239466,1504.903825266445,1720.0286048926562,1784.7126637702804,1762.9255113622644
18,Secondary school or above,general,2017-2018,8712,33230,154.1900826446281,293.96448991874814,169.17458677685948,328.4733674390611,169.17458677685948,342.2753535961481,169.17458677685948,342.2753535961481
19,Secondary school or above,general,2017-2018,17272,47149,191.87992125984252,644.4895084377894,199.5223483094025,726.7733320607718,213.2681025165972,748.915689268772,213.2681025165972,759.8597177741485
20,Secondary school or above,general,2017-2018,30716,59720,351.0986131006641,682.2894340254521,412.61964448495894,713.9592263898192,412.61964448495894,734.0929057825408,421.68332465164735,736.9663150256754
21,Secondary school or above,general,2017-2018,68735,95223,724.5882156106787,1142.257024738421,790.3648214155817,1237.7547511280538,837.1978759001964,1257.546538126293,844.6831454135448,1283.2649394929097
22,Secondary school or above,general,2017-2018,74677,100385,926.4669766684076,1597.3969284919724,999.0319966879584,1679.6629044844015,1001.5854379527834,1727.9070395643437,1002.0820388696209,1740.9003486576678
23,Secondary school or above,general,2017-2018,109210,138425,1419.8870066843695,1424.0231653723436,1548.50563135244,1521.1549695984588,1574.5748099990842,1541.0320558665944,1584.696593718524,1541.0320558665944
24,Secondary school or above,general,2017-2018,123445,104455,1845.5400056705416,1935.2433097186986,1957.5903924824822,2012.3191318430584,2057.956365182875,2074.998373302698,2069.6032443598365,2074.998373302698
25,Secondary school or above,general,2017-2018,126629,141325,1870.6423956334384,2222.7522737189693,1950.2522006544052,2311.913547378973,1986.614638695191,2374.7138422076773,2012.832961512239,2379.0081991862726
26,Secondary school or above,general,2017-2018,134891,131433,1871.9963513750608,2850.546606128851,1962.0119788075804,2918.43891627927,2002.75615991183,2961.4257739684854,2013.4939654980687,2997.576512367518
27,Secondary school or above,general,2017-2018,126273,121888,2303.8409002716335,3316.7034504353724,2402.4877052101397,3383.888776308305,2430.4136738125594,3468.433877822263,2461.029086450257,3480.88325758073
28,Secondary school or above,general,2017-2018,86994,118479,2437.386797748504,2585.0107796881025,2554.92209903365,2632.343049541832,2699.2668239572076,2699.171664739462,2723.076895149857,2709.6652993357475
29,Secondary school or above,general,2017-2018,99982,105812,2981.2146252992206,3216.427636594463,3105.5738099524583,3260.8891343451905,3182.3831898074986,3287.633588345367,3200.0411015649483,3323.506895090664
30,Secondary school or above,general,2017-2018,96527,86266,2663.6638695218267,2953.5958740021174,2776.3646579022798,3063.909323101415,2914.3368919231584,3120.940405258155,2922.675491485975,3208.037871235481
31,Secondary school or above,general,2017-2018,93850,105799,3019.2441893091814,3289.5207208952825,3205.235729000178,3378.1570501611545,3236.331600071035,3454.8195895046265,3263.175499911206,3457.190122307394
32,Secondary school or above,general,2017-2018,77896,65942,3430.9560974461674,3381.746197415911,3503.18599371812,3403.503271814625,3549.3121105919004,3444.4931315903873,3551.8077457978156,3486.006886101928
33,Secondary school or above,general,2017-2018,79498,121385,3744.039321743943,3418.56028614189,3881.741653878085,3484.899273660941,4375.6323282766025,3524.195356372973,4448.919270505757,3588.278397934945
34,Secondary school or above,general,2017-2018,109868,69956,3561.631002657735,3496.7811076486173,3718.9693996432084,3534.193767034517,3867.2370746410847,3590.1305939924146,3890.6278708692857,3610.4871990965753
35,Secondary school or above,general,2017-2018,70873,87541,3963.4491520042893,3495.2514764510343,4016.546382261228,3527.6799956591767,4138.371731830175,3564.2002404587565,4177.779216579892,3573.4500015230956
36,Secondary school or above,general,2017-2018,84870,65767,3602.5275480146106,3667.5840543129534,3709.3858607281727,3722.821331366795,3789.747126978516,3793.4874709200662,3863.8125603864733,3797.0089938723067
37,Secondary school or above,general,2017-2018,85238,60456,3435.8315285827134,4170.119552512019,3504.2280184111937,4229.9253616955575,3613.990487419539,4340.412465263993,3617.5522791086914,4340.412465263993
38,Secondary school or above,general,2017-2018,70835,69473,2924.2544481306322,3791.896602517045,3009.890786099151,3859.2670917718633,3178.313617326651,3931.9137794538883,3230.7466894896593,3941.2459420686214
39,Secondary school or above,general,2017-2018,69335,61701,4495.822634071296,3676.7961594355575,4553.051594913583,3705.1363808258106,4620.815951539626,3779.24850218527,4624.78508689695,3804.9585122877534
40,Secondary school or above,general,2017-2018,59679,58207,3495.0136424314524,4358.775027058601,3575.1205477080152,4380.724964351367,3753.579748878723,4476.543726126869,3763.2716002837396,4529.063182549636
41,Secondary school or above,general,2017-2018,53005,62683,4059.627091783794,4775.296858797441,4128.580964059995,4827.273790341879,4323.172905071849,4884.504352588953,4323.172905071849,4934.961148424081
42,Secondary school or above,general,2017-2018,63638,64481,4125.586350398608,5282.199332619945,4215.706247315545,5319.982090331519,4324.151149208544,5351.654294805188,4365.571055553809,5361.091183190914
43,Secondary school or above,general,2017-2018,43852,74302,3810.74593899176,3850.5549379559097,3853.0441237951895,3904.170183844311,3931.1327324485387,4131.0177115017095,3954.4780758764327,4179.472216988327
44,Secondary school or above,general,2017-2018,64367,33115,4506.231837225079,3919.94498968242,4639.100387879918,3994.137953596054,4716.263867095458,4018.7151844582013,4735.644916390905,4113.403996174946
45,Secondary school or above,general,2017-2018,29592,50753,6383.143141164279,4458.551464938033,6484.720594530053,4535.086014619825,6540.682791520231,4624.718647173566,6590.2682650716415,4708.122583886667
46,Secondary school or above,general,2017-2018,50847,37494,4007.0873011190433,4592.176303764158,4085.4149900682437,4626.724498141924,4289.36868120702,4926.707162034814,4331.131223736569,5044.237077932469
47,Secondary school or above,general,2017-2018,41697,34557,5134.0210406823835,4830.175502310193,5284.820618589667,4935.1131415728605,5466.654803303196,4956.159210386704,5487.740412979351,4961.8744055714715
48,Secondary school or above,general,2017-2018,33822,39599,5931.787576626653,4299.488951741206,5978.323559123253,4337.576529710346,6095.4037017326,4391.359874407603,6186.232156584471,4410.96577354647
49,Secondary school or above,general,2017-2018,42956,24978,5121.273454232238,5113.236928497077,5185.121601173294,5166.2283609576425,5274.870918304001,5418.045293191341,5275.764856287054,5611.754824245336
50,Secondary school or above,general,2017-2018,22587,34502,5102.876396452237,4365.551465615519,5146.4501335576515,4431.830232063841,5330.223985773528,4597.696945104631,5330.223985773528,4781.239928120109
51,Secondary school or above,general,2017-2018,21275,24621,5000.369808068939,4812.636556868798,5028.735025460243,4865.124270609101,5107.884261652958,4990.249163992798,5107.884261652958,5020.101728876433
52,Secondary school or above,general,2017-2018,36045,26312,4248.509821057012,3752.7090237660886,4418.373879872382,3782.466168794973,4759.663471586443,3885.1202176446736,4764.317283950618,3941.986539728387
53,Secondary school or above,general,2017-2018,31517,32034,4137.215143150258,6001.450776258558,4163.438451206228,6148.407759463902,4480.894638872143,6345.460890512164,4872.70858055441,6345.460890512164
54,Secondary school or above,general,2017-2018,41304,18777,4822.400655303763,16913.5544504802,4903.941426173413,16921.94769753777,5172.067192846535,17829.689438319932,5238.457857188972,17836.67937281426
55,Secondary school or above,general,2017-2018,21550,24401,3736.5172273781905,5034.202157015423,3759.018387470998,5086.583206972392,4273.242672080433,5226.88893214759,4273.242672080433,5226.88893214759
56,Secondary school or above,general,2017-2018,21793,24268,5269.854907539118,4701.812139442888,5372.0831459643005,4739.192640514258,5659.175331528473,4994.279964012967,5659.175331528473,5048.178101477941
57,Secondary school or above,general,2017-2018,19977,25439,4763.408849343412,5945.840625286633,4911.524181975939,6096.6680949198735,5305.995323789024,6216.767155417535,5305.995323789024,6267.991653235846
58,Secondary school or above,general,2017-2018,20732,18110,5210.430317062191,4715.674461623413,5225.041546080134,4746.348122584208,5463.248183162905,4958.940981041782,5576.196765065278,4958.940981041782
59,Secondary school or above,general,2017-2018,17996,20684,4790.979199081277,4324.74842067943,4909.945636067274,4345.2860342938175,5446.383826035415,4722.953152194933,5453.510409720679,5014.8857248759105
60,Secondary school or above,general,2017-2018,14550,14501,5139.762978235967,5022.234225225847,5167.408339060709,5047.664195572719,5799.141443298969,5177.153357239731,5801.643161512027,5177.153357239731
61,Secondary school or above,general,2017-2018,11042,14368,6385.600464891625,8094.386077858203,6406.5531908470675,8173.617703693392,7548.052315401798,8849.118817279139,7577.17747388758,8902.40389523014
62,Secondary school or above,general,2017-2018,13551,13666,5056.602686148623,4827.996243719205,5110.606080732049,4951.168349675593,5338.836469633237,5035.9115078784325,5338.836469633237,5053.5576369579
63,Secondary school or above,general,2017-2018,9825,18173,3323.8968617472437,4232.145142060566,3344.7416454622567,4281.647150534676,3756.7355385920273,4714.558612593775,3847.931467345208,4851.540949026945
18,At most primary school,males,2017-2018,58877,65414,425.76882313976597,440.3628886782646,480.3638262819098,523.3609471978475,484.56170207947645,541.3162523822627,484.56170207947645,541.3162523822627
19,At most primary school,males,2017-2018,49073,55693,463.6909094614146,543.2548734431018,557.9661728445377,581.6523381155023,562.337211908789,612.0283578426972,562.337211908789,632.5713345184015
20,At most primary school,males,2017-2018,90299,70122,698.4961405995637,826.1647462042346,739.4238363658512,875.5230075202267,746.2360657371621,913.2905174790603,746.2360657371621,913.2905174790603
21,At most primary school,males,2017-2018,57310,65702,844.8170650846274,940.6473166722474,888.0711219682429,1038.372956683206,903.8350956784737,1120.8881008188487,903.8350956784737,1120.8881008188487
22,At most primary school,males,2017-2018,60118,65312,890.2169954644754,1243.2262065164134,926.3221553167659,1308.2433549730524,951.4311770185302,1378.6821844888125,951.4311770185302,1378.6821844888125
23,At most primary school,males,2017-2018,50205,61019,1085.020416293198,1105.747035076506,1245.9292899113634,1134.9920243421448,1278.097223052153,1189.2618146260454,1278.097223052153,1189.2618146260454
24,At most primary school,males,2017-2018,53529,27926,1169.098445079614,1570.3856859796126,1222.565631090935,1664.9400081166891,1326.9744562137657,1714.7215736828282,1359.013164203827,1714.7215736828282
25,At most primary school,males,2017-2018,49452,62072,979.0965313165628,1208.3193388323239,1043.5881595621343,1261.873598401856,1065.9640661651702,1321.8746992739616,1065.9640661651702,1321.8746992739616
26,At most primary school,males,2017-2018,41031,54128,1276.0694759247074,1463.6700783328406,1363.9730122752717,1600.4546630209873,1382.0676033568116,1628.4359373460438,1382.0676033568116,1628.4359373460438
27,At most primary school,males,2017-2018,56910,41266,1272.4412068763545,1570.3153201182572,1359.489528788145,1614.555130131343,1369.8550474433316,1744.6758105946785,1369.8550474433316,1744.6758105946785
28,At most primary school,males,2017-2018,48060,51957,1550.3282702177835,1583.9245080868154,1623.5631849077542,1627.7772709484125,1644.8704570675545,1698.700053249161,1648.522142460813,1698.700053249161
29,At most primary school,males,2017-2018,57660,46998,1508.6301161984045,1325.4795328169994,1641.6342785293098,1444.7018401492262,1716.2877861602499,1589.7887410102558,1726.4288429298185,1589.7887410102558
30,At most primary school,males,2017-2018,33802,43528,1443.216643985563,1465.1243031305519,1705.4369268090645,1482.1825874532867,1778.1372601226751,1539.5845854009679,1789.8126047768376,1568.4556568951784
31,At most primary school,males,2017-2018,39708,44185,1355.5162771565765,1484.6779676360757,1399.1686897686445,1579.0059069820074,1507.4700186360433,1669.5182509147148,1507.4700186360433,1669.5182509147148
32,At most primary school,males,2017-2018,45618,33849,2058.9115626872435,1737.881749337745,2193.608349043506,1769.3840093749693,2237.1625381793738,1789.6184820821886,2237.1625381793738,1789.6184820821886
33,At most primary school,males,2017-2018,45285,53285,1689.776460196533,1648.514172218573,1805.9400905377056,1698.4026961934253,1924.6077803540538,1944.3566231897657,1975.5061646608515,1944.3566231897657
34,At most primary school,males,2017-2018,85526,44004,1520.5591876544363,1976.9175605248006,1596.3988153699847,2083.5727509620338,1681.9636611478768,2173.4102543708145,1689.4740478528945,2173.4102543708145
35,At most primary school,males,2017-2018,41082,54567,1637.7405230190027,2000.1192845492697,1771.6727804553495,2070.155112064068,1830.422354478036,2198.2256492018987,1835.643619265534,2204.4125387138747
36,At most primary school,males,2017-2018,48422,54351,1912.0630911569122,1565.2572537763795,1944.843232415018,1650.3688432595536,2025.1638924455826,1721.0571010652977,2038.0010325884928,1721.0571010652977
37,At most primary school,males,2017-2018,49382,50951,1875.2575634846705,1677.4438970775843,1974.7656838524158,1751.9679299719337,2127.944439944379,1870.287467370611,2194.4045536160274,1870.287467370611
38,At most primary school,males,2017-2018,47664,62124,1655.6585368412218,1607.3953437211599,1748.5389287512587,1622.8590936406756,1907.42017385588,1764.5474521387332,2025.113821052926,1793.8377961818298
39,At most primary school,males,2017-2018,51424,47207,1693.1919466915579,1709.0279619547948,1758.3632674756275,1771.6171966021989,1811.055925573014,1876.5382535076012,1812.2421421255965,1879.8746231138036
40,At most primary school,males,2017-2018,46174,44376,2016.442023649673,1842.4359563728142,2156.9311517304113,1870.9824680007212,2336.729035821025,1928.530960804639,2336.729035821025,1997.074768268133
41,At most primary school,males,2017-2018,43932,68486,2034.5722745758599,1790.8787939627564,2177.0185551913564,1834.7597331328056,2362.5796761661964,1950.2600008274196,2408.286677896143,1960.2328419920373
42,At most primary school,males,2017-2018,62193,53438,1918.5715916582253,1810.628260788203,2001.103548630875,1905.2330364160334,2038.1113308571705,2018.9529782177476,2051.415882816394,2063.3277676934017
43,At most primary school,males,2017-2018,47713,71142,1985.3554167627271,2105.0160430313085,2179.7349359713285,2184.4786670789877,2245.5333207581443,2335.3757461602618,2277.375795555369,2357.019079212467
44,At most primary school,males,2017-2018,60880,49359,1809.8058571506788,1570.9693605353973,1986.9042474266314,1717.2941442627823,2100.87116869251,1857.0817429445492,2152.5137442509854,1919.7518402587843
45,At most primary school,males,2017-2018,38660,56787,1727.129211933092,2517.8032736365717,1904.1790050008622,2542.1952999806294,1978.0600513019485,2629.072108639888,1988.1997305569926,2629.072108639888
46,At most primary school,males,2017-2018,55123,41005,1926.4421460491387,1659.669296427265,2079.8667600940926,1677.937312522863,2164.134606546572,1946.9288826565867,2172.792988710097,1971.8629150916554
47,At most primary school,males,2017-2018,41717,36269,2261.100658404647,1581.6826215225124,2317.926412893225,1626.934765226502,2343.1266709814545,1686.1094047257989,2374.365734193095,1686.1094047257989
48,At most primary school,males,2017-2018,35970,60004,1983.3545547215272,1619.0071328578094,2104.216662033176,1690.0680621291913,2145.48878695209,1823.7748011243696,2259.4031600407748,1857.3558957180633
49,At most primary school,males,2017-2018,50395,49268,1951.7580381651617,2859.599706367893,2092.034454476304,2915.148135368461,2217.9109518140026,2946.3733728451193,2232.5949482422197,3222.7941733647267
50,At most primary school,males,2017-2018,34658,44618,2016.5237367034067,1919.043480209781,2129.466491622906,1951.865659599265,2167.478927424164,1961.8349731797332,2195.524400330852,1976.0624150193496
51,At most primary school,males,2017-2018,19692,42245,2010.2378630916107,1684.7436383003906,2057.335161486898,1744.3021659367973,2267.8780215315865,1777.0992129246065,2329.927330895795,1848.6500867952814
52,At most primary school,males,2017-2018,46838,34078,2059.89353374041,2393.852368096719,2199.333304866419,2423.4711837549153,2224.53977895441,2457.7259326642798,2284.7259525741206,2530.1822583484945
53,At most primary school,males,2017-2018,49739,70613,2177.7417720501016,1975.3763518521143,2215.4839864090554,2017.2794716742435,2296.973042615788,2079.7733927652607,2362.6867347554235,2211.254848021375
54,At most primary school,males,2017-2018,67878,29617,2131.330882858462,1673.5564596909433,2243.9395336731586,1768.4175192175665,2413.656894231808,2015.8696581918043,2810.469803667364,2050.7550280807195
55,At most primary school,males,2017-2018,23984,26470,1364.9488825883923,2036.2582672207532,1618.1460140093395,2096.5348066994084,1799.82562680676,2162.409822440499,2335.286767567267,2207.6125676866895
56,At most primary school,males,2017-2018,44606,44885,1807.8755025482374,1599.5930823214883,1905.6610022567968,1654.027213991311,1944.474764232017,1742.3088225465078,1958.686484628376,1758.8176785117523
57,At most primary school,males,2017-2018,21890,34591,2121.0385716461096,1947.9838879091865,2235.8741129891887,1986.704942518767,2269.974128216842,2122.9235518872924,2269.974128216842,2234.732982085899
58,At most primary school,males,2017-2018,37101,55506,1781.3616614107436,1794.8621530405123,1826.6371526373953,1833.8017271406097,1963.1369729477192,1920.5373353030905,2024.087711023063,1973.5856544037283
59,At most primary school,males,2017-2018,26659,25151,1449.8219112994987,1867.2782526871033,1668.6542005826675,1950.0023988443138,1744.290477262213,2032.3887850715016,1744.290477262213,2105.082514943077
60,At most primary school,males,2017-2018,39441,37248,1522.4407342613017,1427.674872923826,1581.7704419259146,1459.4403368413516,1713.8047294270768,1538.8196323739978,1755.0043609441952,1600.2815453178694
61,At most primary school,males,2017-2018,28136,37933,1470.368448488295,1083.0880939199817,1492.3801061510758,1103.5610330494994,1581.824560468202,1289.237313157409,1682.964262866079,1723.0686737141802
62,At most primary school,males,2017-2018,33735,33934,1678.8216096042686,1773.4424667491796,1793.0350377945754,1816.0280741046342,1947.3838347907713,1984.36347026581,2106.037063386196,2086.7755053928213
63,At most primary school,males,2017-2018,35206,50579,1551.0021492548617,1487.0374265999724,1605.4921509591168,1510.8449356452284,1737.7694143043798,1794.9552877676506,1813.8034994035106,1838.4304454417843
18,Secondary school or above,males,2017-2018,3616,20893,213.02654867256638,325.24481883884556,244.51576327433628,371.41961422486,244.51576327433628,393.37146412674105,244.51576327433628,393.37146412674105
19,Secondary school or above,males,2017-2018,12704,34069,207.86366498740554,721.7926120520121,218.25409319899245,813.195353547213,236.942432829555,842.3608705861634,236.942432829555,857.5066042443277
20,Secondary school or above,males,2017-2018,21464,39043,363.94637532612745,720.9730297364445,408.50936451733133,732.2021873319161,408.50936451733133,735.2799904378933,421.47991986582184,735.2799904378933
21,Secondary school or above,males,2017-2018,55263,56168,680.1539004397156,1205.3146038076247,725.17950527477706,1280.3128234344586,773.5612435083149,1306.976285429426,773.5612435083149,1350.577327541186
22,Secondary school or above,males,2017-2018,55121,76793,969.5300838156056,1612.4396711505824,1000.299445764772,1689.4916159893046,1002.6854087673784,1731.9824680200886,1002.6854087673784,1738.6801270949177
23,Secondary school or above,males,2017-2018,75688,86103,1445.0602385230595,1525.5178991053351,1539.3681869428883,1635.9084778308152,1563.5991086213578,1652.7066033316687,1574.525543459113,1652.7066033316687
24,Secondary school or above,males,2017-2018,85339,59782,1780.2871606182403,2002.3444556890033,1902.765511665241,2059.52655063397,2004.5520434189918,2169.0437994156546,2015.2710464539464,2169.0437994156546
25,Secondary school or above,males,2017-2018,75403,94365,2108.083638360985,2426.393674384924,2176.647355984952,2512.753521785973,2215.561722787334,2596.206620569067,2215.561722787334,2602.6380305197904
26,Secondary school or above,males,2017-2018,94912,89180,1832.6846693077098,3209.256753195784,1935.7126109799956,3285.55525061673,1957.4835496740843,3345.5854330193615,1972.0774190829402,3391.3512998056367
27,Secondary school or above,males,2017-2018,87394,81671,2346.0321875643635,3717.049132086869,2441.191214499851,3773.62429340484,2459.8010923709485,3836.735740552542,2461.0719652760295,3842.7382383791883
28,Secondary school or above,males,2017-2018,52107,74232,2645.714141094287,2720.038094532457,2755.3187239718272,2778.4433644968926,2987.432131639383,2829.20915059094,3025.9688605497663,2844.857505298703
29,Secondary school or above,males,2017-2018,65495,67069,3100.7295060691654,3282.5713481638313,3247.1159477822735,3319.806583518466,3342.226344250197,3348.2643533773676,3348.296120569,3365.744858528779
30,Secondary school or above,males,2017-2018,60711,55433,2745.066056123822,3146.3114510610403,2867.044198470349,3270.3404590526698,2954.24537837734,3326.9588391992734,2954.24537837734,3387.7198780509802
31,Secondary school or above,males,2017-2018,60841,62557,3139.4225220931057,3374.0022206414415,3369.1872859858754,3498.264093813109,3383.6230968151954,3543.532036116395,3396.37491439435,3543.532036116395
32,Secondary school or above,males,2017-2018,54139,43708,3201.5734960010345,3605.7880136359477,3289.7923400875525,3628.734499405143,3350.2274238534146,3677.594052194869,3353.8181809785924,3706.69627604405
33,Secondary school or above,males,2017-2018,50637,72142,4139.937002587041,3751.964990343119,4306.419219148054,3832.2585502666034,5040.927088887573,3882.1232384279147,5040.927088887573,3964.0244887398
34,Secondary school or above,males,2017-2018,60314,42602,3734.341755921787,3745.8878886750235,3936.3184943241477,3790.7491627936097,4133.339742845774,3819.231002456849,4150.266161256093,3843.300294978327
35,Secondary school or above,males,2017-2018,40531,52414,4180.833522488959,3652.6927856425127,4259.844649774247,3699.447946477404,4282.366505473176,3721.1475003497794,4341.53175347265,3736.596299016802
36,Secondary school or above,males,2017-2018,52336,48311,3988.848297538979,3921.5330532038943,4150.430478064812,3989.2971234984443,4196.306051284011,4055.3048650065894,4218.757136579028,4060.0988042750787
37,Secondary school or above,males,2017-2018,56786,34891,3680.6474805996786,4622.406628261347,3782.087624297069,4699.140456469194,3914.731820636542,4875.09700686901,3920.0782088308156,4875.09700686901
38,Secondary school or above,males,2017-2018,44436,37462,3183.910327962313,4111.94523339206,3259.3136045848714,4187.132356343317,3347.243014297717,4199.373649742851,3347.508114666787,4199.373649742851
39,Secondary school or above,males,2017-2018,38646,36753,4949.325363556383,3661.88427702047,5004.197277855405,3696.9573322812653,5040.298469871827,3734.021844021803,5040.298469871827,3734.021844021803
40,Secondary school or above,males,2017-2018,33092,34179,3382.3117571215603,5213.358217033851,3472.5782867964062,5229.111749904912,3705.6366291953746,5276.394857466085,3705.6366291953746,5287.937032485835
41,Secondary school or above,males,2017-2018,33562,43547,4478.44671056552,5163.2311602023865,4576.381875335201,5227.224317021455,4857.134909520688,5273.605430148269,4857.134909520688,5346.234620065676
42,Secondary school or above,males,2017-2018,40449,36102,4536.533132257081,6443.397422580467,4632.321161627399,6506.358477369675,4685.166720232061,6518.701433900246,4716.524726610464,6523.410314294684
43,Secondary school or above,males,2017-2018,25875,50942,3974.765423510467,4101.10047374138,4022.2463896940417,4146.272630311597,4113.552347826087,4340.3075131194955,4137.557758454106,4390.482221611506
44,Secondary school or above,males,2017-2018,35534,19865,5284.655475507026,4962.816427552647,5494.786617511866,5026.5868780938,5535.634584716984,5056.639734877087,5570.741805969868,5056.639734877087
45,Secondary school or above,males,2017-2018,17764,28981,8318.596843803949,5494.101514785549,8416.378874878032,5545.270142507159,8482.807231854687,5570.396662180969,8482.807231854687,5592.859655176379
46,Secondary school or above,males,2017-2018,27163,20534,4421.391108002307,5147.505503068082,4511.001239431089,5193.46829648388,4542.51469523494,5679.318593552158,4545.263532501319,5679.318593552158
47,Secondary school or above,males,2017-2018,30153,24753,6048.161719674107,5208.537409606916,6253.841751511735,5331.315658708036,6481.127925358451,5360.329879206561,6483.224123636123,5360.329879206561
48,Secondary school or above,males,2017-2018,20361,24266,7452.171754006844,4294.949833786643,7482.13688342092,4346.4284458364245,7590.031121588659,4421.613203659441,7590.031121588659,4434.488007912305
49,Secondary school or above,males,2017-2018,24068,13782,6154.826256163094,5666.277173124365,6190.872666334275,5756.200261210274,6211.747063874578,5904.922023895902,6211.747063874578,6048.815750012092
50,Secondary school or above,males,2017-2018,10726,16391,3832.288442414072,4797.420637341631,3893.6347038349186,4880.833485856059,3993.95169059606,5210.1300510442725,3993.95169059606,5377.636609521485
51,Secondary school or above,males,2017-2018,12799,11550,6155.057035705914,5673.704054834055,6165.956324712868,5684.050375180375,6255.893038518634,5778.162929292929,6255.893038518634,5778.162929292929
52,Secondary school or above,males,2017-2018,25499,17357,4176.336712550818,3255.015027558526,4380.789828359281,3300.1247815482707,4808.466730721466,3316.6618175183885,4815.045289357752,3399.21832689981
53,Secondary school or above,males,2017-2018,21846,23140,4764.373188074094,5511.683318928262,4799.313222863072,5704.308643042351,5155.2670206597695,5961.071823681936,5155.2670206597695,5961.071823681936
54,Secondary school or above,males,2017-2018,24217,13044,5387.932100039917,22755.36225467648,5424.947419856575,22755.36225467648,5666.664670823526,24062.067764233874,5727.118071327304,24072.129861749974
55,Secondary school or above,males,2017-2018,13545,17738,3515.7202104097455,4991.37468523321,3544.3137873754154,5061.59680723118,3656.4461855543254,5149.543588153494,3656.4461855543254,5149.543588153494
56,Secondary school or above,males,2017-2018,15972,15840,5184.714479505802,5166.850084175084,5221.238396360297,5222.872811447811,5520.2115994657315,5592.039004629629,5520.2115994657315,5592.039004629629
57,Secondary school or above,males,2017-2018,9378,19143,6218.185362906092,6200.869229831618,6513.498862586195,6376.102996743805,7218.07873036184,6531.888401330339,7218.07873036184,6541.16072019363
58,Secondary school or above,males,2017-2018,12501,10605,4837.876943177879,5736.430410183875,4842.932538730235,5767.642102781707,4963.722875503293,6024.7651579443655,5151.039890142122,6024.7651579443655
59,Secondary school or above,males,2017-2018,11164,12252,4536.566493490983,4414.365083251714,4630.529230861101,4449.036973555338,4861.572465066284,4940.194879747524,4861.572465066284,5098.073865491348
60,Secondary school or above,males,2017-2018,10976,8152,5294.781158892129,5541.760324664704,5331.428389212829,5544.3805405626435,6139.000971817299,5660.345620706576,6142.317298347911,5660.345620706576
61,Secondary school or above,males,2017-2018,5344,9119,9273.78000249501,10842.345560551228,9317.073415668663,10885.66171363819,11647.786988522954,11046.041141207003,11707.966629241517,11046.041141207003
62,Secondary school or above,males,2017-2018,7953,10377,4891.162663984241,5168.443031062285,4891.162663984241,5213.7143040698975,5010.331531078419,5325.316886704571,5010.331531078419,5348.555973145739
63,Secondary school or above,males,2017-2018,6059,12310,4134.082631897453,5294.920904413756,4167.883589151125,5301.71213105876,4798.621334653683,5822.508231789873,4798.621334653683,5822.508231789873
18,At most primary school,females,2017-2018,26268,16996,148.01564641388762,350.6772181689809,228.76789249276686,509.1427394681101,231.2195446931628,514.7735741743155,231.2195446931628,514.7735741743155
19,At most primary school,females,2017-2018,30243,31166,397.40667261845715,310.43685426426237,493.60060179215026,497.0498299428865,493.60060179215026,507.706073926715,493.60060179215026,507.706073926715
20,At most primary school,females,2017-2018,23246,32924,292.6236771917749,650.6426922609646,466.30611718145053,760.4637954076054,504.7514411081476,774.58950917264,504.7514411081476,774.58950917264
21,At most primary school,females,2017-2018,27046,34765,491.0843624442308,456.20166834459945,650.5473144519215,519.7008773191428,650.5473144519215,531.165904405772,650.5473144519215,551.5427201687521
22,At most primary school,females,2017-2018,20622,28101,465.8539423916206,637.9748051670759,603.3776549316265,744.1706700829152,618.3131607021627,779.9587203302374,618.3131607021627,796.7677306857407
23,At most primary school,females,2017-2018,15481,21081,735.7372650345585,427.8098761918315,838.3992377753375,569.5735496418577,840.1287772107745,582.1773951267334,840.1287772107745,582.1773951267334
24,At most primary school,females,2017-2018,30473,17645,634.0151390848729,1015.7608387645225,739.7953379494415,1174.5298951544346,753.2925321869633,1255.5473221875886,753.2925321869633,1255.5473221875886
25,At most primary school,females,2017-2018,8014,19662,1372.8325430496632,641.8928898382667,1577.17868729723,823.249821991659,1577.17868729723,823.249821991659,1577.17868729723,825.8945173430983
26,At most primary school,females,2017-2018,24799,23913,435.09012460179844,654.5897907693166,516.8434211056897,797.0102315337543,562.6517198274124,830.2255676828504,626.1623452558571,906.8782252331368
27,At most primary school,females,2017-2018,18976,21144,607.2154300168634,1067.971024088788,752.8117095278246,1166.9778345314667,813.8282567453625,1186.0092382393746,813.8282567453625,1186.0092382393746
28,At most primary school,females,2017-2018,24538,13893,777.278792077594,1029.9949614913985,923.8013285516342,1096.3125314906788,1008.0828510881082,1119.0945080256245,1011.179001276931,1172.43072050673
29,At most primary school,females,2017-2018,19477,26487,881.647875271688,1071.9201872616754,1011.5282469921789,1180.388492468003,1052.099176806832,1184.0280137425907,1067.8767606236415,1270.2363423566276
30,At most primary school,females,2017-2018,25154,18759,719.89063369643,412.95836665067435,879.9451777053351,575.8519110826803,933.3270950942195,617.8877338877339,936.7619364713365,838.5284929900314
31,At most primary school,females,2017-2018,27927,22164,714.4070970745157,996.5789719063947,860.4406846421026,1048.5870931841423,905.899917642425,1118.4381579738915,905.899917642425,1130.4817120856644
32,At most primary school,females,2017-2018,23270,22831,915.3397650766366,660.246477742251,1045.6448789571696,676.0583125282876,1086.001561380891,719.3729578205072,1086.001561380891,916.8048121705867
33,At most primary school,females,2017-2018,23858,45942,727.6433062285188,1152.7879391406557,768.0750272445301,1251.7326955726787,823.9823748847348,1337.6109587450844,930.6027957079386,1348.6458868428308
34,At most primary school,females,2017-2018,35714,17123,1247.2860456216983,1445.5811870972766,1297.9896912508634,1471.3009791897837,1355.1027981557186,1519.9431563783605,1477.1511078755298,1519.9431563783605
35,At most primary school,females,2017-2018,14831,38594,797.3046996156698,993.4032060251162,908.5514125817544,1080.835967594272,1023.8302879104579,1182.8410828107997,1072.242397680534,1283.7441592820992
36,At most primary school,females,2017-2018,40786,30948,1271.3768368230928,1301.3343780965922,1339.2979372006735,1378.1315863168327,1427.4526246751336,1402.078071819396,1706.110170565063,1420.797644435828
37,At most primary school,females,2017-2018,30604,18204,967.1066527251339,1121.4193950047609,1133.4293556397856,1191.6947191093532,1234.4553653117239,1230.484270856222,1257.9163508038164,1357.6266571449498
38,At most primary school,females,2017-2018,38897,38275,1471.8438697071754,1438.9924058349663,1598.0520605702238,1526.5208186370564,1655.4676281804082,1565.5290703244068,1691.532963124834,1627.2403701284563
39,At most primary school,females,2017-2018,25362,32098,884.6473069947165,1188.433588800964,1022.3399179875404,1252.7456954742768,1080.0394290671084,1340.2082450619978,1080.8280104092737,1340.2082450619978
40,At most primary school,females,2017-2018,32258,39321,1444.1350982701965,1026.8005645838102,1547.2121644243289,1120.8828615752398,1674.219160104987,1190.34714274815,1720.9339285345236,1220.8222578266068
41,At most primary school,females,2017-2018,33621,32721,1227.632501511952,1229.3508959587623,1297.617481137781,1257.7779000234302,1425.6340729504377,1375.5296878661002,1464.3152543549172,1425.191729572242
42,At most primary school,females,2017-2018,41491,27731,1345.3800502920312,1030.1575853737695,1382.0870469901104,1068.157657495222,1446.2266595968604,1128.347817725049,1552.1633687627036,1145.5794357698364
43,At most primary school,females,2017-2018,28344,47339,851.4015194279801,990.63895871621,918.9784316492616,1063.375286057303,964.2975468059085,1096.9818261194082,1056.2394039890864,1184.1932163050901
44,At most primary school,females,2017-2018,36692,12092,1377.3768396380683,1342.017284154813,1413.473045895563,1373.0241481971552,1517.730672444493,1415.5536442827213,1649.4732866383226,1483.3908093505347
45,At most primary school,females,2017-2018,24233,42824,1157.409359138365,1211.6150289557258,1243.8171501671275,1245.5060713618532,1394.153777906161,1395.6322194719473,1458.9620971402633,1467.367694906283
46,At most primary school,females,2017-2018,39099,33427,1102.7166466320537,1641.068198362601,1186.3700904541463,1724.79213410317,1270.9475093139636,1807.848645306688,1270.9475093139636,1906.6673647051782
47,At most primary school,females,2017-2018,32878,24081,880.1864063101973,1772.6040446825298,951.7318774459111,1810.6240604626053,1053.7120262789708,1830.5401769029525,1164.4851876634832,1908.3650180640338
48,At most primary school,females,2017-2018,24143,33194,1464.630479504066,1631.4419372979053,1539.5275511190268,1670.0061356470046,1795.9275428350522,1700.3208511578398,2196.977536622071,1700.3208511578398
49,At most primary school,females,2017-2018,34237,25904,1753.849315068493,1546.6681336215772,1806.6135759558372,1565.1479050854439,1960.9340479598095,1668.6685968704962,2018.4897138573278,1693.1049773522752
50,At most primary school,females,2017-2018,29231,24059,1150.2454386325019,1572.016854399601,1227.8592732601232,1625.4230641340039,1292.2324843488077,1661.9707178186957,1410.588567502537,1789.6568228105907
51,At most primary school,females,2017-2018,18618,25188,1441.3419271672574,1431.2363691705043,1541.9005263723277,1577.8855672013126,1612.1862534464854,1751.5257927055209,1748.1066888674043,1977.149105394103
52,At most primary school,females,2017-2018,32519,28154,1301.9101448384022,1045.9192773081386,1376.6589993542236,1125.8731026970709,1613.9091761739292,1269.7389447325424,1696.4465235708356,1269.7389447325424
53,At most primary school,females,2017-2018,15831,31664,1215.2548586107428,906.0119062657908,1351.777504053229,1019.5972081859525,1418.1750784326111,1080.276686457807,1418.1750784326111,1115.393327859188
54,At most primary school,females,2017-2018,25951,19413,870.926515355863,1794.4100001717063,953.2670802666564,1804.511221003108,1103.3595622519363,1830.0164666288913,1356.1436553504682,2041.524219165851
55,At most primary school,females,2017-2018,26047,25795,912.667370522517,2184.933475479744,975.0361653933275,2188.83539445629,1093.1845126118171,2240.1360341151385,1114.5612546550467,2320.912670414163
56,At most primary school,females,2017-2018,27591,18923,1246.0461019897793,1272.3578537582132,1282.9319705701134,1335.9915270658282,1409.280402425912,1447.3416477302753,1606.802541287618,1778.9099332382111
57,At most primary school,females,2017-2018,17246,16398,1114.920290695427,956.7645038012766,1170.009006919479,1004.3373785420987,1235.2825969306894,1085.0027035817377,1235.2825969306894,1306.682176688214
58,At most primary school,females,2017-2018,13779,18688,770.615356702228,871.5994399257992,792.8187096305973,922.4668414668951,1021.2762658151292,1070.644593678653,1097.3174879647772,1142.9191370576484
59,At most primary school,females,2017-2018,28289,14157,1262.6612346377271,999.2772480045207,1300.4907796905745,1114.9458218549128,1328.5975231833338,1206.6507499234772,1347.0181106908456,1213.2105201196111
60,At most primary school,females,2017-2018,23508,23312,1116.0643894277125,1966.390943148021,1173.6851993647551,1998.2311970944863,1324.617860586467,2048.1483356211393,1425.6367477738074,2290.7585792724776
61,At most primary school,females,2017-2018,9099,13108,1712.7726123749862,1863.0294222357848,1738.5776458951532,1863.0294222357848,1888.396307286515,1903.7328094802156,1888.396307286515,1963.1011341674296
62,At most primary school,females,2017-2018,12292,13017,764.5364464692483,1386.7186243630124,851.4734786853238,1418.1083454969141,970.7149907799111,1425.944252387903,1086.3067035470224,1516.6717625668996
63,At most primary school,females,2017-2018,23718,18436,911.8954802259886,1336.5632819845232,987.4941816342018,1355.4068489187823,1159.2479551395563,1514.4679250741306,1741.5314529049667,1555.7784045707674
18,Secondary school or above,females,2017-2018,5096,12337,112.44113029827315,240.99051633298208,115.71428571428571,255.74288724973655,115.71428571428571,255.74288724973655,115.71428571428571,255.74288724973655
19,Secondary school or above,females,2017-2018,4568,13080,147.42775831873905,443.14092762487263,147.42775831873905,501.67303771661574,147.42775831873905,505.52242609582066,147.42775831873905,505.52242609582066
20,Secondary school or above,females,2017-2018,9252,20677,321.2926934716818,609.2457803356386,422.15520968439256,679.5122599990327,422.15520968439256,731.8514130031758,422.15520968439256,740.1504892714933
21,Secondary school or above,females,2017-2018,13472,39055,906.8605997624703,1051.5690692612982,1057.759130047506,1176.548713352964,1098.239385391924,1186.457815900653,1136.429706057007,1186.457815900653
22,Secondary school or above,females,2017-2018,19556,23592,805.0882934478761,1548.4321380128856,995.4595350105678,1647.6700152594099,998.4850344310356,1714.6413402848423,1000.3813663325833,1748.1272677178704
23,Secondary school or above,females,2017-2018,33522,52322,1363.049360618897,1256.9997133137113,1569.1367062426666,1332.3123924926417,1599.3564127040947,1357.256329396175,1607.6614064395521,1357.256329396175
24,Secondary school or above,females,2017-2018,38106,44673,1991.674801868472,1845.447667867989,2080.3715950244055,1949.1455390653564,2177.5562028726886,1949.1455390653564,2191.281075596144,1949.1455390653564
25,Secondary school or above,females,2017-2018,51226,46960,1521.1366363435234,1813.5397359454855,1617.005921472169,1908.330408858603,1649.6120036700113,1929.6293867120953,1714.4228419162143,1929.6293867120953
26,Secondary school or above,females,2017-2018,39979,42253,1965.3241076565196,2093.4460235565125,2024.4478976462642,2143.5960720737776,2110.2354361039543,2150.610958590711,2111.81876735286,2166.4678208253454
27,Secondary school or above,females,2017-2018,38879,40217,2209.0013889246125,2503.698199766268,2315.488181280383,2592.4302036452245,2364.355286058455,2720.5018731713785,2460.932701458371,2746.0433108718535
28,Secondary school or above,females,2017-2018,34887,44247,2126.230410563629,2358.4790908611503,2255.6109821232358,2387.2344867071965,2268.8649640267145,2481.011277600741,2270.679393470347,2482.856977120859
29,Secondary school or above,females,2017-2018,34487,38743,2754.241356646466,3101.9245627167056,2836.7681058563135,3158.895628457614,2878.821633272441,3182.6741174749845,2918.4868211210023,3250.3876743325673
30,Secondary school or above,females,2017-2018,35816,30833,2525.6806176010723,2607.12285538222,2622.655545007818,2692.7778354360585,2846.688798302435,2750.55089244208,2869.1619946392675,2884.997210780657
31,Secondary school or above,females,2017-2018,33009,43242,2797.73581447484,3167.303682376702,2903.0461237844224,3204.401527064737,2964.84921789007,3326.481757704701,3017.667136235572,3332.2816744523075
32,Secondary school or above,females,2017-2018,23757,22234,3953.6881199927043,2941.3207362597823,3989.4813598798955,2960.7396442385534,4002.999270390482,2986.259118916974,4002.999270390482,3052.171685256814
33,Secondary school or above,females,2017-2018,28861,49243,3049.4316898236375,2930.115590033101,3136.6393402861995,2976.0108441808984,3208.3640148758996,2999.8237042151504,3410.233850755922,3037.8027063068184
34,Secondary school or above,females,2017-2018,49554,27354,3351.418378603813,3108.814189271526,3454.4258048458923,3134.626136335941,3543.353708412372,3233.322244156857,3574.612537164844,3247.896590382881
35,Secondary school or above,females,2017-2018,30342,35127,3673.0659893876473,3260.328802155986,3691.5473024190887,3271.380130194247,3946.022770966537,3330.014751235991,3959.0377337244304,3330.014751235991
36,Secondary school or above,females,2017-2018,32534,17456,2981.070526218725,2964.758086999694,2999.8969846929363,2985.326372975863,3135.7338527899014,3068.885034754048,3292.8289942829037,3068.885034754048
37,Secondary school or above,females,2017-2018,28452,25565,2947.2149585266416,3552.840132994328,2949.6611837480673,3589.542655974966,3013.7550963025446,3610.6773453289,3013.7550963025446,3610.6773453289
38,Secondary school or above,females,2017-2018,26399,32011,2487.18983673624,3417.3484218966396,2590.0509299594682,3475.571220309685,2893.963956968067,3618.9094477939875,3034.2085369395304,3639.1629023356554
39,Secondary school or above,females,2017-2018,30689,24948,3924.7363659074367,3698.7641093474426,3984.9335049474835,3717.1856261022926,4092.570606188971,3845.8757014590346,4101.537988638708,3909.4612928224037
40,Secondary school or above,females,2017-2018,26587,24028,3635.29012299244,3143.15995921425,3702.7516643472377,3173.9240677542866,3813.253037198631,3338.7831210809613,3835.008030240343,3449.5913448199326
41,Secondary school or above,females,2017-2018,19443,19136,3336.6715784601142,3892.490889771461,3355.5986987604792,3917.122996794872,3401.461605719282,3999.0431995540694,3401.461605719282,3999.0431995540694
42,Secondary school or above,females,2017-2018,23189,28379,3408.7643063521496,3804.995292880886,3488.9971753848804,3810.7477859215146,3694.4250362959447,3867.009458284882,3753.396100162433,3882.461024583906
43,Secondary school or above,females,2017-2018,17977,23360,3574.6662726446752,3304.1811929223745,3609.504677272811,3376.2085901826485,3668.569037288387,3674.611843607306,3690.9643201498207,3719.315039954338
44,Secondary school or above,females,2017-2018,28833,13250,3546.8968542988937,2356.424905660377,3584.546422501994,2446.2437735849053,3706.4654042243264,2462.6116981132072,3706.4654042243264,2699.2622641509433
45,Secondary school or above,females,2017-2018,11828,21772,3476.362656408522,3080.1169621532244,3583.6403026716266,3190.4164293588096,3623.8837926952992,3365.9140103496848,3747.9397052192535,3530.4372512095047
46,Secondary school or above,females,2017-2018,23684,16960,3531.925406744356,3919.8219536163524,3597.3133479705007,3940.5501375786166,3999.0374373698137,4015.497071540881,4085.544502617801,4275.324115566038
47,Secondary school or above,females,2017-2018,11544,9804,2746.2798856548857,3874.8927308581533,2753.7313756063754,3934.7866517067864,2816.844681219681,3935.714844281246,2887.530751905752,3955.859683122535
48,Secondary school or above,females,2017-2018,13461,15333,3632.0667360027737,4306.67255809909,3703.6676571824783,4323.567490597622,3834.642324740609,4343.480966977543,4062.8571676200386,4373.739494336834
49,Secondary school or above,females,2017-2018,18888,11196,3804.2706568544404,4432.458020721686,3903.5451168290274,4439.987495534119,4081.0581762671186,4818.71204001429,4083.0912131159116,5073.743598904371
50,Secondary school or above,females,2017-2018,11861,18111,6251.879549222943,3974.6968693059466,6279.3814461962165,4025.4687758820605,6538.626029283646,4043.42655476414,6538.626029283646,4241.482984558187
51,Secondary school or above,females,2017-2018,8476,13071,3256.7593990876203,4051.76672277051,3311.498662891301,4141.492068956724,3374.3585024382573,4294.020567158851,3374.3585024382573,4350.251919006452
52,Secondary school or above,females,2017-2018,10546,8955,4423.015993425627,4717.362814070351,4509.247740059422,4717.362814070351,4641.662873759403,4986.932886655499,4641.662873759403,4994.005285687697
53,Secondary school or above,females,2017-2018,9671,8894,2720.5162858029157,7275.7052132523795,2727.049219315479,7303.8444082152755,2957.5424464895045,7345.546679409339,4234.432116637369,7345.546679409339
54,Secondary school or above,females,2017-2018,17087,5733,4020.886346345175,3621.9896505610795,4165.531983379177,3649.479620908193,4471.085913267397,3649.479620908193,4545.8913208872245,3649.479620908193
55,Secondary school or above,females,2017-2018,8005,6663,4110.120674578388,5148.215918755315,4122.313054341037,5153.101105608084,5316.903935040599,5432.794937215468,5316.903935040599,5432.794937215468
56,Secondary school or above,females,2017-2018,5821,8428,5503.46818988719,3827.796828033539,5785.979785832904,3830.140207245689,6040.472141098323,3870.8220613826925,6040.472141098323,4026.0190238886253
57,Secondary school or above,females,2017-2018,10599,6296,3476.221931314275,5170.425667090216,3494.0962590810454,5247.045743329098,3614.1830597226153,5258.64040660737,3614.1830597226153,5437.420584498094
58,Secondary school or above,females,2017-2018,8231,7505,5776.253391649455,3273.2871419053963,5805.377434900579,3303.2005329780145,6221.912485319725,3452.869642460582,6221.912485319725,3452.869642460582
59,Secondary school or above,females,2017-2018,6832,8432,5206.70862607338,4194.532179000633,5366.532982045277,4194.532179000633,6402.009416471507,4407.293089816572,6420.78137197502,4894.010357368754
60,Secondary school or above,females,2017-2018,3574,6349,4663.691475470994,4355.172205596682,4663.691475470994,4409.889483908227,4755.4094385375865,4556.743319157873,4755.4094385375865,4556.743319157873
61,Secondary school or above,females,2017-2018,5698,5249,3676.855036855037,3320.4019813297773,3676.855036855037,3462.028957896742,3703.022113022113,5032.442369975233,3703.022113022113,5178.298723566394
62,Secondary school or above,females,2017-2018,5598,3289,5291.641002739073,3753.8654099523665,5422.366261760152,4122.819499341238,5805.538823389305,4122.819499341238,5805.538823389305,4122.819499341238
63,Secondary school or above,females,2017-2018,3766,5863,2020.4142326075412,2000.7329580988119,2020.4142326075412,2139.9108533742683,2080.477960701009,2388.299050542953,2318.396176314392,2812.890556597874
18,At most primary school,urban,2017-2018,15862,21400,427.1011852225445,500.68196261682243,443.68169209431346,516.3128037383177,447.74170974656414,542.6827414330218,447.74170974656414,542.6827414330218
19,At most primary school,urban,2017-2018,14074,19013,701.0132158590309,470.4844054068269,876.5098763677704,606.528164939778,876.5098763677704,611.9881133960974,876.5098763677704,672.162730763162
20,At most primary school,urban,2017-2018,20203,20618,681.1973469286739,1129.1255860574902,836.7500866207988,1195.919649497203,881.416720289066,1206.0176221424645,881.416720289066,1206.0176221424645
21,At most primary school,urban,2017-2018,19643,19601,868.474859576779,1017.2237640936687,914.3955437899847,1088.5573695219632,918.962056033532,1153.411203510025,918.962056033532,1153.411203510025
22,At most primary school,urban,2017-2018,22649,24200,1064.548398016101,1209.5980716253443,1183.822714762977,1254.945179063361,1246.4045800403258,1428.4849517906337,1246.4045800403258,1448.0035468319559
23,At most primary school,urban,2017-2018,22951,23762,1200.3756815244071,1353.2058328423534,1356.8420664313828,1387.5998232472016,1370.6520420315746,1432.2895238896838,1370.6520420315746,1432.2895238896838
24,At most primary school,urban,2017-2018,26087,11448,1137.8764646503366,2127.1051129746097,1236.9050996026117,2188.7752737013743,1452.0582410140428,2224.868914511996,1517.7997981114474,2224.868914511996
25,At most primary school,urban,2017-2018,16106,20838,1513.2147439877479,1641.1374092203348,1600.0177987499483,1690.4382058418917,1668.7209735502297,1721.5532360751192,1668.7209735502297,1724.0486770963305
26,At most primary school,urban,2017-2018,21509,21743,1056.7766981263658,1081.3425930184428,1181.6955692965737,1184.3688543439268,1202.1986145334513,1242.6790959542536,1224.3288855827793,1314.8572682395868
27,At most primary school,urban,2017-2018,27474,21715,1015.9595981655383,1684.910277074219,1087.9585790201645,1698.7394274311152,1092.6357283249617,1820.7863995701896,1092.6357283249617,1820.7863995701896
28,At most primary school,urban,2017-2018,27405,19569,1377.8924770419023,1773.1662323061985,1515.6782825518458,1810.7460779804792,1560.5216809584626,1868.6828657570647,1569.6978653530377,1906.5488783279677
29,At most primary school,urban,2017-2018,27205,21884,1510.5193714390737,1690.5727167489188,1577.5335232494026,1714.329799549138,1687.8626753660478,1742.719262170231,1716.2777951356982,1770.8219856211542
30,At most primary school,urban,2017-2018,20294,10767,1508.8858775992903,1991.4934522151018,1626.8311816300384,2118.3533017553636,1716.0242107683714,2118.3533017553636,1720.2816267533917,2118.3533017553636
31,At most primary school,urban,2017-2018,23857,22670,1564.3586787944837,1879.3160123511248,1680.8875801651507,2034.3512130569034,1831.5866412373725,2158.279311865902,1831.5866412373725,2158.279311865902
32,At most primary school,urban,2017-2018,35645,16882,2182.4613269743304,1803.7888480827705,2350.2267358675836,1834.1951980413062,2391.856697994109,1869.2078347747106,2391.856697994109,1871.903013071121
33,At most primary school,urban,2017-2018,27939,31707,1725.5831155970745,1795.6745986690637,1849.332355011513,1874.625303560728,1933.742588019137,2023.5119321706038,2047.7655427896489,2023.5119321706038
34,At most primary school,urban,2017-2018,45956,15574,1647.5131303130531,2493.5814391507215,1715.7131477210087,2616.3341038482945,1787.003706443845,2672.927271948975,1803.7407302637305,2672.927271948975
35,At most primary school,urban,2017-2018,25336,34755,1779.81126986633,2139.682779456193,1903.3666850857805,2225.036397640627,1972.540982528155,2321.251810291085,1981.007196610883,2326.934445883086
36,At most primary school,urban,2017-2018,38961,27435,1925.2465114687336,2138.114646740781,1987.4700170255726,2231.3317052426946,2117.3471163471163,2237.142105582893,2136.8348091681423,2237.142105582893
37,At most primary school,urban,2017-2018,29190,21684,1996.9748772410642,2092.714735903585,2162.060180427087,2154.7697073110744,2476.7101747173688,2204.820051650987,2476.7101747173688,2204.820051650987
38,At most primary school,urban,2017-2018,40643,42830,2144.671841809578,2321.9973227488517,2288.732073583807,2347.208623239162,2319.943680338558,2525.4544011207095,2338.1325443495807,2623.087679975095
39,At most primary school,urban,2017-2018,29353,24264,1864.2280743592364,2018.0580283547642,1941.581666837007,2072.0553082756346,1963.27621253932,2137.20738542697,1963.9575738993176,2137.20738542697
40,At most primary school,urban,2017-2018,40096,28397,2483.4470021947327,1939.2948903053139,2622.284167996808,1965.531816741205,2714.330548350625,2046.967179631651,2751.913474328279,2089.1657217311686
41,At most primary school,urban,2017-2018,21622,35453,2563.3980744920295,2089.406070478286,2661.4754956371594,2116.5501767598416,2854.594194184935,2253.7233449919613,2854.594194184935,2272.085683863143
42,At most primary school,urban,2017-2018,50275,32038,2122.567856787668,2071.875793328755,2212.1332471407263,2143.478265393179,2259.690018233052,2272.3831075597727,2359.2647571689045,2319.291466383669
43,At most primary school,urban,2017-2018,28333,49672,1858.6975964423111,1723.0876013314005,1898.3361804256522,1864.6537754335104,1914.1863668984342,1878.2784868738925,2006.1639195755245,1932.4820623288772
44,At most primary school,urban,2017-2018,38388,17321,2231.5835677815985,1939.2056848141947,2420.1008648536003,2005.2359371090968,2643.8349831544583,2264.491561303235,2757.5944913340977,2311.8495083039857
45,At most primary school,urban,2017-2018,22485,39873,1945.844577866726,2825.0502804738376,2224.6477800014827,2858.9930487631564,2327.4208138759172,2915.0524540415818,2327.4208138759172,2992.097070699471
46,At most primary school,urban,2017-2018,43013,25073,1696.2226633033424,1747.5144046052194,1756.5008582676555,1833.335008442016,1805.3582967164966,2157.1760592403516,1805.3582967164966,2203.753386777277
47,At most primary school,urban,2017-2018,41409,24341,1946.0355075788675,2289.967106254194,2019.375168039154,2342.0997220053955,2071.115912804785,2344.4876682689014,2159.0678073204695,2383.7670733878367
48,At most primary school,urban,2017-2018,21695,35517,2132.0341399708072,2001.2029919944441,2194.1645847737573,2068.8283544969077,2203.9406468464313,2152.437307017297,2794.1227164477223,2165.754873253184
49,At most primary school,urban,2017-2018,39891,31617,2169.7047120068855,3152.5853601965186,2251.6140399254637,3187.8290582070827,2460.801575961161,3279.2723745664252,2480.418365044747,3324.5802785421342
50,At most primary school,urban,2017-2018,31014,29004,1623.7284747748329,2382.1539960005516,1719.6506389587498,2428.5286339815198,1754.5561654951528,2457.3987898220935,1778.9859928849337,2563.315215142739
51,At most primary school,urban,2017-2018,15996,31265,2881.299887471868,2361.3016152246923,3025.8760315078766,2505.450983527907,3056.771255313828,2640.010061836985,3084.4719304826203,2653.635521616291
52,At most primary school,urban,2017-2018,34236,30056,1877.179586789734,1536.7586283382132,2006.3835825836352,1621.3357510424985,2171.0757195155197,1672.830738177624,2249.4736632005297,1703.5234451246563
53,At most primary school,urban,2017-2018,29008,46202,2612.4686523257956,1989.7195720242992,2715.7984234234236,2061.074491724745,2827.132882882883,2124.011882602485,2881.1869369369374,2199.794316263365
54,At most primary school,urban,2017-2018,44289,23360,1923.1925233504182,1598.6911957762559,1966.9889513573726,1663.6610159817353,2043.4039001407425,1702.8369577625572,2617.1129475340003,1747.0664098173518
55,At most primary school,urban,2017-2018,24549,25894,1411.208766141187,2464.8382894364204,1469.097071163795,2474.4710228881854,1590.380932013524,2547.945572977009,1609.8929284288565,2645.7487963749645
56,At most primary school,urban,2017-2018,36491,25587,1445.374731668996,2109.3880942145097,1483.6743123875294,2145.7940816299943,1575.5602111936275,2233.3756660283216,1639.2334456898047,2262.2379789215875
57,At most primary school,urban,2017-2018,19818,17813,1695.9089548222153,2086.9561556166846,1760.4063814041106,2130.750014034694,1806.5374238907389,2248.54039184865,1806.5374238907389,2328.0328973221804
58,At most primary school,urban,2017-2018,23810,29807,1822.4789164216716,1565.9880788629068,1868.8543889122218,1605.0329340982541,2042.1163236735265,1674.354458125049,2055.777474450511,1818.4537189250846
59,At most primary school,urban,2017-2018,30324,16747,1502.133722464055,1604.3426285304831,1545.7216396253793,1686.5567564339883,1577.6218396869367,1847.0213172508509,1585.519874247021,1852.5665890408234
60,At most primary school,urban,2017-2018,32721,17386,1434.3679797887187,2068.38895279727,1541.837341972026,2108.0099121898847,1606.3899228833675,2185.82942214042,1649.7932418528364,2342.5520725487945
61,At most primary school,urban,2017-2018,18108,16161,1887.1015205065903,1517.7107027205413,1900.068165083573,1517.7107027205413,1998.6168866431046,1536.2825732731062,2112.4708001988074,1608.7409607491286
62,At most primary school,urban,2017-2018,22189,12461,1902.9213273844398,2497.3647112323783,2024.6041431940753,2624.469277479068,2171.395646491505,2670.669421929754,2261.9969955082847,2802.4940480967284
63,At most primary school,urban,2017-2018,23014,24612,1253.9818661104835,2240.960371634433,1342.467570464355,2259.31117612005,1415.0397728918629,2607.8544341513625,2073.151762695171,2657.1731946475975
18,Secondary school or above,urban,2017-2018,3274,9884,356.9578497251069,417.5212464589235,383.01771533292606,515.1264670174019,383.01771533292606,515.1264670174019,383.01771533292606,515.1264670174019
19,Secondary school or above,urban,2017-2018,7954,19045,323.88106613024894,649.3331583092676,323.88106613024894,679.8293515358362,353.7297795658369,679.8293515358362,353.7297795658369,682.2971908637438
20,Secondary school or above,urban,2017-2018,13591,20687,547.2036641895372,1005.0584908396578,624.3988668972114,1038.9783438874656,624.3988668972114,1045.879618439922,644.8830108159812,1054.1746829732037
21,Secondary school or above,urban,2017-2018,31846,47729,1049.4630722853733,1424.341420659697,1140.6398291779187,1497.6071500904413,1164.663254411857,1516.9413075209343,1180.8191295610122,1517.8767974746313
22,Secondary school or above,urban,2017-2018,44538,49161,1200.3721410181568,1888.3053775689402,1264.7778170700674,1953.4444105422322,1266.580023425689,2005.3150668212609,1267.4126756926669,2021.3847155265353
23,Secondary school or above,urban,2017-2018,57434,73839,1756.190177711228,1683.2265785470188,1879.4224094903136,1770.6726436345741,1928.4406739329781,1785.4008676534982,1933.2879769242377,1785.4008676534982
24,Secondary school or above,urban,2017-2018,67146,63224,1948.6444662873935,2360.724871093256,2037.3297193181027,2441.313492502847,2135.542941252395,2532.7502886562065,2148.9130452049762,2532.7502886562065
25,Secondary school or above,urban,2017-2018,83839,78962,2261.4972536647624,2621.824129539103,2353.5083702095685,2680.244534290756,2396.6343517535597,2749.124501870098,2436.234060719554,2750.4985805408505
26,Secondary school or above,urban,2017-2018,82556,80815,2142.092658316779,2705.8325238713933,2240.9161236009495,2779.678839530615,2300.0376088150265,2813.3831848460472,2300.8043610801556,2813.3831848460472
27,Secondary school or above,urban,2017-2018,86362,68551,2462.1890569154643,3392.108923769651,2535.1460055734387,3441.9073949808662,2570.9522147086295,3560.429979139619,2614.430056043167,3579.573876870262
28,Secondary school or above,urban,2017-2018,64534,72660,2585.591363983843,2996.7776539132033,2665.917083759465,3054.1193825121572,2849.432879050836,3144.658652169924,2881.5296549105897,3161.168542985595
29,Secondary school or above,urban,2017-2018,79582,73449,3194.278501001064,3626.6530869492212,3336.4709565814715,3677.5349233254824,3419.907438239803,3696.334816221687,3437.9262532147136,3732.0524751868647
30,Secondary school or above,urban,2017-2018,66270,58778,2871.7480232382677,3251.2409575011056,2952.9544514863437,3322.7421994623837,3092.864164277451,3400.4325484591736,3105.0099315929783,3497.694846144249
31,Secondary school or above,urban,2017-2018,62336,72957,3218.6332376155033,3562.108659895555,3291.062427810575,3610.8579916937374,3337.878834060575,3674.33099634031,3358.8806093856947,3677.7686376906945
32,Secondary school or above,urban,2017-2018,56250,40707,3843.668554074074,3727.5588821742367,3906.0137985185183,3750.3408361379284,3957.7001985185184,3789.848250915076,3957.7001985185184,3821.095947871373
33,Secondary school or above,urban,2017-2018,61311,91401,3965.7886132450403,3925.172073245005,4097.358478358968,3991.42034186351,4214.354340982858,4017.628206110072,4309.380769084395,4045.360068999975
34,Secondary school or above,urban,2017-2018,76605,49467,3703.5813001762285,3510.7745837292205,3795.4034397232554,3561.8130538203923,4004.7817168156994,3583.5955889785114,4030.484999891217,3590.145410071361
35,Secondary school or above,urban,2017-2018,54808,63611,4206.984433537683,3921.1520334533334,4236.202066000097,3956.377466161513,4392.170075536418,3994.3241263303516,4411.965117622732,4001.9051002709175
36,Secondary school or above,urban,2017-2018,63964,54460,4134.863071415171,3917.9470957277513,4217.404031955475,3984.6527512547436,4321.825175098494,4028.9394907577425,4399.290624413733,4033.1921532623332
37,Secondary school or above,urban,2017-2018,64777,46603,3535.57011233411,4334.157364690399,3598.9932409136986,4373.632720354198,3740.397340105284,4509.962105443856,3745.0841888324558,4509.962105443856
38,Secondary school or above,urban,2017-2018,48644,54993,3263.7001582929033,4330.317822268289,3328.734900501603,4387.395632171368,3568.943525066469,4422.348868643889,3635.9538449414795,4422.348868643889
39,Secondary school or above,urban,2017-2018,59340,44767,4684.061835748792,4150.2853180542215,4745.441512189641,4166.13225888117,4824.619834850017,4246.948306416185,4829.257516009437,4278.947323549341
40,Secondary school or above,urban,2017-2018,50642,41832,3395.551357239709,4718.066970262001,3472.058999117992,4748.609138936699,3659.5571890262368,4865.3176396060435,3670.9785388939354,4874.748219066743
41,Secondary school or above,urban,2017-2018,41640,46399,4518.650728466218,5435.646493818113,4572.334686199168,5473.424247649015,4805.678726384886,5546.343563438867,4805.678726384886,5566.390331688182
42,Secondary school or above,urban,2017-2018,53254,50723,4360.947606439579,5650.301083006394,4448.6670265770335,5691.457363194869,4574.264164820171,5731.179317075094,4599.942611509621,5743.175847248783
43,Secondary school or above,urban,2017-2018,37388,57071,3978.173034574373,4119.22024904651,4014.950610267109,4169.924810031949,4068.648989426197,4447.467257159212,4088.0359585071856,4494.560643759528
44,Secondary school or above,urban,2017-2018,56466,25786,4433.199282163898,4287.979782310815,4579.9840730114875,4353.046097365495,4667.849012385034,4359.347966596862,4689.941953269814,4480.949610899972
45,Secondary school or above,urban,2017-2018,23688,38420,4469.063442812113,4743.446612007635,4583.989987898232,4817.602208051362,4653.900209670156,4922.634309387472,4663.35647444557,4939.578609231303
46,Secondary school or above,urban,2017-2018,43746,29171,4295.844221947912,4852.589826654326,4380.446882762615,4896.995229280222,4596.899434614975,5183.240130037823,4641.177768634086,5334.30340063762
47,Secondary school or above,urban,2017-2018,37453,27686,5253.917158394076,5371.2337402778785,5421.804644042756,5487.791928531869,5618.358725157753,5491.960605841701,5641.833658184925,5499.094175154712
48,Secondary school or above,urban,2017-2018,31693,33771,5995.341855194101,4683.886855586154,6041.665018037632,4711.930147167688,6166.610103177357,4774.995104280793,6263.540024611112,4797.9844738582415
49,Secondary school or above,urban,2017-2018,34591,21369,5292.938866564521,5259.677804295943,5365.566457556398,5321.618933969769,5462.495331155504,5565.939366995804,5463.605446503426,5775.548770025114
50,Secondary school or above,urban,2017-2018,18481,27209,5701.616579189438,4385.711431266615,5746.284075537038,4469.755313805481,5947.988528759267,4640.424332635035,5947.988528759267,4772.255711958053
51,Secondary school or above,urban,2017-2018,18069,24621,3968.3629789510583,4812.636556868798,3995.485121847732,4865.124270609101,4088.6778829302493,4990.249163992798,4088.6778829302493,5020.101728876433
52,Secondary school or above,urban,2017-2018,29097,23330,4139.799778900459,4041.058929847121,4180.448299366487,4074.619581368767,4504.320748989014,4179.227382483212,4510.085833591092,4181.942056008001
53,Secondary school or above,urban,2017-2018,22883,26046,4488.883771067313,6256.051037907293,4522.240411367973,6386.12168215209,4877.741583999767,6574.598479612993,5008.004224387828,6574.598479612993
54,Secondary school or above,urban,2017-2018,33776,17316,5379.846459024159,18300.521882459383,5472.184213642823,18309.62329156079,5718.917594347071,19293.953775891277,5800.105420022106,19301.53347097097
55,Secondary school or above,urban,2017-2018,18434,21662,3748.5721809337815,4989.1344674237525,3774.8768353766586,5048.138714492352,4368.491894506527,5206.185062936633,4368.491894506527,5206.185062936633
56,Secondary school or above,urban,2017-2018,15929,21483,4847.337225605291,5097.642740771773,4983.321907631784,5139.869152353023,5376.102370937703,5426.170568977021,5376.102370937703,5487.055920184952
57,Secondary school or above,urban,2017-2018,19570,23847,4839.597270482031,6140.268573265679,4990.792978197922,6301.165122097817,5393.467990972577,6413.812415258382,5393.467990972577,6461.013321032694
58,Secondary school or above,urban,2017-2018,18813,17398,5327.7847233296125,4867.7356305322455,5343.886355179929,4899.664587883665,5606.3910062191035,5108.680375138905,5616.684420347632,5108.680375138905
59,Secondary school or above,urban,2017-2018,16869,16410,4944.03708973067,5141.493195206175,5070.951548204795,5167.379849685151,5643.228604738475,5643.4107251675805,5650.83130792183,6011.377412147065
60,Secondary school or above,urban,2017-2018,13606,12327,5288.222205889559,5451.002474243531,5317.785633789014,5480.917295367892,5993.349110686462,5633.243273572916,5996.0244009995595,5633.243273572916
61,Secondary school or above,urban,2017-2018,11042,13176,6385.600464891625,8485.602547561222,6406.5531908470675,8572.00206182959,7548.052315401798,8964.837520238818,7577.17747388758,9022.943166869054
62,Secondary school or above,urban,2017-2018,10531,12857,5936.157534896971,5007.563713670893,5948.388092298927,5136.90881750538,6242.068654448771,5226.984262788105,6242.068654448771,5245.74073786005
63,Secondary school or above,urban,2017-2018,9440,14887,3382.5515536723165,4757.496383869596,3404.246468926554,4817.924945702067,3832.0642655367233,5223.1308300306755,3926.9795197740114,5390.3492084816735
18,At most primary school,rural,2017-2018,69283,61010,320.1562721013813,394.2208490411408,393.37177951301186,521.8722996230126,396.9391529427614,533.4427525542261,396.9391529427614,533.4427525542261
19,At most primary school,rural,2017-2018,65242,67846,381.7696269274394,456.6997120930736,459.413215413384,535.8178620208512,462.70097483216335,564.1177495111478,462.70097483216335,564.1177495111478
20,At most primary school,rural,2017-2018,93342,82428,601.161352874376,680.2757922065317,650.3409290565877,749.4232906293978,656.8378704120332,784.6686967211789,656.8378704120332,784.6686967211789
21,At most primary school,rural,2017-2018,64713,80866,689.7977531562437,713.8186382410407,780.810455395361,803.2271659288206,793.3849509887245,859.4781449146324,793.3849509887245,868.2383160619626
22,At most primary school,rural,2017-2018,58091,69213,671.600569221853,1009.2474920414759,711.282103366557,1097.8610472984362,718.1693578465969,1118.1826390995911,718.1693578465969,1118.1826390995911
23,At most primary school,rural,2017-2018,42735,58338,896.5385827385828,759.973967796862,1038.733036933037,827.7814003451152,1069.7336999337,870.8969225319117,1069.7336999337,870.8969225319117
24,At most primary school,rural,2017-2018,57915,34123,901.6184177961956,1096.8142113335093,962.088503266281,1235.6063456710528,968.7793432904543,1306.1321640340338,968.7793432904543,1306.1321640340338
25,At most primary school,rural,2017-2018,41360,60896,847.3966392649903,877.3265020143632,930.2984767891683,973.6009699597126,930.2984767891683,1024.1135378349973,930.2984767891683,1024.1135378349973
26,At most primary school,rural,2017-2018,44321,56298,911.9378323292946,1267.6668383719966,978.4365575385633,1419.883187087759,1010.8690199529192,1438.3742376875437,1035.6653918759353,1443.0569084751382
27,At most primary school,rural,2017-2018,48412,40695,1157.2476882453386,1248.162788221321,1275.785550758765,1337.0852602694843,1309.232870982401,1413.7951754924845,1309.232870982401,1413.7951754924845
28,At most primary school,rural,2017-2018,45193,46281,1235.1581070814802,1337.6244175075444,1309.0416731204687,1390.8732237131148,1350.2691677914722,1452.8355840769789,1350.2691677914722,1452.8355840769789
29,At most primary school,rural,2017-2018,49932,51601,1263.0334988918262,1040.4903732485805,1430.7732249192234,1194.6794393519506,1472.6945712836123,1316.6522531863077,1475.0778124916553,1348.9849599167974
30,At most primary school,rural,2017-2018,38662,51520,938.1410170192954,972.0148809523808,1209.6220578345662,1019.226313405797,1261.0964275860879,1083.0295775103518,1271.3041250668184,1187.759779373706
31,At most primary school,rural,2017-2018,43778,43679,832.7283643230238,1032.1797278631227,901.9777589961473,1073.525454642582,947.0858422038467,1136.2104272075826,947.0858422038467,1142.3216782282868
32,At most primary school,rural,2017-2018,33243,39798,1125.937791414734,1091.7152453222106,1222.1023974972175,1114.6812235120694,1265.4816051499565,1141.8873645241806,1265.4816051499565,1254.0052263932862
33,At most primary school,rural,2017-2018,41204,67520,1108.4014739669287,1242.1061413902055,1175.5711662298158,1311.7261058451818,1281.128062000453,1494.3434908175357,1321.4881241303433,1501.8518833925752
34,At most primary school,rural,2017-2018,75284,45553,1313.4239081345306,1600.551657775924,1382.0027562297435,1671.2803693865753,1462.7838994120043,1756.9987084641334,1518.9977031418805,1756.9987084641334
35,At most primary school,rural,2017-2018,30577,58406,1112.3780564912627,1251.8446278350398,1243.9051847249023,1324.2611603830655,1321.435714207847,1454.0636421486377,1344.9174161406725,1523.137938168453
36,At most primary school,rural,2017-2018,50247,57864,1381.7892676843062,1152.4923613991427,1420.263604460631,1229.314046730264,1468.5176776722988,1305.7633934743535,1691.967170511009,1315.7753755933452
37,At most primary school,rural,2017-2018,50796,47471,1258.1621453132793,1274.5325848061625,1360.2412460298713,1353.123008433219,1389.208881276741,1472.1289717230873,1467.9539268183846,1520.8850543840801
38,At most primary school,rural,2017-2018,45918,57569,1067.1135901679806,963.7846294591418,1142.9254939965447,1019.9089324694424,1328.858584868679,1066.1321037942876,1465.478937090756,1066.1321037942876
39,At most primary school,rural,2017-2018,47433,55041,1155.0279552210486,1269.2041266207614,1251.4369953407966,1336.5857148913233,1325.9893586743406,1448.8571352870283,1327.2753831720531,1451.7186385300654
40,At most primary school,rural,2017-2018,38336,55300,1046.42667466611,1212.7415189873418,1157.1630582220366,1289.073164556962,1384.3199733931551,1342.8282625075346,1384.3199733931551,1397.8318791440627
41,At most primary school,rural,2017-2018,55931,65754,1345.072827829528,1350.4882187141973,1461.1137532554992,1395.7029585018909,1609.1623220277365,1500.6381297462258,1668.3155644156789,1525.8379908446634
42,At most primary school,rural,2017-2018,53409,49131,1281.259481860111,1199.7495742674348,1321.5714143059536,1277.404618943912,1369.726687761738,1351.0087843384695,1373.7849925418313,1378.411035463014
43,At most primary school,rural,2017-2018,47724,68809,1387.0779621713743,1614.057778294506,1598.0148073645685,1644.061411540157,1681.3037186041963,1813.3598075833104,1713.1388539658592,1856.6077838654828
44,At most primary school,rural,2017-2018,59184,44130,1268.141078388303,1363.7019714479945,1350.4165244548074,1509.944210287786,1387.1666877872397,1576.1911190422238,1448.178109793187,1646.2870477377446
45,At most primary school,rural,2017-2018,40408,59738,1263.7596763017225,1376.3679176850023,1329.8301326470007,1401.194661131385,1433.485277255329,1553.9821470420839,1482.0523926780177,1553.9821470420839
46,At most primary school,rural,2017-2018,51209,49359,1490.8856483560833,1602.449350675662,1669.2770443997474,1630.7307178022245,1783.524227512091,1745.940966524173,1792.844386077968,1809.9171410820045
47,At most primary school,rural,2017-2018,33186,36009,1286.136337612246,1230.5822340711118,1336.9393870909419,1266.346904014737,1405.0901133007894,1337.6535218047338,1444.3596848068462,1363.1471483980856
48,At most primary school,rural,2017-2018,38418,57681,1573.412367466639,1390.8264593193599,1698.555008936783,1445.3017631455764,1892.8059243063146,1550.35657611114,1918.2119839658494,1577.089815826124
49,At most primary school,rural,2017-2018,44741,43555,1605.9921473964969,1866.062641105116,1731.3419384159197,1914.3041747981479,1804.704538342907,1944.8136838480082,1847.7970038666995,2239.135805303639
50,At most primary school,rural,2017-2018,32875,39673,1616.8270468948035,1370.0259874473822,1714.4139670468949,1405.4231089153832,1778.7962737642586,1417.692431460523,1890.552927756654,1433.693238054428
51,At most primary school,rural,2017-2018,22314,36168,911.1425562427175,923.3543924647939,932.9674195572286,970.4407671606576,1155.266857876968,1013.3563739585637,1303.5747214006155,1242.2788099977881
52,At most primary school,rural,2017-2018,45121,32176,1652.245938698167,2015.0327884137246,1752.829037477006,2037.3575024863253,1825.0206851207492,2151.417637887452,1887.4971373270391,2199.4865919733134
53,At most primary school,rural,2017-2018,36562,56075,1416.085197746294,1359.7180145638283,1444.5617581095125,1417.8317907564276,1495.8372399394636,1478.9357571704563,1542.3481893769488,1601.8948892851836
54,At most primary school,rural,2017-2018,49540,25670,1657.1582155833669,1833.0805090248018,1815.4297133629389,1891.0431112842487,2058.279598977257,2160.1811453058044,2221.498546628987,2320.134398130113
55,At most primary school,rural,2017-2018,25482,26371,858.0730319441174,1760.8582407442518,1104.3684561651362,1815.719262320984,1279.2925725348612,1859.876164473601,1786.3289119116762,1888.2267516084587
56,At most primary school,rural,2017-2018,35706,38221,1744.204988890756,1096.2991549148373,1855.725405627439,1167.3568457130896,1907.9406612334062,1267.5281738660246,2013.2524108926605,1431.7511577405091
57,At most primary school,rural,2017-2018,19318,33176,1658.9670773371984,1383.4333554376658,1772.1050833419608,1423.8059139136726,1821.6926527935948,1542.4606015392653,1821.6926527935948,1725.9275656096777
58,At most primary school,rural,2017-2018,27070,44387,1230.7124122644993,1559.8409969886077,1263.2763575914296,1603.7317758202475,1414.2490148996428,1728.0300125412093,1524.4755879817756,1728.0300125412093
59,At most primary school,rural,2017-2018,24624,22561,1170.383487654321,1517.7854409526765,1397.0830490578298,1621.5607611955736,1471.9757350552306,1651.8371969327602,1483.4117324561403,1732.8761579717211
60,At most primary school,rural,2017-2018,30228,43174,1301.742490406246,1460.544054291935,1307.633320100569,1489.1865242970307,1527.4118146530811,1553.2857120798012,1612.746824136562,1674.198375565541
61,At most primary school,rural,2017-2018,19127,34880,1191.1523152262944,1174.8178803516819,1223.5316742475732,1197.0827886085626,1333.07780885659,1405.7025802752294,1374.0669864589324,1866.2451548165136
62,At most primary school,rural,2017-2018,23838,34490,998.7753866375815,1365.9394413839761,1091.971124535056,1373.763448342515,1235.2514612523423,1525.650758674012,1435.0445087675141,1613.026326471441
63,At most primary school,rural,2017-2018,35910,44403,1319.236424394319,1006.6713960768417,1365.881230854915,1031.4424701033715,1562.495897150283,1227.918402660481,1599.8578204771188,1267.2557597459631
18,Secondary school or above,rural,2017-2018,5438,23346,32.111805810959915,241.65424483851623,40.42828245678559,249.45001285016704,40.42828245678559,269.0953482395271,40.42828245678559,269.0953482395271
19,Secondary school or above,rural,2017-2018,9318,28104,79.20154539600773,641.2071531929025,93.36767546683838,758.5854623303918,93.36767546683838,795.7328434860992,93.36767546683838,812.4208594268906
20,Secondary school or above,rural,2017-2018,17125,39033,195.46277372262773,511.22588578894783,244.54423357664234,541.7031742371839,244.54423357664234,568.8498620825114,244.54423357664234,568.8498620825114
21,Secondary school or above,rural,2017-2018,36889,47494,444.12616227059556,858.77687707921,487.9750060993792,976.616604202636,554.4994442787823,996.8682851167165,554.4994442787823,1047.4922235791187
22,Secondary school or above,rural,2017-2018,30139,51224,521.7027771326188,1318.2045525534907,606.3252928099804,1416.907699515852,609.9888737737373,1461.6713682388465,609.9888737737373,1471.7122344994534
23,Secondary school or above,rural,2017-2018,51776,64586,1046.8331530696332,1127.6846272153923,1181.426787185826,1235.8898110013522,1182.0390399670375,1261.6534181814427,1198.0116913885454,1261.6534181814427
24,Secondary school or above,rural,2017-2018,56299,41231,1722.5706436467196,1282.8059146435126,1862.4878713061808,1354.4951775767424,1965.4213603557198,1373.0773164204927,1975.0130049675247,1373.0773164204927
25,Secondary school or above,rural,2017-2018,42790,62363,1104.8354210485315,1717.4604840476993,1160.147176131495,1845.544844966834,1183.2577159772532,1900.6472561187456,1183.2577159772532,1908.6391744036262
26,Secondary school or above,rural,2017-2018,52335,50618,1445.9321359192381,3081.5922530852,1522.0538135728161,3139.9785978637374,1533.8086621445175,3197.7856032768314,1560.275335180408,3291.653397342184
27,Secondary school or above,rural,2017-2018,39911,53337,1961.196929835551,3219.7891019992376,2115.433105326017,3309.3207591978053,2126.3073004100793,3350.1965427376867,2129.0901589369682,3354.04184087344
28,Secondary school or above,rural,2017-2018,22460,45819,2011.5527159394478,1932.0288053718616,2236.0017809439,1963.488025346108,2267.7968239833776,1992.7161657827537,2267.7968239833776,1993.669191092487
29,Secondary school or above,rural,2017-2018,20400,32363,2150.035735294118,2285.406127367673,2204.8259313725493,2315.296434199549,2255.7824673202617,2360.0713572083346,2272.0324673202617,2396.2979122248657
30,Secondary school or above,rural,2017-2018,30257,27488,2207.9102631897854,2317.1369567326346,2389.591163477322,2510.4431266977103,2523.3198598671383,2523.29819072565,2523.3198598671383,2588.6600455956536
31,Secondary school or above,rural,2017-2018,31514,32842,2624.8443760445093,2683.979089275927,3035.4669564849482,2861.2225580049935,3035.4669564849482,2967.185045064247,3073.866821095386,2967.185045064247
32,Secondary school or above,rural,2017-2018,21646,25235,2358.4680772429087,2823.9099795257907,2456.384551418276,2844.013803579684,2488.0615356185904,2887.3950201439798,2497.0424096830825,2945.4691235717587
33,Secondary school or above,rural,2017-2018,18187,29984,2996.4904785469475,1874.242518231946,3154.866241454519,1940.8580465136963,4919.323683583512,2020.051282906439,4919.323683583512,2194.9445593205264
34,Secondary school or above,rural,2017-2018,33263,20489,3234.7181402759825,3462.996380171474,3542.94109070138,3467.511973904697,3550.470477707964,3605.9081865065805,3568.535595105673,3659.5987847137485
35,Secondary school or above,rural,2017-2018,16065,23930,3132.5943925718434,2363.1177392394484,3267.1602189023756,2388.111470956958,3272.503096794273,2420.8400020894273,3378.8211795829443,2434.525752193899
36,Secondary school or above,rural,2017-2018,20906,11307,1973.7937195063619,2461.7141298900387,2155.0534057208456,2461.7141298900387,2161.8010698682992,2659.4362636714723,2225.4638142160147,2659.4362636714723
37,Secondary school or above,rural,2017-2018,20461,13853,3120.071485590473,3618.278495632715,3204.213023149732,3746.478163574677,3213.801997295668,3770.0290189850575,3213.801997295668,3770.0290189850575
38,Secondary school or above,rural,2017-2018,22191,14480,2180.169137638382,1747.0486648250458,2310.9654063959865,1853.5093001841617,2322.0294826731556,2069.3104051565374,2342.5083554894627,2114.084806629834
39,Secondary school or above,rural,2017-2018,9995,16934,3378.2524262131064,2425.072457777253,3410.8387193596795,2486.4401204676983,3410.8387193596795,2542.8296326916266,3410.8387193596795,2551.9139207117832
40,Secondary school or above,rural,2017-2018,9037,16375,4052.3854523993955,3440.918503816794,4152.66209287743,3440.918503816794,4280.46814945963,3483.371796437659,4280.46814945963,3645.9672162849874
41,Secondary school or above,rural,2017-2018,11365,16284,2377.8194163367066,2893.7221403422586,2502.720428215281,2986.15765987063,2555.329315148849,2998.685294358471,2555.329315148849,3135.7912470318515
42,Secondary school or above,rural,2017-2018,10384,13758,2918.5439458140727,3925.081649464554,3020.9746083718537,3950.426903135146,3041.4548343605543,3952.4212882201873,3163.6042950693372,3952.4212882201873
43,Secondary school or above,rural,2017-2018,6464,17231,2842.3418162128714,2960.7053662971775,2916.571395420792,3023.961126264678,3135.7339366749175,3082.901408314472,3181.9746544966997,3135.8640918499605
44,Secondary school or above,rural,2017-2018,7901,7329,5028.172889507658,2625.0691317596766,5061.5863814707,2731.372856688043,5062.269839260854,2820.249238186201,5062.269839260854,2820.249238186201
45,Secondary school or above,rural,2017-2018,5904,12333,14062.804369918698,3571.0405956917753,14110.822662601626,3654.9861077326414,14110.822662601626,3696.646017459931,14321.41435185185,3987.0862996297196
46,Secondary school or above,rural,2017-2018,7101,8323,2228.188518049101,3679.4617926228525,2267.8589869971365,3679.4617926228525,2394.8129371450027,4027.5934759101287,2421.0768436370463,4027.5934759101287
47,Secondary school or above,rural,2017-2018,4244,6871,4075.946277097078,2650.036020957648,4075.946277097078,2708.1498326298934,4127.878416588124,2797.2016445932177,4127.878416588124,2797.2016445932177
48,Secondary school or above,rural,2017-2018,2129,5828,4985.697510568342,2072.0521619766646,5035.401596993895,2168.34248455731,5035.401596993895,2168.34248455731,5035.401596993895,2168.34248455731
49,Secondary school or above,rural,2017-2018,8365,3609,4411.401574018729,4246.15599889166,4438.944909344491,4246.15599889166,4499.005279936242,4542.359933499584,4499.005279936242,4641.925833564237
50,Secondary school or above,rural,2017-2018,4106,7293,2407.962290956324,4290.337903926139,2446.6130459490178,4290.337903926139,2549.681725929534,4438.287993052699,2549.681725929534,4814.7585812879925
52,Secondary school or above,rural,2017-2018,6948,2982,4703.768326616772,1496.7723004694835,5414.7642966800995,1496.7723004694835,5828.9938111686815,1584.1409568522245,5828.9938111686815,2064.6685669572994
53,Secondary school or above,rural,2017-2018,8634,5988,3205.175160219288,4894.016171231352,3212.4927418732145,5114.423652861278,3429.116940776774,5348.781256958362,4514.129681105706,5348.781256958362
54,Secondary school or above,rural,2017-2018,7528,1461,2321.2995040736805,475,2354.397272405243,475,2718.50460503011,475,2718.50460503011,475
55,Secondary school or above,rural,2017-2018,3116,2739,3665.201112537441,5390.630156991603,3665.201112537441,5390.630156991603,3709.7560975609754,5390.630156991603,3709.7560975609754,5390.630156991603
56,Secondary school or above,rural,2017-2018,5864,2785,6417.5841291496135,1648.4445242369839,6428.116189176899,1648.4445242369839,6428.116189176899,1662.7518252543387,6428.116189176899,1662.7518252543387
57,Secondary school or above,rural,2017-2018,407,1592,1100,3033.451633165829,1100,3033.451633165829,1100,3265.172738693467,1100,3376.667713567839
58,Secondary school or above,rural,2017-2018,1919,712,4059.9412888657284,1000,4059.9412888657284,1000,4059.9412888657284,1300,5179.2742747959,1300
59,Secondary school or above,rural,2017-2018,1127,4274,2500,1188.861254094525,2500,1188.861254094525,2500,1188.861254094525,2500,1188.861254094525
60,Secondary school or above,rural,2017-2018,944,2174,3000,2591.0354185832566,3000,2591.0354185832566,3000,2591.0354185832566,3000,2591.0354185832566
62,Secondary school or above,rural,2017-2018,3020,809,1989.5192052980133,1974.2274412855377,2189.1880794701988,1999.2954264524103,2189.1880794701988,1999.2954264524103,2189.1880794701988,1999.2954264524103
63,Secondary school or above,rural,2017-2018,385,3286,1885.7142857142858,1852.07699330493,1885.7142857142858,1852.07699330493,1909.7142857142858,2410.506695069994,1909.7142857142858,2410.506695069994
18,At most primary school,indigenous,2017-2018,66348,59219,322.1752878760475,384.1897701751127,362.45140772894433,512.3583478275553,366.9878418842065,533.8080514699674,366.9878418842065,533.8080514699674
19,At most primary school,indigenous,2017-2018,49561,55820,337.80956800710237,387.5682909351487,395.8874921813523,485.4645646721605,395.8874921813523,504.6085542816195,395.8874921813523,504.6085542816195
20,At most primary school,indigenous,2017-2018,80094,61288,569.1937348615377,637.152890179698,627.1099333283391,704.6142202932602,631.494625065548,744.5770460775356,631.494625065548,744.5770460775356
21,At most primary school,indigenous,2017-2018,51332,62159,704.4582846307695,695.8731318071398,788.1355230005973,804.752940040863,795.1331073534376,864.9640920864235,795.1331073534376,876.3606718254798
22,At most primary school,indigenous,2017-2018,54572,50461,616.8946712599868,993.6330367346399,685.826357839185,1074.100526479195,700.3118846050478,1171.5815844579643,700.3118846050478,1171.5815844579643
23,At most primary school,indigenous,2017-2018,29934,36606,798.9066479588429,664.2758655229561,880.5178592904391,765.7264473947804,925.6701387496938,804.2490028957001,925.6701387496938,804.2490028957001
24,At most primary school,indigenous,2017-2018,54018,27189,777.2531810384194,1232.2475020535264,849.5199254569466,1372.4543504113183,864.3075888284153,1439.5606250076623,896.0562651955522,1439.5606250076623
25,At most primary school,indigenous,2017-2018,31531,36126,916.1345976975041,954.1665836239828,980.6507881132854,1011.5864474339811,987.2844713668031,1052.1065253095646,987.2844713668031,1052.1065253095646
26,At most primary school,indigenous,2017-2018,40026,44779,840.5208864238245,927.2232966345832,935.5281317143857,1068.0701221554748,949.410295807725,1085.9343553898034,976.867448658372,1092.5668170347708
27,At most primary school,indigenous,2017-2018,42096,29365,886.3330957810718,964.2070832623872,983.1976434815659,1045.802520006811,990.2688220575193,1209.5706112719224,990.2688220575193,1209.5706112719224
28,At most primary school,indigenous,2017-2018,40389,29472,1091.6858303003294,1004.997523072747,1147.0120329792767,1017.3176235070575,1177.6305801084454,1090.6738599348535,1177.6305801084454,1115.8163680781759
29,At most primary school,indigenous,2017-2018,35852,38246,905.1443666555097,1216.2049800414857,968.167907880546,1319.3263522111242,1069.602637230838,1352.602076034095,1072.9218383911636,1402.0869894890968
30,At most primary school,indigenous,2017-2018,30944,28362,764.0362913650465,889.7221987165926,1020.4860716132368,959.113461674071,1053.5127353714236,1001.2914639306114,1053.5127353714236,1147.2261652915874
31,At most primary school,indigenous,2017-2018,33694,34352,614.2118774856058,978.8422217047042,618.9664331928534,1026.7701443875173,652.0467541204172,1084.380746875485,652.0467541204172,1092.1512794014905
32,At most primary school,indigenous,2017-2018,36236,29953,1208.6106542296795,925.9509453699685,1330.2949460941238,964.6782848685162,1361.7052608823637,964.6782848685162,1361.7052608823637,1102.8391813841686
33,At most primary school,indigenous,2017-2018,37581,36134,1110.8229779232415,1113.187441191122,1184.6049422137075,1157.3289699452039,1255.2559937202311,1280.742929097249,1299.5069716079936,1280.742929097249
34,At most primary school,indigenous,2017-2018,66380,30490,1320.0394797629808,1148.96329944244,1383.8112483679822,1197.3098064939325,1429.4916440694988,1319.3895320870229,1468.019815205383,1319.3895320870229
35,At most primary school,indigenous,2017-2018,31233,34899,1143.451947192606,1462.9085742666934,1334.7376065913188,1548.6462744873302,1385.3155209767447,1703.7639593302579,1408.304026723871,1795.2852063573932
36,At most primary school,indigenous,2017-2018,48744,34207,1308.046056950599,1088.7646972841817,1364.6027613655012,1205.1730347589676,1457.1677334646315,1267.8579627951394,1687.5071940478144,1284.7940674910594
37,At most primary school,indigenous,2017-2018,37724,30861,1126.423231894815,1266.0693107805969,1215.429965009013,1374.4495965782055,1242.5373767362953,1502.8283081127204,1348.5689039691797,1502.8283081127204
38,At most primary school,indigenous,2017-2018,47702,51340,1195.0792978631223,1089.7653681340087,1310.585796542423,1112.7186209583172,1425.4098779925368,1207.0207586677056,1560.772825737565,1239.3639608492404
39,At most primary school,indigenous,2017-2018,42312,31282,954.1820838847924,1350.3863989940967,1059.6311290729186,1350.3863989940967,1098.8366519348333,1453.3345800566885,1098.8366519348333,1453.3345800566885
40,At most primary school,indigenous,2017-2018,42352,45255,1579.0267205011962,1366.49800022097,1692.2014229945848,1382.4982211910285,1878.1970666477773,1416.69886752845,1913.778030946984,1503.7790133686885
41,At most primary school,indigenous,2017-2018,42670,39579,1458.6980782751348,1312.9099859353025,1606.1775720646824,1351.2800811878355,1724.8939809389892,1421.1704165508647,1771.952804468401,1438.5565303991175
42,At most primary school,indigenous,2017-2018,43188,44017,1071.3908956191535,1680.579435218211,1158.7325182921181,1763.4819501556217,1216.0267898490322,1853.7254829573421,1284.5226683337964,1897.856159741312
43,At most primary school,indigenous,2017-2018,40409,57285,1154.924760985589,1700.0514852637398,1402.4557565558828,1800.3677984347269,1478.707746624102,1842.9851939134735,1575.6663449561568,1913.1423031043612
44,At most primary school,indigenous,2017-2018,50694,31961,1367.6217895608947,1365.7161749215188,1447.7748648755276,1555.716800684167,1602.6134552412514,1676.709651345911,1697.9679350613485,1799.1595225430992
45,At most primary school,indigenous,2017-2018,32883,43465,1207.99279262841,1950.5866060815215,1323.3902624456407,1975.4571916101077,1382.9129514744195,2042.083317995322,1430.6731923283562,2042.083317995322
46,At most primary school,indigenous,2017-2018,48535,28228,1135.2482194979568,1241.065502338104,1278.183523917448,1246.0605427235369,1327.836966450328,1585.5694818383638,1337.6706122729302,1661.2170657975532
47,At most primary school,indigenous,2017-2018,30814,21098,994.6803076523659,1003.506683097924,1026.4499578113846,1059.722912124372,1057.588401375998,1152.006303915063,1099.8808658402027,1152.006303915063
48,At most primary school,indigenous,2017-2018,31150,38718,1498.1848796147672,1284.1363878988238,1639.4773354735153,1354.7009831775056,1668.8114713750667,1373.0691624911753,1799.76278223649,1425.1121399176952
49,At most primary school,indigenous,2017-2018,37927,25630,1512.8852971937317,1413.9219014176097,1651.6048109965634,1448.5321238132399,1701.6732099383903,1476.6085966965795,1701.6732099383903,1476.6085966965795
50,At most primary school,indigenous,2017-2018,25177,23671,1136.7758933418067,1994.278695450129,1212.8330089632072,2014.8904144311605,1273.5525148614477,2032.1739751876416,1342.2527836252666,2032.1739751876416
51,At most primary school,indigenous,2017-2018,15298,25280,927.1193184294243,1169.940466772152,985.2837843726849,1239.7763053797469,1094.7451300823636,1242.1598595727849,1282.7174140410511,1543.1751549314347
52,At most primary school,indigenous,2017-2018,34099,24350,1386.7511950497083,1783.7373853524984,1516.8696735974663,1825.1850239561945,1553.329687087598,1832.151440793977,1713.0117892020294,1933.554589322382
53,At most primary school,indigenous,2017-2018,26426,37765,1948.5756451979112,1633.8617679509246,2027.6156058427307,1672.2071936096033,2073.4249728802442,1681.2916170175206,2073.4249728802442,1801.1018469482324
54,At most primary school,indigenous,2017-2018,40222,20227,1289.361767192084,1222.168553583494,1327.6025309532097,1287.467411545624,1380.0064806987884,1312.487599083733,1999.294432565926,1566.5638338194822
55,At most primary school,indigenous,2017-2018,23640,21892,855.6234771573604,1973.7558468847067,1036.8442893401016,1973.7558468847067,1136.743739424704,2054.5895608745964,1703.5500000000002,2079.0733905840793
56,At most primary school,indigenous,2017-2018,25346,24808,1009.2724164233673,1047.734682360529,1022.5912833057156,1117.3241696227024,1130.1791012388544,1200.1549097065463,1130.1791012388544,1396.326843491347
57,At most primary school,indigenous,2017-2018,17117,21175,996.0732215536211,1015.2812593467139,1090.894159802146,1070.700385674931,1135.7876964421334,1183.4511924439198,1135.7876964421334,1288.2304132231404
58,At most primary school,indigenous,2017-2018,16950,29884,1427.3438348082595,1656.247601838219,1477.8456637168142,1677.0329719359302,1642.2279547689282,1756.657520189176,1775.6399508357915,1875.9409717574622
59,At most primary school,indigenous,2017-2018,28654,15660,848.1112584630418,1596.8600893997445,935.0027919313185,1647.9379948914432,1014.5882192131407,1691.5565559812685,1032.774161838952,1691.5565559812685
60,At most primary school,indigenous,2017-2018,21854,23934,1087.316463805253,1144.0552770117824,1130.377459503981,1149.2821509150162,1180.5991961807144,1185.1064315757221,1224.2777904883926,1372.1485752486003
61,At most primary school,indigenous,2017-2018,16337,21237,1232.5521209524393,1149.19522531431,1264.1564546734407,1185.7634788341102,1357.9006651568016,1199.8963601261948,1532.0860521107506,1476.9788105664643
62,At most primary school,indigenous,2017-2018,16404,22576,818.058217507925,1306.6841778880228,891.1282004389174,1306.6841778880228,944.2345566122085,1487.393485707536,1228.9720190197513,1592.442357665958
63,At most primary school,indigenous,2017-2018,15718,26904,820.7852780251941,1207.447665774606,866.0257666369768,1212.3279809693727,914.231645247487,1442.0769650113987,984.1514823768928,1507.9394142135
18,Secondary school or above,indigenous,2017-2018,4147,15767,51.94694960212202,211.94520200418594,68.49867374005305,215.05612989154562,68.49867374005305,215.05612989154562,68.49867374005305,215.05612989154562
19,Secondary school or above,indigenous,2017-2018,10888,24928,130.86425422483467,397.65725288831834,142.98769287288758,495.80592105263156,142.98769287288758,495.80592105263156,142.98769287288758,514.6201059050064
20,Secondary school or above,indigenous,2017-2018,17109,27128,178.50400374072126,546.0428339722796,223.8614179671518,565.4957976997936,223.8614179671518,569.9254153150497,223.8614179671518,569.9254153150497
21,Secondary school or above,indigenous,2017-2018,36361,30615,708.5073292813729,716.7994447166421,769.7164544429471,738.9699493712233,839.984598883419,772.3958299308617,854.1343747421688,772.7028689640155
22,Secondary school or above,indigenous,2017-2018,36382,30053,461.98042072086935,1222.0966292882574,558.3824876770565,1330.5646690846172,560.5887068696975,1336.2625195487972,560.5887068696975,1336.2625195487972
23,Secondary school or above,indigenous,2017-2018,31708,51255,907.3519301122745,1028.758379670276,1012.1532420840167,1124.8539800995025,1027.7105146966067,1135.9672048255454,1027.7105146966067,1135.9672048255454
24,Secondary school or above,indigenous,2017-2018,35701,21397,1504.0831442629992,1527.5457229206586,1618.8642428316668,1616.523617017962,1641.7170107279908,1616.523617017962,1656.8426374611356,1616.523617017962
25,Secondary school or above,indigenous,2017-2018,34842,43761,1252.6397738361748,1205.6159898844483,1311.9787899661328,1298.7266363504796,1312.6618736008265,1300.9135531637762,1312.6618736008265,1300.9135531637762
26,Secondary school or above,indigenous,2017-2018,48126,35715,1234.329156796742,2047.0097251388304,1331.573266010057,2171.9320266927994,1369.6223455097038,2173.2696999393343,1371.6115682444695,2173.2696999393343
27,Secondary school or above,indigenous,2017-2018,32246,27898,1702.4260580123632,2577.2030253064736,1831.3061671731894,2726.7761129830096,1864.0133246500857,2726.7761129830096,1867.4576795054684,2751.5520825865656
28,Secondary school or above,indigenous,2017-2018,24024,20031,2081.0830662393164,1902.1441765263842,2224.8765644078144,1975.162498127902,2299.5102640415143,1995.0938961276688,2333.609498140748,1995.0938961276688
29,Secondary school or above,indigenous,2017-2018,23888,20993,2142.9836459031035,2910.1301544959433,2219.864087966064,2955.8449165594884,2298.6738285610627,2975.812762984487,2298.6738285610627,2975.812762984487
30,Secondary school or above,indigenous,2017-2018,22832,13729,1861.7933528965195,1494.780634666278,1929.6901643891615,1542.854055891422,1980.7752642490073,1572.0156845606623,1980.7752642490073,1572.0156845606623
31,Secondary school or above,indigenous,2017-2018,14904,20970,1814.2041510109143,2047.5276108726753,2178.3251923421003,2164.4405817835004,2215.22803721596,2227.9532188841204,2249.670692431562,2227.9532188841204
32,Secondary school or above,indigenous,2017-2018,17765,11608,1824.3768646214467,2714.1463932919823,1956.9577821559246,2736.322478750287,2001.8547706163806,2738.237106593154,2012.7976358007318,2738.237106593154
33,Secondary school or above,indigenous,2017-2018,12229,20898,3304.9127483849866,2510.83846939101,3450.9344999591135,2614.724008677066,3454.5325047019383,2620.3558075732926,3454.5325047019383,2620.3558075732926
34,Secondary school or above,indigenous,2017-2018,25429,15502,3192.8695845950165,2760.737302713628,3406.157562887517,2791.8300649378575,3824.657684140155,2795.773642110695,3824.657684140155,2795.773642110695
35,Secondary school or above,indigenous,2017-2018,9281,20040,2875.1076033473405,3031.6329174983366,2952.0971518873685,3077.2549234863604,3322.206120030169,3129.396993512974,3322.206120030169,3129.396993512974
36,Secondary school or above,indigenous,2017-2018,27949,8747,2226.730455472468,3083.8829312907283,2361.5193566853914,3145.5269235166343,2361.5193566853914,3283.3501772036125,2496.765698236073,3283.3501772036125
37,Secondary school or above,indigenous,2017-2018,16647,10331,2514.754720570273,3275.8413190075175,2668.1108808393906,3339.8961055722257,2675.4290162391626,3499.691865905204,2675.4290162391626,3499.691865905204
38,Secondary school or above,indigenous,2017-2018,15450,13954,1551.8146170442287,2002.4548277674262,1708.6884034519958,2124.349624958196,1898.1135652642934,2143.627251445225,1964.030501618123,2143.627251445225
39,Secondary school or above,indigenous,2017-2018,11258,8659,2441.2707260022503,2849.6135427493555,2476.571845206372,2969.6274011625674,2493.3599070290757,2994.6302883319863,2493.3599070290757,2994.6302883319863
40,Secondary school or above,indigenous,2017-2018,10464,13407,2661.2775707186543,3944.89660873673,2738.455514143731,3944.89660873673,2801.661107925586,3996.7480793615277,2856.936337283384,3996.7480793615277
41,Secondary school or above,indigenous,2017-2018,9403,12489,4258.560388528484,2118.4456988816823,4335.91867843596,2186.1652921237355,4469.143447126803,2309.7513812154693,4469.143447126803,2408.3821763151573
42,Secondary school or above,indigenous,2017-2018,9254,11858,2707.2509185217205,4506.752930511047,2765.0724011238385,4549.7956021251475,2793.449319213313,4577.6113172541745,2793.449319213313,4577.6113172541745
43,Secondary school or above,indigenous,2017-2018,5722,11636,3968.6356751718513,1813.6129254039188,4018.953745776535,1907.2842901340666,4189.195794011418,1915.5345479546236,4189.195794011418,1915.5345479546236
44,Secondary school or above,indigenous,2017-2018,15260,4665,4523.475535168196,3029.439085387638,4577.391000436873,3059.9642729546263,4660.881498470948,3059.9642729546263,4660.881498470948,3059.9642729546263
45,Secondary school or above,indigenous,2017-2018,4687,7854,4711.925040893251,3396.012138188609,4711.925040893251,3444.980816569052,4711.925040893251,3444.980816569052,4711.925040893251,3444.980816569052
46,Secondary school or above,indigenous,2017-2018,7287,2491,3164.702758336764,3766.677371872073,3231.4792095512557,3865.1518801016996,3231.4792095512557,3865.1518801016996,3231.4792095512557,3865.1518801016996
47,Secondary school or above,indigenous,2017-2018,3041,2585,4282.187657568782,2367.32417794971,4282.187657568782,2524.415087040619,4282.187657568782,2565.5423597678914,4282.187657568782,2565.5423597678914
48,Secondary school or above,indigenous,2017-2018,2844,7572,4771.821378340365,4593.846627927452,4771.821378340365,4593.846627927452,5113.118846694796,4619.94277161472,5113.118846694796,4619.94277161472
49,Secondary school or above,indigenous,2017-2018,3546,6942,5616.101240834743,4819.188562373955,5616.101240834743,4927.932440218957,5736.3367174280875,5140.003889369058,5736.3367174280875,5191.766109670604
50,Secondary school or above,indigenous,2017-2018,5865,6425,3245.0273941460646,5507.356835278858,3294.7290139244105,5625.352166018158,3668.011196362603,5986.90858625162,3668.011196362603,6414.239325551232
51,Secondary school or above,indigenous,2017-2018,1091,1272,1671.3950504124657,3277.376965408805,1775.3363886342806,3277.376965408805,1775.3363886342806,3595.1442610062895,1775.3363886342806,3595.1442610062895
52,Secondary school or above,indigenous,2017-2018,11773,2200,5175.81858206631,2225.61,5195.77950961239,2225.61,5916.383150712081,2225.61,5916.383150712081,2225.61
53,Secondary school or above,indigenous,2017-2018,3817,2387,4892.644223211946,4434.419634129312,4892.644223211946,4434.419634129312,4935.216924286088,4434.419634129312,4935.216924286088,4434.419634129312
54,Secondary school or above,indigenous,2017-2018,5236,2006,2356.2471352177236,610.2991026919242,2395.2845683728037,610.2991026919242,2969.7689075630256,610.2991026919242,2969.7689075630256,610.2991026919242
55,Secondary school or above,indigenous,2017-2018,4657,3438,3916.8591009949178,4648.083963544696,3963.4341493092834,4648.083963544696,4883.196514208002,4867.979251502811,4883.196514208002,4867.979251502811
56,Secondary school or above,indigenous,2017-2018,2541,4387,2069.5151515151515,2519.2334169136084,2069.5151515151515,2519.2334169136084,2552.789452971271,2519.2334169136084,2552.789452971271,2519.2334169136084
58,Secondary school or above,indigenous,2017-2018,2506,2714,6335.932561851556,3750.5197740112994,6335.932561851556,3750.5197740112994,6394.392258579409,4687.730533038565,6394.392258579409,4687.730533038565
60,Secondary school or above,indigenous,2017-2018,1275,2386,3921.577516339869,3514.7604777870915,3921.577516339869,3660.3598072087175,6495.0677124183,3925.1079212070413,6495.0677124183,3925.1079212070413
61,Secondary school or above,indigenous,2017-2018,1105,1239,6400.045248868778,2100,6410.41628959276,2700,6410.41628959276,2700,6410.41628959276,2700
62,Secondary school or above,indigenous,2017-2018,363,952,2000,4000,2000,4000,2000,4000,2000,4000
63,Secondary school or above,indigenous,2017-2018,88,4465,1500,2660.3222844344905,1500,2660.3222844344905,1605,3071.296528555431,1605,3071.296528555431
18,At most primary school,non-indigenous,2017-2018,18797,23191,403.27605468957813,518.074856625415,544.9662180135128,541.0363503083092,545.5288077884769,541.0363503083092,545.5288077884769,541.0363503083092
19,At most primary school,non-indigenous,2017-2018,29755,31039,605.9920685599059,589.468303317332,762.5090573012939,669.6860938389339,769.7179297597042,700.4611402858769,769.7179297597042,737.3212195410076
20,At most primary school,non-indigenous,2017-2018,33451,41758,726.0419718394069,965.1865031850184,818.5477863143104,1035.6467742707985,853.155122417865,1051.5519102128135,853.155122417865,1051.5519102128135
21,At most primary school,non-indigenous,2017-2018,33024,38308,773.2885477228682,898.1800929309804,848.882206879845,946.7459277435522,865.3621406653747,1000.9728951306951,865.3621406653747,1000.9728951306951
22,At most primary school,non-indigenous,2017-2018,26168,42952,1125.7921634566392,1140.473163841808,1173.3633954957709,1214.279738622959,1212.6098033221238,1230.278741385733,1212.6098033221238,1241.275901005774
23,At most primary school,non-indigenous,2017-2018,35752,45494,1173.3309185500111,1146.8271860025498,1375.41164130678,1170.1120147711786,1383.5280473819646,1217.745402324116,1383.5280473819646,1217.745402324116
24,At most primary school,non-indigenous,2017-2018,29984,18382,1331.221707132693,1538.1412976462482,1403.9865150302383,1626.810648097777,1577.4590337068657,1680.950567584231,1577.4590337068657,1680.950567584231
25,At most primary school,non-indigenous,2017-2018,25935,45608,1177.3094916779128,1165.4418961585686,1284.9867617762354,1271.0310471847044,1319.5873658505238,1320.596035783196,1319.5873658505238,1321.7361866339238
26,At most primary school,non-indigenous,2017-2018,25804,33262,1143.447437089857,1604.1911991662157,1214.4213171084587,1739.5587657587237,1265.684364181264,1784.923032790171,1284.1311166227458,1831.1018554707073
27,At most primary school,non-indigenous,2017-2018,33790,33045,1379.8778065502615,1787.4979674181673,1487.5766819571866,1833.5851212992386,1530.4912523429023,1862.7244767236598,1530.4912523429023,1862.7244767236598
28,At most primary school,non-indigenous,2017-2018,32209,36378,1536.5129208192327,1841.398610882035,1688.0379604044417,1919.3773342862903,1745.6453061773625,1969.9433357157257,1753.4528547921389,1969.9433357157257
29,At most primary school,non-indigenous,2017-2018,41285,35239,1736.907650074684,1253.493612663999,1929.209454604174,1382.1076482495719,1964.526962980905,1542.2294120150968,1983.2512777037664,1553.3193975424954
30,At most primary school,non-indigenous,2017-2018,28012,33925,1543.959695844638,1364.3718693195774,1720.8124732257604,1418.3190469172193,1819.9916940358894,1479.9518152788012,1837.1646913227664,1516.9952935396707
31,At most primary school,non-indigenous,2017-2018,33941,31997,1563.9148031387801,1689.6422893812962,1730.4222719817724,1804.4708045545938,1861.690084754918,1915.9946192872249,1861.690084754918,1915.9946192872249
32,At most primary school,non-indigenous,2017-2018,32652,26727,2187.5587508677363,1727.2659857073372,2333.566529870554,1737.267856474726,2388.318791089877,1799.8949127598808,2388.318791089877,1813.7099063369128
33,At most primary school,non-indigenous,2017-2018,31562,63093,1651.8535791986144,1594.1316178762568,1761.2347971188983,1683.0324468113208,1889.6349829964304,1882.6050486319136,1990.5692499419133,1890.6402770513369
34,At most primary school,non-indigenous,2017-2018,54860,30637,1585.2843282901931,2503.93563338447,1659.362345060153,2623.3849920031334,1774.6647846032324,2658.110933402966,1819.208471563981,2658.110933402966
35,At most primary school,non-indigenous,2017-2018,24680,58262,1758.2272082658023,1655.0387216367444,1805.945198541329,1727.193213415262,1909.006422204214,1821.7961850491458,1917.6976701782821,1839.6097399105192
36,At most primary school,non-indigenous,2017-2018,40464,51092,1993.8932796230395,1724.411245074245,2033.4521467642019,1783.5328296667449,2106.9193542408066,1831.2665257444087,2125.6831937030447,1831.2665257444087
37,At most primary school,non-indigenous,2017-2018,42262,38294,1886.046826936728,1744.6492313852475,2043.3124556339028,1789.8689002628785,2271.2589165996246,1862.2752389408263,2271.2589165996246,1922.7155167911424
38,At most primary school,non-indigenous,2017-2018,38859,49059,2037.0556842258763,2017.7074271115732,2135.5214193194197,2081.557077532495,2246.920854885612,2192.7256025058264,2261.216127538022,2244.1154256439527
39,At most primary school,non-indigenous,2017-2018,34474,48023,2005.3888534354392,1594.6866501468046,2074.4777320105973,1699.1978218770173,2147.407422985438,1793.7349447139911,2149.7570197830246,1797.0146232013826
40,At most primary school,non-indigenous,2017-2018,36080,38442,2018.214089061345,1568.4380625357683,2157.316916112343,1678.7887206701005,2282.6409645232816,1776.0112030244698,2282.6409645232816,1783.7943568666217
41,At most primary school,non-indigenous,2017-2018,34883,61628,1961.2537482441303,1799.702268719846,2027.7034515379983,1838.917235942537,2239.568481304169,1984.9047416217736,2276.8502517940924,2011.1893308777396
42,At most primary school,non-indigenous,2017-2018,60496,37152,2130.250870580975,1382.1486864771748,2177.9203032707396,1448.3671942291128,2219.053876840342,1549.9458440999138,2256.4889138675835,1574.3496447028424
43,At most primary school,non-indigenous,2017-2018,35648,61196,2025.0794714991023,1622.0579721986187,2058.3870904398564,1676.7964354968735,2096.052504114303,1838.3214126195612,2101.8676971125074,1865.2725205351112
44,At most primary school,non-indigenous,2017-2018,46878,29490,1949.5173126697669,1699.5420481519159,2121.0884547833384,1751.2466937945067,2183.257051993117,1871.5244235334012,2250.324759659826,1871.5244235334012
45,At most primary school,non-indigenous,2017-2018,30010,56146,1835.9176718871488,1960.6463446490698,2007.3288681550596,1991.91304218763,2158.680556481173,2142.708662831428,2171.7428690436523,2197.4231571854334
46,At most primary school,non-indigenous,2017-2018,45687,46204,2062.011431041653,1901.955007502958,2166.868961630223,1975.68715190604,2288.1739097919904,2067.079044382882,2288.1739097919904,2114.483020950567
47,At most primary school,non-indigenous,2017-2018,43781,39252,2115.4159528867162,2009.582721899521,2200.930719566326,2044.504764088454,2279.6105692728197,2061.7984051768062,2362.797339789711,2109.5437429939875
48,At most primary school,non-indigenous,2017-2018,28963,54480,2072.7610399475193,1864.570392804699,2133.334530262749,1916.1841960352422,2366.772537375272,2068.8645680372,2701.7142446109406,2068.8645680372
49,At most primary school,non-indigenous,2017-2018,46705,49542,2163.070006780145,2921.013106724261,2240.4601149056134,2968.0116130421325,2448.7477054562323,3038.666915613688,2506.7828908396673,3326.335964097803
50,At most primary school,non-indigenous,2017-2018,38712,45006,1934.5654426706622,1693.9622383682176,2044.8209190087484,1744.2102053059593,2087.970157832197,1764.5406427291177,2157.7676366501346,1846.9029944155595
51,At most primary school,non-indigenous,2017-2018,23012,42153,2270.008546265716,1842.001320586119,2353.0017671939277,1947.4362836966923,2517.2660640825075,2082.6319993041225,2555.3697346312065,2108.632521212409
52,At most primary school,non-indigenous,2017-2018,45258,37882,2022.4331683532928,1784.2380814106964,2122.4139010414365,1843.662610210654,2291.5002356857717,1976.9211498864897,2292.7824841280362,1976.9211498864897
53,At most primary school,non-indigenous,2017-2018,39144,64512,1943.1927668778528,1650.4281632357804,1993.004743170516,1729.597232556217,2092.4776083180054,1822.4662336722884,2175.9778467538663,1913.4818586722884
54,At most primary school,non-indigenous,2017-2018,53607,28803,2152.9125425162138,2071.99943292944,2306.667649125425,2130.493166221111,2554.9063741675527,2384.5583677626173,2715.069536938584,2384.5583677626173
55,At most primary school,non-indigenous,2017-2018,26391,30373,1374.796028949263,2207.5742380842635,1504.1257246788678,2263.418902753542,1696.3575777095728,2306.134472502991,1696.3575777095728,2396.482808195876
56,At most primary school,non-indigenous,2017-2018,46851,39000,1909.0464237689698,1791.8554145299147,2016.6632942733347,1841.1128504273506,2069.8208665058733,1944.054730769231,2199.6742598877295,1999.1478931623933
57,At most primary school,non-indigenous,2017-2018,22019,29814,2207.5327822940794,2065.242984280316,2291.1314924989024,2096.973043983811,2341.257065867357,2219.3044850294045,2341.257065867357,2396.5366578341273
58,At most primary school,non-indigenous,2017-2018,33930,44310,1547.7491895078101,1498.9565711276612,1581.0442086648982,1555.1705183179117,1740.959229786816,1672.6156210035356,1771.8396306120444,1689.1017415180922
59,At most primary school,non-indigenous,2017-2018,26294,23648,1904.1776070586445,1526.7191446774923,2072.0569711721305,1650.1221808750565,2092.2539109048957,1763.7596977898063,2092.2539109048957,1845.0006765899866
60,At most primary school,non-indigenous,2017-2018,41095,36626,1521.372737964878,1955.8980050601574,1588.3764610455448,2005.0532499681462,1774.728657176461,2094.1421485647716,1848.8290262400128,2188.8398132474194
61,At most primary school,non-indigenous,2017-2018,20898,29804,1761.8241299007877,1379.0065539301213,1777.9883561425333,1379.0065539301213,1890.3584394040895,1623.1569476132959,1890.3584394040895,2003.9892184494252
62,At most primary school,non-indigenous,2017-2018,29623,24375,1776.0963440569828,1999.2291692307692,1901.7750396651252,2075.2784,2097.620047485625,2146.441476923077,2168.584725832405,2240.1713914529914
63,At most primary school,non-indigenous,2017-2018,43206,42111,1465.8106667283864,1599.7856775347693,1535.2532210032557,1633.5122572882779,1719.7856779151043,1897.6071691482036,2075.9504698421515,1925.8317818780527
18,Secondary school or above,non-indigenous,2017-2018,4565,17463,247.07119386637459,368.0180954017065,260.631982475356,430.87556548130334,260.631982475356,457.1390940846361,260.631982475356,457.1390940846361
19,Secondary school or above,non-indigenous,2017-2018,6384,22221,295.9429824561403,921.3912890208961,295.9429824561403,985.8775857672172,333.1323099415205,1032.8597197845882,333.1323099415205,1034.9748361159864
20,Secondary school or above,non-indigenous,2017-2018,13607,32592,568.1134710075696,795.6944955817379,649.9581097964283,837.5329835542465,649.9581097964283,870.7379622811325,670.4181671198647,876.0030580101457
21,Secondary school or above,non-indigenous,2017-2018,32374,64608,742.6495335763267,1343.863386371141,813.556125285723,1474.1077833498432,834.0679557669735,1487.4389497688626,834.0679557669735,1525.1987215205547
22,Secondary school or above,non-indigenous,2017-2018,38295,70332,1367.7504308656482,1757.7634741890843,1417.6691669930801,1828.833257502512,1420.5524850937895,1895.257502511896,1421.5208795752274,1913.8028777796737
23,Secondary school or above,non-indigenous,2017-2018,77502,87170,1629.5778818611132,1656.4345063286298,1767.9407628190238,1754.1755869756414,1798.3106242419549,1779.205727314443,1812.5734819746585,1779.205727314443
24,Secondary school or above,non-indigenous,2017-2018,87744,83058,1984.4708887977145,2040.2723889731674,2095.4102122842205,2114.282056916051,2227.314511533552,2193.1084212237233,2237.545968955142,2193.1084212237233
25,Secondary school or above,non-indigenous,2017-2018,91787,97564,2105.2338666332557,2678.974865216678,2192.538386881221,2766.364701631749,2242.444573668747,2856.3522995162148,2278.6152732231503,2862.5728316797176
26,Secondary school or above,non-indigenous,2017-2018,86765,95718,2225.6916364125323,3150.3681622056456,2311.697837069479,3196.9810249900747,2353.9369119652706,3255.508330895617,2369.5272997944644,3305.147897121405
27,Secondary school or above,non-indigenous,2017-2018,94027,93990,2510.09254079502,3536.2010869950705,2598.371013999525,3578.9321754087314,2624.657302335145,3688.5718533886584,2664.590867516777,3697.3624694116397
28,Secondary school or above,non-indigenous,2017-2018,62970,98448,2573.3220184214706,2723.952159177095,2680.8394235350165,2766.0581440625165,2851.779950770208,2842.4288338344436,2871.6645519030226,2855.0575853919495
29,Secondary school or above,non-indigenous,2017-2018,76094,84819,3244.3583900614153,3292.237337742723,3383.6224581876804,3336.388648180243,3459.8038697751026,3364.8103363240157,3483.0050858149134,3409.562412313279
30,Secondary school or above,non-indigenous,2017-2018,73695,72537,2912.097381097768,3229.704265868913,3038.6792251848838,3351.797818125003,3203.570613112604,3414.1037217787703,3214.4926566705117,3517.6860314965697
31,Secondary school or above,non-indigenous,2017-2018,78946,84829,3246.7404111671267,3596.5453883695436,3399.1033681250474,3678.1916414197976,3429.102956451245,3758.1048786382016,3454.512307991116,3761.061414728454
32,Secondary school or above,non-indigenous,2017-2018,60131,54334,3905.6011236577915,3524.3732546226424,3960.0010172235066,3546.0408108489464,4006.490265697671,3595.3787637574997,4006.490265697671,3645.7615811462433
33,Secondary school or above,non-indigenous,2017-2018,67269,100487,3823.8692414039156,3607.3366505120066,3960.0591654402474,3665.8671868002825,4543.081372301258,3712.1643363486487,4629.69133132151,3789.574548614912
34,Secondary school or above,non-indigenous,2017-2018,84439,54454,3672.6843559650556,3706.3185349101996,3813.1734072328345,3745.530346714658,3880.0599564971953,3816.26864570708,3910.494945068827,3842.4203823410585
35,Secondary school or above,non-indigenous,2017-2018,61592,67501,4127.4460657769405,3632.8926361584768,4176.943078375979,3661.4042137647343,4261.355772665281,3693.2865809395416,4306.701380319954,3705.2824526056406
36,Secondary school or above,non-indigenous,2017-2018,56921,57020,4278.062990811827,3757.1251578393544,4371.206997417474,3811.379629954402,4491.026759309687,3871.743712732374,4535.051518771631,3875.805445457734
37,Secondary school or above,non-indigenous,2017-2018,68591,50125,3659.376390488548,4354.434533665835,3707.153212520593,4413.364608478802,3841.7788679758764,4513.688964256026,3846.205104654158,4513.688964256026
38,Secondary school or above,non-indigenous,2017-2018,55385,55519,3307.1053173241853,4241.650209838073,3372.869513406157,4295.316702390172,3535.4336101832628,4381.377030085796,3584.10527218561,4393.054714001813
39,Secondary school or above,non-indigenous,2017-2018,58077,53042,4894.08951047747,3811.8320607568844,4955.569097921725,3825.2067449693955,5033.215010531995,3907.3358502067545,5037.953547302145,3937.2429678368085
40,Secondary school or above,non-indigenous,2017-2018,49215,44800,3672.2810254326255,4482.633686755952,3753.0106810254324,4511.152436755952,3955.9748857055774,4620.128999255952,3955.9748857055774,4688.365606398809
41,Secondary school or above,non-indigenous,2017-2018,43602,50194,4016.726082901396,5436.360215696432,4083.8674984327936,5484.420143177804,4291.693592037062,5525.140481598067,4291.693592037062,5563.610883106879
42,Secondary school or above,non-indigenous,2017-2018,54384,52623,4366.930791531823,5456.937440219423,4462.54659765127,5493.534935611171,4584.615894993625,5526.0761564968425,4633.083826738256,5537.63954132857
43,Secondary school or above,non-indigenous,2017-2018,38130,62666,3787.0521264970716,4228.780088086043,3828.146802605123,4274.957600612772,3892.4063532651458,4542.39488717965,3919.255028848676,4599.84656219747
44,Secondary school or above,non-indigenous,2017-2018,49107,28450,4500.873358177042,4065.9629173989456,4658.276579713686,4147.316168717048,4733.473937863577,4175.9233743409495,4758.877648128916,4286.13848857645
45,Secondary school or above,non-indigenous,2017-2018,24905,42899,6697.658268085391,4653.082430048874,6818.352104664391,4734.663772271303,6884.846115237904,4840.706453918894,6943.763334002542,4939.380082674809
46,Secondary school or above,non-indigenous,2017-2018,43560,35003,4148.0068640955005,4650.923206582293,4228.266919191919,4680.922063823101,4466.33930976431,5002.253092592063,4515.088161922253,5128.1470635850255
47,Secondary school or above,non-indigenous,2017-2018,38656,31972,5201.03328504415,5029.30194649485,5363.696002345475,5130.02288982026,5559.834764762693,5149.445353225739,5582.579142522075,5155.622633345844
48,Secondary school or above,non-indigenous,2017-2018,30978,32027,6038.280696515807,4229.8952862688775,6089.089012094605,4276.9877395114545,6185.584414745948,4337.317044993287,6284.751565627219,4361.558278952134
49,Secondary school or above,non-indigenous,2017-2018,39410,18036,5076.750253742704,5226.415225105345,5146.34327581832,5257.947715679751,5233.349534805041,5525.062560065055,5234.323906791846,5773.407167147187
50,Secondary school or above,non-indigenous,2017-2018,16722,28077,5754.49010285851,4104.266445845354,5795.914573615596,4158.710652847526,5913.221115895228,4279.796713798957,5913.221115895228,4407.55252816659
51,Secondary school or above,non-indigenous,2017-2018,20184,23349,5180.3099319593075,4896.273980327494,5204.590054828907,4951.621104401331,5288.0175221297395,5066.251281282567,5288.0175221297395,5097.7301454737535
52,Secondary school or above,non-indigenous,2017-2018,24272,24112,3798.723810700945,3892.042876299491,4041.2975582289605,3924.5150893054633,4198.602958141068,4036.535383488166,4205.514076576576,4098.590238608715
53,Secondary school or above,non-indigenous,2017-2018,27700,29647,4033.1186522262337,6127.618797854758,4062.9554753309267,6286.407882753736,4418.290012033694,6499.326559179681,4864.095066185319,6499.326559179681
54,Secondary school or above,non-indigenous,2017-2018,36068,16771,5180.412738900595,18863.60693558325,5268.123729252154,18873.004109275935,5491.775350264315,19889.321959533325,5567.803962884921,19897.147968715843
55,Secondary school or above,non-indigenous,2017-2018,16893,20963,3686.8012441050532,5097.5267932388815,3702.665803389964,5158.498505302994,4105.092844176089,5285.751284008333,4105.092844176089,5285.751284008333
56,Secondary school or above,non-indigenous,2017-2018,19252,19881,5692.25586952005,5183.426387002666,5807.976833575732,5229.055379508073,6069.175670060254,5540.431022919706,6069.175670060254,5606.22248210184
57,Secondary school or above,non-indigenous,2017-2018,18542,25439,4902.756907740985,5945.840625286633,5062.335162513933,6096.6680949198735,5487.335162513933,6216.767155417535,5487.335162513933,6267.991653235846
58,Secondary school or above,non-indigenous,2017-2018,18226,15396,5055.678389846007,4885.811498657659,5072.2986027287025,4921.892298865506,5335.219704451516,5006.74983762016,5463.698251581989,5006.74983762016
59,Secondary school or above,non-indigenous,2017-2018,17996,19066,4790.979199081277,4523.680705619077,4909.945636067274,4545.961204937235,5446.383826035415,4955.678327913563,5453.510409720679,5272.385205776425
60,Secondary school or above,non-indigenous,2017-2018,13275,12115,5256.76384180791,5319.12505158894,5287.064406779661,5320.88815517953,5732.3010671688635,5423.738616040721,5735.043063402385,5423.738616040721
61,Secondary school or above,non-indigenous,2017-2018,9937,13129,6383.994196773004,8660.083720516921,6406.123612089497,8690.169789524462,7674.558082586965,9429.418780308222,7706.921975109859,9487.732437098533
62,Secondary school or above,non-indigenous,2017-2018,13188,12714,5140.735744616318,4889.995018614651,5196.225583864119,5022.390016255047,5430.738019411586,5113.478580042997,5430.738019411586,5132.446017513503
63,Secondary school or above,non-indigenous,2017-2018,9737,13708,3340.38067851152,4744.122750705184,3361.4138509465615,4809.748662581461,3776.182260107494,5249.8055636611225,3868.202389510801,5431.406088901858
18,At most primary school,p99,2017-2018,85145,82410,340.079464443009,421.8663754398738,402.7442128134359,520.4286251668487,406.403362890755,535.842167212717,406.403362890755,535.842167212717
19,At most primary school,p99,2017-2018,78570,86859,433.08481608756523,459.7171124082325,517.6000636375206,551.2959931229541,520.3301132747868,574.5963323700864,520.3301132747868,587.768254680958
20,At most primary school,p99,2017-2018,113545,102533,615.4021136994144,768.09987353665,683.508608921573,829.6151905565363,696.7970628385223,859.9801299744147,696.7970628385223,859.9801299744147
21,At most primary school,p99,2017-2018,84356,100467,731.4042115162723,773.0126409666856,811.9168602905148,858.8947714174803,822.6266299966808,916.8241578495094,822.6266299966808,923.8752293456226
22,At most primary school,p99,2017-2018,80740,93413,781.8293947650897,1061.1512316272895,843.8381141111387,1138.5559825720188,866.3486933366362,1198.5709787003236,866.3486933366362,1203.6275554080623
23,At most primary school,p99,2017-2018,65686,82100,1002.7007063910117,931.6715996751927,1149.881840879335,989.8082622817701,1174.8759961534167,1033.379395046691,1174.8759961534167,1033.379395046691
24,At most primary school,p99,2017-2018,84002,45058,974.988857408157,1219.1673990560314,1047.433382538511,1339.9451521742346,1118.8626342229948,1402.5256595203218,1139.278814790124,1402.5256595203218
25,At most primary school,p99,2017-2018,57466,81734,1034.0055279063563,1072.0593143612205,1118.000759869604,1156.3578926762423,1137.2562036682561,1201.9250780988734,1137.2562036682561,1202.5612882439784
26,At most primary school,p99,2017-2018,65830,78041,959.2618360423312,1215.7550475604703,1044.8484986581598,1354.266547925663,1073.38319661755,1383.8516217970896,1097.3084586561345,1407.3392116537034
27,At most primary school,p99,2017-2018,75886,62410,1106.0953151218055,1400.1251615659883,1207.7840982965677,1462.9195855365058,1230.8153776717709,1555.4041232708432,1230.8153776717709,1555.4041232708432
28,At most primary school,p99,2017-2018,72598,65850,1289.0388670027642,1467.056729941787,1387.0448726778516,1515.6491065553025,1429.6373339026788,1576.415165780815,1433.1012493457122,1587.668013161225
29,At most primary school,p99,2017-2018,77137,73485,1350.317852219644,1234.0863725023246,1482.5332611673605,1349.4324975618606,1548.5809587703266,1443.5359767299447,1560.1452318601969,1474.6089848268352
30,At most primary school,p99,2017-2018,58956,62287,1134.6044168532464,1148.243079080172,1353.2349548816067,1209.2226253739411,1417.692947565416,1261.996786381321,1425.8524224280254,1348.6232092303906
31,At most primary school,p99,2017-2018,67635,66349,1090.797476651635,1321.6276407079733,1176.7238461348907,1401.818570488377,1259.077201153249,1485.4289778293567,1259.077201153249,1489.4521482363461
32,At most primary school,p99,2017-2018,68888,56680,1672.6190918592497,1303.804634203717,1805.8323946115434,1328.986709009645,1848.3064829868772,1358.5179957657024,1848.3064829868772,1438.0445777464126
33,At most primary school,p99,2017-2018,69143,99227,1357.7895231621421,1418.9934308874265,1447.821630533821,1491.5949405571737,1544.8336756191275,1663.4339981389473,1614.9591161313026,1668.5431586161026
34,At most primary school,p99,2017-2018,121240,61127,1440.0603671780489,1828.0787049912478,1508.4956195699988,1912.0621329363457,1585.6793584350598,1990.3599309634042,1626.929495903442,1990.3599309634042
35,At most primary school,p99,2017-2018,55913,93161,1414.8137672216958,1583.0649341820433,1542.7286528475788,1660.3078255206935,1616.4727016376635,1777.5801864514121,1633.1503973434922,1823.0053464790344
36,At most primary school,p99,2017-2018,88320,85299,1570.0667421497583,1469.5013227978443,1619.4044912439613,1551.5963063263735,1704.1504613903983,1605.3258146832513,1832.8339607865337,1612.1176098195756
37,At most primary school,p99,2017-2018,79986,69155,1527.783624634311,1531.0789193357916,1652.8561373240318,1604.48454438098,1786.0803682311073,1701.8690248957655,1836.088286283433,1735.3373207528982
38,At most primary school,p99,2017-2018,86561,99917,1573.05968623283,1405.919539884771,1680.9162382597244,1449.063549412679,1794.202926260094,1552.101955456362,1875.2161231193415,1593.953025177564
39,At most primary school,p99,2017-2018,76786,79305,1426.134030509034,1498.3219763360864,1515.2587407426702,1561.6085282558897,1569.6051352677139,1659.4634081499696,1570.66001506351,1661.4494115545467
40,At most primary school,p99,2017-2018,78432,83697,1781.0600775193798,1459.2489933928337,1906.1621404528762,1518.5843339665698,2064.247860142119,1581.7308854160444,2083.4610001869983,1632.389953244043
41,At most primary school,p99,2017-2018,77553,101207,1684.7454192616663,1609.3325140553518,1795.7780679019509,1648.2170773760706,1956.392318801336,1764.445278818,1999.053466661509,1787.249943185748
42,At most primary school,p99,2017-2018,103684,81169,1689.1987834831475,1543.9841934728777,1753.3930661111326,1619.250243319494,1801.2581336882579,1714.681991688124,1851.6310938364004,1749.7834466770976
43,At most primary school,p99,2017-2018,75749,118481,1537.6095746038452,1659.7674648255838,1685.3320527883757,1736.542601767372,1743.734979999736,1840.576328694052,1798.1951048858732,1888.4173327368944
44,At most primary school,p99,2017-2018,97572,61451,1647.1907061793686,1525.917392176965,1771.2651537667912,1649.5505307751978,1881.5808898386151,1770.2001988033828,1963.3451254799877,1833.887044148997
45,At most primary school,p99,2017-2018,62893,99611,1507.6131895971464,1956.2568039674334,1649.7381478595921,1984.732574715644,1753.0779273263054,2098.801056108261,1784.2817178912333,2129.641023581733
46,At most primary school,p99,2017-2018,94222,74432,1584.6234274727065,1651.3156460482946,1709.095323632839,1698.9795540448551,1793.4916323505481,1884.4687164122959,1798.5570735426265,1942.583953586271
47,At most primary school,p99,2017-2018,74595,59473,1652.4580043345175,1435.6817379314982,1715.7715240074178,1478.6728431389033,1774.8127801237795,1522.8240546130176,1841.106767656456,1554.335833067106
48,At most primary school,p99,2017-2018,60113,93198,1775.0209937950194,1623.4359929039963,1877.422304659558,1682.9226771676072,2005.095575554927,1779.804647095431,2234.331348183144,1801.425282731389
49,At most primary school,p99,2017-2018,84632,74690,1871.6961117938054,2196.835582630428,1976.570391026247,2239.8863257017892,2113.953604034723,2296.386593475253,2145.9808907978068,2487.1979470701117
50,At most primary school,p99,2017-2018,63889,68677,1620.1772462134848,1797.4727419660148,1716.956034424288,1837.5059408535608,1767.0292603838948,1856.7862069300252,1836.3943571402483,1910.7606088404173
51,At most primary school,p99,2017-2018,38310,66556,1733.7642391020622,1561.8102550233386,1806.8428086661447,1655.1128873930725,1949.223118419908,1741.6439477031872,2047.1725224049421,1872.446079241541
52,At most primary school,p99,2017-2018,79357,62232,1749.286254940753,1784.0421701589748,1862.2169100814463,1836.4327409264256,1974.3148892557263,1920.275976721515,2043.6601518034536,1959.9527775099625
53,At most primary school,p99,2017-2018,65570,101752,1945.3621727415994,1588.3000956574156,2006.9536017487674,1652.7260528867575,2084.7990214020638,1709.81818129701,2134.647020995374,1811.990456371046
54,At most primary school,p99,2017-2018,93829,49030,1782.7312629002404,1721.4073628390781,1886.9684390398133,1782.7085049969407,2051.257997705045,1942.282711265212,2408.2357622199247,2047.1001699639676
55,At most primary school,p99,2017-2018,50031,52265,1129.483340328996,2109.6358047131603,1283.3319541884032,2142.089071717848,1431.936096286969,2200.771013106285,1699.7560479169583,2263.5309863197167
56,At most primary school,p99,2017-2018,72197,63808,1593.1652654080733,1502.5476925568373,1667.6771980368528,1559.710054643096,1739.943445249341,1654.8328971288868,1824.2095689571588,1764.7762689108995
57,At most primary school,p99,2017-2018,39136,49446,1677.6740000681384,1313.569206811471,1766.1810012946307,1356.43415038628,1814.0182270373398,1478.4801787134786,1814.0182270373398,1567.8038853833812
58,At most primary school,p99,2017-2018,50880,74194,1507.6377358490565,1562.3105507183868,1546.6649764150943,1604.254508450818,1708.0682095125785,1706.4661765102298,1773.105657101677,1764.3572009416753
59,At most primary school,p99,2017-2018,54948,39308,1353.4655674455848,1554.6627488891152,1479.1118148067262,1649.2520182490418,1530.278357113392,1734.9945303754962,1539.7618687971658,1783.869738136427
60,At most primary school,p99,2017-2018,62949,60560,1370.6814511218076,1635.0485358872743,1429.3729791842075,1666.8427895200352,1568.4647730702632,1734.8809059885511,1632.0036166844059,1866.0741578599736
61,At most primary school,p99,2017-2018,37235,51041,1529.6039926592364,1283.3872834257427,1552.542625665816,1298.6025025632987,1656.740535338615,1447.0478373595083,1733.1650463273802,1784.7121660364544
62,At most primary school,p99,2017-2018,46027,46951,1434.6520303300238,1666.224638452855,1541.5810068003564,1705.7062256394966,1686.554029881012,1829.5437015896005,1833.7072225722584,1928.7162431755091
63,At most primary school,p99,2017-2018,58924,67438,1293.7498925169145,1388.5531401682533,1356.7365363292831,1411.5603467876667,1504.903825266445,1638.9761583479146,1784.7126637702804,1682.8761850390977
18,Secondary school or above,p99,2017-2018,8712,33230,154.1900826446281,293.96448991874814,169.17458677685948,328.4733674390611,169.17458677685948,342.2753535961481,169.17458677685948,342.2753535961481
19,Secondary school or above,p99,2017-2018,17272,47149,191.87992125984252,644.4895084377894,199.5223483094025,726.7733320607718,213.2681025165972,748.915689268772,213.2681025165972,759.8597177741485
20,Secondary school or above,p99,2017-2018,30716,59720,351.0986131006641,682.2894340254521,412.61964448495894,713.9592263898192,412.61964448495894,734.0929057825408,421.68332465164735,736.9663150256754
21,Secondary school or above,p99,2017-2018,68735,95223,724.5882156106787,1142.257024738421,790.3648214155817,1237.7547511280538,837.1978759001964,1257.546538126293,844.6831454135448,1283.2649394929097
22,Secondary school or above,p99,2017-2018,74464,99990,921.0363318740152,1589.8808947561422,993.8089199702765,1672.4718538520517,996.3696652073486,1720.906572323899,996.8676866226185,1733.951210121012
23,Secondary school or above,p99,2017-2018,108697,138425,1393.5514319622437,1424.0231653723436,1522.7770775642382,1521.1549695984588,1548.9692907807944,1541.0320558665944,1559.138844678326,1541.0320558665944
24,Secondary school or above,p99,2017-2018,122495,102953,1830.1026109909249,1893.3818206689784,1943.0219954555969,1967.415165981888,2044.1663482863246,2031.0088462696572,2055.9035538865533,2031.0088462696572
25,Secondary school or above,p99,2017-2018,126001,141325,1865.013578595937,2222.7522737189693,1945.0201658452445,2311.913547378973,1981.5638374563164,2374.7138422076773,2007.912834686497,2379.0081991862726
26,Secondary school or above,p99,2017-2018,134891,129783,1871.9963513750608,2413.131859206008,1962.0119788075804,2481.887320244819,2002.75615991183,2525.420692617677,2013.4939654980687,2533.4255931054145
27,Secondary school or above,p99,2017-2018,125152,119633,2233.7150851231568,2688.7482286102772,2333.2454801627887,2757.1999517970235,2361.4215846863544,2843.3386704894688,2392.3112228863033,2856.0227125180063
28,Secondary school or above,p99,2017-2018,86614,116209,2422.4878243317094,2454.5697163444024,2540.5387860699966,2498.303678429955,2685.5167919350993,2538.8799605308827,2709.4313246126494,2549.578575382859
29,Secondary school or above,p99,2017-2018,95927,105383,2814.24469301309,3205.096088395029,2941.379701926118,3249.738582915018,3021.4359469527176,3276.5919099854814,3039.8402891434807,3312.611252131115
30,Secondary school or above,p99,2017-2018,95427,83721,2591.194742228789,2870.437106580189,2705.1946479158587,2981.6242639242246,2840.5996782881152,3040.389010323973,2849.034398021524,3130.13411609194
31,Secondary school or above,p99,2017-2018,92379,103602,2815.537717807438,3195.5062265528977,2957.873162010125,3286.0221914956596,2988.0163493145988,3364.310448479115,3015.287698863739,3366.731251166322
32,Secondary school or above,p99,2017-2018,76659,65250,3384.294814264035,3232.0169770114944,3457.6902407632065,3254.0047931034483,3504.5606669362587,3295.429365261814,3507.096572700748,3337.3833882503195
33,Secondary school or above,p99,2017-2018,76965,117591,3626.7181576041057,3288.0586694559956,3722.4221789124927,3356.538042877431,4232.567320643582,3397.101989097805,4308.266214079993,3457.6015171229087
34,Secondary school or above,p99,2017-2018,108892,67726,3432.119975143567,3331.0309556152733,3590.868597631904,3369.675493901899,3740.465197167836,3397.138851155145,3764.065645318297,3412.279269901269
35,Secondary school or above,p99,2017-2018,68641,85331,3768.872079612282,3290.9040110471774,3823.695872971936,3324.1724011984707,3937.693745963297,3361.638489138375,3978.382644240808,3367.2898155418316
36,Secondary school or above,p99,2017-2018,84085,65454,3279.5327704108936,3583.266118189874,3387.388690016055,3638.767539035048,3468.5001922657625,3709.7716029578023,3543.257085092466,3713.309965777493
37,Secondary school or above,p99,2017-2018,82781,59214,3290.5945547086085,4103.031901239572,3357.8706204724913,4164.092123484312,3469.355743870373,4276.896668580629,3473.0232521150183,4276.896668580629
38,Secondary school or above,p99,2017-2018,69934,66965,2754.166745312247,3279.1823987655243,2840.9063855444656,3349.0760745663156,3011.4991051086263,3424.443555090968,3064.607702738773,3434.125229597551
39,Secondary school or above,p99,2017-2018,65232,60865,3702.91785217889,3613.8215148278978,3757.179104325076,3642.5509981105724,3805.3294242089773,3717.6810728661794,3809.548212533726,3743.7442180782605
40,Secondary school or above,p99,2017-2018,59679,57704,3495.0136424314524,4234.7809741670135,3575.1205477080152,4256.92224686908,3753.579748878723,4342.680126161098,3763.2716002837396,4395.657389435742
41,Secondary school or above,p99,2017-2018,50023,58906,3392.1361107224006,4338.129330345522,3465.2005011028255,4393.4389762220035,3671.392569418067,4454.293416629885,3671.392569418067,4507.985457055875
42,Secondary school or above,p99,2017-2018,62204,62188,3928.8405488393028,3922.9037140069895,4021.037995948813,3962.0796000300165,4131.982897670032,3994.9196240968245,4174.357664566051,4004.704470047812
43,Secondary school or above,p99,2017-2018,43852,72962,3810.74593899176,3523.640840437488,3853.0441237951895,3578.2407691675116,3931.1327324485387,3809.25451604945,3954.4780758764327,3858.5989236406162
44,Secondary school or above,p99,2017-2018,63203,32830,4245.441271247672,3811.6045791450906,4380.7568417111,3886.44161843842,4459.341428940609,3911.2322063153615,4479.079416061473,4006.7430195958977
45,Secondary school or above,p99,2017-2018,28061,49976,4071.3659586852455,3617.9658736193373,4172.3701994464445,3671.918931086922,4231.385677630876,3762.9451236593563,4283.676520200041,3847.6457799743876
46,Secondary school or above,p99,2017-2018,50246,37065,4010.2221669386618,4523.7976078061065,4089.4867452135495,4558.745672017627,4277.938230572251,4862.200413687666,4320.200301184837,4981.090651558074
47,Secondary school or above,p99,2017-2018,39476,34128,4666.799034012227,4714.907842045633,4795.538774614111,4821.164581379903,4987.6033201607725,4842.475206086889,5009.875249096497,4848.262243123926
48,Secondary school or above,p99,2017-2018,33822,39289,5931.787576626653,4296.591828077409,5978.323559123253,4334.979926527357,6095.4037017326,4389.187635215964,6186.232156584471,4408.948229784418
49,Secondary school or above,p99,2017-2018,42078,23562,4909.1121845144735,5069.961463373228,4974.292587575455,5126.137509549274,5065.914614921496,5393.087825029002,5066.827205824105,5598.438672438672
50,Secondary school or above,p99,2017-2018,21422,34502,3704.7215090405502,4365.551465615519,3750.6649316901626,4431.830232063841,3944.433020570753,4597.696945104631,3944.433020570753,4781.239928120109
51,Secondary school or above,p99,2017-2018,19994,24621,3845.6512453736123,4812.636556868798,3875.833800140042,4865.124270609101,3960.054066219866,4990.249163992798,3960.054066219866,5020.101728876433
52,Secondary school or above,p99,2017-2018,36045,26312,4248.509821057012,3752.7090237660886,4418.373879872382,3782.466168794973,4759.663471586443,3885.1202176446736,4764.317283950618,3941.986539728387
53,Secondary school or above,p99,2017-2018,30370,30321,3963.0016353857977,5681.622445389883,3990.215333113819,5832.159037190945,4319.661058061684,6040.344783043654,4726.272846010317,6040.344783043654
54,Secondary school or above,p99,2017-2018,40396,16321,4379.321054889923,3262.7021577517717,4462.694656236591,3272.358428813594,4736.847212595307,3324.1934879398727,4804.73017130409,3332.2352745951025
55,Secondary school or above,p99,2017-2018,19788,23099,3456.036802607641,4698.904000173167,3480.541552961391,4754.237564396727,3784.18685988141,4902.451772804017,3784.18685988141,4902.451772804017
56,Secondary school or above,p99,2017-2018,18639,22770,4255.7611102169285,4184.363065436978,4375.287908864924,4224.202766798418,4621.095087361625,4496.071856243595,4621.095087361625,4553.515861513687
57,Secondary school or above,p99,2017-2018,17015,24003,3953.3324664511706,5013.133344443056,3964.466759721814,5172.984196419892,4382.383303947498,5300.268285908705,4382.383303947498,5354.557333111139
58,Secondary school or above,p99,2017-2018,20185,17516,4995.501180744777,4706.032456040191,5010.50836429692,4737.746317652432,5255.170241928825,4957.548593666742,5371.179654859218,4957.548593666742
59,Secondary school or above,p99,2017-2018,16424,20213,4081.808836661796,3626.2700407328616,4174.85072657899,3647.2862184402775,4667.488025653515,4033.7536733785187,4675.2967202467935,4332.4888108313135
60,Secondary school or above,p99,2017-2018,13866,13648,4899.6467137843165,5091.177535169988,4928.655800759652,5118.19687866354,5591.551853454493,5214.797723720203,5594.176979662484,5214.797723720203
61,Secondary school or above,p99,2017-2018,9681,12791,5163.657370106394,4964.1783936622105,5164.841132114451,5053.17847184218,6466.817511965018,5811.961991504443,6500.037220672796,5871.816576759701
62,Secondary school or above,p99,2017-2018,12445,12932,4322.979616981385,4543.9011753789055,4381.782349002277,4674.06433652954,4457.937431364672,4763.617383235385,4457.937431364672,4782.265078874111
63,Secondary school or above,p99,2017-2018,9623,17579,2536.522221067581,3902.0862203007378,2557.8045654508296,3953.260917382483,2915.472652326024,4400.800595407399,3008.5829090027364,4542.411608548078
18,At most primary school,p90,2017-2018,85145,81451,340.079464443009,426.833409043474,402.7442128134359,526.5561257688671,406.403362890755,542.151146087832,406.403362890755,542.151146087832
19,At most primary school,p90,2017-2018,78570,86499,433.08481608756523,455.3875613205547,517.6000636375206,539.4399781115003,520.3301132747868,562.8372909898765,520.3301132747868,576.0640334955702
20,At most primary school,p90,2017-2018,112516,102533,608.0986970741939,768.09987353665,671.1328611041985,829.6151905565363,684.5428427956913,859.9801299744147,684.5428427956913,859.9801299744147
21,At most primary school,p90,2017-2018,83282,100467,731.0509313737261,773.0126409666856,805.3397933126805,858.8947714174803,816.1876756081746,916.8241578495094,816.1876756081746,923.8752293456226
22,At most primary school,p90,2017-2018,80449,92886,781.0402283848567,1059.796094136899,839.7283910717764,1135.3705617638825,859.3060634687815,1195.7260602602473,859.3060634687815,1200.8113260699495
23,At most primary school,p90,2017-2018,65199,79579,985.7204343624902,949.6567980664915,1131.0131535759751,1006.8681226621763,1156.1940011861122,1049.68331259922,1156.1940011861122,1049.68331259922
24,At most primary school,p90,2017-2018,84002,43463,974.988857408157,1174.9415518180215,1047.433382538511,1300.1515925423157,1118.8626342229948,1365.0286718971693,1139.278814790124,1365.0286718971693
25,At most primary school,p90,2017-2018,55868,79934,927.080827426553,1089.805289363725,1013.4785864299181,1174.5099206845648,1033.2847963055774,1221.1032143184793,1033.2847963055774,1221.7537510112509
26,At most primary school,p90,2017-2018,64252,75825,957.0867832907925,1164.016129244972,1032.514318620432,1305.8476623804813,1061.7498158293386,1336.2973656445763,1086.2626714602918,1360.4713847675569
27,At most primary school,p90,2017-2018,75473,59416,1100.6074898749662,1168.2332143979177,1202.8527298945758,1234.1918787307573,1226.0100400143097,1331.336755531619,1226.0100400143097,1331.336755531619
28,At most primary school,p90,2017-2018,72009,63961,1295.4928365435803,1387.433993631536,1392.6645789646666,1437.4614791305119,1433.9013572377528,1500.0221801827156,1437.3936058918562,1511.6073649046555
29,At most primary school,p90,2017-2018,76246,73485,1285.8309703678444,1234.0863725023246,1419.5914299329363,1349.4324975618606,1486.4109516127621,1443.5359767299447,1498.1103631665924,1474.6089848268352
30,At most primary school,p90,2017-2018,58956,62287,1134.6044168532464,1148.243079080172,1353.2349548816067,1209.2226253739411,1417.692947565416,1261.996786381321,1425.8524224280254,1348.6232092303906
31,At most primary school,p90,2017-2018,65655,65068,1054.4476937526972,1178.7592569824387,1134.3622470997386,1260.5289133419396,1214.1774807706954,1345.7853668469907,1214.1774807706954,1349.8877417983238
32,At most primary school,p90,2017-2018,67827,55775,1609.4613354563817,1268.1342297923204,1742.7607295030002,1293.7249066188556,1781.6089020596517,1323.7353653070372,1781.6089020596517,1404.5523382638578
33,At most primary school,p90,2017-2018,67017,98318,1299.8996423792967,1407.0918973806083,1373.811187211205,1480.3646449954906,1464.5132304738597,1653.7924422113276,1503.962176263734,1658.9488394800544
34,At most primary school,p90,2017-2018,119407,57386,1428.7974651123188,1484.395479733733,1498.283257402553,1567.031575645628,1576.6518329467003,1646.967927717562,1618.5351954519695,1646.967927717562
35,At most primary school,p90,2017-2018,54601,93161,1415.3336416304953,1583.0649341820433,1537.7417477091385,1660.3078255206935,1613.257782214001,1777.5801864514121,1630.3362240007816,1823.0053464790344
36,At most primary school,p90,2017-2018,85306,82994,1442.4532232980878,1411.237599505185,1493.5341554716747,1495.6126145665148,1581.2743388507258,1550.8343575037552,1714.504435991216,1557.8147817914546
37,At most primary school,p90,2017-2018,78702,68080,1437.2014561256385,1457.1865844104975,1564.3144901019034,1531.751302389346,1662.1020092670242,1630.6735078828829,1712.9257918053756,1664.670276390521
38,At most primary school,p90,2017-2018,84837,97014,1469.163108863664,1357.9922760288894,1579.2114486210812,1402.42730602456,1694.8002718939456,1508.5489834800476,1777.4597640180582,1551.6523843637688
39,At most primary school,p90,2017-2018,75012,78599,1332.1083604401074,1480.3422986721628,1423.3408299116586,1544.1973095501637,1478.2303886933646,1642.9311515837774,1479.3102159210082,1644.9349938718472
40,At most primary school,p90,2017-2018,77355,81026,1724.544338870575,1271.7709500654112,1849.604192790813,1333.0622639646533,1995.541484066964,1398.0884695447553,2015.0221252666279,1416.5703395617868
41,At most primary school,p90,2017-2018,75311,99851,1341.2741144498589,1578.0487835207794,1448.6092314978332,1617.4614083317476,1541.8508163924703,1735.2680160105224,1585.7819818264704,1758.3823730692066
42,At most primary school,p90,2017-2018,101927,79132,1459.9682779505592,1247.3165470353333,1525.269130521517,1323.6607567103067,1568.9164630895966,1421.549089917269,1620.1577436138934,1457.5541194881125
43,At most primary school,p90,2017-2018,71322,116467,1372.8768075301684,1627.3670911073523,1529.7685099501791,1705.46985841483,1591.591486497855,1811.302583564443,1649.4319845209052,1859.9708758704182
44,At most primary school,p90,2017-2018,94724,61173,1505.8988033655673,1507.8572191435221,1633.2075318820996,1632.0522071284174,1746.840053735062,1753.250166195326,1831.062637240826,1817.2264356824091
45,At most primary school,p90,2017-2018,62757,98399,1504.8774851145422,1854.9862955924348,1647.3104408007605,1883.8128080569923,1750.8741667596175,1999.2862935598937,1782.1455787136626,2030.5061230297056
46,At most primary school,p90,2017-2018,89865,71618,1520.9645199280403,1549.3594650320683,1649.3035952076264,1598.896173680732,1737.7917607893323,1791.6735387751683,1743.1027940058236,1852.0722281176986
47,At most primary school,p90,2017-2018,73860,58253,1652.9800275295604,1400.4308619298577,1716.9235964437223,1435.7940191921446,1776.5523873995849,1480.869895112698,1843.5060835815507,1513.041628757317
48,At most primary school,p90,2017-2018,58076,91081,1649.6269887733315,1564.2935518933696,1755.619997933742,1625.162887978832,1880.5439481598823,1724.296690125639,2117.8201035424845,1746.4198552204448
49,At most primary school,p90,2017-2018,80365,69425,1784.842796408055,2026.243519385428,1892.8116883386217,2072.5591117512904,2037.4892977871793,2133.3442035770017,2071.217081440926,2338.6261625255074
50,At most primary school,p90,2017-2018,61236,63937,1511.5798563481176,1720.3169395915772,1612.5515070111262,1763.3180187789023,1654.146783210312,1784.0276365797583,1726.517066485945,1842.0034565275193
51,At most primary school,p90,2017-2018,35845,63212,1143.4639791695727,1491.670089012635,1213.0047798391222,1574.7443470649034,1364.583512344818,1661.659720464469,1468.379485748826,1799.3814610622458
52,At most primary school,p90,2017-2018,77285,60845,1658.1221366802527,1638.90972690169,1774.0015181902481,1692.4945736434108,1888.9075068469517,1778.2490686717615,1960.111906148239,1818.8303270605636
53,At most primary school,p90,2017-2018,62890,97067,1552.140737796152,1504.747847706567,1599.0027190332328,1572.2833644115233,1679.1561748025654,1632.1310804221139,1731.1284014416706,1739.2347648188022
54,At most primary school,p90,2017-2018,88310,45133,1699.8487562752423,1276.7835729953692,1797.6810515985353,1343.3777502049497,1972.2380100403877,1516.7303598992607,2351.525368965387,1630.5982614347226
55,At most primary school,p90,2017-2018,46876,45096,896.256527860739,1908.584249896517,1020.9160551241573,1945.9760363077285,1123.1676799783827,2013.9867615753058,1409.0133152714964,2086.7238114245165
56,At most primary school,p90,2017-2018,66437,60768,1384.176026410986,1416.1178004870985,1462.935422530618,1467.824554041601,1541.467057763997,1561.4412327760226,1600.7075612986741,1664.7318901395472
57,At most primary school,p90,2017-2018,36694,47674,1604.7295924856016,1206.7457384178658,1694.9707763303718,1251.2039336605558,1745.991588088879,1377.786303855351,1745.991588088879,1470.4300929227672
58,At most primary school,p90,2017-2018,49303,70212,1345.9342839178144,1313.526078163277,1379.6788025069468,1357.8488435025351,1533.18257509685,1465.857339201276,1600.3003028889384,1527.0315924153515
59,At most primary school,p90,2017-2018,50767,38492,1232.5112967084917,1479.9590391076933,1368.5053479622588,1559.3447556202154,1418.4885883874695,1637.9420399043956,1428.7531303143119,1687.8533634694654
60,At most primary school,p90,2017-2018,59824,57531,1257.5053935990015,1550.492882098347,1311.179052999911,1581.1886808850882,1446.7716133993047,1652.8089957298384,1490.4080580814834,1790.909556007486
61,At most primary school,p90,2017-2018,34858,49381,1397.8963604720104,1118.5430698716782,1417.097691586819,1134.2697663743816,1528.400955304378,1287.7052645079418,1610.036926004552,1636.7205740399481
62,At most primary school,p90,2017-2018,42284,41354,1407.3994655188724,1281.6726878496236,1512.0068820357583,1319.9833712176169,1668.3206965597703,1458.1149505892215,1798.381712546905,1542.1515613161162
63,At most primary school,p90,2017-2018,54707,63603,1124.4405042620992,1253.8090132016835,1192.2823709336403,1278.2034600045072,1315.7986059066177,1519.3315121404128,1617.1760530340418,1558.4092810087575
18,Secondary school or above,p90,2017-2018,7455,32673,122.32112676056337,298.97591283322623,139.83219315895371,334.07308787071895,139.83219315895371,348.11036635754294,139.83219315895371,348.11036635754294
19,Secondary school or above,p90,2017-2018,16708,46083,171.3520469236294,633.909160283257,179.25245391429254,718.0963876773069,193.4622137099992,740.750945757293,193.4622137099992,751.9481334403865
20,Secondary school or above,p90,2017-2018,28653,59720,356.9659372491537,682.2894340254521,422.91644853942,713.9592263898192,422.91644853942,734.0929057825408,432.63270861689875,736.9663150256754
21,Secondary school or above,p90,2017-2018,61858,90061,700.3654229579575,1063.6124478594138,751.8293403170703,1160.330672174045,800.5420371388234,1177.4816402216275,800.5420371388234,1204.6741356784105
22,Secondary school or above,p90,2017-2018,69940,89389,859.9930809741684,1425.2339363158032,929.0942820036222,1512.620415636525,931.820666523687,1566.799201616903,932.3509019635878,1581.3908553252265
23,Secondary school or above,p90,2017-2018,97523,123546,1229.4930597568436,1332.3466509100524,1354.3481195888833,1433.9396608011052,1383.5413868181522,1453.824850662911,1394.8761488742825,1453.824850662911
24,Secondary school or above,p90,2017-2018,99465,92420,1656.1845975971448,1744.1707485753445,1753.856743578143,1816.9638128471472,1831.4782938722165,1825.2537951742047,1845.9331171768965,1825.2537951742047
25,Secondary school or above,p90,2017-2018,112014,120750,1732.0313539676588,1962.860480331263,1820.4436060075823,2056.667892339545,1856.8211049511667,2119.00372394755,1886.4602571999928,2119.902274672188
26,Secondary school or above,p90,2017-2018,118698,107424,1645.9074780816302,2047.4939492106048,1735.0311195920178,2129.7694183795056,1781.3336970013536,2182.3637331198493,1793.5363738226424,2192.0347563548803
27,Secondary school or above,p90,2017-2018,105427,96760,1937.1676578738525,2250.9607379082267,2048.1379785696895,2309.2846837536176,2074.1872433057943,2393.7681135455423,2110.85621804661,2408.0113958936204
28,Secondary school or above,p90,2017-2018,69187,94645,2102.3473605349755,2058.084843362037,2211.717545685365,2090.3768820328596,2248.751598325312,2140.1980999172347,2266.8494105347345,2153.3342965819643
29,Secondary school or above,p90,2017-2018,73804,79914,2310.3304563438296,2633.8200993150967,2386.4275513522302,2674.485314421336,2469.2868645330877,2705.123260630177,2482.1787583780465,2737.347918804381
30,Secondary school or above,p90,2017-2018,76381,64982,2152.456937370987,2221.8169595682907,2272.824502603178,2317.849707098376,2436.6649319420626,2393.560570619556,2447.202892953309,2496.225154658213
31,Secondary school or above,p90,2017-2018,71200,81210,2333.3161704119852,2632.892442433198,2479.886900749064,2736.241167959611,2518.996416198502,2836.11581393917,2554.3798431647942,2839.2041035586753
32,Secondary school or above,p90,2017-2018,55764,53258,2473.2203452645676,2575.9865387985533,2535.7585419506017,2601.866594377058,2600.1915094565193,2643.5495966177227,2603.6776295339887,2694.95032514677
33,Secondary school or above,p90,2017-2018,56990,92021,3253.322275837866,2710.7497527738233,3341.5524916652043,2781.1549646276394,4008.60343627537,2811.7366072237132,4009.132745510908,2872.4075410323003
34,Secondary school or above,p90,2017-2018,77173,53303,2641.137466039504,2457.1583025345667,2763.615923531114,2502.5242294054747,2844.6392952630235,2526.3687284643142,2857.868015152104,2539.527462494294
35,Secondary school or above,p90,2017-2018,47175,68088,2767.5444462109167,2697.2855520307053,2819.7649019607843,2725.9188648024124,2906.0276823882705,2769.5685350820504,2929.025597950892,2776.651036159088
36,Secondary school or above,p90,2017-2018,68435,51201,2558.361413506734,3039.7078572684127,2677.2854289958846,3061.048065467471,2753.609834149193,3147.1922162978585,2827.8179635176934,3147.1922162978585
37,Secondary school or above,p90,2017-2018,64330,41775,2753.932879941966,3108.6908039098344,2834.6383050935283,3178.654179134251,2913.0053189284417,3338.5490524635948,2917.724734442199,3338.5490524635948
38,Secondary school or above,p90,2017-2018,60338,51504,2450.1709784878517,2870.5182283576682,2532.3008137492125,2952.700388966553,2725.640520898936,3047.011510432847,2787.1953730098226,3059.5995294863833
39,Secondary school or above,p90,2017-2018,46386,45102,2930.9280278532315,2761.1380943934487,2990.5994804466864,2799.9084371720396,3037.625343135141,2875.893094171729,3043.5581676942757,2911.0652225326294
40,Secondary school or above,p90,2017-2018,49248,38198,3056.150280214425,2699.027645426462,3153.224273066927,2705.9468558563276,3358.618739170457,2731.319196467529,3370.3633785466754,2801.0217986980124
41,Secondary school or above,p90,2017-2018,40029,43355,2924.5352078076726,2920.6341137123745,2986.1830131488005,2982.8892169299966,3200.5529074754136,3029.4136470226426,3200.5529074754136,3091.62177372852
42,Secondary school or above,p90,2017-2018,49990,50514,3179.771237580849,3479.0957176888255,3246.12550843502,3499.59201574481,3337.817180102687,3533.4061811247047,3339.3670900846832,3536.771584775178
43,Secondary school or above,p90,2017-2018,35614,53756,3472.0957839613634,2756.248409479872,3524.17811113607,2821.1289809509635,3612.95055081335,2966.253711213632,3633.6092805263847,2968.703050202148
44,Secondary school or above,p90,2017-2018,47592,24060,3525.2355367848936,2962.4641174840676,3599.686074690424,3064.5796619562207,3655.5513461646215,3098.40655306179,3681.763734801367,3228.73157384317
45,Secondary school or above,p90,2017-2018,22444,41278,3644.451753995129,3029.543647140527,3731.6821942018655,3084.147019396935,3758.7956023881666,3194.3540303955297,3824.1731346165275,3210.125143337048
46,Secondary school or above,p90,2017-2018,41670,23281,3254.9153027757775,2806.1707472473977,3350.4931285497155,2817.053011754936,3569.162035037197,2956.5573285798146,3585.960691144708,3145.839003192875
47,Secondary school or above,p90,2017-2018,26125,24518,3673.3817288676237,3501.8484990619136,3833.3078532695376,3569.20024063953,3968.5208676236043,3598.8637123745816,3999.7553173843703,3598.8637123745816
48,Secondary school or above,p90,2017-2018,19124,29195,3519.630412047689,3018.1324884398014,3599.071951474587,3052.2626477136496,3767.170501289828,3069.4893417822686,3849.266297148435,3096.082046012445
49,Secondary school or above,p90,2017-2018,26097,18004,3524.2263478560753,4079.2551840331776,3580.035866191516,4147.407816781456,3642.0525730926925,4453.119510479152,3643.5240065907956,4631.075890542842
50,Secondary school or above,p90,2017-2018,14385,23476,3215.4462287104625,3810.2221417617993,3261.1883211678833,3870.484537399898,3434.681543274244,3980.1916141307433,3434.681543274244,4097.1450985403535
51,Secondary school or above,p90,2017-2018,13008,12583,2599.3607267322677,3554.929031232615,2645.7529469044694,3594.498291345466,2737.1274856498567,3811.8312008265116,2737.1274856498567,3870.243344194548
52,Secondary school or above,p90,2017-2018,28690,17530,3661.8019577088417,2646.302329340179,3682.8476182177296,2690.96690435444,4087.8406471476706,2707.340739684351,4093.687515975369,2792.6953698421753
53,Secondary school or above,p90,2017-2018,20160,18230,3352.0162533068788,2787.702614737612,3357.5757771164026,2888.337282867069,3771.5770998677253,3234.601682208813,3970.4263062169316,3234.601682208813
54,Secondary school or above,p90,2017-2018,21035,8878,3366.275572458601,1659.1905083727568,3434.7024799936617,1676.9422542614705,3727.294192219317,1676.9422542614705,3796.8924807859917,1676.9422542614705
55,Secondary school or above,p90,2017-2018,13151,15869,2491.952563810103,4021.8561451047112,2521.40279573163,4023.9073140504547,2558.2086153144246,4192.727025437435,2558.2086153144246,4192.727025437435
56,Secondary school or above,p90,2017-2018,10466,12868,2421.0465316262184,3398.2419956481194,2578.17437416396,3413.582374883432,2734.8149245174855,3470.9064216143406,2734.8149245174855,3572.553919282976
57,Secondary school or above,p90,2017-2018,8075,15173,2517.6389576883385,3164.304883674949,2520.8897316821467,3205.7535095234957,2616.0641382868935,3340.9805575693667,2616.0641382868935,3426.8633757332104
58,Secondary school or above,p90,2017-2018,7371,8927,2590.420024420024,2886.1657891788955,2631.5162121828785,2923.2443149994397,2836.3730837064168,3263.208095291438,2841.3113553113553,3263.208095291438
59,Secondary school or above,p90,2017-2018,8476,10098,3017.3641261601388,1829.2971875618935,3068.827080383829,1871.3649237472766,3188.7775287085105,2174.5602759622366,3188.7775287085105,2334.9880834488677
60,Secondary school or above,p90,2017-2018,8396,6550,3458.378354772113,3241.9986259541984,3499.3502461489593,3298.2978625954197,4360.845799587105,3440.6451908396944,4365.181197395585,3440.6451908396944
61,Secondary school or above,p90,2017-2018,5209,4502,3717.53062008063,3688.85661928032,3719.7306584757152,3688.85661928032,6139.4721315671595,4548.474566859174,6201.211428937097,4548.474566859174
62,Secondary school or above,p90,2017-2018,5885,5674,2322.0479467572923,2011.8047232992599,2446.397989238176,2134.1910468805077,2446.397989238176,2195.1004582305254,2446.397989238176,2195.1004582305254
63,Secondary school or above,p90,2017-2018,6875,12527,2283.8671515151514,2471.224927489955,2313.6562424242425,2543.0378116601473,2735.1602424242424,2800.7930603230357,2865.487515151515,2983.748277054895
18,At most primary school,p50,2017-2018,70041,65260,257.91702003112465,330.53322096230465,288.3847460772976,449.87148329757895,292.8329740199788,469.33562672387376,292.8329740199788,469.33562672387376
19,At most primary school,p50,2017-2018,59434,64603,352.3288689975435,298.4069160874882,406.7568058686947,363.20034673312387,410.36585119628495,394.39911717206115,410.36585119628495,395.87737669561267
20,At most primary school,p50,2017-2018,78538,71952,412.8019939392396,537.7405492550589,491.9442180855127,608.0105903935957,507.9057589956454,644.8175357645838,507.9057589956454,644.8175357645838
21,At most primary school,p50,2017-2018,56209,73540,649.1000017790745,583.127073701387,695.2727677062393,673.7555751971715,704.6348508839036,746.4709908439851,704.6348508839036,746.4709908439851
22,At most primary school,p50,2017-2018,54403,49886,598.8186190712522,657.3198893477128,674.4737116212954,737.1978110091007,681.8278556942325,815.2453761242299,681.8278556942325,815.2453761242299
23,At most primary school,p50,2017-2018,41789,46537,664.401229988753,577.1481258640079,781.255665366484,606.3362987157172,819.9019857697799,660.3851917112548,819.9019857697799,660.3851917112548
24,At most primary school,p50,2017-2018,58052,27987,658.1969441190656,819.1016543395148,721.937469854613,912.242183871083,803.2611107283125,1012.9944081180548,803.2611107283125,1012.9944081180548
25,At most primary school,p50,2017-2018,41563,49178,712.7402497413565,806.6477286591565,777.4610350552174,921.2967587132457,782.9154055289561,997.0295728442258,782.9154055289561,997.0295728442258
26,At most primary school,p50,2017-2018,45260,51491,791.813278833407,810.884445825484,886.3057666813964,939.4643141519877,914.8340293121225,959.3438157477358,939.1159559581677,964.4636425135784
27,At most primary school,p50,2017-2018,48791,34530,893.1302699268308,779.7908485375036,993.1753602098748,852.8258905299739,997.3595676798317,964.9518679409209,997.3595676798317,964.9518679409209
28,At most primary school,p50,2017-2018,48722,42774,854.0759205287139,794.9793098611306,934.2294446040803,839.0459858792724,991.7184468344211,912.3073128536026,995.3205157150089,929.6309206527329
29,At most primary school,p50,2017-2018,40529,42775,635.6565833518387,760.9594778881745,765.1843289167427,879.2418858367427,818.5667937361725,922.6293395675044,818.5667937361725,946.1430742255991
30,At most primary school,p50,2017-2018,38734,36366,790.1901688439098,791.1560248583842,1071.1593948469044,853.2808942418742,1146.3100484501128,936.275037122587,1151.905907385415,1084.647142935709
31,At most primary school,p50,2017-2018,42329,41703,643.9999763755345,885.5306572668633,689.341468024286,944.4983094741385,731.9355524581257,1050.1613772790126,731.9355524581257,1050.1613772790126
32,At most primary school,p50,2017-2018,42242,41616,915.7626769565835,801.8741990260156,1051.7647601912788,832.9372516980649,1081.108896359074,861.9144880174292,1081.108896359074,969.1344675124951
33,At most primary school,p50,2017-2018,40842,65598,789.349648237925,868.1100440054066,853.2155216035779,943.7396363710275,897.7606589621794,1031.4698898340396,960.0433581443938,1039.1982758620688
34,At most primary school,p50,2017-2018,91614,39559,1104.0780193711296,925.7155472416729,1185.4828264966782,995.0614609401991,1278.0575403322637,1107.2186818001803,1330.0310378326458,1107.2186818001803
35,At most primary school,p50,2017-2018,35644,55990,1011.9474946695096,884.9494076323153,1160.3007939625184,973.6038102042032,1243.1726471028317,1131.7508379472526,1263.3162897916434,1188.7967390010122
36,At most primary school,p50,2017-2018,56483,54963,835.7724271019599,934.7871659116132,883.9502859267391,1008.4045084875279,986.2119826614498,1086.5670299413543,1184.991556456515,1097.107454105489
37,At most primary school,p50,2017-2018,50631,49545,958.4831098207292,1036.8423655262893,1038.424055091413,1117.4029468160259,1123.0627152008324,1237.6882093719514,1202.0643808470438,1237.6882093719514
38,At most primary school,p50,2017-2018,52292,65837,1034.6095259950534,930.0267225622877,1142.3114880542594,980.5085185128929,1302.2587521354446,1066.7845499744317,1401.3561284071495,1105.0781133709008
39,At most primary school,p50,2017-2018,49541,49656,882.8979162040868,996.2508256806831,970.8650545339549,1034.3563919768003,1040.0500174939275,1179.9777250818968,1041.2813208588173,1183.1495472181946
40,At most primary school,p50,2017-2018,49542,54369,1081.3962765599558,800.7846750905848,1188.052447081937,823.2689951994703,1369.458375385195,918.1125028355619,1399.8754962119683,945.3338973802473
41,At most primary school,p50,2017-2018,50638,63428,882.3397316902985,1134.7813899224318,928.3748239135301,1178.9361796052217,1046.0599187698303,1333.2214676483572,1111.396227470806,1359.3454454920015
42,At most primary school,p50,2017-2018,61682,54514,1073.183635420382,1061.192635530934,1136.1459258778898,1143.1259003803304,1175.6889314008408,1283.6237464993703,1221.1438453141382,1335.888302393269
43,At most primary school,p50,2017-2018,43330,74260,888.4244326486652,1028.2730406679236,1115.0074005692745,1111.5117963910586,1176.3375028848372,1255.6412514588385,1266.759843064851,1289.0266540982136
44,At most primary school,p50,2017-2018,60766,41731,1000.9814534443603,1278.9988098376107,1070.0210808675904,1449.072136621057,1173.496604460828,1609.980719768677,1213.418600313772,1684.1062699192446
45,At most primary school,p50,2017-2018,41775,45677,1097.250053859964,830.1574315300917,1275.327013764213,859.5717976224357,1389.7809036505087,958.6327765250198,1436.7587612208258,1025.887631265918
46,At most primary school,p50,2017-2018,57758,39822,1110.0764814686565,907.3135954999749,1273.579632547295,936.4924413640701,1379.1543408128166,1236.2046439991295,1387.417715583411,1344.828855071736
47,At most primary school,p50,2017-2018,39664,30950,958.0739125319349,1044.1708777598278,982.0616596073685,1096.4778244480347,1064.9774018421406,1126.7980183091008,1189.6546910716686,1187.350522347873
48,At most primary school,p50,2017-2018,37300,49961,1138.80527256479,1007.632153079402,1283.669347631814,1077.0831248373731,1464.6796246648792,1190.9048224281607,1834.1179624664878,1231.23628096582
49,At most primary school,p50,2017-2018,33330,41939,1029.7409240924092,1229.6248042792308,1241.136513651365,1279.72518817012,1317.4917916791678,1340.4739343649903,1343.8944319431941,1674.7856728423026
50,At most primary school,p50,2017-2018,34490,27662,820.1744756934378,928.9121900079532,884.072417125737,985.0053864507266,914.2444959891757,1015.7193924276385,928.1325794916402,1126.7742691538333
51,At most primary school,p50,2017-2018,18707,29453,839.91564654942,745.70349370183,879.664938258406,780.8832716531423,1126.211133087436,821.5815451736664,1231.252026870512,1102.6960892495388
52,At most primary school,p50,2017-2018,33457,24589,965.3274252523139,794.2151368498108,1023.2561098325214,828.513806986864,1065.617075649341,1005.2323498312253,1144.1058821771228,1042.7491256252795
53,At most primary school,p50,2017-2018,39671,44289,1021.2311260114441,588.9970421549369,1045.8236495172796,630.9194156562578,1100.810940821591,669.9446815236289,1104.420630519355,859.1699970647339
54,At most primary school,p50,2017-2018,45801,19210,915.0229907643937,789.4970848516398,955.6747232593175,798.5431546069756,1038.1831109946652,1163.907027589797,1457.14776242149,1431.434357105674
55,At most primary school,p50,2017-2018,27841,21792,877.0791638231385,965.6614353891337,1064.8576200567509,1032.0500183553597,1187.4626689654347,1108.964099975526,1668.7420770326737,1143.271796989721
56,At most primary school,p50,2017-2018,34458,28210,656.427912240989,692.7599787309465,752.1159962853328,769.7431761786601,863.0972270590283,904.096183386506,898.605188441968,1082.3107645043128
57,At most primary school,p50,2017-2018,16354,26574,711.0081325669561,739.4396026191014,817.2280176103706,750.8944080680365,875.188353511883,887.7006064825268,875.188353511883,1053.9044147161385
58,At most primary school,p50,2017-2018,23987,46700,772.9734439488057,729.7913990007138,795.7401926043274,754.0933261955746,963.0619293784133,879.9008029978587,993.1824113061242,942.9521948608137
59,At most primary school,p50,2017-2018,29146,20867,811.639733296736,659.3666554847366,912.9376815572177,782.748789955432,982.8875031450857,853.8738518554017,991.1047542258515,941.491621539592
60,At most primary school,p50,2017-2018,30135,26467,801.4555832088934,1114.4882306268182,829.454587688734,1119.2148713492272,1052.0282838338587,1184.6581907028879,1105.9507881201262,1419.0884875505346
61,At most primary school,p50,2017-2018,17365,25581,1084.021998272387,687.7774520151675,1119.6868413475381,713.601305656542,1190.3689701506862,935.2003440053164,1354.2426624436127,1420.979828779172
62,At most primary school,p50,2017-2018,18968,25651,717.0438106284269,830.1558223850922,757.5182939687895,851.9970761373826,842.9344334317448,962.2767923277845,1108.8647722479966,1079.7608410328382
63,At most primary school,p50,2017-2018,31020,38887,690.9814313346228,781.7799007380358,734.1485815602837,785.1563504513076,831.7616806361486,952.4573550715321,1276.9776703202235,988.4324452901998
18,Secondary school or above,p50,2017-2018,2884,20255,60.54923717059639,288.31202172303136,76.23058252427184,290.73364601333003,76.23058252427184,313.37694396445323,76.23058252427184,313.37694396445323
19,Secondary school or above,p50,2017-2018,9403,25435,170.46155482292886,455.7677413013564,184.49962777836862,519.3710438372322,184.49962777836862,539.3824454491842,184.49962777836862,557.821604088854
20,Secondary school or above,p50,2017-2018,14268,31466,376.17781048500143,352.75154134621494,446.0264227642277,391.47587872624416,446.0264227642277,403.2880993241382,465.5386178861789,403.2880993241382
21,Secondary school or above,p50,2017-2018,28966,35542,375.0655941448595,417.1024234239304,421.3051508665332,527.8387353928686,502.40782296485537,559.7849773976329,502.40782296485537,574.2561195205673
22,Secondary school or above,p50,2017-2018,35808,26826,486.1470900357462,738.1795024727254,543.1008433869526,785.6707423146698,547.836749702115,819.7701235120156,548.8724028150134,838.9430651855165
23,Secondary school or above,p50,2017-2018,33926,43422,562.2962035017391,518.8474966606789,656.1610858928256,622.1002256920455,677.6428402994753,655.3683463067875,710.2255202499558,655.3683463067875
24,Secondary school or above,p50,2017-2018,28162,32735,962.9963425893047,692.7029580978565,1056.4087422768268,760.9360419530574,1246.330741187889,784.3409653276309,1275.7320621168003,784.3409653276309
25,Secondary school or above,p50,2017-2018,32419,37844,787.9149675601756,990.4658158052356,938.0667304152914,1111.1858771095374,979.2226369310177,1172.366028960998,979.2226369310177,1172.366028960998
26,Secondary school or above,p50,2017-2018,40925,30395,885.1100794135614,1100.7557164007237,958.7350030543678,1274.886987991446,987.3348808796579,1276.4587925645665,1022.7272653227449,1310.6387563744036
27,Secondary school or above,p50,2017-2018,30167,22874,669.2955878940564,861.3699688146659,703.4176417940133,904.2723907784675,748.4194926022917,910.6930721925913,862.4292825493641,913.5717408411297
28,Secondary school or above,p50,2017-2018,15343,30055,1275.1546416389667,929.2952365108412,1310.3938386669274,944.1017578883158,1333.2783245345327,997.0183552376199,1337.4039844445892,1013.0046026728775
29,Secondary school or above,p50,2017-2018,18874,12586,1246.4545582988944,1164.736267810795,1279.0056868355057,1209.9166269399861,1385.6208717459645,1288.8726097780602,1414.969888029388,1382.0237300704487
30,Secondary school or above,p50,2017-2018,23249,20710,879.5820035270334,1118.8659262835988,920.4201040904985,1246.1474328021889,1056.215192051271,1288.5678416224046,1090.8360359585358,1506.9631417994526
31,Secondary school or above,p50,2017-2018,18569,17995,1072.4000215412784,1150.9839770306567,1236.913996445689,1180.5988700564972,1253.5869459852443,1261.0464017782717,1253.5869459852443,1261.0464017782717
32,Secondary school or above,p50,2017-2018,18432,16780,1081.4608289930557,1178.9694278903457,1165.087131076389,1198.017103694875,1207.4656032986113,1198.017103694875,1218.0124782986113,1285.353218116806
33,Secondary school or above,p50,2017-2018,7171,14840,1178.0779993492308,929.9961590296496,1329.4627434574445,963.7508760107817,1411.3945986147912,1121.6891060197663,1411.3945986147912,1121.6891060197663
34,Secondary school or above,p50,2017-2018,16682,16005,1296.3974743236224,1010.1996251171508,1383.1029053270993,1082.4570446735395,1432.3166287015947,1131.8895136936374,1457.49346601127,1175.7133187545558
35,Secondary school or above,p50,2017-2018,8244,13634,1374.630114830988,1088.4563835509266,1402.9658741711141,1132.5538604469218,1402.9658741711141,1216.2050266490637,1402.9658741711141,1227.431861522664
36,Secondary school or above,p50,2017-2018,18307,11209,1426.014493545274,1527.9354982603265,1634.9135485515558,1574.255419751985,1744.410826459824,1962.0861064025933,1751.1532382877224,1962.0861064025933
37,Secondary school or above,p50,2017-2018,21012,9143,1457.4210609810266,1273.6740311349301,1542.247826638746,1295.0838528564657,1675.8433117583602,1356.4814612271682,1690.292198109017,1356.4814612271682
38,Secondary school or above,p50,2017-2018,18198,10066,1398.5562058101623,1093.6338830386117,1549.2057277356487,1100.8313795615602,1626.6275827013958,1312.4745347373996,1682.5906922006081,1376.8827736936219
39,Secondary school or above,p50,2017-2018,7390,11956,1595.4140279657195,1704.5061057209768,1752.76450157871,1797.3297925727668,1778.339603067208,1815.4378554700568,1778.339603067208,1815.4378554700568
40,Secondary school or above,p50,2017-2018,8377,11098,1725.486252039314,1275.947708295789,1813.7159285344792,1275.947708295789,1976.0751661294814,1314.663392803508,2045.1213640523656,1314.663392803508
41,Secondary school or above,p50,2017-2018,11697,10926,1858.2823800974609,883.0576911342973,1948.2627169359664,935.4830984196717,2120.65271722094,954.154158276893,2120.65271722094,1158.4954847763743
42,Secondary school or above,p50,2017-2018,6545,3544,1759.1732620320856,1200.1693002257337,1868.1266615737204,1226.7494356659142,1938.837127578304,1226.7494356659142,1938.837127578304,1226.7494356659142
43,Secondary school or above,p50,2017-2018,5793,12612,1470.8254790264111,1066.7193149381542,1497.3920248575866,1153.1417697431018,1542.921111686518,1228.3082778306375,1542.921111686518,1228.3082778306375
44,Secondary school or above,p50,2017-2018,7953,5856,1303.6667924053816,1327.7185792349726,1392.0296743367282,1570.3756830601092,1453.4601617838132,1672.3224043715845,1453.4601617838132,1689.2486338797814
45,Secondary school or above,p50,2017-2018,5592,5063,839.7482117310443,1376.6407268417934,1189.8555078683835,1417.1108038712225,1189.8555078683835,1482.840937520574,1229.9127324749643,1482.840937520574
46,Secondary school or above,p50,2017-2018,6223,2792,702.7716535433071,1932.0916905444126,735.8907279447212,1934.9749283667622,1275.8125234345707,2121.8660458452723,1275.8125234345707,2121.8660458452723
47,Secondary school or above,p50,2017-2018,2005,3231,670.5000831255196,664.9476942123182,670.5000831255196,790.6301454658001,780.4252701579386,1012.9108635097493,780.4252701579386,1012.9108635097493
48,Secondary school or above,p50,2017-2018,5086,3720,954.0900511207235,1286.353584229391,998.7420369642155,1437.2084229390682,1369.6753178660374,1437.2084229390682,1678.365840870363,1437.2084229390682
49,Secondary school or above,p50,2017-2018,4254,1904,1868.0206864127879,2668.27731092437,1906.9228960977903,2773.8445378151264,1924.800188058298,2773.8445378151264,1933.8269863657733,2913.511904761905
50,Secondary school or above,p50,2017-2018,2134,2925,453.3144329896907,1449.4700854700855,453.3144329896907,1516.1367521367522,453.3144329896907,1525.054131054131,453.3144329896907,1525.054131054131
51,Secondary school or above,p50,2017-2018,3517,2105,1688.0227466590845,1780.7205067300079,1756.936593687802,1780.7205067300079,1972.4043218652262,2653.1670625494853,1972.4043218652262,2653.1670625494853
52,Secondary school or above,p50,2017-2018,4426,3634,1327.096550685344,1685.006329113924,1388.5515890947431,1706.594111172262,2022.894110558819,1778.2873784626674,2022.894110558819,2172.600348559897
53,Secondary school or above,p50,2017-2018,5379,4083,1632.3530395984383,1712.5349008082292,1632.3530395984383,2023.2427136909134,1632.3530395984383,2114.0827822679403,1823.4666294850342,2114.0827822679403
54,Secondary school or above,p50,2017-2018,3683,2337,957.5677436872115,768.9238339751819,957.5677436872115,768.9238339751819,1774.293239207168,768.9238339751819,1774.293239207168,768.9238339751819
55,Secondary school or above,p50,2017-2018,1537,1708,705.7852960312297,1212.936768149883,705.7852960312297,1212.936768149883,705.7852960312297,1655.559718969555,705.7852960312297,1655.559718969555
56,Secondary school or above,p50,2017-2018,1357,2737,1273.43404568902,1548.106686152722,1273.43404568902,1548.106686152722,1273.43404568902,1595.6770186335405,1273.43404568902,1595.6770186335405
57,Secondary school or above,p50,2017-2018,1142,1854,966.4798598949212,2069.1639697950377,966.4798598949212,2069.1639697950377,1306.701692936369,2069.1639697950377,1306.701692936369,2164.902912621359
58,Secondary school or above,p50,2017-2018,981,1088,1541.8844716275908,262.03492647058823,1606.8386000679577,333.72610294117646,1606.8386000679577,2671.5845588235297,1606.8386000679577,2671.5845588235297
59,Secondary school or above,p50,2017-2018,378,3211,1000,324.4450327000934,1000,324.4450327000934,1150,324.4450327000934,1150,324.4450327000934
61,Secondary school or above,p50,2017-2018,990,1465,750.2222222222222,842.7303754266212,761.7979797979798,842.7303754266212,761.7979797979798,949.5563139931742,761.7979797979798,949.5563139931742
63,Secondary school or above,p50,2017-2018,1152,2974,2423.935185185185,1504.5841739520286,2423.935185185185,1504.5841739520286,2431.9560185185187,1521.127549876709,3209.7337962962965,1521.127549876709
17,At most primary school,general,2018-2019,66833,65257,321.14356680083193,498.129396080114,366.09623988149565,559.4785233768025,390.3506501279308,575.7272272195576,398.5422121806094,575.7272272195576
18,At most primary school,general,2018-2019,82410,63423,421.8663754398738,466.45724737082764,520.4286251668487,484.8363842769973,535.842167212717,501.0528987906596,535.842167212717,501.0528987906596
19,At most primary school,general,2018-2019,86859,78692,459.7171124082325,829.4404767956082,551.2959931229541,898.9040181975297,574.5963323700864,922.1257772920585,587.768254680958,922.1257772920585
20,At most primary school,general,2018-2019,103046,84873,770.0840821898311,971.8618995440246,838.7606926356514,1016.4871631732117,868.9744644786471,1016.4871631732117,868.9744644786471,1016.4871631732117
21,At most primary school,general,2018-2019,100467,82783,773.0126409666856,967.2209189487374,858.8947714174803,1070.397658134319,916.8241578495094,1113.562418209858,923.8752293456226,1113.562418209858
22,At most primary school,general,2018-2019,93413,70438,1061.1512316272895,1080.0704638594698,1138.5559825720188,1183.5303860605545,1198.5709787003236,1194.8594981875312,1203.6275554080623,1194.8594981875312
23,At most primary school,general,2018-2019,82100,57460,931.6715996751927,1164.2689378118112,989.8082622817701,1246.7262994546932,1033.379395046691,1246.7262994546932,1033.379395046691,1246.7262994546932
24,At most primary school,general,2018-2019,45571,71500,1355.636055093517,1252.1196829836829,1475.0541938220942,1296.8034592074591,1536.9302224367834,1316.6774918414917,1536.9302224367834,1316.6774918414917
25,At most primary school,general,2018-2019,81734,99732,1072.0593143612205,1304.8548476583912,1156.3578926762423,1392.4718412010857,1201.9250780988734,1469.595282022487,1202.5612882439784,1469.595282022487
26,At most primary school,general,2018-2019,78041,69842,1215.7550475604703,1274.4680039708676,1354.266547925663,1382.1907209606445,1383.8516217970896,1416.822640149671,1407.3392116537034,1501.7624566879529
27,At most primary school,general,2018-2019,62410,58047,1400.1251615659883,1391.5965108733728,1462.9195855365058,1435.2550978804534,1555.4041232708432,1464.3910566724667,1555.4041232708432,1478.5132335291519
28,At most primary school,general,2018-2019,65850,53835,1467.056729941787,1367.3863100213616,1515.6491065553025,1414.652958112752,1576.415165780815,1455.847812761215,1587.668013161225,1455.847812761215
29,At most primary school,general,2018-2019,73485,67248,1234.0863725023246,1286.0673526845903,1349.4324975618606,1347.0421028630344,1443.5359767299447,1378.4120692560869,1474.6089848268352,1391.1262020183995
30,At most primary school,general,2018-2019,62287,65766,1148.243079080172,1468.5229044389705,1209.2226253739411,1540.5878011941327,1261.996786381321,1556.0640351143954,1348.6232092303906,1556.0640351143954
31,At most primary school,general,2018-2019,66349,64720,1321.6276407079733,1638.3470488257108,1401.818570488377,1702.2325556242274,1485.4289778293567,1723.0156211372064,1489.4521482363461,1723.0156211372064
32,At most primary school,general,2018-2019,56680,108923,1303.804634203717,1454.2532522974946,1328.986709009645,1501.4565059721087,1358.5179957657024,1581.1474956314705,1438.0445777464126,1581.1474956314705
33,At most primary school,general,2018-2019,99227,50032,1418.9934308874265,1864.8084825711544,1491.5949405571737,1916.291533418612,1663.4339981389473,1980.15083013538,1668.5431586161026,2018.8300754183988
34,At most primary school,general,2018-2019,61127,73493,1828.0787049912478,1566.5969344019159,1912.0621329363457,1614.7432884764535,1990.3599309634042,1731.822518244368,1990.3599309634042,1731.822518244368
35,At most primary school,general,2018-2019,93161,57536,1583.0649341820433,1362.8060924175008,1660.3078255206935,1417.6759130515386,1777.5801864514121,1443.4997450871338,1823.0053464790344,1451.2079625509825
36,At most primary school,general,2018-2019,85299,69018,1469.5013227978443,1639.3785823987946,1551.5963063263735,1660.3364774406677,1605.3258146832513,1690.1243588629054,1612.1176098195756,1713.41103770031
37,At most primary school,general,2018-2019,69155,100744,1531.0789193357916,1864.612139019032,1604.48454438098,1931.9623037931128,1701.8690248957655,1968.9520169935681,1735.3373207528982,2016.6782670266552
38,At most primary school,general,2018-2019,100399,70090,1543.1952775094041,1894.2230132686545,1586.1321593508567,1914.2432729347981,1688.6758940162088,1970.1173871688782,1730.3260432540828,2030.73188281733
39,At most primary school,general,2018-2019,79305,76294,1498.3219763360864,1929.8603559912967,1561.6085282558897,2006.5408288987337,1659.4634081499696,2083.6194764114257,1661.4494115545467,2083.6194764114257
40,At most primary school,general,2018-2019,83697,90296,1459.2489933928337,1947.2890087416204,1518.5843339665698,1984.308478042586,1581.7308854160444,2049.9702736924487,1632.389953244043,2053.1332044978
41,At most primary school,general,2018-2019,101207,78646,1609.3325140553518,1829.5640507251906,1648.2170773760706,1923.443586874518,1764.445278818,1971.4720943637735,1787.249943185748,2066.530965762192
42,At most primary school,general,2018-2019,81169,134532,1543.9841934728777,2195.8561123004192,1619.250243319494,2228.1505849909317,1714.681991688124,2297.481611562057,1749.7834466770976,2348.883880167296
43,At most primary school,general,2018-2019,118481,59123,1659.7674648255838,2127.712554053978,1736.542601767372,2203.1650852178227,1840.576328694052,2293.354210713259,1888.4173327368944,2334.50570843834
44,At most primary school,general,2018-2019,61451,86924,1525.917392176965,1830.0296350835213,1649.5505307751978,1894.767336984032,1770.2001988033828,1985.0152067706656,1833.887044148997,2010.9612439218936
45,At most primary school,general,2018-2019,99611,72044,1956.2568039674334,1842.4407167841875,1984.732574715644,1902.3445255677086,2098.801056108261,1963.3732024873689,2129.641023581733,1969.390358669702
46,At most primary school,general,2018-2019,74432,52805,1651.3156460482946,2074.121162768677,1698.9795540448551,2136.158185777862,1884.4687164122959,2221.646550200423,1942.583953586271,2261.7942634851497
47,At most primary school,general,2018-2019,60350,94947,1657.86454018227,2017.3168293890276,1700.2309030654515,2039.0283105311385,1743.7405136702569,2099.4722073016173,1774.794366197183,2145.060237114741
48,At most primary school,general,2018-2019,93198,58534,1623.4359929039963,1921.4215470211045,1682.9226771676072,1988.4649747724968,1779.804647095431,2061.3505056890012,1801.425282731389,2061.3505056890012
49,At most primary school,general,2018-2019,75172,59660,2407.1682230972524,2408.721812493016,2449.9429264442433,2460.160297239915,2506.0809166533636,2523.833277461169,2695.6687951187496,2569.624427310314
50,At most primary school,general,2018-2019,68677,75697,1797.4727419660148,2241.4857127759356,1837.5059408535608,2300.2365219229296,1856.7862069300252,2382.487029428731,1910.7606088404173,2460.395004645715
51,At most primary school,general,2018-2019,67433,67354,1590.0520022343167,4153.717556987459,1682.1411870548052,4223.699889142936,1767.5468675079958,4425.428374706773,1896.6478516947689,4425.428374706773
52,At most primary school,general,2018-2019,62232,106748,1784.0421701589748,2015.2359669502005,1836.4327409264256,2044.7881833851688,1920.275976721515,2096.3841539576074,1959.9527775099625,2096.992908532244
53,At most primary school,general,2018-2019,102277,34102,1644.3111484823894,1768.4337135651867,1708.40639961412,1811.0904492405136,1770.3385862249904,1858.146643403124,1871.9863988645216,1865.8661319961684
54,At most primary school,general,2018-2019,49030,59760,1721.4073628390781,1833.2844991075413,1782.7085049969407,1867.5567547969656,1942.282711265212,1884.8756749219099,2047.1001699639676,1904.0758087907184
55,At most primary school,general,2018-2019,52265,67072,2109.6358047131603,1574.0246998250636,2142.089071717848,1632.5850528784988,2200.771013106285,1701.398020038168,2263.5309863197167,1701.398020038168
56,At most primary school,general,2018-2019,63808,59823,1502.5476925568373,3417.4139238531443,1559.710054643096,3431.4735664655173,1654.8328971288868,3621.868565044659,1764.7762689108995,3682.288470432219
57,At most primary school,general,2018-2019,50989,64022,1629.2089470277904,1690.7346485062428,1670.7767361587794,1726.6984109628984,1789.1294772728759,1808.7336488498747,1936.2729788124236,1876.2198254766593
58,At most primary school,general,2018-2019,74194,49325,1562.3105507183868,2424.9805203581686,1604.254508450818,2474.651478290252,1706.4661765102298,2507.735276229093,1764.3572009416753,2650.811809427268
59,At most primary school,general,2018-2019,39308,53667,1554.6627488891152,1856.8074794566494,1649.2520182490418,1920.5151582909423,1734.9945303754962,2046.8712057689083,1783.869738136427,2095.7000950304655
60,At most primary school,general,2018-2019,60560,62841,1635.0485358872743,1890.5471693109064,1666.8427895200352,2034.1946287720862,1734.8809059885511,2067.935074234974,1866.0741578599736,2133.4132917468955
61,At most primary school,general,2018-2019,51041,41402,1283.3872834257427,1818.411316683574,1298.6025025632987,1837.4260985781684,1447.0478373595083,1948.3629937362123,1784.7121660364544,2204.4144324750814
62,At most primary school,general,2018-2019,46951,66936,1666.224638452855,1904.4312875981038,1705.7062256394966,1924.3855125293815,1829.5437015896005,2025.8049156408113,1928.7162431755091,2035.2472336759492
17,Secondary school or above,general,2018-2019,11431,55355,279.3893797568017,402.19250293559753,279.3893797568017,435.81268178123025,279.3893797568017,440.7928100442598,279.3893797568017,440.7928100442598
18,Secondary school or above,general,2018-2019,33230,59248,293.96448991874814,514.3973917544333,328.4733674390611,537.8361576199478,342.2753535961481,541.7654041767936,342.2753535961481,541.7654041767936
19,Secondary school or above,general,2018-2019,47149,99522,644.4895084377894,889.2467712331612,726.7733320607718,926.301794243149,748.915689268772,936.7411108431637,759.8597177741485,944.1465086446548
20,Secondary school or above,general,2018-2019,59720,112115,682.2894340254521,1191.031909943659,713.9592263898192,1255.2669632371524,734.0929057825408,1259.6531440931187,736.9663150256754,1259.6531440931187
21,Secondary school or above,general,2018-2019,95223,145220,1142.257024738421,1549.3940940182713,1237.7547511280538,1628.6485493274574,1257.546538126293,1662.975662213653,1283.2649394929097,1671.2596451361155
22,Secondary school or above,general,2018-2019,100385,172439,1597.3969284919724,1758.4477080784122,1679.6629044844015,1801.473775267389,1727.9070395643437,1830.1662210984753,1740.9003486576678,1852.3325137198274
23,Secondary school or above,general,2018-2019,138425,124363,1424.0231653723436,2118.0534229098153,1521.1549695984588,2161.6911608222167,1541.0320558665944,2191.4437801704153,1541.0320558665944,2218.8393881888774
24,Secondary school or above,general,2018-2019,104455,141913,1935.2433097186986,1858.3636594251407,2012.3191318430584,1922.074299042371,2074.998373302698,1935.2314681060461,2074.998373302698,1949.0718726731636
25,Secondary school or above,general,2018-2019,141325,130845,2222.7522737189693,2380.8880169921154,2311.913547378973,2416.8475186926007,2374.7138422076773,2423.6220738278116,2379.0081991862726,2447.9574834091227
26,Secondary school or above,general,2018-2019,131433,139251,2850.546606128851,2703.16188752684,2918.43891627927,2749.4254044854256,2961.4257739684854,2818.227311353838,2997.576512367518,2846.929678542105
27,Secondary school or above,general,2018-2019,121888,157447,3316.7034504353724,2698.0216617867177,3383.888776308305,2741.5475974984174,3468.433877822263,2792.4623233003276,3480.88325758073,2811.554462242321
28,Secondary school or above,general,2018-2019,118479,123113,2585.0107796881025,3304.2060004494515,2632.343049541832,3380.1559813612967,2699.171664739462,3432.8147582573192,2709.6652993357475,3435.4316495144026
29,Secondary school or above,general,2018-2019,105812,110524,3216.427636594463,2987.6120148866607,3260.8891343451905,3066.0920282774173,3287.633588345367,3136.926266391613,3323.506895090664,3142.6963555426873
30,Secondary school or above,general,2018-2019,86266,113907,2953.5958740021174,3009.2738783978743,3063.909323101415,3049.0145440286083,3120.940405258155,3084.66798060406,3208.037871235481,3088.8482182833363
31,Secondary school or above,general,2018-2019,105799,98399,3289.5207208952825,3824.9513324999916,3378.1570501611545,3874.661593783135,3454.8195895046265,3921.5719214626165,3457.190122307394,3934.9627079543493
32,Secondary school or above,general,2018-2019,65942,131632,3381.746197415911,3648.0372813348326,3403.503271814625,3685.4420917152875,3444.4931315903873,3794.4302810106965,3486.006886101928,3828.3594674293995
33,Secondary school or above,general,2018-2019,121385,83983,3418.56028614189,3717.594303807517,3484.899273660941,3760.405348899976,3524.195356372973,3825.2215418596625,3588.278397934945,3838.0574729409527
34,Secondary school or above,general,2018-2019,69956,82088,3496.7811076486173,3931.9440052139166,3534.193767034517,3958.316386073482,3590.1305939924146,3991.592382565052,3610.4871990965753,4005.184576308352
35,Secondary school or above,general,2018-2019,87541,89697,3495.2514764510343,4130.177900784493,3527.6799956591767,4179.094252501942,3564.2002404587565,4220.451079746257,3573.4500015230956,4224.938409311349
36,Secondary school or above,general,2018-2019,65767,83526,3667.5840543129534,3536.9172872319195,3722.821331366795,3575.5611586013133,3793.4874709200662,3647.3076806423546,3797.0089938723067,3691.413707508241
37,Secondary school or above,general,2018-2019,60456,80405,4170.119552512019,3876.0842402006506,4229.9253616955575,3927.4601496590176,4340.412465263993,3951.4145057314013,4340.412465263993,3951.4145057314013
38,Secondary school or above,general,2018-2019,69473,78719,3791.896602517045,4418.793535656364,3859.2670917718633,4434.973873313093,3931.9137794538883,4459.365951464491,3941.2459420686214,4459.365951464491
39,Secondary school or above,general,2018-2019,61701,66507,3676.7961594355575,4834.833062685131,3705.1363808258106,4868.262250590164,3779.24850218527,5002.251587552188,3804.9585122877534,5044.1569508974
40,Secondary school or above,general,2018-2019,58207,87985,4358.775027058601,4708.847021272566,4380.724964351367,4735.903110378664,4476.543726126869,4871.008715500749,4529.063182549636,4903.892540395143
41,Secondary school or above,general,2018-2019,62683,61124,4775.296858797441,5225.707321728508,4827.273790341879,5360.066656850555,4884.504352588953,5554.780871670702,4934.961148424081,5606.441703204415
42,Secondary school or above,general,2018-2019,64481,83097,5282.199332619945,4557.927845369468,5319.982090331519,4658.307666542314,5351.654294805188,4926.912128797269,5361.091183190914,4939.793556526309
43,Secondary school or above,general,2018-2019,74302,39000,3850.5549379559097,5224.15182051282,3904.170183844311,5305.738897435897,4131.0177115017095,5491.1084273504275,4179.472216988327,5502.084837606838
44,Secondary school or above,general,2018-2019,33115,69805,3919.94498968242,4364.372575985483,3994.137953596054,4388.285619463744,4018.7151844582013,4460.070830647279,4113.403996174946,4467.909810663037
45,Secondary school or above,general,2018-2019,50753,38072,4458.551464938033,4452.642348707712,4535.086014619825,4495.918247005674,4624.718647173566,4524.314443685648,4708.122583886667,4579.596453211459
46,Secondary school or above,general,2018-2019,37494,39373,4592.176303764158,5138.401061641226,4626.724498141924,5234.291138597516,4926.707162034814,5270.021471990111,5044.237077932469,5275.23316528247
47,Secondary school or above,general,2018-2019,34557,72098,4830.175502310193,5176.080745420585,4935.1131415728605,5219.019939295588,4956.159210386704,5310.237439549872,4961.8744055714715,5317.21929295311
48,Secondary school or above,general,2018-2019,39599,44060,4299.488951741206,5030.265093054925,4337.576529710346,5032.670903313663,4391.359874407603,5109.40887426237,4410.96577354647,5171.315365410804
49,Secondary school or above,general,2018-2019,24978,32566,5113.236928497077,4564.113216237794,5166.2283609576425,4578.747497389916,5418.045293191341,4626.851859812893,5611.754824245336,4647.548291674344
50,Secondary school or above,general,2018-2019,34502,40828,4365.551465615519,4545.386781130596,4431.830232063841,4595.169773194866,4597.696945104631,4802.7928096731,4781.239928120109,4802.7928096731
51,Secondary school or above,general,2018-2019,24621,28881,4812.636556868798,3329.6761769560153,4865.124270609101,3368.976339692763,4990.249163992798,3434.010445160025,5020.101728876433,3486.3192294818973
52,Secondary school or above,general,2018-2019,26312,43264,3752.7090237660886,5815.029346955128,3782.466168794973,5855.591754499506,3885.1202176446736,5901.530641333826,3941.986539728387,5904.192592763807
53,Secondary school or above,general,2018-2019,32034,21008,6001.450776258558,6074.814951447068,6148.407759463902,6149.577898895659,6345.460890512164,6161.1687214394515,6345.460890512164,6182.103603389185
54,Secondary school or above,general,2018-2019,18777,34285,16913.5544504802,3708.0336347285015,16921.94769753777,3735.57337513976,17829.689438319932,4001.7743376598128,17836.67937281426,4050.6003548685044
55,Secondary school or above,general,2018-2019,24401,38617,5034.202157015423,4900.890216743921,5086.583206972392,4930.526905248984,5226.88893214759,5396.790467928632,5226.88893214759,5406.397635756273
56,Secondary school or above,general,2018-2019,24268,27457,4701.812139442888,6230.08959463889,4739.192640514258,6242.21764941545,4994.279964012967,6460.08558837455,5048.178101477941,6494.401063481079
57,Secondary school or above,general,2018-2019,25439,27957,5945.840625286633,4879.76957470401,6096.6680949198735,4942.79135815717,6216.767155417535,5135.0488249812215,6267.991653235846,5146.760382015238
58,Secondary school or above,general,2018-2019,18110,26272,4715.674461623413,4219.804151441332,4746.348122584208,4255.180217214779,4958.940981041782,4448.479728100893,4958.940981041782,4448.479728100893
59,Secondary school or above,general,2018-2019,20684,19927,4324.74842067943,5299.7302738328235,4345.2860342938175,5311.0465783442905,4722.953152194933,5679.462128435456,5014.8857248759105,5679.462128435456
60,Secondary school or above,general,2018-2019,14501,18207,5022.234225225847,5455.254114717783,5047.664195572719,5475.026729646107,5177.153357239731,6140.556470954395,5177.153357239731,6147.14734259717
61,Secondary school or above,general,2018-2019,14368,17196,8094.386077858203,4916.084515778863,8173.617703693392,4953.4769326199885,8849.118817279139,5193.325346979917,8902.40389523014,5193.325346979917
62,Secondary school or above,general,2018-2019,13666,19080,4827.996243719205,5476.1230258560445,4951.168349675593,5506.889482879105,5035.9115078784325,5622.124912648497,5053.5576369579,5653.571453529001
17,At most primary school,males,2018-2019,51048,47158,313.9748472026328,556.020823614233,321.88269863657735,592.891768098732,339.15271900955963,615.376641644401,339.15271900955963,615.376641644401
18,At most primary school,males,2018-2019,65414,40632,440.3628886782646,585.8475585745225,523.3609471978475,585.8475585745225,541.3162523822627,611.1601201023823,541.3162523822627,611.1601201023823
19,At most primary school,males,2018-2019,55693,61032,543.2548734431018,881.3995936557872,581.6523381155023,939.3647594704418,612.0283578426972,969.3058832525014,632.5713345184015,969.3058832525014
20,At most primary school,males,2018-2019,70122,58190,826.1647462042346,1111.2542533081285,875.5230075202267,1149.6209829867673,913.2905174790603,1149.6209829867673,913.2905174790603,1149.6209829867673
21,At most primary school,males,2018-2019,65702,54703,940.6473166722474,1104.3200433857985,1038.372956683206,1159.0589059710314,1120.8881008188487,1221.3042733792784,1120.8881008188487,1221.3042733792784
22,At most primary school,males,2018-2019,65312,43500,1243.2262065164134,1257.848429118774,1308.2433549730524,1359.6819923371647,1378.6821844888125,1378.0268199233717,1378.6821844888125,1378.0268199233717
23,At most primary school,males,2018-2019,61019,39303,1105.747035076506,1219.7470464510766,1134.9920243421448,1311.7196694060674,1189.2618146260454,1311.7196694060674,1189.2618146260454,1311.7196694060674
24,At most primary school,males,2018-2019,27926,50765,1570.3856859796126,1289.3488821038118,1664.9400081166891,1322.8185954890182,1714.7215736828282,1346.141619882465,1714.7215736828282,1346.141619882465
25,At most primary school,males,2018-2019,62072,63231,1208.3193388323239,1525.7203217830918,1261.873598401856,1597.8413067430006,1321.8746992739616,1697.2235981296096,1321.8746992739616,1697.2235981296096
26,At most primary school,males,2018-2019,54128,45173,1463.6700783328406,1521.643666201787,1600.4546630209873,1628.8900301802698,1628.4359373460438,1671.5936363166786,1628.4359373460438,1719.4909791246982
27,At most primary school,males,2018-2019,41266,43264,1570.3153201182572,1513.7761110083825,1614.555130131343,1536.4150255793884,1744.6758105946785,1566.769477317554,1744.6758105946785,1566.769477317554
28,At most primary school,males,2018-2019,51957,30479,1583.9245080868154,1826.362708750287,1627.7772709484125,1830.5524787558647,1698.700053249161,1893.0783162177236,1698.700053249161,1893.0783162177236
29,At most primary school,males,2018-2019,46998,46177,1325.4795328169994,1517.7600753621932,1444.7018401492262,1570.520973644888,1589.7887410102558,1616.2053511488402,1589.7887410102558,1616.2053511488402
30,At most primary school,males,2018-2019,43528,39259,1465.1243031305519,1783.1949871367076,1482.1825874532867,1844.0803892101176,1539.5845854009679,1856.8369545836624,1568.4556568951784,1856.8369545836624
31,At most primary school,males,2018-2019,44185,41873,1484.6779676360757,1902.1907752808092,1579.0059069820074,1946.0574674213294,1669.5182509147148,1958.7459142327193,1669.5182509147148,1958.7459142327193
32,At most primary school,males,2018-2019,33849,68177,1737.881749337745,1706.23892221717,1769.3840093749693,1751.8029687431247,1789.6184820821886,1862.218969251605,1789.6184820821886,1862.218969251605
33,At most primary school,males,2018-2019,53285,37015,1648.514172218573,1940.693826826962,1698.4026961934253,2006.7319194920979,1944.3566231897657,2048.427853572876,1944.3566231897657,2069.5328110225587
34,At most primary school,males,2018-2019,44004,49173,1976.9175605248006,1802.3763074587002,2083.5727509620338,1868.1546817698058,2173.4102543708145,1967.6817698059233,2173.4102543708145,1967.6817698059233
35,At most primary school,males,2018-2019,54567,37459,2000.1192845492697,1569.750731911334,2070.155112064068,1611.1760235635404,2198.2256492018987,1632.9411534388707,2204.4125387138747,1644.7807647472346
36,At most primary school,males,2018-2019,54351,44530,1565.2572537763795,2067.1617112059284,1650.3688432595536,2083.360947675724,1721.0571010652977,2128.2857174938244,1721.0571010652977,2135.1238041769593
37,At most primary school,males,2018-2019,50951,63444,1677.4438970775843,1986.0149370573524,1751.9679299719337,2047.0458462055776,1870.287467370611,2095.301919803291,1870.287467370611,2123.074443603808
38,At most primary school,males,2018-2019,62124,44547,1607.3953437211599,2191.689649882895,1622.8590936406756,2205.821241235848,1764.5474521387332,2267.2838537574544,1793.8377961818298,2267.2838537574544
39,At most primary school,males,2018-2019,47207,49982,1709.0279619547948,2260.581716084457,1771.6171966021989,2361.8529737372123,1876.5382535076012,2471.7903178477586,1879.8746231138036,2471.7903178477586
40,At most primary school,males,2018-2019,44376,49496,1842.4359563728142,2539.5017711868973,1870.9824680007212,2571.62521550563,1928.530960804639,2634.530467108453,1997.074768268133,2640.300630353968
41,At most primary school,males,2018-2019,68486,54296,1790.8787939627564,2223.8501792642796,1834.7597331328056,2293.7628800157163,1950.2600008274196,2363.3306198123864,1960.2328419920373,2363.3306198123864
42,At most primary school,males,2018-2019,53438,100804,1810.628260788203,2391.9183944420197,1905.2330364160334,2417.003708516858,2018.9529782177476,2502.068206618785,2063.3277676934017,2552.4630322209437
43,At most primary school,males,2018-2019,71142,39337,2105.0160430313085,2396.6038589623,2184.4786670789877,2445.6594554744893,2335.3757461602618,2530.746057570904,2357.019079212467,2530.746057570904
44,At most primary school,males,2018-2019,49359,52194,1570.9693605353973,2213.662074823415,1717.2941442627823,2254.929270286495,1857.0817429445492,2348.520711192857,1919.7518402587843,2348.520711192857
45,At most primary school,males,2018-2019,56787,46004,2517.8032736365717,2092.227610642553,2542.1952999806294,2131.9621989392226,2629.072108639888,2168.5738703880825,2629.072108639888,2170.6171709706405
46,At most primary school,males,2018-2019,41005,27471,1659.669296427265,2740.2074187324815,1677.937312522863,2805.257835535656,1946.9288826565867,2888.9338241539563,1971.8629150916554,2888.9338241539563
47,At most primary school,males,2018-2019,36269,61596,1581.6826215225124,2196.162348204429,1626.934765226502,2220.349633093058,1686.1094047257989,2254.8851548801867,1686.1094047257989,2285.6768729571186
48,At most primary school,males,2018-2019,60004,36300,1619.0071328578094,2288.2967998163454,1690.0680621291913,2307.314981634527,1823.7748011243696,2344.195606060606,1857.3558957180633,2344.195606060606
49,At most primary school,males,2018-2019,49268,37499,2859.599706367893,2714.1862005209027,2915.148135368461,2779.191133985795,2946.3733728451193,2825.5905046356793,3222.7941733647267,2825.5905046356793
50,At most primary school,males,2018-2019,44618,45835,1919.043480209781,2690.5973673684593,1951.865659599265,2719.690418530235,1961.8349731797332,2799.304614377659,1976.0624150193496,2927.9704810734156
51,At most primary school,males,2018-2019,42245,45255,1684.7436383003906,5609.822612602659,1744.3021659367973,5676.830678009796,1777.0992129246065,5876.893184915111,1848.6500867952814,5876.893184915111
52,At most primary school,males,2018-2019,34078,77744,2393.852368096719,2091.067675104617,2423.4711837549153,2110.9426493791593,2457.7259326642798,2175.844978390616,2530.1822583484945,2176.680841393977
53,At most primary school,males,2018-2019,70613,20836,1975.3763518521143,2021.3813431880717,2017.2794716742435,2088.9797305944835,2079.7733927652607,2128.1373744160746,2211.254848021375,2128.1373744160746
54,At most primary school,males,2018-2019,29617,35190,1673.5564596909433,2091.3004546746233,1768.4175192175665,2123.4246376811593,2015.8696581918043,2143.8900729373872,2050.7550280807195,2156.740314483281
55,At most primary school,males,2018-2019,26470,46672,2036.2582672207532,1711.9585547366016,2096.5348066994084,1740.4930079419496,2162.409822440499,1783.7242100902754,2207.6125676866895,1783.7242100902754
56,At most primary school,males,2018-2019,44885,33563,1599.5930823214883,4678.07266434268,1654.027213991311,4689.127695180209,1742.3088225465078,4983.03914528896,1758.8176785117523,5069.437858157297
57,At most primary school,males,2018-2019,34591,46867,1947.9838879091865,1901.6106997816516,1986.704942518767,1918.816665599818,2122.9235518872924,1957.2493936742983,2234.732982085899,2048.0168846594265
58,At most primary school,males,2018-2019,55506,35091,1794.8621530405123,2786.253127582571,1833.8017271406097,2845.5823003049213,1920.5373353030905,2866.2941637456897,1973.5856544037283,3050.3085833974524
59,At most primary school,males,2018-2019,25151,40039,1867.2782526871033,2045.462827909455,1950.0023988443138,2077.926176144925,2032.3887850715016,2213.6838124495284,2105.082514943077,2279.132499979187
60,At most primary school,males,2018-2019,37248,42886,1427.674872923826,2183.2623155963875,1459.4403368413516,2263.4924606320633,1538.8196323739978,2289.029349127143,1600.2815453178694,2330.7282718525084
61,At most primary school,males,2018-2019,37933,28475,1083.0880939199817,1861.0840854550777,1103.5610330494994,1886.4501960784314,1289.237313157409,1927.7780040971613,1723.0686737141802,2285.097290020486
62,At most primary school,males,2018-2019,33934,44596,1773.4424667491796,2375.952260292403,1816.0280741046342,2386.3939142523996,1984.36347026581,2517.114363769546,2086.7755053928213,2522.6473712141596
17,Secondary school or above,males,2018-2019,4501,42754,199.33348144856697,406.7798568554989,199.33348144856697,448.4032137343874,199.33348144856697,452.94606352621975,199.33348144856697,452.94606352621975
18,Secondary school or above,males,2018-2019,20893,43978,325.24481883884556,585.9217487531645,371.41961422486,617.4989009656343,393.37146412674105,622.7924568344779,393.37146412674105,622.7924568344779
19,Secondary school or above,males,2018-2019,34069,72190,721.7926120520121,901.0391744008865,813.195353547213,934.7035323452001,842.3608705861634,938.2244493697187,857.5066042443277,948.4336196149051
20,Secondary school or above,males,2018-2019,39043,81313,720.9730297364445,1295.695394135419,732.2021873319161,1360.8729795153706,735.2799904378933,1366.9206799650733,735.2799904378933,1366.9206799650733
21,Secondary school or above,males,2018-2019,56168,94715,1205.3146038076247,1589.5213394569673,1280.3128234344586,1670.7848352073765,1306.976285429426,1682.8476904397403,1350.577327541186,1695.5489521195163
22,Secondary school or above,males,2018-2019,76793,106657,1612.4396711505824,1880.5911535732926,1689.4916159893046,1932.2988895868689,1731.9824680200886,1971.3110188110797,1738.6801270949177,2007.1486415956447
23,Secondary school or above,males,2018-2019,86103,81050,1525.5178991053351,2274.656215299198,1635.9084778308152,2312.5380166563846,1652.7066033316687,2345.679595928439,1652.7066033316687,2365.2971159777912
24,Secondary school or above,males,2018-2019,59782,88378,2002.3444556890033,2004.7518952680532,2059.52655063397,2061.76925252891,2169.0437994156546,2075.0324326566943,2169.0437994156546,2075.0324326566943
25,Secondary school or above,males,2018-2019,94365,80487,2426.393674384924,2490.212907053313,2512.753521785973,2529.0788108638662,2596.206620569067,2540.0919765510785,2602.6380305197904,2575.2483786201497
26,Secondary school or above,males,2018-2019,89180,86110,3209.256753195784,2718.9770564781484,3285.55525061673,2746.6229280377815,3345.5854330193615,2819.9194983161074,3391.3512998056367,2863.4974799674837
27,Secondary school or above,males,2018-2019,81671,104897,3717.049132086869,2716.409933871639,3773.62429340484,2745.574523898046,3836.735740552542,2793.7948813280327,3842.7382383791883,2810.2967831936726
28,Secondary school or above,males,2018-2019,74232,84402,2720.038094532457,3540.70152760993,2778.4433644968926,3631.0124207167287,2829.20915059094,3673.2813242972124,2844.857505298703,3673.2813242972124
29,Secondary school or above,males,2018-2019,67069,68196,3282.5713481638313,3009.0495825757134,3319.806583518466,3061.389162609733,3348.2643533773676,3119.4543961522672,3365.744858528779,3128.80587326725
30,Secondary school or above,males,2018-2019,55433,68646,3146.3114510610403,3207.7354810671172,3270.3404590526698,3244.356405811458,3326.9588391992734,3277.5508623954784,3387.7198780509802,3281.90884877973
31,Secondary school or above,males,2018-2019,62557,66426,3374.0022206414415,3786.3349868023565,3498.264093813109,3846.8655019620833,3543.532036116395,3897.622173546503,3543.532036116395,3910.096806973173
32,Secondary school or above,males,2018-2019,43708,72604,3605.7880136359477,4061.052181468422,3628.734499405143,4116.689198712651,3677.594052194869,4179.188969156888,3706.69627604405,4191.061593254733
33,Secondary school or above,males,2018-2019,72142,50551,3751.964990343119,3807.4999818664983,3832.2585502666034,3861.8292730773546,3882.1232384279147,3931.770190830383,3964.0244887398,3939.524735745419
34,Secondary school or above,males,2018-2019,42602,46719,3745.8878886750235,3417.6430253216035,3790.7491627936097,3442.03387272844,3819.231002456849,3486.130706992872,3843.300294978327,3486.130706992872
35,Secondary school or above,males,2018-2019,52414,60479,3652.6927856425127,4472.041157536776,3699.447946477404,4536.269236704752,3721.1475003497794,4572.737818085617,3736.596299016802,4572.737818085617
36,Secondary school or above,males,2018-2019,48311,45768,3921.5330532038943,4087.79843267494,3989.2971234984443,4128.875604498048,4055.3048650065894,4195.870375225776,4060.0988042750787,4250.013007632698
37,Secondary school or above,males,2018-2019,34891,47464,4622.406628261347,4517.017932889488,4699.140456469194,4583.101701640542,4875.09700686901,4598.239490280353,4875.09700686901,4598.239490280353
38,Secondary school or above,males,2018-2019,37462,39163,4111.94523339206,5166.3031837023045,4187.132356343317,5183.383080543711,4199.373649742851,5191.475412591818,4199.373649742851,5191.475412591818
39,Secondary school or above,males,2018-2019,36753,42062,3661.88427702047,5053.971038784018,3696.9573322812653,5086.669793003979,3734.021844021803,5221.167094606375,3734.021844021803,5232.7927900084005
40,Secondary school or above,males,2018-2019,34179,52368,5213.358217033851,4238.509605102353,5229.111749904912,4255.80127176902,5276.394857466085,4385.052595732764,5287.937032485835,4424.022322792545
41,Secondary school or above,males,2018-2019,43547,30596,5163.2311602023865,7162.956513923388,5227.224317021455,7329.121372074781,5273.605430148269,7614.298900727764,5346.234620065676,7622.151234366148
42,Secondary school or above,males,2018-2019,36102,54863,6443.397422580467,4867.488911774177,6506.358477369675,4996.100179841909,6518.701433900246,5193.103017212572,6523.410314294684,5193.103017212572
43,Secondary school or above,males,2018-2019,50942,18656,4101.10047374138,5304.597734419668,4146.272630311597,5462.174921383647,4340.3075131194955,5490.055138650657,4390.482221611506,5490.055138650657
44,Secondary school or above,males,2018-2019,19865,43983,4962.816427552647,4584.444482337873,5026.5868780938,4610.935399283056,5056.639734877087,4653.5609591584625,5056.639734877087,4666.0021296106825
45,Secondary school or above,males,2018-2019,28981,19520,5494.101514785549,4100.070013661202,5545.270142507159,4159.575648907104,5570.396662180969,4172.59306693989,5592.859655176379,4237.341871584699
46,Secondary school or above,males,2018-2019,20534,22783,5147.505503068082,5604.092744590264,5193.46829648388,5753.047228196462,5679.318593552158,5777.626958697274,5679.318593552158,5786.633674230786
47,Secondary school or above,males,2018-2019,24753,47795,5208.537409606916,4973.791653589985,5331.315658708036,5013.419020469366,5360.329879206561,5113.452482825958,5360.329879206561,5117.339451476793
48,Secondary school or above,males,2018-2019,24266,27548,4294.949833786643,5197.351979575045,4346.4284458364245,5197.351979575045,4421.613203659441,5231.897742122841,4434.488007912305,5244.334216640047
49,Secondary school or above,males,2018-2019,13782,20542,5666.277173124365,4794.458394184273,5756.200261210274,4805.951919644306,5904.922023895902,4805.951919644306,6048.815750012092,4805.951919644306
50,Secondary school or above,males,2018-2019,16391,26464,4797.420637341631,3148.7552051844013,4880.833485856059,3222.717569150544,5210.1300510442725,3543.033218082426,5377.636609521485,3543.033218082426
51,Secondary school or above,males,2018-2019,11550,13590,5673.704054834055,2863.62092224675,5684.050375180375,2872.480377728722,5778.162929292929,2872.480377728722,5778.162929292929,2956.284645572725
52,Secondary school or above,males,2018-2019,17357,26984,3255.015027558526,6278.12233175215,3300.1247815482707,6343.156870738216,3316.6618175183885,6343.156870738216,3399.21832689981,6347.42483199921
53,Secondary school or above,males,2018-2019,23140,13331,5511.683318928262,5163.873677893632,5704.308643042351,5272.756732428175,5961.071823681936,5272.756732428175,5961.071823681936,5272.756732428175
54,Secondary school or above,males,2018-2019,13044,18235,22755.36225467648,3064.5115528745087,22755.36225467648,3106.370615117448,24062.067764233874,3588.454519696554,24072.129861749974,3588.454519696554
55,Secondary school or above,males,2018-2019,17738,24085,4991.37468523321,5168.617922635112,5061.59680723118,5203.406380181303,5149.543588153494,5631.623112587365,5149.543588153494,5631.623112587365
56,Secondary school or above,males,2018-2019,15840,14977,5166.850084175084,8300.732456433198,5222.872811447811,8313.08472991921,5592.039004629629,8542.236095346198,5592.039004629629,8572.148627896107
57,Secondary school or above,males,2018-2019,19143,18140,6200.869229831618,5505.942006615215,6376.102996743805,5603.069900771775,6531.888401330339,5788.43605292172,6541.16072019363,5788.43605292172
58,Secondary school or above,males,2018-2019,10605,19487,5736.430410183875,4453.963685191837,5767.642102781707,4472.150168488393,6024.7651579443655,4681.451142642103,6024.7651579443655,4681.451142642103
59,Secondary school or above,males,2018-2019,12252,15534,4414.365083251714,5376.945742671988,4449.036973555338,5391.462287026307,4940.194879747524,5741.667213853482,5098.073865491348,5741.667213853482
60,Secondary school or above,males,2018-2019,8152,11845,5541.760324664704,5260.246798930632,5544.3805405626435,5290.639369635571,5660.345620706576,6253.855916701844,5660.345620706576,6263.98677360349
61,Secondary school or above,males,2018-2019,9119,9214,10842.345560551228,5076.244048911077,10885.66171363819,5146.029158526879,11046.041141207003,5397.421966572606,11046.041141207003,5397.421966572606
62,Secondary school or above,males,2018-2019,10377,12644,5168.443031062285,5658.173362859854,5213.7143040698975,5704.600442897817,5325.316886704571,5878.492565643784,5348.555973145739,5925.945903195191
17,At most primary school,females,2018-2019,15785,18099,344.3268926195756,347.289905519642,509.08089958821665,472.4183656555611,555.922521381058,472.4183656555611,590.6052370393834,472.4183656555611
18,At most primary school,females,2018-2019,16996,22791,350.6772181689809,253.6071256197622,509.1427394681101,304.7527532798034,514.7735741743155,304.7527532798034,514.7735741743155,304.7527532798034
19,At most primary school,females,2018-2019,31166,17660,310.43685426426237,649.8725934314836,497.0498299428865,759.0738958097395,507.706073926715,759.0738958097395,507.706073926715,759.0738958097395
20,At most primary school,females,2018-2019,32924,26683,650.6426922609646,667.8765506127497,760.4637954076054,726.1503579057827,774.58950917264,726.1503579057827,774.58950917264,726.1503579057827
21,At most primary school,females,2018-2019,34765,28080,456.20166834459945,700.136396011396,519.7008773191428,897.6755698005697,531.165904405772,903.6691595441595,551.5427201687521,903.6691595441595
22,At most primary school,females,2018-2019,28101,26938,637.9748051670759,792.9911896453585,744.1706700829152,899.0773875813597,779.9587203302374,899.0773875813597,796.7677306857407,899.0773875813597
23,At most primary school,females,2018-2019,21081,18157,427.8098761918315,1044.1799306052762,569.5735496418577,1106.0403701051937,582.1773951267334,1106.0403701051937,582.1773951267334,1106.0403701051937
24,At most primary school,females,2018-2019,17645,20735,1015.7608387645225,1160.9723334137127,1174.5298951544346,1233.1112290008841,1255.5473221875886,1244.541178361868,1255.5473221875886,1244.541178361868
25,At most primary school,females,2018-2019,19662,36501,641.8928898382667,922.2476644475494,823.249821991659,1036.708528533465,823.249821991659,1075.2727687825904,825.8945173430983,1075.2727687825904
26,At most primary school,females,2018-2019,23913,24669,654.5897907693166,821.8486764765495,797.0102315337543,930.4436742470307,830.2255676828504,950.2950058778223,906.8782252331368,1103.0656897320523
27,At most primary school,females,2018-2019,21144,14783,1067.971024088788,1034.0250963945073,1166.9778345314667,1139.1999594128392,1186.0092382393746,1164.7698707975378,1186.0092382393746,1220.2220794155448
28,At most primary school,females,2018-2019,13893,23356,1029.9949614913985,768.4335074499058,1096.3125314906788,871.9144117143347,1119.0945080256245,885.2728635040247,1172.43072050673,885.2728635040247
29,At most primary school,females,2018-2019,26487,21071,1071.9201872616754,778.3138120323351,1180.388492468003,857.2891810228908,1184.0280137425907,857.2891810228908,1270.2363423566276,897.8662775062091
30,At most primary school,females,2018-2019,18759,26507,412.95836665067435,1002.468228518253,575.8519110826803,1091.0908565033135,617.8877338877339,1110.5951383911167,838.5284929900314,1110.5951383911167
31,At most primary school,females,2018-2019,22164,22847,996.5789719063947,1154.7856027778994,1048.5870931841423,1255.3607329919319,1118.4381579738915,1290.9792678834567,1130.4817120856644,1290.9792678834567
32,At most primary school,females,2018-2019,22831,40746,660.246477742251,1032.62592647131,676.0583125282876,1082.5719334413195,719.3729578205072,1110.8532371275708,916.8048121705867,1110.8532371275708
33,At most primary school,females,2018-2019,45942,13017,1152.7879391406557,1649.0217408004917,1251.7326955726787,1659.116232618883,1337.6109587450844,1785.9990269135233,1348.6458868428308,1874.6523264449054
34,At most primary school,females,2018-2019,17123,24320,1445.5811870972766,1089.870819627193,1471.3009791897837,1102.3667077850878,1519.9431563783605,1254.9348958333333,1519.9431563783605,1254.9348958333333
35,At most primary school,females,2018-2019,38594,20077,993.4032060251162,976.6956550613472,1080.835967594272,1056.6498314821272,1182.8410828107997,1090.0462552506185,1283.7441592820992,1090.0462552506185
36,At most primary school,females,2018-2019,30948,24488,1301.3343780965922,861.4799085266253,1378.1315863168327,891.0911466840902,1402.078071819396,893.3534792551454,1420.797644435828,946.5509637373408
37,At most primary school,females,2018-2019,18204,37300,1121.4193950047609,1658.1167202859694,1191.6947191093532,1736.2153798033958,1230.484270856222,1754.0420107238604,1357.6266571449498,1835.707783735478
38,At most primary school,females,2018-2019,38275,25543,1438.9924058349663,1375.4411058476555,1526.5208186370564,1405.7312048963186,1565.5290703244068,1451.8589763666496,1627.2403701284563,1618.1851714103016
39,At most primary school,females,2018-2019,32098,26312,1188.433588800964,1301.625519408128,1252.7456954742768,1331.593594810986,1340.2082450619978,1346.2542059389884,1340.2082450619978,1346.2542059389884
40,At most primary school,females,2018-2019,39321,40800,1026.8005645838102,1228.8536437908497,1120.8828615752398,1271.8126633986928,1190.34714274815,1340.8185253267973,1220.8222578266068,1340.8185253267973
41,At most primary school,females,2018-2019,32721,24350,1229.3508959587623,950.3788501026694,1257.7779000234302,1097.7,1375.5296878661002,1097.7,1425.191729572242,1404.7225872689937
42,At most primary school,females,2018-2019,27731,33728,1030.1575853737695,1609.8782218532574,1068.157657495222,1663.718947659709,1128.347817725049,1686.0268224225174,1145.5794357698364,1740.4400695762176
43,At most primary school,females,2018-2019,47339,19786,990.63895871621,1593.1235890697126,1063.375286057303,1721.056470905354,1096.9818261194082,1821.3900400956904,1184.1932163050901,1944.3557734425015
44,At most primary school,females,2018-2019,12092,34730,1342.017284154813,1253.487407620693,1373.0241481971552,1353.497773298781,1415.5536442827213,1438.7207553508015,1483.3908093505347,1503.6598090027833
45,At most primary school,females,2018-2019,42824,26040,1211.6150289557258,1401.1505376344087,1245.5060713618532,1496.6866359447006,1395.6322194719473,1600.852022529442,1467.367694906283,1613.889656938044
46,At most primary school,females,2018-2019,33427,25334,1641.068198362601,1351.8485039867371,1724.79213410317,1410.6179442646246,1807.848645306688,1498.071563906213,1906.6673647051782,1581.7535722744137
47,At most primary school,females,2018-2019,24081,33351,1772.6040446825298,1687.0068363767202,1810.6240604626053,1704.1457527510418,1830.5401769029525,1812.4398568758556,1908.3650180640338,1885.355211737779
48,At most primary school,females,2018-2019,33194,22234,1631.4419372979053,1322.448277412971,1670.0061356470046,1467.899388324188,1700.3208511578398,1599.567779077089,1700.3208511578398,1599.567779077089
49,At most primary school,females,2018-2019,25904,22161,1546.6681336215772,1891.8403952890212,1565.1479050854439,1920.3228644916746,1668.6685968704962,2013.2248093497585,1693.1049773522752,2136.499932313524
50,At most primary school,females,2018-2019,24059,29862,1572.016854399601,1552.1469984149307,1625.4230641340039,1656.4193177505413,1661.9707178186957,1742.7162837943426,1789.6568228105907,1742.7162837943426
51,At most primary school,females,2018-2019,25188,22099,1431.2363691705043,1171.8616226978597,1577.8855672013126,1247.9347481786508,1751.5257927055209,1453.0748751828892,1977.149105394103,1453.0748751828892
52,At most primary school,females,2018-2019,28154,29004,1045.9192773081386,1811.972268192893,1125.8731026970709,1867.4639245161586,1269.7389447325424,1883.3927619178965,1269.7389447325424,1883.3927619178965
53,At most primary school,females,2018-2019,31664,13266,906.0119062657908,1371.1461505603295,1019.5972081859525,1374.6287376250061,1080.276686457807,1434.0906452585555,1115.393327859188,1453.9346072666967
54,At most primary school,females,2018-2019,19413,24570,1794.4100001717063,1463.7451634784968,1804.511221003108,1501.093962827296,1830.0164666288913,1513.906335639669,2041.524219165851,1542.2010039343372
55,At most primary school,females,2018-2019,25795,20400,2184.933475479744,1258.4536764705883,2188.83539445629,1385.7085784313726,2240.1360341151385,1513.0486111111113,2320.912670414163,1513.0486111111113
56,At most primary school,females,2018-2019,18923,26260,1272.3578537582132,1806.1614749936532,1335.9915270658282,1824.0613226707287,1447.3416477302753,1882.1515740035543,1778.9099332382111,1909.3678725564864
57,At most primary school,females,2018-2019,16398,17155,956.7645038012766,1114.626930923929,1004.3373785420987,1201.8364908190033,1085.0027035817377,1402.9926163412028,1306.682176688214,1406.8748664140678
58,At most primary school,females,2018-2019,18688,14234,871.5994399257992,1534.3371973209687,922.4668414668951,1560.1978127488176,1070.644593678653,1623.7820710973726,1142.9191370576484,1665.9346634818044
59,At most primary school,females,2018-2019,14157,13628,999.2772480045207,1302.5389516681341,1114.9458218549128,1458.042327071715,1206.6507499234772,1556.7765507288914,1213.2105201196111,1556.7765507288914
60,At most primary school,females,2018-2019,23312,19955,1966.390943148021,1261.4626409421198,1998.2311970944863,1541.402505637685,2048.1483356211393,1592.773507057546,2290.7585792724776,1709.3566524680532
61,At most primary school,females,2018-2019,13108,12927,1863.0294222357848,1724.4137077434827,1863.0294222357848,1729.4380753461749,1903.7328094802156,1993.7066604780694,1963.1011341674296,2026.6899512647947
62,At most primary school,females,2018-2019,13017,22340,1386.7186243630124,963.1622948373621,1418.1083454969141,1002.1058937630559,1425.944252387903,1045.033378096091,1516.6717625668996,1062.2796180244704
17,Secondary school or above,females,2018-2019,6930,12601,331.38528138528136,386.62804539322275,331.38528138528136,393.0941988731053,331.38528138528136,399.55797158955636,331.38528138528136,399.55797158955636
18,Secondary school or above,females,2018-2019,12337,15270,240.99051633298208,308.40537000654876,255.74288724973655,308.40537000654876,255.74288724973655,308.40537000654876,255.74288724973655,308.40537000654876
19,Secondary school or above,females,2018-2019,13080,27332,443.14092762487263,858.1003646519343,501.67303771661574,904.110901751305,505.52242609582066,932.8232779647789,505.52242609582066,932.8232779647789
20,Secondary school or above,females,2018-2019,20677,30802,609.2457803356386,914.7348548795533,679.5122599990327,976.4817544315304,731.8514130031758,976.4817544315304,740.1504892714933,976.4817544315304
21,Secondary school or above,females,2018-2019,39055,50505,1051.5690692612982,1474.1411081411081,1176.548713352964,1549.6278916278916,1186.457815900653,1625.7084777084776,1186.457815900653,1625.7084777084776
22,Secondary school or above,females,2018-2019,23592,65782,1548.4321380128856,1560.4079180728265,1647.6700152594099,1589.357782777457,1714.6413402848423,1601.3181974805673,1748.1272677178704,1601.3181974805673
23,Secondary school or above,females,2018-2019,52322,43313,1256.9997133137113,1825.0084635867597,1332.3123924926417,1879.4170707024064,1357.256329396175,1902.8280558569788,1357.256329396175,1944.7785095313952
24,Secondary school or above,females,2018-2019,44673,53535,1845.447667867989,1616.6993368824133,1949.1455390653564,1691.4595498272158,1949.1455390653564,1704.441711030167,1949.1455390653564,1741.130481616388
25,Secondary school or above,females,2018-2019,46960,50358,1813.5397359454855,2206.154460727855,1908.330408858603,2237.4686709824323,1929.6293867120953,2237.4686709824323,1929.6293867120953,2244.5089293988376
26,Secondary school or above,females,2018-2019,42253,53141,2093.4460235565125,2677.5348914522997,2143.5960720737776,2753.9665543867573,2150.610958590711,2815.4852812956724,2166.4678208253454,2820.083112223456
27,Secondary school or above,females,2018-2019,40217,52550,2503.698199766268,2661.316151284491,2592.4302036452245,2733.5093006660322,2720.5018731713785,2789.802354900095,2746.0433108718535,2814.0649619410083
28,Secondary school or above,females,2018-2019,44247,38711,2358.4790908611503,2788.5723179458037,2387.2344867071965,2833.21105112242,2481.011277600741,2908.52297796492,2482.856977120859,2916.845504723033
29,Secondary school or above,females,2018-2019,38743,42328,3101.9245627167056,2953.073261198261,3158.895628457614,3073.668966168966,3182.6741174749845,3165.0757575757575,3250.3876743325673,3165.0757575757575
30,Secondary school or above,females,2018-2019,30833,45261,2607.12285538222,2708.273123292312,2692.7778354360585,2752.745406273245,2750.55089244208,2792.128303985035,2884.997210780657,2796.038955539353
31,Secondary school or above,females,2018-2019,43242,31973,3167.303682376702,3905.1793179662004,3204.401527064737,3932.409793680084,3326.481757704701,3971.3290901698306,3332.2816744523075,3986.623244612642
32,Secondary school or above,females,2018-2019,22234,59028,2941.3207362597823,3140.0320328205826,2960.7396442385534,3155.011364663098,2986.259118916974,3321.1799626166116,3052.171685256814,3382.2385562783766
33,Secondary school or above,females,2018-2019,49243,33432,2930.115590033101,3581.6520349764696,2976.0108441808984,3607.0468662758235,2999.8237042151504,3664.1141969769483,3037.8027063068184,3684.633459958523
34,Secondary school or above,females,2018-2019,27354,35369,3108.814189271526,4611.285447708446,3134.626136335941,4640.275241030281,3233.322244156857,4659.257966015438,3247.896590382881,4690.804122253951
35,Secondary school or above,females,2018-2019,35127,29218,3260.328802155986,3422.547402286262,3271.380130194247,3439.769662536792,3330.014751235991,3491.2447806146893,3330.014751235991,3505.0205352864673
36,Secondary school or above,females,2018-2019,17456,37758,2964.758086999694,2869.171954729241,2985.326372975863,2904.8663241344,3068.885034754048,2982.3726362625143,3068.885034754048,3014.3128873351347
37,Secondary school or above,females,2018-2019,25565,32941,3552.840132994328,2952.5762474322783,3589.542655974966,2982.759909130466,3610.6773453289,3019.41787336956,3610.6773453289,3019.41787336956
38,Secondary school or above,females,2018-2019,32011,39556,3417.3484218966396,3678.7106064819495,3475.571220309685,3694.000322327839,3618.9094477939875,3734.5302040145616,3639.1629023356554,3734.5302040145616
39,Secondary school or above,females,2018-2019,24948,24445,3698.7641093474426,4457.766932569714,3717.1856261022926,4492.452962432672,3845.8757014590346,4625.568255266926,3909.4612928224037,4719.575209654326
40,Secondary school or above,females,2018-2019,24028,35617,3143.15995921425,5400.388414708332,3173.9240677542866,5441.8012231986595,3338.7831210809613,5585.51443131089,3449.5913448199326,5609.450098735622
41,Secondary school or above,females,2018-2019,19136,30528,3892.490889771461,3284.142978031097,3917.122996794872,3386.62594448812,3999.0431995540694,3490.675341762753,3999.0431995540694,3586.2422530136264
42,Secondary school or above,females,2018-2019,28379,28234,3804.995292880886,3956.4031309768366,3810.7477859215146,4001.92491322519,3867.009458284882,4409.662333829189,3882.461024583906,4447.574354796817
43,Secondary school or above,females,2018-2019,23360,20344,3304.1811929223745,5150.380734696553,3376.2085901826485,5162.2828188491285,3674.611843607306,5492.074321667323,3719.315039954338,5513.116397955172
44,Secondary school or above,females,2018-2019,13250,25822,2356.424905660377,3989.520796220277,2446.2437735849053,4009.042909147239,2462.6116981132072,4130.496191877727,2699.2622641509433,4130.496191877727
45,Secondary school or above,females,2018-2019,21772,18552,3080.1169621532244,4823.611084159838,3190.4164293588096,4849.81041576829,3365.9140103496848,4894.387819821762,3530.4372512095047,4939.7090789851945
46,Secondary school or above,females,2018-2019,16960,16590,3919.8219536163524,4498.867992766727,3940.5501375786166,4521.884870403858,4015.497071540881,4572.928295157726,4275.324115566038,4572.928295157726
47,Secondary school or above,females,2018-2019,9804,24303,3874.8927308581533,5573.908468090359,3934.7866517067864,5623.360799078303,3935.714844281246,5697.240567008188,3955.859683122535,5710.308912479941
48,Secondary school or above,females,2018-2019,15333,16512,4306.67255809909,4751.503613533592,4323.567490597622,4757.9231871770035,4343.480966977543,4905.053052325582,4373.739494336834,5049.493459302326
49,Secondary school or above,females,2018-2019,11196,12024,4432.458020721686,4170.587713461965,4439.987495534119,4190.587713461965,4818.71204001429,4320.874362386338,5073.743598904371,4376.928919937902
50,Secondary school or above,females,2018-2019,18111,14364,3974.6968693059466,7118.518083402952,4025.4687758820605,7123.75339390142,4043.42655476414,7123.75339390142,4241.482984558187,7123.75339390142
51,Secondary school or above,females,2018-2019,13071,15291,4051.76672277051,3743.8865563621302,4141.492068956724,3810.2411440280775,4294.020567158851,3933.0748370501165,4350.251919006452,3957.3917554988775
52,Secondary school or above,females,2018-2019,8955,16280,4717.362814070351,5047.455569205569,4717.362814070351,5047.455569205569,4986.932886655499,5169.537878787879,4994.005285687697,5169.537878787879
53,Secondary school or above,females,2018-2019,8894,7677,7275.7052132523795,7656.651361208806,7303.8444082152755,7672.165233815293,7345.546679409339,7703.883352872216,7345.546679409339,7761.171355998437
54,Secondary school or above,females,2018-2019,5733,16050,3621.9896505610795,4439.16292834891,3649.479620908193,4450.433956386293,3649.479620908193,4471.362305295951,3649.479620908193,4575.661370716512
55,Secondary school or above,females,2018-2019,6663,14532,5148.215918755315,4457.164521974493,5153.101105608084,4478.262787870447,5432.794937215468,5007.584285255528,5432.794937215468,5033.114150380769
56,Secondary school or above,females,2018-2019,8428,12480,3827.796828033539,3745.1522435897436,3830.140207245689,3757.011217948718,3870.8220613826925,3961.338141025641,4026.0190238886253,4000.9375
57,Secondary school or above,females,2018-2019,6296,9817,5170.425667090216,3722.7187531832537,5247.045743329098,3722.7187531832537,5258.64040660737,3927.7100947336257,5437.420584498094,3961.0624427014363
58,Secondary school or above,females,2018-2019,7505,6785,3273.2871419053963,3547.2814050601814,3303.2005329780145,3632.0271677720457,3452.869642460582,3779.3693441414885,3452.869642460582,3779.3693441414885
59,Secondary school or above,females,2018-2019,8432,4393,4194.532179000633,5026.690188936946,4194.532179000633,5026.690188936946,4407.293089816572,5459.499962060855,4894.010357368754,5459.499962060855
60,Secondary school or above,females,2018-2019,6349,6362,4355.172205596682,5818.3257361416745,4409.889483908227,5818.3257361416745,4556.743319157873,5929.611495336896,4556.743319157873,5929.611495336896
61,Secondary school or above,females,2018-2019,5249,7982,3320.4019813297773,4731.2047941201035,3462.028957896742,4731.2047941201035,5032.442369975233,4957.726969013614,5178.298723566394,4957.726969013614
62,Secondary school or above,females,2018-2019,3289,6436,3753.8654099523665,5118.4716179821835,4122.819499341238,5118.4716179821835,4122.819499341238,5118.4716179821835,4122.819499341238,5118.4716179821835
17,At most primary school,urban,2018-2019,10494,15226,283.20468839336763,390.415736240641,303.1208309510196,426.65375016419284,311.1635220125786,426.65375016419284,311.1635220125786,426.65375016419284
18,At most primary school,urban,2018-2019,21400,16353,500.68196261682243,308.67302635602033,516.3128037383177,317.3356570659818,542.6827414330218,317.3356570659818,542.6827414330218,317.3356570659818
19,At most primary school,urban,2018-2019,19013,22512,470.4844054068269,794.9915600568586,606.528164939778,948.3020167022033,611.9881133960974,1003.3926350390902,672.162730763162,1003.3926350390902
20,At most primary school,urban,2018-2019,20618,22202,1129.1255860574902,990.4864426628232,1195.919649497203,1082.2655616611116,1206.0176221424645,1082.2655616611116,1206.0176221424645,1082.2655616611116
21,At most primary school,urban,2018-2019,19601,23474,1017.2237640936687,1075.579790406407,1088.5573695219632,1184.547158558405,1153.411203510025,1203.1208997188378,1153.411203510025,1203.1208997188378
22,At most primary school,urban,2018-2019,24200,18647,1209.5980716253443,928.0826227632685,1254.945179063361,992.443645984162,1428.4849517906337,1035.2387336658267,1448.0035468319559,1035.2387336658267
23,At most primary school,urban,2018-2019,23762,17158,1353.2058328423534,1688.8567529238062,1387.5998232472016,1717.6363309632047,1432.2895238896838,1717.6363309632047,1432.2895238896838,1717.6363309632047
24,At most primary school,urban,2018-2019,11448,24791,2127.1051129746097,1640.706519839189,2188.7752737013743,1680.6722332029096,2224.868914511996,1693.4887123015073,2224.868914511996,1693.4887123015073
25,At most primary school,urban,2018-2019,20838,20289,1641.1374092203348,1314.9643813560713,1690.4382058418917,1421.2566579591567,1721.5532360751192,1421.2566579591567,1724.0486770963305,1421.2566579591567
26,At most primary school,urban,2018-2019,21743,27454,1081.3425930184428,1376.8429008523349,1184.3688543439268,1468.5654185182489,1242.6790959542536,1479.9663072776282,1314.8572682395868,1499.8784026614217
27,At most primary school,urban,2018-2019,21715,19168,1684.910277074219,1860.8509842793544,1698.7394274311152,1860.8509842793544,1820.7863995701896,1911.2787806065664,1820.7863995701896,1911.2787806065664
28,At most primary school,urban,2018-2019,19569,18127,1773.1662323061985,1999.1161251172284,1810.7460779804792,2074.9974071826555,1868.6828657570647,2092.2093010426433,1906.5488783279677,2092.2093010426433
29,At most primary school,urban,2018-2019,21884,24236,1690.5727167489188,1447.163214501843,1714.329799549138,1495.966647411564,1742.719262170231,1526.066498872201,1770.8219856211542,1561.3445975683555
30,At most primary school,urban,2018-2019,10767,31911,1991.4934522151018,1703.5184419165805,2118.3533017553636,1772.6591770862713,2118.3533017553636,1788.8604869794115,2118.3533017553636,1788.8604869794115
31,At most primary school,urban,2018-2019,22670,20818,1879.3160123511248,1889.0743267044545,2034.3512130569034,1916.4660069811382,2158.279311865902,1916.4660069811382,2158.279311865902,1916.4660069811382
32,At most primary school,urban,2018-2019,16882,43359,1803.7888480827705,1310.151602512358,1834.1951980413062,1358.3990251927705,1869.2078347747106,1440.5457536689808,1871.903013071121,1440.5457536689808
33,At most primary school,urban,2018-2019,31707,21473,1795.6745986690637,2365.187879352365,1874.625303560728,2409.5924804793617,2023.5119321706038,2494.3640540834226,2023.5119321706038,2584.4865334761485
34,At most primary school,urban,2018-2019,15574,30403,2493.5814391507215,1743.9133364032057,2616.3341038482945,1784.8112741067218,2672.927271948975,1971.053037529191,2672.927271948975,1971.053037529191
35,At most primary school,urban,2018-2019,34755,23945,2139.682779456193,1492.5876244170668,2225.036397640627,1566.454402450059,2321.251810291085,1600.5032644254193,2326.934445883086,1600.5032644254193
36,At most primary school,urban,2018-2019,27435,28791,2138.114646740781,1898.2725388721012,2231.3317052426946,1912.869878318456,2237.142105582893,1917.3782316233082,2237.142105582893,1927.9544533592673
37,At most primary school,urban,2018-2019,21684,43686,2092.714735903585,1970.3255123685694,2154.7697073110744,2009.2503395443237,2204.820051650987,2043.9403241313005,2204.820051650987,2046.388095347098
38,At most primary school,urban,2018-2019,42830,26371,2321.9973227488517,1920.2091059623576,2347.208623239162,1958.3047413193785,2525.4544011207095,1974.7581054946722,2623.087679975095,2017.0014788972735
39,At most primary school,urban,2018-2019,24264,27770,2018.0580283547642,2237.0100348097467,2072.0553082756346,2273.8312447485296,2137.20738542697,2437.6477133597405,2137.20738542697,2437.6477133597405
40,At most primary school,urban,2018-2019,28397,48156,1939.2948903053139,2202.349371487111,1965.531816741205,2226.7600368247636,2046.967179631651,2266.662593100202,2089.1657217311686,2266.662593100202
41,At most primary school,urban,2018-2019,35453,35024,2089.406070478286,2254.474864854576,2116.5501767598416,2347.59158481803,2253.7233449919613,2391.8540905284,2272.085683863143,2391.8540905284
42,At most primary school,urban,2018-2019,32038,64287,2071.875793328755,2745.8562410233276,2143.478265393179,2786.8184884450457,2272.3831075597727,2852.7561326551245,2319.291466383669,2863.1742576259585
43,At most primary school,urban,2018-2019,49672,23316,1723.0876013314005,2422.0348544633157,1864.6537754335104,2503.7770057757193,1878.2784868738925,2531.0677074398127,1932.4820623288772,2635.4166523703325
44,At most primary school,urban,2018-2019,17321,50624,1939.2056848141947,2108.167298777918,2005.2359371090968,2164.033291192583,2264.491561303235,2263.9064409502735,2311.8495083039857,2308.4571152022754
45,At most primary school,urban,2018-2019,39873,29512,2825.0502804738376,2174.453318424144,2858.9930487631564,2264.1036301617423,2915.0524540415818,2312.8962117104907,2992.097070699471,2316.081356736243
46,At most primary school,urban,2018-2019,25073,22122,1747.5144046052194,1573.5421601422413,1833.335008442016,1609.1646174245848,2157.1760592403516,1780.0094664436608,2203.753386777277,1780.0094664436608
47,At most primary school,urban,2018-2019,24341,50858,2289.967106254194,2171.2682567147745,2342.0997220053955,2198.6354359196193,2344.4876682689014,2247.7525856305792,2383.7670733878367,2249.233309738225
48,At most primary school,urban,2018-2019,35517,20741,2001.2029919944441,2462.1443999807148,2068.8283544969077,2501.43662311364,2152.437307017297,2571.274143001784,2165.754873253184,2571.274143001784
49,At most primary school,urban,2018-2019,31617,25670,3152.5853601965186,2859.528983248929,3187.8290582070827,2860.1892871055707,3279.2723745664252,2917.4643163225555,3324.5802785421342,2959.396532917803
50,At most primary school,urban,2018-2019,29004,40581,2382.1539960005516,2807.814814814815,2428.5286339815198,2858.5666444888,2457.3987898220935,2939.368415432509,2563.315215142739,2939.368415432509
51,At most primary school,urban,2018-2019,31265,23768,2361.3016152246923,2123.2913160552002,2505.450983527907,2195.3604846852913,2640.010061836985,2273.2467182766745,2653.635521616291,2273.2467182766745
52,At most primary school,urban,2018-2019,30056,48870,1536.7586283382132,1920.3306254689312,1621.3357510424985,1961.7331218880022,1672.830738177624,1989.9406111452151,1703.5234451246563,1991.2703294454675
53,At most primary school,urban,2018-2019,46202,16570,1989.7195720242992,1973.8758298129148,2061.074491724745,1996.356216053108,2124.011882602485,2025.155049285858,2199.794316263365,2041.0421947294305
54,At most primary school,urban,2018-2019,23360,33394,1598.6911957762559,2205.009263141083,1663.6610159817353,2260.9133177616736,1702.8369577625572,2284.2109161326384,1747.0664098173518,2297.7522708670217
55,At most primary school,urban,2018-2019,25894,30922,2464.8382894364204,1662.4724144621953,2474.4710228881854,1695.2956471120885,2547.945572977009,1780.8905849125758,2645.7487963749645,1780.8905849125758
56,At most primary school,urban,2018-2019,25587,28585,2109.3880942145097,5574.109218121393,2145.7940816299943,5584.473045303481,2233.3756660283216,5835.19370299108,2262.2379789215875,5835.19370299108
57,At most primary school,urban,2018-2019,17813,25160,2086.9561556166846,2247.0574854266033,2130.750014034694,2312.9466746157923,2248.54039184865,2419.2076709062007,2328.0328973221804,2421.85472972973
58,At most primary school,urban,2018-2019,29807,28436,1565.9880788629068,2256.622227692596,1605.0329340982541,2277.8530618464856,1674.354458125049,2317.672305059314,1818.4537189250846,2493.857422516059
59,At most primary school,urban,2018-2019,16747,22991,1604.3426285304831,2069.8450118162177,1686.5567564339883,2128.9529236077883,1847.0213172508509,2399.650152958404,1852.5665890408234,2436.186188798515
60,At most primary school,urban,2018-2019,17386,28931,2068.38895279727,2092.7611097669164,2108.0099121898847,2276.8266450059336,2185.82942214042,2342.7202078508635,2342.5520725487945,2362.44530088832
61,At most primary school,urban,2018-2019,16161,18243,1517.7107027205413,1884.0670211405286,1517.7107027205413,1892.7580259094811,1536.2825732731062,2034.0286502585466,1608.7409607491286,2057.40062855159
62,At most primary school,urban,2018-2019,12461,32147,2497.3647112323783,2140.280181665474,2624.469277479068,2165.066320340934,2670.669421929754,2200.911033688991,2802.4940480967284,2212.8960089588454
17,Secondary school or above,urban,2018-2019,5633,19326,288.9579265045269,463.82800372555107,288.9579265045269,503.3366966780503,288.9579265045269,509.34285418607055,288.9579265045269,509.34285418607055
18,Secondary school or above,urban,2018-2019,9884,25080,417.5212464589235,494.31419457735245,515.1264670174019,549.6850079744817,515.1264670174019,558.9673046251993,515.1264670174019,558.9673046251993
19,Secondary school or above,urban,2018-2019,19045,38041,649.3331583092676,1059.3790690745948,679.8293515358362,1079.2074121780884,679.8293515358362,1079.2074121780884,682.2971908637438,1098.5812456735275
20,Secondary school or above,urban,2018-2019,20687,42165,1005.0584908396578,1479.124769753745,1038.9783438874656,1574.183420293292,1045.879618439922,1575.060925333017,1054.1746829732037,1575.060925333017
21,Secondary school or above,urban,2018-2019,47729,71583,1424.341420659697,1823.1235442307066,1497.6071500904413,1889.605139022766,1516.9413075209343,1944.223204764632,1517.8767974746313,1961.0288709144163
22,Secondary school or above,urban,2018-2019,49161,89996,1888.3053775689402,1967.9165222158024,1953.4444105422322,2011.751492658933,2005.3150668212609,2037.5304161666447,2021.3847155265353,2045.719669022327
23,Secondary school or above,urban,2018-2019,73839,74819,1683.2265785470188,2407.536805490584,1770.6726436345741,2461.164894612331,1785.4008676534982,2499.3921497213273,1785.4008676534982,2544.928711289913
24,Secondary school or above,urban,2018-2019,63224,73665,2360.724871093256,2025.7548044073394,2441.313492502847,2058.7289440937575,2532.7502886562065,2076.033407995656,2532.7502886562065,2076.033407995656
25,Secondary school or above,urban,2018-2019,78962,82443,2621.824129539103,2774.1566405476106,2680.244534290756,2818.28010767035,2749.124501870098,2829.031980681602,2750.4985805408505,2830.3686617824837
26,Secondary school or above,urban,2018-2019,80815,85849,2705.8325238713933,3113.98102870544,2779.678839530615,3155.6386251829763,2813.3831848460472,3208.7677627772796,2813.3831848460472,3236.9199058812565
27,Secondary school or above,urban,2018-2019,68551,89997,3392.108923769651,3024.8727827964635,3441.9073949808662,3075.9372405006093,3560.429979139619,3119.708838442763,3579.573876870262,3153.1099518132087
28,Secondary school or above,urban,2018-2019,72660,86050,2996.7776539132033,3654.2917857834595,3054.1193825121572,3737.7906817741627,3144.658652169924,3790.851692814256,3161.168542985595,3794.5957176060433
29,Secondary school or above,urban,2018-2019,73449,76046,3626.6530869492212,3168.7531406429443,3677.5349233254824,3238.575024765712,3696.334816221687,3288.5088367567,3732.0524751868647,3294.4175411373817
30,Secondary school or above,urban,2018-2019,58778,78592,3251.2409575011056,3138.3930425488597,3322.7421994623837,3174.7471243892505,3400.4325484591736,3219.2698917616717,3497.694846144249,3223.0763648547772
31,Secondary school or above,urban,2018-2019,72957,65533,3562.108659895555,4194.070236878112,3610.8579916937374,4244.060928590685,3674.33099634031,4302.015953794272,3677.7686376906945,4322.122465017625
32,Secondary school or above,urban,2018-2019,40707,94996,3727.5588821742367,3899.6534985683606,3750.3408361379284,3934.4091724914733,3789.848250915076,4041.0992787415607,3821.095947871373,4051.8583282453997
33,Secondary school or above,urban,2018-2019,91401,58350,3925.172073245005,4119.386882319338,3991.42034186351,4149.455434161669,4017.628206110072,4242.207076549558,4045.360068999975,4260.681798057698
34,Secondary school or above,urban,2018-2019,49467,64220,3510.7745837292205,4114.834545312987,3561.8130538203923,4137.034109311741,3583.5955889785114,4179.568522267206,3590.145410071361,4196.942486764248
35,Secondary school or above,urban,2018-2019,63611,61962,3921.1520334533334,3646.2927573889374,3956.377466161513,3707.230106086526,3994.3241263303516,3716.6165042015,4001.9051002709175,3723.112421053764
36,Secondary school or above,urban,2018-2019,54460,65552,3917.9470957277513,3736.760032747539,3984.6527512547436,3782.864926572289,4028.9394907577425,3860.923058538768,4033.1921532623332,3898.725108819461
37,Secondary school or above,urban,2018-2019,46603,60626,4334.157364690399,4032.997448839332,4373.632720354198,4067.2711927775763,4509.962105443856,4099.0405656539,4509.962105443856,4099.0405656539
38,Secondary school or above,urban,2018-2019,54993,59945,4330.317822268289,4982.765512831207,4387.395632171368,5004.013323324159,4422.348868643889,5035.453810437346,4422.348868643889,5035.453810437346
39,Secondary school or above,urban,2018-2019,44767,47555,4150.2853180542215,4997.127589107349,4166.13225888117,5034.830038902323,4246.948306416185,5112.506318999053,4278.947323549341,5171.112143833456
40,Secondary school or above,urban,2018-2019,41832,71020,4718.066970262001,5083.980428048437,4748.609138936699,5112.869895803999,4865.3176396060435,5280.249037829719,4874.748219066743,5307.996385994556
41,Secondary school or above,urban,2018-2019,46399,50288,5435.646493818113,5422.172851044649,5473.424247649015,5532.897676052603,5546.343563438867,5715.138866793934,5566.390331688182,5777.931514476614
42,Secondary school or above,urban,2018-2019,50723,71545,5650.301083006394,4741.258410790411,5691.457363194869,4818.721014745964,5731.179317075094,5121.713886365224,5743.175847248783,5136.675211405409
43,Secondary school or above,urban,2018-2019,57071,30305,4119.22024904651,5306.281559698619,4169.924810031949,5411.277302975306,4447.467257159212,5630.271253368531,4494.560643759528,5644.3969751966115
44,Secondary school or above,urban,2018-2019,25786,56039,4287.979782310815,4607.95209883593,4353.046097365495,4637.739389829702,4359.347966596862,4727.15866331186,4480.949610899972,4736.923291517217
45,Secondary school or above,urban,2018-2019,38420,30536,4743.446612007635,4594.874727098069,4817.602208051362,4623.311654004016,4922.634309387472,4658.715767181905,4939.578609231303,4708.359793904462
46,Secondary school or above,urban,2018-2019,29171,33413,4852.589826654326,5371.775007731522,4896.995229280222,5477.489250690849,5183.240130037823,5508.369447021619,5334.30340063762,5514.510769261466
47,Secondary school or above,urban,2018-2019,27686,56648,5371.2337402778785,5325.137151061525,5487.791928531869,5369.8171044579385,5491.960605841701,5421.00072965212,5499.094175154712,5426.607282398907
48,Secondary school or above,urban,2018-2019,33771,37646,4683.886855586154,5327.941680391011,4711.930147167688,5330.757384582691,4774.995104280793,5420.569715241991,4797.9844738582415,5493.023628008287
49,Secondary school or above,urban,2018-2019,21369,29359,5259.677804295943,4754.952745892798,5321.618933969769,4771.18558761084,5565.939366995804,4824.544580310409,5775.548770025114,4847.501765500641
50,Secondary school or above,urban,2018-2019,27209,29113,4385.711431266615,4851.889539610025,4469.755313805481,4873.197546342412,4640.424332635035,4948.656390615876,4772.255711958053,4948.656390615876
51,Secondary school or above,urban,2018-2019,24621,21532,4812.636556868798,3226.058285342746,4865.124270609101,3273.1801504737136,4990.249163992798,3360.410783949471,5020.101728876433,3396.4376277168867
52,Secondary school or above,urban,2018-2019,23330,38845,4041.058929847121,5998.572257261767,4074.619581368767,6036.072373106792,4179.227382483212,6087.237259192518,4181.942056008001,6090.202033723774
53,Secondary school or above,urban,2018-2019,26046,16749,6256.051037907293,6113.460256333711,6386.12168215209,6207.23421298784,6574.598479612993,6221.772394371803,6574.598479612993,6221.772394371803
54,Secondary school or above,urban,2018-2019,17316,27904,18300.521882459383,4091.2169999522175,18309.62329156079,4125.054442612768,19293.953775891277,4243.9513749522175,19301.53347097097,4303.9427740347865
55,Secondary school or above,urban,2018-2019,21662,31623,4989.1344674237525,4999.838139961421,5048.138714492352,5031.608686715365,5206.185062936633,5510.772586408627,5206.185062936633,5522.504553647662
56,Secondary school or above,urban,2018-2019,21483,24437,5097.642740771773,6376.068529961397,5139.869152353023,6389.695407237658,5426.170568977021,6634.488139569778,5487.055920184952,6673.044427166455
57,Secondary school or above,urban,2018-2019,23847,23335,6140.268573265679,5349.236940218556,6301.165122097817,5424.741547032355,6413.812415258382,5628.364859652882,6461.013321032694,5642.396143132633
58,Secondary school or above,urban,2018-2019,17398,17509,4867.7356305322455,5122.378243569974,4899.664587883665,5155.218497153845,5108.680375138905,5388.164301216518,5108.680375138905,5388.164301216518
59,Secondary school or above,urban,2018-2019,16410,18129,5141.493195206175,5449.824434147867,5167.379849685151,5450.999347270488,5643.4107251675805,5641.656121867359,6011.377412147065,5641.656121867359
60,Secondary school or above,urban,2018-2019,12327,14363,5451.002474243531,5328.15300888858,5480.917295367892,5328.15300888858,5633.243273572916,6152.583838102532,5633.243273572916,6152.583838102532
61,Secondary school or above,urban,2018-2019,13176,15143,8485.602547561222,5425.27526469876,8572.00206182959,5456.867419489753,8964.837520238818,5729.233088996015,9022.943166869054,5729.233088996015
62,Secondary school or above,urban,2018-2019,12857,16232,5007.563713670893,4768.202727123378,5136.90881750538,4804.367340233284,5226.984262788105,4852.962707409233,5245.74073786005,4889.926729094793
17,At most primary school,rural,2018-2019,56339,50031,328.2102628729654,530.9100357778177,377.82637249507445,599.9012612180447,405.10046326700865,621.0949544615671,414.81782897578347,621.0949544615671
18,At most primary school,rural,2018-2019,61010,47070,394.2208490411408,521.274442319949,521.8722996230126,543.0292755470575,533.4427525542261,564.8797110686212,533.4427525542261,564.8797110686212
19,At most primary school,rural,2018-2019,67846,56180,456.6997120930736,843.244571021716,535.8178620208512,879.1096475614098,564.1177495111478,889.5611724219771,564.1177495111478,889.5611724219771
20,At most primary school,rural,2018-2019,82428,62671,680.2757922065317,965.2639179205693,749.4232906293978,993.1843276794689,784.6686967211789,993.1843276794689,784.6686967211789,993.1843276794689
21,At most primary school,rural,2018-2019,80866,59309,713.8186382410407,924.3333951564406,803.2271659288206,1025.218252429367,859.4781449146324,1078.11592956662,868.2383160619626,1078.11592956662
22,At most primary school,rural,2018-2019,69213,51791,1009.2474920414759,1134.7926602434143,1097.8610472984362,1252.3298771343798,1118.1826390995911,1252.3298771343798,1118.1826390995911,1252.3298771343798
23,At most primary school,rural,2018-2019,58338,40302,759.973967796862,940.9331794948141,827.7814003451152,1046.243089672969,870.8969225319117,1046.243089672969,870.8969225319117,1046.243089672969
24,At most primary school,rural,2018-2019,34123,46709,1096.8142113335093,1045.875570018626,1235.6063456710528,1093.063478130553,1306.1321640340338,1116.6833372583442,1306.1321640340338,1116.6833372583442
25,At most primary school,rural,2018-2019,60896,79443,877.3265020143632,1302.2729672008022,973.6009699597126,1385.1204679245916,1024.1135378349973,1481.9405150023706,1024.1135378349973,1481.9405150023706
26,At most primary school,rural,2018-2019,56298,42388,1267.6668383719966,1208.1614922462334,1419.883187087759,1326.2472712402882,1438.3742376875437,1375.9255410336261,1443.0569084751382,1502.9827270296626
27,At most primary school,rural,2018-2019,40695,38879,1248.162788221321,1160.2461740271096,1337.0852602694843,1225.4291777051878,1413.7951754924845,1244.0679029810437,1413.7951754924845,1265.1525502199129
28,At most primary school,rural,2018-2019,46281,35708,1337.6244175075444,1046.6916097233113,1390.8732237131148,1079.432172062283,1452.8355840769789,1132.8018651282625,1452.8355840769789,1132.8018651282625
29,At most primary school,rural,2018-2019,51601,43012,1040.4903732485805,1195.2945612077249,1194.6794393519506,1263.127491552745,1316.6522531863077,1295.213130444217,1348.9849599167974,1295.213130444217
30,At most primary school,rural,2018-2019,51520,33855,972.0148809523808,1247.0211293260475,1019.226313405797,1321.8422783439178,1083.0295775103518,1336.6350711367106,1187.759779373706,1336.6350711367106
31,At most primary school,rural,2018-2019,43679,43902,1032.1797278631227,1519.4540491701214,1073.525454642582,1600.6446555206294,1136.2104272075826,1631.2828952363598,1142.3216782282868,1631.2828952363598
32,At most primary school,rural,2018-2019,39798,65564,1091.7152453222106,1549.5510290199907,1114.6812235120694,1596.0637494153295,1141.8873645241806,1674.1307018079028,1254.0052263932862,1674.1307018079028
33,At most primary school,rural,2018-2019,67520,28559,1242.1061413902055,1488.5821865844975,1311.7261058451818,1545.3873968509636,1494.3434908175357,1593.5231275604888,1501.8518833925752,1593.5231275604888
34,At most primary school,rural,2018-2019,45553,43090,1600.551657775924,1441.4878471416416,1671.2803693865753,1494.748464454243,1756.9987084641334,1563.028703488822,1756.9987084641334,1563.028703488822
35,At most primary school,rural,2018-2019,58406,33591,1251.8446278350398,1270.2926577555495,1324.2611603830655,1311.6206920504499,1454.0636421486377,1331.5813958103856,1523.137938168453,1344.7843370744147
36,At most primary school,rural,2018-2019,57864,40227,1152.4923613991427,1454.084727504744,1229.314046730264,1479.5949569526274,1305.7633934743535,1527.4757335454628,1315.7753755933452,1559.8594559209819
37,At most primary school,rural,2018-2019,47471,57058,1274.5325848061625,1783.6735427109256,1353.123008433219,1872.78733919871,1472.1289717230873,1911.537821164429,1520.8850543840801,1993.9311752953136
38,At most primary school,rural,2018-2019,57569,43719,963.7846294591418,1878.5483809480243,1019.9089324694424,1887.6656983615057,1066.1321037942876,1967.318137804311,1066.1321037942876,2039.0139679925587
39,At most primary school,rural,2018-2019,55041,48524,1269.2041266207614,1754.0804000769378,1336.5857148913233,1853.5720949083616,1448.8571352870283,1881.0111972082543,1451.7186385300654,1881.0111972082543
40,At most primary school,rural,2018-2019,55300,42140,1212.7415189873418,1655.815662078785,1289.073164556962,1707.2439962031324,1342.8282625075346,1802.3424774560988,1397.8318791440627,1809.1198860939724
41,At most primary school,rural,2018-2019,65754,43622,1350.4882187141973,1488.404169150123,1395.7029585018909,1582.8961685999418,1500.6381297462258,1633.9483899561383,1525.8379908446634,1805.3298030046
42,At most primary school,rural,2018-2019,49131,70245,1199.7495742674348,1692.5055780957125,1277.404618943912,1716.86745438584,1351.0087843384695,1789.3040453650317,1378.411035463014,1878.2142880869337
43,At most primary school,rural,2018-2019,68809,35807,1614.057778294506,1936.0623527988012,1644.061411540157,2007.4193500339786,1813.3598075833104,2138.565261913406,1856.6077838654828,2138.565261913406
44,At most primary school,rural,2018-2019,44130,36300,1363.7019714479945,1442.1386960514233,1509.944210287786,1519.2488888888888,1576.1911190422238,1596.0733379247015,1646.2870477377446,1596.0733379247015
45,At most primary school,rural,2018-2019,59738,42532,1376.3679176850023,1612.0646258503402,1401.194661131385,1651.3280040126651,1553.9821470420839,1720.8470328223457,1553.9821470420839,1728.8292579704694
46,At most primary school,rural,2018-2019,49359,30683,1602.449350675662,2435.0313963215244,1630.7307178022245,2516.1129398472553,1745.940966524173,2540.060511249443,1809.9171410820045,2609.1541461612837
47,At most primary school,rural,2018-2019,36009,44089,1230.5822340711118,1839.7291841502415,1266.346904014737,1854.9166458753884,1337.6535218047338,1928.426289248263,1363.1471483980856,2024.893435248399
48,At most primary school,rural,2018-2019,57681,37793,1390.8264593193599,1624.6699609275088,1445.3017631455764,1706.9433978073544,1550.35657611114,1781.5016934352925,1577.089815826124,1781.5016934352925
49,At most primary school,rural,2018-2019,43555,33990,1866.062641105116,2068.262263410807,1914.3041747981479,2158.0495537903303,1944.8136838480082,2226.5544081592625,2239.135805303639,2275.2599097773855
50,At most primary school,rural,2018-2019,39673,35116,1370.0259874473822,1587.0204749971524,1405.4231089153832,1655.0151213122224,1417.692431460523,1738.9398279986333,1433.693238054428,1906.8803679234538
51,At most primary school,rural,2018-2019,36168,43586,923.3543924647939,5260.934803224277,970.4407671606576,5329.779156915829,1013.3563739585637,5599.040397145873,1242.2788099977881,5599.040397145873
52,At most primary school,rural,2018-2019,32176,57878,2015.0327884137246,2095.3704573988966,2037.3575024863253,2114.9167444164163,2151.417637887452,2186.2610663810083,2199.4865919733134,2186.2610663810083
53,At most primary school,rural,2018-2019,56075,17532,1359.7180145638283,1574.2644307551905,1417.8317907564276,1635.990417522245,1478.9357571704563,1700.3021712677769,1601.8948892851836,1700.3021712677769
54,At most primary school,rural,2018-2019,25670,26366,1833.0805090248018,1362.4744873448128,1891.0431112842487,1369.3488710207591,2160.1811453058044,1379.0954638549647,2320.134398130113,1405.4627550633393
55,At most primary school,rural,2018-2019,26371,36150,1760.8582407442518,1498.3682618718303,1815.719262320984,1578.943642231443,1859.876164473601,1633.401641309359,1888.2267516084587,1633.401641309359
56,At most primary school,rural,2018-2019,38221,31238,1096.2991549148373,1443.8837687005143,1167.3568457130896,1461.3253462662997,1267.5281738660246,1596.5180602684763,1431.7511577405091,1712.226492306379
57,At most primary school,rural,2018-2019,33176,38862,1383.4333554376658,1330.5606333522037,1423.8059139136726,1347.1501037860464,1542.4606015392653,1413.5011236340558,1725.9275656096777,1522.9653817782582
58,At most primary school,rural,2018-2019,44387,20889,1559.8409969886077,2654.1650868878355,1603.7317758202475,2742.5513188759633,1728.0300125412093,2766.466218264796,1728.0300125412093,2864.472345891777
59,At most primary school,rural,2018-2019,22561,30676,1517.7854409526765,1697.1404463858826,1621.5607611955736,1764.2955513539357,1651.8371969327602,1782.4709979571435,1732.8761579717211,1840.5131155735212
60,At most primary school,rural,2018-2019,43174,33910,1460.544054291935,1718.0242701268062,1489.1865242970307,1827.1882335594219,1553.2857120798012,1833.4965988400668,1674.198375565541,1938.0100167109013
61,At most primary school,rural,2018-2019,34880,23159,1174.8178803516819,1766.6924593750448,1197.0827886085626,1793.8395728082673,1405.7025802752294,1880.8817306446736,1866.2451548165136,2320.221368222577
62,At most primary school,rural,2018-2019,34490,34789,1365.9394413839761,1686.493594718637,1373.763448342515,1701.982858566405,1525.650758674012,1863.996977013807,1613.026326471441,1871.089736219303
17,Secondary school or above,rural,2018-2019,5798,36029,270.0931355639876,369.1311443559355,270.0931355639876,399.59271697798994,270.0931355639876,404.0224818895889,270.0931355639876,404.0224818895889
18,Secondary school or above,rural,2018-2019,23346,34168,241.65424483851623,529.138862873644,249.45001285016704,529.138862873644,269.0953482395271,529.138862873644,269.0953482395271,529.138862873644
19,Secondary school or above,rural,2018-2019,28104,61481,641.2071531929025,783.9784323612173,758.5854623303918,831.6923602413754,795.7328434860992,848.5909413748421,812.4208594268906,848.5909413748421
20,Secondary school or above,rural,2018-2019,39033,69950,511.22588578894783,1017.3730760066715,541.7031742371839,1063.0280438408388,568.8498620825114,1069.5292113414343,568.8498620825114,1069.5292113414343
21,Secondary school or above,rural,2018-2019,47494,73637,858.77687707921,1283.299939794759,976.616604202636,1374.9709747364323,996.8682851167165,1389.5731222075858,1047.4922235791187,1389.5731222075858
22,Secondary school or above,rural,2018-2019,51224,82443,1318.2045525534907,1529.7884477760392,1416.907699515852,1571.9315041907741,1461.6713682388465,1603.8043941470673,1471.7122344994534,1641.2282304137404
23,Secondary school or above,rural,2018-2019,64586,49544,1127.6846272153923,1680.889342469993,1235.8898110013522,1709.4401256122503,1261.6534181814427,1726.394751803111,1261.6534181814427,1726.394751803111
24,Secondary school or above,rural,2018-2019,41231,68248,1282.8059146435126,1677.6862960575156,1354.4951775767424,1774.5730619700698,1373.0773164204927,1783.253755909819,1373.0773164204927,1812.0331096393545
25,Secondary school or above,rural,2018-2019,62363,48402,1717.4604840476993,1711.0345991212484,1845.544844966834,1733.0884398716307,1900.6472561187456,1733.0884398716307,1908.6391744036262,1796.5975235183118
26,Secondary school or above,rural,2018-2019,50618,53402,3081.5922530852,2042.7294608191953,3139.9785978637374,2096.397450782118,3197.7856032768314,2190.394885335131,3291.653397342184,2219.981792192552
27,Secondary school or above,rural,2018-2019,53337,67450,3219.7891019992376,2261.9116493699034,3309.3207591978053,2295.3791067457373,3350.1965427376867,2355.8247454904867,3354.04184087344,2355.8247454904867
28,Secondary school or above,rural,2018-2019,45819,37063,1932.0288053718616,2491.403965320311,1963.488025346108,2549.827460450225,1992.7161657827537,2601.5523612947327,1993.669191092487,2601.5523612947327
29,Secondary school or above,rural,2018-2019,32363,34478,2285.406127367673,2588.0801960670574,2315.296434199549,2685.6569116538085,2360.0713572083346,2802.5899317439143,2396.2979122248657,2808.0542858247773
30,Secondary school or above,rural,2018-2019,27488,35315,2317.1369567326346,2721.9247817263677,2510.4431266977103,2769.2021426211713,2523.29819072565,2785.117268393978,2588.6600455956536,2790.129302940205
31,Secondary school or above,rural,2018-2019,32842,32866,2683.979089275927,3088.9484979411345,2861.2225580049935,3138.0995963406963,2967.185045064247,3162.987403395606,2967.185045064247,3162.987403395606
32,Secondary school or above,rural,2018-2019,25235,36636,2823.9099795257907,2995.604314517597,2844.013803579684,3039.8782527204576,2887.3950201439798,3154.8252993412675,2945.4691235717587,3248.833924737053
33,Secondary school or above,rural,2018-2019,29984,25633,1874.242518231946,2802.9687447170963,1940.8580465136963,2874.786323619293,2020.051282906439,2876.011307039103,2194.9445593205264,2876.011307039103
34,Secondary school or above,rural,2018-2019,20489,17868,3462.996380171474,3274.6107566599508,3467.511973904697,3315.980803671368,3605.9081865065805,3315.980803671368,3659.5987847137485,3315.980803671368
35,Secondary school or above,rural,2018-2019,23930,27735,2363.1177392394484,5211.212379063759,2388.111470956958,5233.272952346614,2420.8400020894273,5346.054035214231,2434.525752193899,5346.054035214231
36,Secondary school or above,rural,2018-2019,11307,17974,2461.7141298900387,2808.081654983124,2461.7141298900387,2819.5148362449463,2659.4362636714723,2868.2426282407923,2659.4362636714723,2935.3395460109045
37,Secondary school or above,rural,2018-2019,13853,19779,3618.278495632715,3395.1185600889835,3746.478163574677,3498.9155164568483,3770.0290189850575,3498.9155164568483,3770.0290189850575,3498.9155164568483
38,Secondary school or above,rural,2018-2019,14480,18774,1747.0486648250458,2618.04248783779,1853.5093001841617,2618.04248783779,2069.3104051565374,2619.9291395902133,2114.084806629834,2619.9291395902133
39,Secondary school or above,rural,2018-2019,16934,18952,2425.072457777253,4427.598142676235,2486.4401204676983,4450.304717180245,2542.8296326916266,4725.596682847897,2551.9139207117832,4725.596682847897
40,Secondary school or above,rural,2018-2019,16375,16965,3440.918503816794,3138.438854504372,3440.918503816794,3157.819933195796,3483.371796437659,3157.819933195796,3645.9672162849874,3212.2064151684845
41,Secondary school or above,rural,2018-2019,16284,10836,2893.7221403422586,4313.944813584349,2986.15765987063,4557.987818383167,2998.685294358471,4810.587178540667,3135.7912470318515,4810.587178540667
42,Secondary school or above,rural,2018-2019,13758,11552,3925.081649464554,3422.5066799399815,3950.426903135146,3664.8196993305633,3952.4212882201873,3720.446430632502,3952.4212882201873,3720.446430632502
43,Secondary school or above,rural,2018-2019,17231,8695,2960.7053662971775,4937.902050987158,3023.961126264678,4937.902050987158,3082.901408314472,5006.0791642706545,3135.8640918499605,5006.0791642706545
44,Secondary school or above,rural,2018-2019,7329,13766,2625.0691317596766,3372.802557024553,2731.372856688043,3372.802557024553,2820.249238186201,3372.802557024553,2820.249238186201,3372.802557024553
45,Secondary school or above,rural,2018-2019,12333,7536,3571.0405956917753,3876.3143356334044,3654.9861077326414,3979.7179980537867,3696.646017459931,3979.7179980537867,3987.0862996297196,4057.8452096602978
46,Secondary school or above,rural,2018-2019,8323,5960,3679.4617926228525,3830.0581655480987,3679.4617926228525,3870.8719239373604,4027.5934759101287,3933.7931347874724,4027.5934759101287,3933.7931347874724
47,Secondary school or above,rural,2018-2019,6871,15450,2650.036020957648,4629.559886731392,2708.1498326298934,4666.116521035599,2797.2016445932177,4904.119714131608,2797.2016445932177,4916.144158576052
48,Secondary school or above,rural,2018-2019,5828,6414,2072.0521619766646,3283.097521047708,2168.34248455731,3283.097521047708,2168.34248455731,3283.097521047708,2168.34248455731,3283.097521047708
49,Secondary school or above,rural,2018-2019,3609,3207,4246.15599889166,2817.0418875376777,4246.15599889166,2817.0418875376777,4542.359933499584,2817.0418875376777,4641.925833564237,2817.0418875376777
50,Secondary school or above,rural,2018-2019,7293,11715,4290.337903926139,3783.6953762981934,4290.337903926139,3904.2416844501354,4438.287993052699,4440.306558543179,4814.7585812879925,4440.306558543179
52,Secondary school or above,rural,2018-2019,2982,4419,1496.7723004694835,4201.60451082447,1496.7723004694835,4269.085841442256,1584.1409568522245,4269.085841442256,2064.6685669572994,4269.085841442256
53,Secondary school or above,rural,2018-2019,5988,4259,4894.016171231352,5922.837911872897,5114.423652861278,5922.837911872897,5348.781256958362,5922.837911872897,5348.781256958362,6026.101588792362
54,Secondary school or above,rural,2018-2019,1461,6381,475,2032.3795643316096,475,2032.3795643316096,475,2942.738442250431,475,2942.738442250431
55,Secondary school or above,rural,2018-2019,2739,6994,5390.630156991603,4453.502430654847,5390.630156991603,4473.490992279096,5390.630156991603,4881.426365456105,5390.630156991603,4881.426365456105
56,Secondary school or above,rural,2018-2019,2785,3020,1648.4445242369839,5048.868653421633,1648.4445242369839,5048.868653421633,1662.7518252543387,5048.868653421633,1662.7518252543387,5048.868653421633
57,Secondary school or above,rural,2018-2019,1592,4622,3033.451633165829,2509.5789701427952,3033.451633165829,2509.5789701427952,3265.172738693467,2644.4539160536565,3376.667713567839,2644.4539160536565
58,Secondary school or above,rural,2018-2019,712,8763,1000,2416.406938263152,1000,2456.849709003766,1300,2570.9335463501843,1300,2570.9335463501843
59,Secondary school or above,rural,2018-2019,4274,1798,1188.861254094525,3786.3503893214684,1188.861254094525,3899.921023359288,1188.861254094525,6060.6551724137935,1188.861254094525,6060.6551724137935
60,Secondary school or above,rural,2018-2019,2174,3844,2591.0354185832566,5930.163891779396,2591.0354185832566,6023.816337148803,2591.0354185832566,6095.616545265349,2591.0354185832566,6126.834027055151
61,Secondary school or above,rural,2018-2019,1192,2053,3770,1160.2756941061862,3770,1240.4510472479299,7570,1240.4510472479299,7570,1240.4510472479299
62,Secondary school or above,rural,2018-2019,809,2848,1974.2274412855377,9510.871020599252,1999.2954264524103,9510.871020599252,1999.2954264524103,10005.917368913859,1999.2954264524103,10005.917368913859
17,At most primary school,indigenous,2018-2019,47808,51543,372.1221971218206,426.35566420270453,421.27635542168673,487.37073899462587,437.36016984605084,495.3577595405778,448.81153084560464,495.3577595405778
18,At most primary school,indigenous,2018-2019,59219,43544,384.1897701751127,375.1965827668565,512.3583478275553,375.1965827668565,533.8080514699674,398.8163696490906,533.8080514699674,398.8163696490906
19,At most primary school,indigenous,2018-2019,55820,49331,387.5682909351487,672.7031683930996,485.4645646721605,719.9756745251465,504.6085542816195,754.1360740035001,504.6085542816195,754.1360740035001
20,At most primary school,indigenous,2018-2019,61288,52741,637.152890179698,854.3818850609582,704.6142202932602,900.5220795965188,744.5770460775356,900.5220795965188,744.5770460775356,900.5220795965188
21,At most primary school,indigenous,2018-2019,62159,51567,695.8731318071398,724.6207070413249,804.752940040863,833.3196811914596,864.9640920864235,888.8464715806621,876.3606718254798,888.8464715806621
22,At most primary school,indigenous,2018-2019,50461,33677,993.6330367346399,833.4753689461651,1074.100526479195,875.2546248181252,1171.5815844579643,898.9503221783414,1171.5815844579643,898.9503221783414
23,At most primary school,indigenous,2018-2019,36606,40375,664.2758655229561,1122.327281733746,765.7264473947804,1227.446786377709,804.2490028957001,1227.446786377709,804.2490028957001,1227.446786377709
24,At most primary school,indigenous,2018-2019,27189,40508,1232.2475020535264,1124.0393584806293,1372.4543504113183,1169.1232925183501,1439.5606250076623,1174.9739886771338,1439.5606250076623,1174.9739886771338
25,At most primary school,indigenous,2018-2019,36126,42421,954.1665836239828,958.855354659249,1011.5864474339811,1043.705405341694,1052.1065253095646,1071.606091322694,1052.1065253095646,1071.606091322694
26,At most primary school,indigenous,2018-2019,44779,29296,927.2232966345832,1162.5008192244675,1068.0701221554748,1203.0210267613327,1085.9343553898034,1258.8362404423813,1092.5668170347708,1442.6736243855817
27,At most primary school,indigenous,2018-2019,29365,33623,964.2070832623872,1231.2467953484222,1045.802520006811,1306.6193082116408,1209.5706112719224,1322.3343941151395,1209.5706112719224,1346.7150264204067
28,At most primary school,indigenous,2018-2019,29472,23642,1004.997523072747,1420.4928517045935,1017.3176235070575,1426.9593097030709,1090.6738599348535,1447.3407636127795,1115.8163680781759,1447.3407636127795
29,At most primary school,indigenous,2018-2019,38246,34497,1216.2049800414857,826.2387453981505,1319.3263522111242,919.0128996724352,1352.602076034095,921.81314317187,1402.0869894890968,921.81314317187
30,At most primary school,indigenous,2018-2019,28362,27762,889.7221987165926,1213.780707441827,959.113461674071,1260.3468770261509,1001.2914639306114,1272.8549816295656,1147.2261652915874,1272.8549816295656
31,At most primary school,indigenous,2018-2019,34352,25889,978.8422217047042,1622.6136196840357,1026.7701443875173,1661.2709645022983,1084.380746875485,1661.2709645022983,1092.1512794014905,1661.2709645022983
32,At most primary school,indigenous,2018-2019,29953,65791,925.9509453699685,1297.1139466897703,964.6782848685162,1331.7177678811186,964.6782848685162,1365.0371682043644,1102.8391813841686,1365.0371682043644
33,At most primary school,indigenous,2018-2019,36134,24319,1113.187441191122,1780.9130446701483,1157.3289699452039,1834.8338473347317,1280.742929097249,1900.8525295722138,1280.742929097249,1948.3051386433106
34,At most primary school,indigenous,2018-2019,30490,41336,1148.96329944244,1378.4267224695182,1197.3098064939325,1404.8734033288176,1319.3895320870229,1540.5804665828011,1319.3895320870229,1540.5804665828011
35,At most primary school,indigenous,2018-2019,34899,33403,1462.9085742666934,1118.5783013501782,1548.6462744873302,1178.6205131275635,1703.7639593302579,1210.0488279495855,1795.2852063573932,1210.0488279495855
36,At most primary school,indigenous,2018-2019,34207,32575,1088.7646972841817,1312.094029163469,1205.1730347589676,1332.3056024558712,1267.8579627951394,1367.4936300844206,1284.7940674910594,1409.0029675108724
37,At most primary school,indigenous,2018-2019,30861,48521,1266.0693107805969,1392.0634364501968,1374.4495965782055,1415.930112734692,1502.8283081127204,1445.9272617354684,1502.8283081127204,1542.8172681244548
38,At most primary school,indigenous,2018-2019,51340,41209,1089.7653681340087,1663.2259943216288,1112.7186209583172,1672.8986386468976,1207.0207586677056,1738.0112354097407,1239.3639608492404,1814.0739886917906
39,At most primary school,indigenous,2018-2019,31282,33804,1350.3863989940967,1740.3617520609,1350.3863989940967,1748.6319271881039,1453.3345800566885,1752.808454620755,1453.3345800566885,1752.808454620755
40,At most primary school,indigenous,2018-2019,45255,41112,1366.49800022097,1386.161137056496,1382.4982211910285,1396.3759161964065,1416.69886752845,1410.0641337484594,1503.7790133686885,1410.0641337484594
41,At most primary school,indigenous,2018-2019,39579,38805,1312.9099859353025,1456.1821414766139,1351.2800811878355,1481.798170338874,1421.1704165508647,1518.211003736632,1438.5565303991175,1710.8665893570417
42,At most primary school,indigenous,2018-2019,44017,71930,1680.579435218211,2295.4140924046524,1763.4819501556217,2315.6148431345287,1853.7254829573421,2375.7676537374296,1897.856159741312,2471.906260716437
43,At most primary school,indigenous,2018-2019,57285,24490,1700.0514852637398,1671.0409146590446,1800.3677984347269,1691.9065741118825,1842.9851939134735,1787.4649652919559,1913.1423031043612,1787.4649652919559
44,At most primary school,indigenous,2018-2019,31961,41512,1365.7161749215188,1707.6253934605254,1555.716800684167,1743.4379295946553,1676.709651345911,1831.6377473180446,1799.1595225430992,1831.6377473180446
45,At most primary school,indigenous,2018-2019,43465,32983,1950.5866060815215,1339.2193655317387,1975.4571916101077,1350.437265662109,2042.083317995322,1439.3755065740938,2042.083317995322,1439.3755065740938
46,At most primary school,indigenous,2018-2019,28228,23335,1241.065502338104,1799.7004071137776,1246.0605427235369,1884.3046496678808,1585.5694818383638,1961.3010963502607,1661.2170657975532,1961.3010963502607
47,At most primary school,indigenous,2018-2019,21098,41179,1003.506683097924,1645.920809150295,1059.722912124372,1652.8903810194518,1152.006303915063,1689.1851752916132,1152.006303915063,1711.0202530415988
48,At most primary school,indigenous,2018-2019,38718,12974,1284.1363878988238,1524.1700323724372,1354.7009831775056,1539.269462000925,1373.0691624911753,1579.2340064744874,1425.1121399176952,1579.2340064744874
49,At most primary school,indigenous,2018-2019,25630,22035,1413.9219014176097,2323.551622418879,1448.5321238132399,2352.569094622192,1476.6085966965795,2415.6868618107555,1476.6085966965795,2464.5364193328796
50,At most primary school,indigenous,2018-2019,23671,31583,1994.278695450129,2581.5388975081532,2014.8904144311605,2633.9104264952666,2032.1739751876416,2694.204730392933,2032.1739751876416,2880.9317670898904
51,At most primary school,indigenous,2018-2019,25280,29532,1169.940466772152,1333.1540024380333,1239.7763053797469,1400.7349315996207,1242.1598595727849,1475.9797084518489,1543.1751549314347,1475.9797084518489
52,At most primary school,indigenous,2018-2019,24350,47356,1783.7373853524984,1471.450305487513,1825.1850239561945,1477.2953937551033,1832.151440793977,1499.302460793423,1933.554589322382,1500.6746909930457
53,At most primary school,indigenous,2018-2019,37765,10135,1633.8617679509246,1569.2679329057721,1672.2071936096033,1676.044449925999,1681.2916170175206,1754.0099490215425,1801.1018469482324,1779.9842953461603
54,At most primary school,indigenous,2018-2019,20227,23551,1222.168553583494,1481.4552672922594,1287.467411545624,1528.2507324529745,1312.487599083733,1552.5290504295642,1566.5638338194822,1552.5290504295642
55,At most primary school,indigenous,2018-2019,21892,25163,1973.7558468847067,1532.066989892567,1973.7558468847067,1598.5137569712144,2054.5895608745964,1607.9561922929167,2079.0733905840793,1607.9561922929167
56,At most primary school,indigenous,2018-2019,24808,23818,1047.734682360529,1736.7985137291125,1117.3241696227024,1736.7985137291125,1200.1549097065463,1845.3998516528118,1396.326843491347,1985.8608475382764
57,At most primary school,indigenous,2018-2019,21175,28360,1015.2812593467139,1039.3253878702399,1070.700385674931,1073.6617771509168,1183.4511924439198,1117.9965209214859,1288.2304132231404,1267.9965209214859
58,At most primary school,indigenous,2018-2019,29884,16818,1656.247601838219,2752.584274784953,1677.0329719359302,2759.600566852975,1756.657520189176,2784.483133150989,1875.9409717574622,2853.516311888057
59,At most primary school,indigenous,2018-2019,15660,22477,1596.8600893997445,1620.792039269772,1647.9379948914432,1673.8707419436164,1691.5565559812685,1695.2259049991842,1691.5565559812685,1695.2259049991842
60,At most primary school,indigenous,2018-2019,23934,15726,1144.0552770117824,2057.8066895586926,1149.2821509150162,2143.804400356098,1185.1064315757221,2147.6621306541183,1372.1485752486003,2147.6621306541183
61,At most primary school,indigenous,2018-2019,21237,13546,1149.19522531431,1678.3301343570058,1185.7634788341102,1705.10556621881,1199.8963601261948,1766.4429351838182,1476.9788105664643,2015.8646586938335
62,At most primary school,indigenous,2018-2019,22576,28250,1306.6841778880228,1874.286017699115,1306.6841778880228,1882.1605663716814,1487.393485707536,1903.5255221238938,1592.442357665958,1903.5255221238938
17,Secondary school or above,indigenous,2018-2019,3248,30035,482.14285714285717,372.98471782919927,482.14285714285717,409.5254203429332,482.14285714285717,409.5254203429332,482.14285714285717,409.5254203429332
18,Secondary school or above,indigenous,2018-2019,15767,22181,211.94520200418594,237.44195482620262,215.05612989154562,237.44195482620262,215.05612989154562,237.44195482620262,215.05612989154562,237.44195482620262
19,Secondary school or above,indigenous,2018-2019,24928,41910,397.65725288831834,858.49343832021,495.80592105263156,895.823192555476,495.80592105263156,898.7145072774994,514.6201059050064,898.7145072774994
20,Secondary school or above,indigenous,2018-2019,27128,48396,546.0428339722796,747.6174339477092,565.4957976997936,793.4856875223848,569.9254153150497,798.1830454307518,569.9254153150497,798.1830454307518
21,Secondary school or above,indigenous,2018-2019,30615,57613,716.7994447166421,1116.7574621468534,738.9699493712233,1202.1236121477214,772.3958299308617,1219.3797001834077,772.7028689640155,1219.3797001834077
22,Secondary school or above,indigenous,2018-2019,30053,55565,1222.0966292882574,1069.1834188188006,1330.5646690846172,1098.6588080026395,1336.2625195487972,1139.4113800653888,1336.2625195487972,1139.4113800653888
23,Secondary school or above,indigenous,2018-2019,51255,31370,1028.758379670276,1186.8895441504621,1124.8539800995025,1274.21182658591,1135.9672048255454,1321.5978642014663,1135.9672048255454,1321.5978642014663
24,Secondary school or above,indigenous,2018-2019,21397,45982,1527.5457229206586,1232.9119945485916,1616.523617017962,1302.196497180056,1616.523617017962,1311.6697693300277,1616.523617017962,1311.6697693300277
25,Secondary school or above,indigenous,2018-2019,43761,38268,1205.6159898844483,1606.7904689732065,1298.7266363504796,1620.2743197101147,1300.9135531637762,1620.2743197101147,1300.9135531637762,1623.1540103132295
26,Secondary school or above,indigenous,2018-2019,35715,34610,2047.0097251388304,1833.2645092940384,2171.9320266927994,1872.6375228739287,2173.2696999393343,1895.280140614466,2173.2696999393343,1908.1954830010595
27,Secondary school or above,indigenous,2018-2019,27898,44044,2577.2030253064736,2277.2555323464417,2726.7761129830096,2311.623437168892,2726.7761129830096,2362.922706081797,2751.5520825865656,2362.922706081797
28,Secondary school or above,indigenous,2018-2019,20031,25479,1902.1441765263842,2576.3542198150108,1975.162498127902,2595.1226173188375,1995.0938961276688,2663.6135314049475,1995.0938961276688,2663.6135314049475
29,Secondary school or above,indigenous,2018-2019,20993,25372,2910.1301544959433,1785.3775158967892,2955.8449165594884,1902.561813547743,2975.812762984487,1986.058056124862,2975.812762984487,1993.4835645593569
30,Secondary school or above,indigenous,2018-2019,13729,28870,1494.780634666278,2540.4746795981987,1542.854055891422,2557.100935226879,1572.0156845606623,2570.0426047800484,1572.0156845606623,2577.4427317861678
31,Secondary school or above,indigenous,2018-2019,20970,24760,2047.5276108726753,2745.0045907377494,2164.4405817835004,2850.5094372644053,2227.9532188841204,2911.62922724825,2227.9532188841204,2911.62922724825
32,Secondary school or above,indigenous,2018-2019,11608,28404,2714.1463932919823,2590.796660094822,2736.322478750287,2600.061200300427,2738.237106593154,2600.061200300427,2738.237106593154,2600.061200300427
33,Secondary school or above,indigenous,2018-2019,20898,21077,2510.83846939101,2790.678124654046,2614.724008677066,2845.2589473517733,2620.3558075732926,2860.631154022552,2620.3558075732926,2860.631154022552
34,Secondary school or above,indigenous,2018-2019,15502,17938,2760.737302713628,3434.779564797265,2791.8300649378575,3434.779564797265,2795.773642110695,3453.296679302784,2795.773642110695,3453.296679302784
35,Secondary school or above,indigenous,2018-2019,20040,17036,3031.6329174983366,3150.5216208812712,3077.2549234863604,3246.858789230649,3129.396993512974,3246.858789230649,3129.396993512974,3246.858789230649
36,Secondary school or above,indigenous,2018-2019,8747,14387,3083.8829312907283,2533.398484743171,3145.5269235166343,2547.682213109057,3283.3501772036125,2572.7488241699684,3283.3501772036125,2572.7488241699684
37,Secondary school or above,indigenous,2018-2019,10331,16198,3275.8413190075175,3221.67546404906,3339.8961055722257,3225.4351874717045,3499.691865905204,3225.4351874717045,3499.691865905204,3225.4351874717045
38,Secondary school or above,indigenous,2018-2019,13954,11339,2002.4548277674262,6280.07405120969,2124.349624958196,6280.07405120969,2143.627251445225,6317.431842902079,2143.627251445225,6317.431842902079
39,Secondary school or above,indigenous,2018-2019,8659,9648,2849.6135427493555,3898.328841901603,2969.6274011625674,3942.932386677722,2994.6302883319863,4003.8085613598673,2994.6302883319863,4003.8085613598673
40,Secondary school or above,indigenous,2018-2019,13407,20278,3944.89660873673,3924.911184534964,3944.89660873673,3924.911184534964,3996.7480793615277,4121.01040536542,3996.7480793615277,4166.51127658875
41,Secondary school or above,indigenous,2018-2019,12489,10446,2118.4456988816823,2918.560373986853,2186.1652921237355,3104.8326313102302,2309.7513812154693,3233.1353309081624,2408.3821763151573,3233.1353309081624
42,Secondary school or above,indigenous,2018-2019,11858,5594,4506.752930511047,4296.961685138839,4549.7956021251475,4328.709986890716,4577.6113172541745,4328.709986890716,4577.6113172541745,4328.709986890716
43,Secondary school or above,indigenous,2018-2019,11636,5909,1813.6129254039188,2872.218931573306,1907.2842901340666,2913.1964235347205,1915.5345479546236,2913.1964235347205,1915.5345479546236,2913.1964235347205
44,Secondary school or above,indigenous,2018-2019,4665,7702,3029.439085387638,4576.463645806284,3059.9642729546263,4576.463645806284,3059.9642729546263,4576.463645806284,3059.9642729546263,4576.463645806284
45,Secondary school or above,indigenous,2018-2019,7854,2927,3396.012138188609,4787.620999886118,3444.980816569052,4787.620999886118,3444.980816569052,4787.620999886118,3444.980816569052,4787.620999886118
46,Secondary school or above,indigenous,2018-2019,2491,6170,3766.677371872073,3201.196650459211,3865.1518801016996,3201.196650459211,3865.1518801016996,3201.196650459211,3865.1518801016996,3201.196650459211
47,Secondary school or above,indigenous,2018-2019,2585,9180,2367.32417794971,5379.693355119825,2524.415087040619,5410.438453159041,2565.5423597678914,5496.190087145969,2565.5423597678914,5496.190087145969
48,Secondary school or above,indigenous,2018-2019,7572,2250,4593.846627927452,7537.55,4593.846627927452,7537.55,4619.94277161472,7557.435185185185,4619.94277161472,7557.435185185185
49,Secondary school or above,indigenous,2018-2019,6942,3880,4819.188562373955,1453.206701030928,4927.932440218957,1453.206701030928,5140.003889369058,1453.206701030928,5191.766109670604,1453.206701030928
50,Secondary school or above,indigenous,2018-2019,6425,4924,5507.356835278858,1599.7516923910102,5625.352166018158,1599.7516923910102,5986.90858625162,2045.899810452207,6414.239325551232,2045.899810452207
51,Secondary school or above,indigenous,2018-2019,1272,1984,3277.376965408805,249.7983870967742,3277.376965408805,249.7983870967742,3595.1442610062895,249.7983870967742,3595.1442610062895,249.7983870967742
52,Secondary school or above,indigenous,2018-2019,2200,9606,2225.61,3130.3532861406065,2225.61,3243.0320285932403,2225.61,3243.0320285932403,2225.61,3243.0320285932403
53,Secondary school or above,indigenous,2018-2019,2387,3043,4434.419634129312,3546.4596341329834,4434.419634129312,3546.4596341329834,4434.419634129312,3546.4596341329834,4434.419634129312,3546.4596341329834
54,Secondary school or above,indigenous,2018-2019,2006,5548,610.2991026919242,2231.847332372026,610.2991026919242,2246.4652126892574,610.2991026919242,3365.6072458543617,610.2991026919242,3365.6072458543617
55,Secondary school or above,indigenous,2018-2019,3438,6545,4648.083963544696,3817.869875222817,4648.083963544696,3817.869875222817,4867.979251502811,3817.869875222817,4867.979251502811,3817.869875222817
56,Secondary school or above,indigenous,2018-2019,4387,4921,2519.2334169136084,4023.7180789812373,2519.2334169136084,4023.7180789812373,2519.2334169136084,4023.7180789812373,2519.2334169136084,4124.144821513243
58,Secondary school or above,indigenous,2018-2019,2714,557,3750.5197740112994,1800,3750.5197740112994,1800,4687.730533038565,1800,4687.730533038565,1800
59,Secondary school or above,indigenous,2018-2019,1618,2652,1980.5933250927071,4885.1274509803925,1980.5933250927071,4962.125942684766,1980.5933250927071,4962.125942684766,1980.5933250927071,4962.125942684766
60,Secondary school or above,indigenous,2018-2019,2386,2198,3514.7604777870915,3742.8571428571427,3660.3598072087175,3742.8571428571427,3925.1079212070413,3742.8571428571427,3925.1079212070413,3742.8571428571427
61,Secondary school or above,indigenous,2018-2019,1239,2261,2100,3741.264927023441,2700,3741.264927023441,2700,3741.264927023441,2700,3741.264927023441
62,Secondary school or above,indigenous,2018-2019,952,2727,4000,6579.480748074808,4000,6579.480748074808,4000,7096.4928492849285,4000,7316.514851485149
17,At most primary school,non-indigenous,2018-2019,19025,13714,193.03915900131406,767.8853726119294,227.43390275952694,830.490010208546,272.2202365308804,877.7896067279179,272.2202365308804,877.7896067279179
18,At most primary school,non-indigenous,2018-2019,23191,19879,518.074856625415,666.3593742139947,541.0363503083092,724.9971326525479,541.0363503083092,724.9971326525479,541.0363503083092,724.9971326525479
19,At most primary school,non-indigenous,2018-2019,31039,29361,589.468303317332,1092.7832839480943,669.6860938389339,1199.531180818092,700.4611402858769,1204.3743401110316,737.3212195410076,1204.3743401110316
20,At most primary school,non-indigenous,2018-2019,41758,32132,965.1865031850184,1164.6918959292916,1035.6467742707985,1206.8305738827337,1051.5519102128135,1206.8305738827337,1051.5519102128135,1206.8305738827337
21,At most primary school,non-indigenous,2018-2019,38308,31216,898.1800929309804,1367.9822313343586,946.7459277435522,1462.0365624466087,1000.9728951306951,1484.7799739449856,1000.9728951306951,1484.7799739449856
22,At most primary school,non-indigenous,2018-2019,42952,36761,1140.473163841808,1305.9778932383051,1214.279738622959,1465.9438898107596,1230.278741385733,1465.9438898107596,1241.275901005774,1465.9438898107596
23,At most primary school,non-indigenous,2018-2019,45494,17085,1146.8271860025498,1263.3847917276364,1170.1120147711786,1292.2873378207005,1217.745402324116,1292.2873378207005,1217.745402324116,1292.2873378207005
24,At most primary school,non-indigenous,2018-2019,18382,30992,1538.1412976462482,1419.5266843056272,1626.810648097777,1463.6874354672173,1680.950567584231,1501.8906276888658,1680.950567584231,1501.8906276888658
25,At most primary school,non-indigenous,2018-2019,45608,57311,1165.4418961585686,1560.9600367585049,1271.0310471847044,1650.6250923324785,1320.596035783196,1764.1826990746397,1321.7361866339238,1764.1826990746397
26,At most primary school,non-indigenous,2018-2019,33262,40546,1604.1911991662157,1355.3684786004374,1739.5587657587237,1511.6475196895708,1784.923032790171,1530.9737170949868,1831.1018554707073,1544.456345878755
27,At most primary school,non-indigenous,2018-2019,33045,24424,1787.4979674181673,1612.3399798012883,1833.5851212992386,1612.3399798012883,1862.7244767236598,1659.9516186264875,1862.7244767236598,1659.9516186264875
28,At most primary school,non-indigenous,2018-2019,36378,30193,1841.398610882035,1325.8023382903323,1919.3773342862903,1405.0167257311298,1969.9433357157257,1462.509080471191,1969.9433357157257,1462.509080471191
29,At most primary school,non-indigenous,2018-2019,35239,32751,1253.493612663999,1770.4100434592328,1382.1076482495719,1797.8901204034482,1542.2294120150968,1859.3529001658983,1553.3193975424954,1885.4589732629029
30,At most primary school,non-indigenous,2018-2019,33925,38004,1364.3718693195774,1654.6126021822265,1418.3190469172193,1745.3043714696698,1479.9518152788012,1762.9488299477248,1516.9952935396707,1762.9488299477248
31,At most primary school,non-indigenous,2018-2019,31997,38831,1689.6422893812962,1648.8366768818728,1804.4708045545938,1729.5420411526873,1915.9946192872249,1764.181375704978,1915.9946192872249,1764.181375704978
32,At most primary school,non-indigenous,2018-2019,26727,43132,1727.2659857073372,1693.944248663019,1737.267856474726,1760.3659309406783,1799.8949127598808,1910.7893984358095,1813.7099063369128,1910.7893984358095
33,At most primary school,non-indigenous,2018-2019,63093,25713,1594.1316178762568,1944.1556281517778,1683.0324468113208,1993.3330870247214,1882.6050486319136,2055.1500667625974,1890.6402770513369,2085.531585838551
34,At most primary school,non-indigenous,2018-2019,30637,32157,2503.93563338447,1808.4790714307926,2623.3849920031334,1884.5191249183692,2658.110933402966,1977.6533310528553,2658.110933402966,1977.6533310528553
35,At most primary school,non-indigenous,2018-2019,58262,24133,1655.0387216367444,1700.846986836835,1727.193213415262,1748.5575905744556,1821.7961850491458,1766.6241384549512,1839.6097399105192,1785.0014641086204
36,At most primary school,non-indigenous,2018-2019,51092,36443,1724.411245074245,1931.925692176824,1783.5328296667449,1953.550695606838,1831.2665257444087,1978.5115934473013,1831.2665257444087,1985.5097366663922
37,At most primary school,non-indigenous,2018-2019,38294,52223,1744.6492313852475,2303.662664598612,1789.8689002628785,2411.41384702781,1862.2752389408263,2454.9004333978,1922.7155167911424,2456.948062475665
38,At most primary school,non-indigenous,2018-2019,49059,28881,2017.7074271115732,2223.822270696998,2081.557077532495,2258.607077317268,2192.7256025058264,2301.299216324458,2244.1154256439527,2339.8712879286268
39,At most primary school,non-indigenous,2018-2019,48023,42490,1594.6866501468046,2080.620789205303,1699.1978218770173,2211.7268141523496,1793.7349447139911,2346.804597160116,1797.0146232013826,2346.804597160116
40,At most primary school,non-indigenous,2018-2019,38442,49184,1568.4380625357683,2416.3254649208416,1678.7887206701005,2475.7504811862937,1776.0112030244698,2584.8560338050315,1783.7943568666217,2590.662800233138
41,At most primary school,non-indigenous,2018-2019,61628,39841,1799.702268719846,2193.2367745120187,1838.917235942537,2353.6047371635586,1984.9047416217736,2412.9468721501303,2011.1893308777396,2412.9468721501303
42,At most primary school,non-indigenous,2018-2019,37152,62602,1382.1486864771748,2081.4635128803125,1448.3671942291128,2127.6537304452463,1549.9458440999138,2207.530571440742,1574.3496447028424,2207.530571440742
43,At most primary school,non-indigenous,2018-2019,61196,34633,1622.0579721986187,2450.6383314565105,1676.7964354968735,2564.6908247432602,1838.3214126195612,2651.0831865561745,1865.2725205351112,2721.33410331187
44,At most primary school,non-indigenous,2018-2019,29490,45412,1699.5420481519159,1941.9217534278753,1751.2466937945067,2033.1005167503452,1871.5244235334012,2125.2205511024986,1871.5244235334012,2174.884369770105
45,At most primary school,non-indigenous,2018-2019,56146,39061,1960.6463446490698,2267.359429268751,1991.91304218763,2368.3734842084605,2142.708662831428,2405.8354027461323,2197.4231571854334,2416.933428910337
46,At most primary school,non-indigenous,2018-2019,46204,29470,1901.955007502958,2291.4136070580253,1975.68715190604,2335.5814048184598,2067.079044382882,2427.793858160842,2114.483020950567,2499.731421784866
47,At most primary school,non-indigenous,2018-2019,39252,53768,2009.582721899521,2301.755839904776,2044.504764088454,2334.7576253533703,2061.7984051768062,2413.6964613400783,2109.5437429939875,2477.476032832416
48,At most primary school,non-indigenous,2018-2019,54480,45560,1864.570392804699,2034.5458040678957,1916.1841960352422,2116.381185981855,2068.8645680372,2198.6415386303775,2068.8645680372,2198.6415386303775
49,At most primary school,non-indigenous,2018-2019,49542,37625,2921.013106724261,2458.601550387597,2968.0116130421325,2523.170852713178,3038.666915613688,2587.168992248062,3326.335964097803,2631.168992248062
50,At most primary school,non-indigenous,2018-2019,45006,44114,1693.9622383682176,1998.0278596363967,1744.2102053059593,2061.3458539239246,1764.5406427291177,2159.315697208747,1846.9029944155595,2159.315697208747
51,At most primary school,non-indigenous,2018-2019,42153,37822,1842.001320586119,6356.0570126734,1947.4362836966923,6427.914397264379,2082.6319993041225,6728.403310242716,2108.632521212409,6728.403310242716
52,At most primary school,non-indigenous,2018-2019,37882,59392,1784.2380814106964,2448.821530396911,1843.662610210654,2497.276541172773,1976.9211498864897,2572.4651187589798,1976.9211498864897,2572.4651187589798
53,At most primary school,non-indigenous,2018-2019,64512,23967,1650.4281632357804,1852.6555680727668,1729.597232556217,1868.1977719364127,1822.4662336722884,1902.1832519714608,1913.4818586722884,1902.1832519714608
54,At most primary school,non-indigenous,2018-2019,28803,36209,2071.99943292944,2062.120706638313,2130.493166221111,2088.247636407155,2384.5583677626173,2101.040036086793,2384.5583677626173,2132.7282903882096
55,At most primary school,non-indigenous,2018-2019,30373,41909,2207.5742380842635,1599.2169462406644,2263.418902753542,1653.042138920041,2306.134472502991,1757.502358284219,2396.482808195876,1757.502358284219
56,At most primary school,non-indigenous,2018-2019,39000,36005,1791.8554145299147,4529.173341665509,1841.1128504273506,4552.533708281257,1944.054730769231,4797.036786557422,1999.1478931623933,4804.507971115122
57,At most primary school,non-indigenous,2018-2019,29814,35662,2065.242984280316,2208.7641093227153,2096.973043983811,2246.0220309199335,2219.3044850294045,2358.0383695062906,2396.5366578341273,2359.905903576169
58,At most primary school,non-indigenous,2018-2019,44310,32507,1498.9565711276612,2255.489643256324,1555.1705183179117,2327.2286533156957,1672.6156210035356,2364.5554854851775,1689.1017415180922,2545.93949508311
59,At most primary school,non-indigenous,2018-2019,23648,31190,1526.7191446774923,2026.8914502511489,1650.1221808750565,2098.258875708026,1763.7596977898063,2300.2835631078337,1845.0006765899866,2384.300876349257
60,At most primary school,non-indigenous,2018-2019,36626,47115,1955.8980050601574,1834.7194453288055,2005.0532499681462,1997.6091832042166,2094.1421485647716,2041.323852983834,2188.8398132474194,2128.657327814921
61,At most primary school,non-indigenous,2018-2019,29804,27856,1379.0065539301213,1886.5309209266707,1379.0065539301213,1901.7718026038676,1623.1569476132959,2036.8282835535135,2003.9892184494252,2296.103664081945
62,At most primary school,non-indigenous,2018-2019,24375,38686,1999.2291692307692,1926.4445191197506,2075.2784,1955.2197866583952,2146.441476923077,2115.098015647349,2240.1713914529914,2131.435476227404
17,Secondary school or above,non-indigenous,2018-2019,8183,25320,198.91237932298668,436.83925750394945,198.91237932298668,466.99506319115324,198.91237932298668,477.88270142180096,198.91237932298668,477.88270142180096
18,Secondary school or above,non-indigenous,2018-2019,17463,37067,368.0180954017065,680.1283261841171,430.87556548130334,717.5929173298802,457.1390940846361,723.8734363899606,457.1390940846361,723.8734363899606
19,Secondary school or above,non-indigenous,2018-2019,22221,57612,921.3912890208961,911.6183636510912,985.8775857672172,948.4735327130921,1032.8597197845882,964.403663010021,1034.9748361159864,977.1961368002036
20,Secondary school or above,non-indigenous,2018-2019,32592,63719,795.6944955817379,1527.8150826284154,837.5329835542465,1606.000129474725,870.7379622811325,1610.1499644271464,876.0030580101457,1610.1499644271464
21,Secondary school or above,non-indigenous,2018-2019,64608,87607,1343.863386371141,1833.9089646565533,1474.1077833498432,1909.1441855863877,1487.4389497688626,1954.6977182188637,1525.1987215205547,1968.4294976428823
22,Secondary school or above,non-indigenous,2018-2019,70332,116874,1757.7634741890843,2086.142235798096,1828.833257502512,2135.610654779221,1895.257502511896,2158.5693966721997,1913.8028777796737,2191.274132826805
23,Secondary school or above,non-indigenous,2018-2019,87170,92993,1656.4345063286298,2432.1696561389927,1754.1755869756414,2461.070971291746,1779.205727314443,2484.8751823613966,1779.205727314443,2521.5123485997156
24,Secondary school or above,non-indigenous,2018-2019,83058,95931,2040.2723889731674,2158.157453447443,2114.282056916051,2219.196408529742,2193.1084212237233,2234.1193566209045,2193.1084212237233,2254.5937948456008
25,Secondary school or above,non-indigenous,2018-2019,97564,92577,2678.974865216678,2700.8720839589387,2766.364701631749,2746.122210880312,2856.3522995162148,2755.697123295563,2862.5728316797176,2788.901554921849
26,Secondary school or above,non-indigenous,2018-2019,95718,104641,3150.3681622056456,2990.8803560108686,3196.9810249900747,3039.4229062540812,3255.508330895617,3123.491993259493,3305.147897121405,3157.415917279078
27,Secondary school or above,non-indigenous,2018-2019,93990,113403,3536.2010869950705,2861.4408253455967,3578.9321754087314,2908.523600933544,3688.5718533886584,2959.2889760411986,3697.3624694116397,2985.796211299525
28,Secondary school or above,non-indigenous,2018-2019,98448,97634,2723.952159177095,3494.1494168698064,2766.0581440625165,3585.0217564236505,2842.4288338344436,3633.548908850059,2855.0575853919495,3636.848715611365
29,Secondary school or above,non-indigenous,2018-2019,84819,85152,3292.237337742723,3345.8313603908305,3336.388648180243,3412.778995208568,3364.8103363240157,3479.8404461042214,3409.562412313279,3485.1172843855693
30,Secondary school or above,non-indigenous,2018-2019,72537,85037,3229.704265868913,3168.430867347939,3351.797818125003,3216.0188584576913,3414.1037217787703,3259.3829235117264,3517.6860314965697,3262.470011093211
31,Secondary school or above,non-indigenous,2018-2019,84829,73639,3596.5453883695436,4188.06709080786,3678.1916414197976,4219.017266665762,3758.1048786382016,4261.149877555824,3761.061414728454,4279.043113477007
32,Secondary school or above,non-indigenous,2018-2019,54334,103228,3524.3732546226424,3938.945393530179,3546.0408108489464,3984.093221638832,3595.3787637574997,4123.070372541041,3645.7615811462433,4166.335442741633
33,Secondary school or above,non-indigenous,2018-2019,100487,62906,3607.3366505120066,4028.162648766943,3665.8671868002825,4067.030165379031,3712.1643363486487,4148.412836878305,3789.574548614912,4165.549517004208
34,Secondary school or above,non-indigenous,2018-2019,54454,64150,3706.3185349101996,4070.9640478046244,3745.530346714658,4104.710828786698,3816.26864570708,4142.11379059496,3842.4203823410585,4159.50671343206
35,Secondary school or above,non-indigenous,2018-2019,67501,72661,3632.8926361584768,4359.866790070785,3661.4042137647343,4397.664921117702,3693.2865809395416,4448.718214264415,3705.2824526056406,4454.257637063441
36,Secondary school or above,non-indigenous,2018-2019,57020,69139,3757.1251578393544,3745.7375624948777,3811.379629954402,3789.450488629187,3871.743712732374,3870.9105425302655,3875.805445457734,3924.19450671835
37,Secondary school or above,non-indigenous,2018-2019,50125,64207,4354.434533665835,4041.1770393674624,4413.364608478802,4104.565454960778,4513.688964256026,4134.562963020647,4513.688964256026,4134.562963020647
38,Secondary school or above,non-indigenous,2018-2019,55519,67380,4241.650209838073,4105.569140199862,4295.316702390172,4124.472375581281,4381.377030085796,4146.682526961512,4393.054714001813,4146.682526961512
39,Secondary school or above,non-indigenous,2018-2019,53042,56859,3811.8320607568844,4993.741814547096,3825.2067449693955,5025.274905174789,3907.3358502067545,5171.67029552636,3937.2429678368085,5220.68628244136
40,Secondary school or above,non-indigenous,2018-2019,44800,67707,4482.633686755952,4943.632950310406,4511.152436755952,4978.792239601026,4620.128999255952,5095.630478877122,4688.365606398809,5124.735544330719
41,Secondary school or above,non-indigenous,2018-2019,50194,50678,5436.360215696432,5701.267861136325,5484.420143177804,5824.9266479866355,5525.140481598067,6033.329932778195,5563.610883106879,6095.639350408462
42,Secondary school or above,non-indigenous,2018-2019,52623,77503,5456.937440219423,4576.763822045598,5493.534935611171,4682.097318813466,5526.0761564968425,4970.08907397133,5537.63954132857,4983.900255473982
43,Secondary school or above,non-indigenous,2018-2019,62666,33091,4228.780088086043,5644.1322212484765,4274.957600612772,5732.970878285133,4542.39488717965,5951.441509776072,4599.84656219747,5964.377957752863
44,Secondary school or above,non-indigenous,2018-2019,28450,62103,4065.9629173989456,4338.069089523319,4147.316168717048,4364.947823239887,4175.9233743409495,4445.63582006237,4286.13848857645,4454.446988604953
45,Secondary school or above,non-indigenous,2018-2019,42899,35145,4653.082430048874,4424.744140939916,4734.663772271303,4471.624209228436,4840.706453918894,4502.385341679708,4939.380082674809,4562.271432636222
46,Secondary school or above,non-indigenous,2018-2019,35003,33203,4650.923206582293,5498.385135881295,4680.922063823101,5612.094138079892,5002.253092592063,5654.464117198245,5128.1470635850255,5660.644281641216
47,Secondary school or above,non-indigenous,2018-2019,31972,62918,5029.30194649485,5146.372811966899,5130.02288982026,5191.091175551246,5149.445353225739,5283.106168610996,5155.622633345844,5291.106703698994
48,Secondary school or above,non-indigenous,2018-2019,32027,41810,4229.8952862688775,4895.3358646256875,4276.9877395114545,4897.871143267161,4337.317044993287,4977.668639878817,4361.558278952134,5042.906621222993
49,Secondary school or above,non-indigenous,2018-2019,18036,28686,5226.415225105345,4984.887018057589,5257.947715679751,5001.500697204211,5525.062560065055,5056.111541053708,5773.407167147187,5079.607322968231
50,Secondary school or above,non-indigenous,2018-2019,28077,35904,4104.266445845354,4949.361468545751,4158.710652847526,5005.971874071598,4279.796713798957,5180.882747511883,4407.55252816659,5180.882747511883
51,Secondary school or above,non-indigenous,2018-2019,23349,26897,4896.273980327494,3556.8568117881796,4951.621104401331,3599.0558674449444,5066.251281282567,3668.8870753863503,5097.7301454737535,3725.0543059325078
52,Secondary school or above,non-indigenous,2018-2019,24112,33658,3892.042876299491,6581.236437102621,3924.5150893054633,6601.216828094361,4036.535383488166,6660.26668251233,4098.590238608715,6663.688355418227
53,Secondary school or above,non-indigenous,2018-2019,29647,17965,6127.618797854758,6503.080202245106,6286.407882753736,6590.506865200853,6499.326559179681,6604.0609982373135,6499.326559179681,6628.541933388997
54,Secondary school or above,non-indigenous,2018-2019,16771,28737,18863.60693558325,3993.027948869634,18873.004109275935,4023.062399229797,19889.321959533325,4124.593526348146,19897.147968715843,4182.845953532612
55,Secondary school or above,non-indigenous,2018-2019,20963,32072,5097.5267932388815,5121.904438970649,5158.498505302994,5157.58914837449,5285.751284008333,5719.004089756381,5285.751284008333,5730.571812380476
56,Secondary school or above,non-indigenous,2018-2019,19881,22536,5183.426387002666,6711.876700982133,5229.055379508073,6726.653058809609,5540.431022919706,6992.095018341026,5606.22248210184,7011.974322565377
57,Secondary school or above,non-indigenous,2018-2019,25439,22739,5945.840625286633,5251.10558951581,6096.6680949198735,5303.099960420423,6216.767155417535,5501.571748977527,6267.991653235846,5515.970799067681
58,Secondary school or above,non-indigenous,2018-2019,15396,25715,4885.811498657659,4272.218342083091,4921.892298865506,4308.36067146283,5006.74983762016,4505.847148227364,5006.74983762016,4505.847148227364
59,Secondary school or above,non-indigenous,2018-2019,19066,17275,4523.680705619077,5363.378707187651,4545.961204937235,5364.611702846118,4955.678327913563,5789.585171249398,5272.385205776425,5789.585171249398
60,Secondary school or above,non-indigenous,2018-2019,12115,16009,5319.12505158894,5690.362400316489,5320.88815517953,5712.849751181627,5423.738616040721,6469.75524184313,5423.738616040721,6477.251025464842
61,Secondary school or above,non-indigenous,2018-2019,13129,14935,8660.083720516921,5093.939694230554,8690.169789524462,5136.992924896774,9429.418780308222,5413.151835732619,9487.732437098533,5413.151835732619
62,Secondary school or above,non-indigenous,2018-2019,12714,16353,4889.995018614651,5292.12886524389,5022.390016255047,5328.025887197048,5113.478580042997,5376.261684910006,5132.446017513503,5376.261684910006
17,At most primary school,p99,2018-2019,66833,65257,321.14356680083193,498.129396080114,366.09623988149565,559.4785233768025,390.3506501279308,575.7272272195576,398.5422121806094,575.7272272195576
18,At most primary school,p99,2018-2019,82410,63423,421.8663754398738,466.45724737082764,520.4286251668487,484.8363842769973,535.842167212717,501.0528987906596,535.842167212717,501.0528987906596
19,At most primary school,p99,2018-2019,86859,78692,459.7171124082325,829.4404767956082,551.2959931229541,898.9040181975297,574.5963323700864,922.1257772920585,587.768254680958,922.1257772920585
20,At most primary school,p99,2018-2019,102533,84873,768.09987353665,971.8618995440246,829.6151905565363,1016.4871631732117,859.9801299744147,1016.4871631732117,859.9801299744147,1016.4871631732117
21,At most primary school,p99,2018-2019,100467,81589,773.0126409666856,944.789730641794,858.8947714174803,1049.4763918338665,916.8241578495094,1093.2728390673578,923.8752293456226,1093.2728390673578
22,At most primary school,p99,2018-2019,93413,68964,1061.1512316272895,1103.1553177503238,1138.5559825720188,1208.8265375171586,1198.5709787003236,1220.3977920847592,1203.6275554080623,1220.3977920847592
23,At most primary school,p99,2018-2019,82100,57460,931.6715996751927,1164.2689378118112,989.8082622817701,1246.7262994546932,1033.379395046691,1246.7262994546932,1033.379395046691,1246.7262994546932
24,At most primary school,p99,2018-2019,45058,71500,1219.1673990560314,1252.1196829836829,1339.9451521742346,1296.8034592074591,1402.5256595203218,1316.6774918414917,1402.5256595203218,1316.6774918414917
25,At most primary school,p99,2018-2019,81734,99732,1072.0593143612205,1304.8548476583912,1156.3578926762423,1392.4718412010857,1201.9250780988734,1469.595282022487,1202.5612882439784,1469.595282022487
26,At most primary school,p99,2018-2019,78041,69842,1215.7550475604703,1274.4680039708676,1354.266547925663,1382.1907209606445,1383.8516217970896,1416.822640149671,1407.3392116537034,1501.7624566879529
27,At most primary school,p99,2018-2019,62410,58047,1400.1251615659883,1391.5965108733728,1462.9195855365058,1435.2550978804534,1555.4041232708432,1464.3910566724667,1555.4041232708432,1478.5132335291519
28,At most primary school,p99,2018-2019,65850,53835,1467.056729941787,1367.3863100213616,1515.6491065553025,1414.652958112752,1576.415165780815,1455.847812761215,1587.668013161225,1455.847812761215
29,At most primary school,p99,2018-2019,73485,67248,1234.0863725023246,1286.0673526845903,1349.4324975618606,1347.0421028630344,1443.5359767299447,1378.4120692560869,1474.6089848268352,1391.1262020183995
30,At most primary school,p99,2018-2019,62287,65016,1148.243079080172,1396.6389401583199,1209.2226253739411,1469.535150321972,1261.996786381321,1485.189912226734,1348.6232092303906,1485.189912226734
31,At most primary school,p99,2018-2019,66349,64720,1321.6276407079733,1638.3470488257108,1401.818570488377,1702.2325556242274,1485.4289778293567,1723.0156211372064,1489.4521482363461,1723.0156211372064
32,At most primary school,p99,2018-2019,56680,108923,1303.804634203717,1454.2532522974946,1328.986709009645,1501.4565059721087,1358.5179957657024,1581.1474956314705,1438.0445777464126,1581.1474956314705
33,At most primary school,p99,2018-2019,99227,50032,1418.9934308874265,1864.8084825711544,1491.5949405571737,1916.291533418612,1663.4339981389473,1980.15083013538,1668.5431586161026,2018.8300754183988
34,At most primary school,p99,2018-2019,61127,73493,1828.0787049912478,1566.5969344019159,1912.0621329363457,1614.7432884764535,1990.3599309634042,1731.822518244368,1990.3599309634042,1731.822518244368
35,At most primary school,p99,2018-2019,93161,57536,1583.0649341820433,1362.8060924175008,1660.3078255206935,1417.6759130515386,1777.5801864514121,1443.4997450871338,1823.0053464790344,1451.2079625509825
36,At most primary school,p99,2018-2019,85299,69018,1469.5013227978443,1639.3785823987946,1551.5963063263735,1660.3364774406677,1605.3258146832513,1690.1243588629054,1612.1176098195756,1713.41103770031
37,At most primary school,p99,2018-2019,69155,100744,1531.0789193357916,1864.612139019032,1604.48454438098,1931.9623037931128,1701.8690248957655,1968.9520169935681,1735.3373207528982,2016.6782670266552
38,At most primary school,p99,2018-2019,99917,70090,1405.919539884771,1894.2230132686545,1449.063549412679,1914.2432729347981,1552.101955456362,1970.1173871688782,1593.953025177564,2030.73188281733
39,At most primary school,p99,2018-2019,79305,76294,1498.3219763360864,1929.8603559912967,1561.6085282558897,2006.5408288987337,1659.4634081499696,2083.6194764114257,1661.4494115545467,2083.6194764114257
40,At most primary school,p99,2018-2019,83697,90296,1459.2489933928337,1947.2890087416204,1518.5843339665698,1984.308478042586,1581.7308854160444,2049.9702736924487,1632.389953244043,2053.1332044978
41,At most primary school,p99,2018-2019,101207,77894,1609.3325140553518,1739.744109516351,1648.2170773760706,1834.529972355594,1764.445278818,1883.0221540383939,1787.249943185748,1978.9987376006707
42,At most primary school,p99,2018-2019,81169,133780,1543.9841934728777,2144.118063238152,1619.250243319494,2176.5940686201225,1714.681991688124,2246.314816614342,1749.7834466770976,2298.0060260626897
43,At most primary school,p99,2018-2019,118481,59123,1659.7674648255838,2127.712554053978,1736.542601767372,2203.1650852178227,1840.576328694052,2293.354210713259,1888.4173327368944,2334.50570843834
44,At most primary school,p99,2018-2019,61451,86924,1525.917392176965,1830.0296350835213,1649.5505307751978,1894.767336984032,1770.2001988033828,1985.0152067706656,1833.887044148997,2010.9612439218936
45,At most primary school,p99,2018-2019,99611,72044,1956.2568039674334,1842.4407167841875,1984.732574715644,1902.3445255677086,2098.801056108261,1963.3732024873689,2129.641023581733,1969.390358669702
46,At most primary school,p99,2018-2019,74432,52805,1651.3156460482946,2074.121162768677,1698.9795540448551,2136.158185777862,1884.4687164122959,2221.646550200423,1942.583953586271,2261.7942634851497
47,At most primary school,p99,2018-2019,59473,94947,1435.6817379314982,2017.3168293890276,1478.6728431389033,2039.0283105311385,1522.8240546130176,2099.4722073016173,1554.335833067106,2145.060237114741
48,At most primary school,p99,2018-2019,93198,58534,1623.4359929039963,1921.4215470211045,1682.9226771676072,1988.4649747724968,1779.804647095431,2061.3505056890012,1801.425282731389,2061.3505056890012
49,At most primary school,p99,2018-2019,74690,58971,2196.835582630428,2395.971635775777,2239.8863257017892,2448.01111280686,2296.386593475253,2512.4280295964686,2487.1979470701117,2558.7541899125563
50,At most primary school,p99,2018-2019,68677,75697,1797.4727419660148,2241.4857127759356,1837.5059408535608,2300.2365219229296,1856.7862069300252,2382.487029428731,1910.7606088404173,2460.395004645715
51,At most primary school,p99,2018-2019,66556,65890,1561.8102550233386,2044.4981079577074,1655.1128873930725,2116.0353670258514,1741.6439477031872,2211.1517794809533,1872.446079241541,2211.1517794809533
52,At most primary school,p99,2018-2019,62232,106748,1784.0421701589748,2015.2359669502005,1836.4327409264256,2044.7881833851688,1920.275976721515,2096.3841539576074,1959.9527775099625,2096.992908532244
53,At most primary school,p99,2018-2019,101752,34102,1588.3000956574156,1768.4337135651867,1652.7260528867575,1811.0904492405136,1709.81818129701,1858.146643403124,1811.990456371046,1865.8661319961684
54,At most primary school,p99,2018-2019,49030,59760,1721.4073628390781,1833.2844991075413,1782.7085049969407,1867.5567547969656,1942.282711265212,1884.8756749219099,2047.1001699639676,1904.0758087907184
55,At most primary school,p99,2018-2019,52265,67072,2109.6358047131603,1574.0246998250636,2142.089071717848,1632.5850528784988,2200.771013106285,1701.398020038168,2263.5309863197167,1701.398020038168
56,At most primary school,p99,2018-2019,63808,56698,1502.5476925568373,1769.9792085552695,1559.710054643096,1784.813770620951,1654.8328971288868,1894.9975513539573,1764.7762689108995,1958.7475954472234
57,At most primary school,p99,2018-2019,49446,64022,1313.569206811471,1690.7346485062428,1356.43415038628,1726.6984109628984,1478.4801787134786,1808.7336488498747,1567.8038853833812,1876.2198254766593
58,At most primary school,p99,2018-2019,74194,49325,1562.3105507183868,2424.9805203581686,1604.254508450818,2474.651478290252,1706.4661765102298,2507.735276229093,1764.3572009416753,2650.811809427268
59,At most primary school,p99,2018-2019,39308,53667,1554.6627488891152,1856.8074794566494,1649.2520182490418,1920.5151582909423,1734.9945303754962,2046.8712057689083,1783.869738136427,2095.7000950304655
60,At most primary school,p99,2018-2019,60560,62841,1635.0485358872743,1890.5471693109064,1666.8427895200352,2034.1946287720862,1734.8809059885511,2067.935074234974,1866.0741578599736,2133.4132917468955
61,At most primary school,p99,2018-2019,51041,41402,1283.3872834257427,1818.411316683574,1298.6025025632987,1837.4260985781684,1447.0478373595083,1948.3629937362123,1784.7121660364544,2204.4144324750814
62,At most primary school,p99,2018-2019,46951,66372,1666.224638452855,1903.6191868056812,1705.7062256394966,1915.6702926937064,1829.5437015896005,2017.9515131882924,1928.7162431755091,2027.47406788003
17,Secondary school or above,p99,2018-2019,11431,55355,279.3893797568017,402.19250293559753,279.3893797568017,435.81268178123025,279.3893797568017,440.7928100442598,279.3893797568017,440.7928100442598
18,Secondary school or above,p99,2018-2019,33230,59248,293.96448991874814,514.3973917544333,328.4733674390611,537.8361576199478,342.2753535961481,541.7654041767936,342.2753535961481,541.7654041767936
19,Secondary school or above,p99,2018-2019,47149,98247,644.4895084377894,874.8319762096214,726.7733320607718,912.3678806138271,748.915689268772,922.9426733980004,759.8597177741485,930.4441747161068
20,Secondary school or above,p99,2018-2019,59720,112115,682.2894340254521,1191.031909943659,713.9592263898192,1255.2669632371524,734.0929057825408,1259.6531440931187,736.9663150256754,1259.6531440931187
21,Secondary school or above,p99,2018-2019,95223,143643,1142.257024738421,1546.1290166129456,1237.7547511280538,1624.151140907203,1257.546538126293,1658.6799147887473,1283.2649394929097,1667.0548443014975
22,Secondary school or above,p99,2018-2019,99990,171275,1589.8808947561422,1742.089085778232,1672.4718538520517,1785.4075619131027,1720.906572323899,1814.2950041356494,1733.951210121012,1836.6119408358877
23,Secondary school or above,p99,2018-2019,138425,124363,1424.0231653723436,2118.0534229098153,1521.1549695984588,2161.6911608222167,1541.0320558665944,2191.4437801704153,1541.0320558665944,2218.8393881888774
24,Secondary school or above,p99,2018-2019,102953,141913,1893.3818206689784,1858.3636594251407,1967.415165981888,1922.074299042371,2031.0088462696572,1935.2314681060461,2031.0088462696572,1949.0718726731636
25,Secondary school or above,p99,2018-2019,141325,129451,2222.7522737189693,2325.5433915793105,2311.913547378973,2361.8901250923773,2374.7138422076773,2368.7376323859994,2379.0081991862726,2393.3350991237353
26,Secondary school or above,p99,2018-2019,129783,134007,2413.131859206008,2532.1893333930316,2481.887320244819,2580.2632474422976,2525.420692617677,2651.757530079274,2533.4255931054145,2679.759798617485
27,Secondary school or above,p99,2018-2019,119633,154992,2688.7482286102772,2642.6474694392828,2757.1999517970235,2686.8628353936547,2843.3386704894688,2738.584026379856,2856.0227125180063,2757.9785757759537
28,Secondary school or above,p99,2018-2019,116209,117618,2454.5697163444024,2982.742338190866,2498.303678429955,3062.2406292687624,2538.8799605308827,3117.3595736480243,2549.578575382859,3120.0987235513835
29,Secondary school or above,p99,2018-2019,105383,109478,3205.096088395029,2885.594977986445,3249.738582915018,2964.3032572754346,3276.5919099854814,3035.814276232059,3312.611252131115,3041.639495301948
30,Secondary school or above,p99,2018-2019,83721,113556,2870.437106580189,2982.513998966736,2981.6242639242246,3022.3775024363895,3040.389010323973,3058.1411432831965,3130.13411609194,3062.3343020183875
31,Secondary school or above,p99,2018-2019,103602,95658,3195.5062265528977,3130.8869740812756,3286.0221914956596,3182.021641333361,3364.310448479115,3230.2761452257,3366.731251166322,3244.050633506868
32,Secondary school or above,p99,2018-2019,65250,125150,3232.0169770114944,3416.366054734319,3254.0047931034483,3455.708204155014,3295.429365261814,3559.8419103742176,3337.3833882503195,3595.528419896125
33,Secondary school or above,p99,2018-2019,117591,81279,3288.0586694559956,3256.2036001509205,3356.538042877431,3300.4388884787786,3397.101989097805,3343.8300678321993,3457.6015171229087,3357.093026283952
34,Secondary school or above,p99,2018-2019,67726,81177,3331.0309556152733,3848.6055512439893,3369.675493901899,3875.2738932620487,3397.138851155145,3908.9233259831394,3412.279269901269,3922.668056633447
35,Secondary school or above,p99,2018-2019,85331,87529,3290.9040110471774,3436.035300681298,3324.1724011984707,3486.1632582724965,3361.638489138375,3523.9516864886687,3367.2898155418316,3528.550162422359
36,Secondary school or above,p99,2018-2019,65454,82733,3583.266118189874,3440.294521734576,3638.767539035048,3479.308796570494,3709.7716029578023,3551.7430126632257,3713.309965777493,3596.27179803303
37,Secondary school or above,p99,2018-2019,59214,79388,4103.031901239572,3830.397373238609,4164.092123484312,3882.431433801918,4276.896668580629,3906.6926571606123,4276.896668580629,3906.6926571606123
38,Secondary school or above,p99,2018-2019,66965,76334,3279.1823987655243,3871.002545829294,3349.0760745663156,3887.6884263019538,3424.443555090968,3912.842617095047,3434.125229597551,3912.842617095047
39,Secondary school or above,p99,2018-2019,60865,65821,3613.8215148278978,4520.4454885219,3642.5509981105724,4554.223082298962,3717.6810728661794,4689.608883689602,3743.7442180782605,4731.950993350653
40,Secondary school or above,p99,2018-2019,57704,82511,4234.7809741670135,3549.165202215462,4256.92224686908,3562.4062246245953,4342.680126161098,3688.103808381105,4395.657389435742,3723.169234001123
41,Secondary school or above,p99,2018-2019,58906,58703,4338.129330345522,4037.443588913684,4393.4389762220035,4177.344105071291,4454.293416629885,4336.649620405544,4507.985457055875,4390.441022321403
42,Secondary school or above,p99,2018-2019,62188,79845,3922.9037140069895,4402.607929947607,3962.0796000300165,4507.076112050431,3994.9196240968245,4688.163113949945,4004.704470047812,4701.56918821884
43,Secondary school or above,p99,2018-2019,72962,37036,3523.640840437488,5001.145399071174,3578.2407691675116,5087.0589966519065,3809.25451604945,5282.2585772401635,3858.5989236406162,5293.8170608777045
44,Secondary school or above,p99,2018-2019,32830,69805,3811.6045791450906,4364.372575985483,3886.44161843842,4388.285619463744,3911.2322063153615,4460.070830647279,4006.7430195958977,4467.909810663037
45,Secondary school or above,p99,2018-2019,49976,38072,3617.9658736193373,4452.642348707712,3671.918931086922,4495.918247005674,3762.9451236593563,4524.314443685648,3847.6457799743876,4579.596453211459
46,Secondary school or above,p99,2018-2019,37065,38382,4523.7976078061065,5017.306680214684,4558.745672017627,5115.672580897296,4862.200413687666,5152.325449863652,4981.090651558074,5157.671705921179
47,Secondary school or above,p99,2018-2019,34128,69667,4714.907842045633,4760.176787431639,4821.164581379903,4804.61432600801,4842.475206086889,4899.014821699418,4848.262243123926,4906.240303874144
48,Secondary school or above,p99,2018-2019,39289,43281,4296.591828077409,4888.661229330807,4334.979926527357,4891.110340950225,4389.187635215964,4969.2294925409915,4408.948229784418,5032.25021757045
49,Secondary school or above,p99,2018-2019,23562,31905,5069.961463373228,4410.058329415452,5126.137509549274,4424.995800031343,5393.087825029002,4474.096776889724,5598.438672438672,4495.221992373191
50,Secondary school or above,p99,2018-2019,34502,39592,4365.551465615519,3600.063602916414,4431.830232063841,3651.4007417323364,4597.696945104631,3865.5054430187915,4781.239928120109,3865.5054430187915
51,Secondary school or above,p99,2018-2019,24621,27066,4812.636556868798,3066.813628414493,4865.124270609101,3108.749193329885,4990.249163992798,3178.1443754772286,5020.101728876433,3233.9608980516764
52,Secondary school or above,p99,2018-2019,26312,41104,3752.7090237660886,4780.268984364863,3782.466168794973,4822.962931425976,3885.1202176446736,4871.315889775528,3941.986539728387,4874.117725768781
53,Secondary school or above,p99,2018-2019,30321,19243,5681.622445389883,4434.077110291188,5832.159037190945,4515.697439761644,6040.344783043654,4522.416766269985,6040.344783043654,4545.271830449167
54,Secondary school or above,p99,2018-2019,16321,34285,3262.7021577517717,3708.0336347285015,3272.358428813594,3735.57337513976,3324.1934879398727,4001.7743376598128,3332.2352745951025,4050.6003548685044
55,Secondary school or above,p99,2018-2019,23099,35694,4698.904000173167,3761.986444967408,4754.237564396727,3794.0500971218316,4902.451772804017,4111.265875684055,4902.451772804017,4121.659779421378
56,Secondary school or above,p99,2018-2019,22770,26893,4184.363065436978,5312.147027107426,4224.202766798418,5324.529431450564,4496.071856243595,5546.966496857918,4553.515861513687,5582.001636113487
57,Secondary school or above,p99,2018-2019,24003,24322,5013.133344443056,3167.364334073404,5172.984196419892,3239.804922840775,5300.268285908705,3396.4035578214507,5354.557333111139,3396.4035578214507
58,Secondary school or above,p99,2018-2019,17516,24633,4706.032456040191,3927.971068620685,4737.746317652432,3965.700943179204,4957.548593666742,4171.861977158013,4957.548593666742,4171.861977158013
59,Secondary school or above,p99,2018-2019,20213,18869,3626.2700407328616,5122.050726941898,3647.2862184402775,5134.0015457452255,4033.7536733785187,5523.074451922907,4332.4888108313135,5523.074451922907
60,Secondary school or above,p99,2018-2019,13648,16483,5091.177535169988,5022.666484660964,5118.19687866354,5044.507169002406,5214.797723720203,5403.015935610427,5214.797723720203,5410.2961637242415
61,Secondary school or above,p99,2018-2019,12791,16228,4964.1783936622105,4555.3974200969515,5053.17847184218,4569.878563799194,5811.961991504443,4810.230630186508,5871.816576759701,4810.230630186508
62,Secondary school or above,p99,2018-2019,12932,18137,4543.9011753789055,5205.736560621933,4674.06433652954,5238.102663064454,4763.617383235385,5359.329547334179,4782.265078874111,5392.411093345096
17,At most primary school,p90,2018-2019,66415,65257,323.16476699540766,498.129396080114,368.40036136414966,559.4785233768025,392.8074230219077,575.7272272195576,401.05054079148783,575.7272272195576
18,At most primary school,p90,2018-2019,81451,62554,426.833409043474,465.99127154138824,526.5561257688671,484.62573136809795,542.151146087832,501.06752565783165,542.151146087832,501.06752565783165
19,At most primary school,p90,2018-2019,86499,78295,455.3875613205547,817.6739255380293,539.4399781115003,877.3485535474807,562.8372909898765,900.6880601145241,576.0640334955702,900.6880601145241
20,At most primary school,p90,2018-2019,102533,84873,768.09987353665,971.8618995440246,829.6151905565363,1016.4871631732117,859.9801299744147,1016.4871631732117,859.9801299744147,1016.4871631732117
21,At most primary school,p90,2018-2019,100467,80958,773.0126409666856,944.359412699589,858.8947714174803,1049.8620189892702,916.8241578495094,1093.9998229534656,923.8752293456226,1093.9998229534656
22,At most primary school,p90,2018-2019,92886,68374,1059.796094136899,1100.0761010520569,1135.3705617638825,1203.2075545285245,1195.7260602602473,1214.8786575793918,1200.8113260699495,1214.8786575793918
23,At most primary school,p90,2018-2019,79579,55467,949.6567980664915,1103.5731726371837,1006.8681226621763,1188.9933323718008,1049.68331259922,1188.9933323718008,1049.68331259922,1188.9933323718008
24,At most primary school,p90,2018-2019,43463,71500,1174.9415518180215,1252.1196829836829,1300.1515925423157,1296.8034592074591,1365.0286718971693,1316.6774918414917,1365.0286718971693,1316.6774918414917
25,At most primary school,p90,2018-2019,79934,99732,1089.805289363725,1304.8548476583912,1174.5099206845648,1392.4718412010857,1221.1032143184793,1469.595282022487,1221.7537510112509,1469.595282022487
26,At most primary school,p90,2018-2019,75825,69060,1164.016129244972,1220.958504681919,1305.8476623804813,1329.9010184380732,1336.2973656445763,1364.9250917076938,1360.4713847675569,1450.826723139299
27,At most primary school,p90,2018-2019,59416,55974,1168.2332143979177,1311.698336132252,1234.1918787307573,1356.9738211788808,1331.336755531619,1387.188831719489,1331.336755531619,1401.8340241302512
28,At most primary school,p90,2018-2019,63961,50566,1387.433993631536,1100.7720998299253,1437.4614791305119,1151.0944508167545,1500.0221801827156,1194.9524779496105,1511.6073649046555,1194.9524779496105
29,At most primary school,p90,2018-2019,73485,66935,1234.0863725023246,1268.9107691541544,1349.4324975618606,1330.1706481412314,1443.5359767299447,1361.6873060929756,1474.6089848268352,1374.4608924080574
30,At most primary school,p90,2018-2019,62287,64608,1148.243079080172,1389.0397061251444,1209.2226253739411,1462.3962563975565,1261.996786381321,1478.1498782400529,1348.6232092303906,1478.1498782400529
31,At most primary school,p90,2018-2019,65068,64407,1178.7592569824387,1607.4311953669633,1260.5289133419396,1671.6271678544258,1345.7853668469907,1692.5112332510441,1349.8877417983238,1692.5112332510441
32,At most primary school,p90,2018-2019,55775,108237,1268.1342297923204,1445.723985328492,1293.7249066188556,1493.2264105620075,1323.7353653070372,1573.4224772182033,1404.5523382638578,1573.4224772182033
33,At most primary school,p90,2018-2019,98318,48167,1407.0918973806083,1756.970498474059,1480.3646449954906,1810.4469450038407,1653.7924422113276,1876.778838900769,1658.9488394800544,1916.955723489803
34,At most primary school,p90,2018-2019,57386,71072,1484.395479733733,1493.5472502063635,1567.031575645628,1543.3336639839413,1646.967927717562,1664.4010862224225,1646.967927717562,1664.4010862224225
35,At most primary school,p90,2018-2019,93161,57185,1583.0649341820433,1349.6880533939552,1660.3078255206935,1404.894663518988,1777.5801864514121,1430.877001544694,1823.0053464790344,1438.6325318411004
36,At most primary school,p90,2018-2019,82994,68098,1411.237599505185,1608.5161238215512,1495.6126145665148,1629.7571588005521,1550.8343575037552,1658.8549296601955,1557.8147817914546,1682.4562101676995
37,At most primary school,p90,2018-2019,68080,97970,1457.1865844104975,1669.8896124664013,1531.751302389346,1739.1467830288184,1630.6735078828829,1777.183852199653,1664.670276390521,1826.2614609914601
38,At most primary school,p90,2018-2019,97014,69067,1357.9922760288894,1865.184038687072,1402.42730602456,1885.5008325249396,1508.5489834800476,1942.2025376325403,1551.6523843637688,2003.7148372836039
39,At most primary school,p90,2018-2019,78599,75007,1480.3422986721628,1912.7456904022292,1544.1973095501637,1968.9772421240684,1642.9311515837774,2047.3784357904374,1644.9349938718472,2047.3784357904374
40,At most primary school,p90,2018-2019,81026,85621,1271.7709500654112,1901.0904840323442,1333.0622639646533,1940.1312567399743,1398.0884695447553,2009.378258059744,1416.5703395617868,2012.7138883373627
41,At most primary school,p90,2018-2019,99851,76114,1578.0487835207794,1726.8186886337162,1617.4614083317476,1823.8212111657076,1735.2680160105224,1867.7848709392053,1758.3823730692066,1966.0059603577092
42,At most primary school,p90,2018-2019,79132,130448,1247.3165470353333,1818.4927927858866,1323.6607567103067,1851.7983244920072,1421.549089917269,1923.2999317735803,1457.5541194881125,1976.3114766037043
43,At most primary school,p90,2018-2019,116467,57160,1627.3670911073523,1974.6734196407745,1705.46985841483,2039.2899346862607,1811.302583564443,2132.576352927455,1859.9708758704182,2175.1410835082806
44,At most primary school,p90,2018-2019,61173,85778,1507.8572191435221,1784.1275851616965,1632.0522071284174,1849.7301872274943,1753.250166195326,1941.183774782967,1817.2264356824091,1967.4764527812104
45,At most primary school,p90,2018-2019,98399,71386,1854.9862955924348,1813.3359342167932,1883.8128080569923,1873.7919059759618,1999.2862935598937,1935.3831143361444,2030.5061230297056,1941.4557336172359
46,At most primary school,p90,2018-2019,71618,51053,1549.3594650320683,1827.5393806436448,1598.896173680732,1891.7053454253423,1791.6735387751683,1980.12743782605,1852.0722281176986,2021.6529113535607
47,At most primary school,p90,2018-2019,58253,88229,1400.4308619298577,1959.9205589998753,1435.7940191921446,1983.2852123451473,1480.869895112698,2048.331474534072,1513.041628757317,2097.390702981257
48,At most primary school,p90,2018-2019,91081,55825,1564.2935518933696,1857.0003313927452,1625.162887978832,1912.6986744290193,1724.296690125639,1979.9352470517988,1746.4198552204448,1979.9352470517988
49,At most primary school,p90,2018-2019,69425,55922,2026.243519385428,2110.6468831586853,2072.5591117512904,2165.5236758341975,2133.3442035770017,2233.4527556239045,2338.6261625255074,2282.3047280140195
50,At most primary school,p90,2018-2019,63937,70430,1720.3169395915772,1664.078053859624,1763.3180187789023,1724.0192720904915,1784.0276365797583,1812.4207581996307,1842.0034565275193,1896.1549623739882
51,At most primary school,p90,2018-2019,63212,61197,1491.670089012635,1930.7101709778801,1574.7443470649034,1995.6020774438834,1661.659720464469,2098.0126599343102,1799.3814610622458,2098.0126599343102
52,At most primary school,p90,2018-2019,60845,102051,1638.90972690169,1691.4641600768243,1692.4945736434108,1722.3765470206074,1778.2490686717615,1776.3472740753807,1818.8303270605636,1776.9840471920902
53,At most primary school,p90,2018-2019,97067,31995,1504.747847706567,1688.4698598739385,1572.2833644115233,1733.9357139136323,1632.1310804221139,1784.0907485544615,1739.2347648188022,1792.3185966557273
54,At most primary school,p90,2018-2019,45133,52882,1276.7835729953692,1691.8337367472234,1343.3777502049497,1717.525465501809,1516.7303598992607,1737.0969390971093,1630.5982614347226,1758.7943030394715
55,At most primary school,p90,2018-2019,45096,65127,1908.584249896517,1506.372523428583,1945.9760363077285,1563.8433112738699,2013.9867615753058,1634.7113588322302,2086.7238114245165,1634.7113588322302
56,At most primary school,p90,2018-2019,60768,49145,1416.1178004870985,1417.0980499881305,1467.824554041601,1423.1261301590532,1561.4412327760226,1536.7816393665007,1664.7318901395472,1610.3293044392444
57,At most primary school,p90,2018-2019,47674,60088,1206.7457384178658,1524.8693083477567,1251.2039336605558,1563.1876414591932,1377.786303855351,1648.4036579683132,1470.4300929227672,1720.3081979763015
58,At most primary school,p90,2018-2019,70212,46014,1313.526078163277,2123.2417561321918,1357.8488435025351,2176.4868554497907,1465.857339201276,2211.951243099926,1527.0315924153515,2352.2835332724826
59,At most primary school,p90,2018-2019,38492,50001,1479.9590391076933,1790.7955907548514,1559.3447556202154,1854.4543175803149,1637.9420399043956,1990.074605174563,1687.8533634694654,2042.4835569955267
60,At most primary school,p90,2018-2019,57531,59542,1550.492882098347,1751.7802503554915,1581.1886808850882,1874.4440842878419,1652.8089957298384,1907.923812882783,1790.909556007486,1977.0299340521537
61,At most primary school,p90,2018-2019,49381,37055,1118.5430698716782,1573.1268474789729,1134.2697663743816,1588.0033823595559,1287.7052645079418,1655.7003013538435,1636.7205740399481,1930.2831286825892
62,At most primary school,p90,2018-2019,41354,64171,1281.6726878496236,1716.2009214962106,1319.9833712176169,1728.6653680530665,1458.1149505892215,1834.4547303298998,1542.1515613161162,1844.303898957473
17,Secondary school or above,p90,2018-2019,10387,54298,307.4708770578608,403.9369037533611,307.4708770578608,438.21155475339793,307.4708770578608,443.2886294154481,307.4708770578608,443.2886294154481
18,Secondary school or above,p90,2018-2019,32673,59248,298.97591283322623,514.3973917544333,334.07308787071895,537.8361576199478,348.11036635754294,541.7654041767936,348.11036635754294,541.7654041767936
19,Secondary school or above,p90,2018-2019,46083,94357,633.909160283257,768.3132906585274,718.0963876773069,805.3586609013287,740.750945757293,816.3694143872033,751.9481334403865,824.1801756449796
20,Secondary school or above,p90,2018-2019,59720,103393,682.2894340254521,1035.081098333543,713.9592263898192,1098.659996324703,734.0929057825408,1103.416185492893,736.9663150256754,1103.416185492893
21,Secondary school or above,p90,2018-2019,90061,132681,1063.6124478594138,1383.4900525822586,1160.330672174045,1464.2072012320277,1177.4816402216275,1501.588715289554,1204.6741356784105,1510.655574900199
22,Secondary school or above,p90,2018-2019,89389,152410,1425.2339363158032,1520.6401176650702,1512.620415636525,1565.3064256501104,1566.799201616903,1593.9410078078868,1581.3908553252265,1619.0202895698008
23,Secondary school or above,p90,2018-2019,123546,106450,1332.3466509100524,1837.7264991388759,1433.9396608011052,1882.2910834507593,1453.824850662911,1910.4369265695946,1453.824850662911,1927.505973070299
24,Secondary school or above,p90,2018-2019,92420,129070,1744.1707485753445,1668.057369386121,1816.9638128471472,1733.75945352651,1825.2537951742047,1748.225815448981,1825.2537951742047,1763.4433976395237
25,Secondary school or above,p90,2018-2019,120750,110230,1962.860480331263,2054.313252593063,2056.667892339545,2094.1224787565397,2119.00372394755,2102.163998004173,2119.902274672188,2131.0505685082708
26,Secondary school or above,p90,2018-2019,107424,104784,2047.4939492106048,2173.201519315926,2129.7694183795056,2223.736295617651,2182.3637331198493,2311.4723462869647,2192.0347563548803,2326.5509842469587
27,Secondary school or above,p90,2018-2019,96760,132740,2250.9607379082267,2394.434146326151,2309.2846837536176,2439.3134442016976,2393.7681135455423,2499.7049677314044,2408.0113958936204,2522.350741424338
28,Secondary school or above,p90,2018-2019,94645,92832,2058.084843362037,2444.299638055843,2090.3768820328596,2531.840249052051,2140.1980999172347,2598.049961220269,2153.3342965819643,2601.5204598988857
29,Secondary school or above,p90,2018-2019,79914,87637,2633.8200993150967,2406.69026400569,2674.485314421336,2463.4456869434903,2705.123260630177,2546.9239362369776,2737.347918804381,2554.200923506434
30,Secondary school or above,p90,2018-2019,64982,93192,2221.8169595682907,2554.178463101268,2317.849707098376,2590.527720548259,2393.560570619556,2608.915028471686,2496.225154658213,2611.7319727015197
31,Secondary school or above,p90,2018-2019,81210,77426,2632.892442433198,2502.552200380578,2736.241167959611,2533.4066937032344,2836.11581393917,2587.5354101550724,2839.2041035586753,2604.55346610527
32,Secondary school or above,p90,2018-2019,53258,101675,2575.9865387985533,2803.1317932956313,2601.866594377058,2833.341481026145,2643.5495966177227,2952.6097377264155,2694.95032514677,2954.1840349151707
33,Secondary school or above,p90,2018-2019,92021,63881,2710.7497527738233,2734.951144837015,2781.1549646276394,2783.1297895044436,2811.7366072237132,2813.4874075755442,2872.4075410323003,2825.509761640133
34,Secondary school or above,p90,2018-2019,53303,58058,2457.1583025345667,3108.207579776545,2502.5242294054747,3135.7551356689287,2526.3687284643142,3166.3721049065875,2539.527462494294,3185.590059365921
35,Secondary school or above,p90,2018-2019,68088,71736,2697.2855520307053,2965.7467171294747,2725.9188648024124,3022.377279190365,2769.5685350820504,3068.484998234266,2776.651036159088,3074.0958491320025
36,Secondary school or above,p90,2018-2019,51201,68470,3039.7078572684127,3144.8198724502213,3061.048065467471,3168.753682878146,3147.1922162978585,3232.944325982182,3147.1922162978585,3286.7489119322327
37,Secondary school or above,p90,2018-2019,41775,65996,3108.6908039098344,3410.1081126128856,3178.654179134251,3464.132295896721,3338.5490524635948,3493.3166404024487,3338.5490524635948,3493.3166404024487
38,Secondary school or above,p90,2018-2019,51504,61046,2870.5182283576682,3318.5974538326286,2952.700388966553,3339.4620477454155,3047.011510432847,3370.915705642739,3059.5995294863833,3370.915705642739
39,Secondary school or above,p90,2018-2019,45102,50428,2761.1380943934487,3890.5906969672933,2799.9084371720396,3919.161629782396,2875.893094171729,4095.8735523915284,2911.0652225326294,4151.140467597366
40,Secondary school or above,p90,2018-2019,38198,70872,2699.027645426462,3286.912095044587,2705.9468558563276,3302.327632915679,2731.319196467529,3428.50769462317,2801.0217986980124,3469.3317624261576
41,Secondary school or above,p90,2018-2019,43355,43498,2920.6341137123745,3705.965814520208,2982.8892169299966,3838.9392845648076,3029.4136470226426,4011.706883075084,3091.62177372852,4028.7007678513955
42,Secondary school or above,p90,2018-2019,50514,61138,3479.0957176888255,3588.2811726476716,3499.59201574481,3709.8219819642995,3533.4061811247047,3772.609855300032,3536.771584775178,3772.609855300032
43,Secondary school or above,p90,2018-2019,53756,26795,2756.248409479872,3574.188754120794,2821.1289809509635,3684.048653355726,2966.253711213632,3928.717870249425,2968.703050202148,3944.6939851962434
44,Secondary school or above,p90,2018-2019,24060,52871,2962.4641174840676,3667.513848171335,3064.5796619562207,3689.733023144383,3098.40655306179,3777.4490363337177,3228.73157384317,3777.4490363337177
45,Secondary school or above,p90,2018-2019,41278,29244,3029.543647140527,3910.4368816395386,3084.147019396935,3963.5144360096656,3194.3540303955297,3972.2033978479917,3210.125143337048,4025.4620719919753
46,Secondary school or above,p90,2018-2019,23281,26770,2806.1707472473977,3037.908790935126,2817.053011754936,3055.2390113310917,2956.5573285798146,3086.8718248038845,3145.839003192875,3094.5371217781094
47,Secondary school or above,p90,2018-2019,24518,49781,3501.8484990619136,3945.623673355966,3569.20024063953,4007.812661122383,3598.8637123745816,4139.923292353843,3598.8637123745816,4150.035135560422
48,Secondary school or above,p90,2018-2019,29195,32726,3018.1324884398014,3738.428772230031,3052.2626477136496,3738.428772230031,3069.4893417822686,3785.274552343702,3096.082046012445,3785.274552343702
49,Secondary school or above,p90,2018-2019,18004,22763,4079.2551840331776,3326.2965924233768,4147.407816781456,3347.2332000761467,4453.119510479152,3393.8468567412024,4631.075890542842,3393.8468567412024
50,Secondary school or above,p90,2018-2019,23476,28455,3810.2221417617993,3034.3115328296144,3870.484537399898,3087.199953142389,3980.1916141307433,3307.8993029930302,4097.1450985403535,3307.8993029930302
51,Secondary school or above,p90,2018-2019,12583,22135,3554.929031232615,2284.550320006024,3594.498291345466,2322.351088020481,3811.8312008265116,2339.2474060688205,3870.243344194548,2395.1837060462317
52,Secondary school or above,p90,2018-2019,17530,26220,2646.302329340179,3280.4768497330283,2690.96690435444,3347.406369183829,2707.340739684351,3347.406369183829,2792.6953698421753,3351.7986905669973
53,Secondary school or above,p90,2018-2019,18230,12173,2787.702614737612,3197.444480955119,2888.337282867069,3326.46937210767,3234.601682208813,3337.0912401763467,3234.601682208813,3373.220378433144
54,Secondary school or above,p90,2018-2019,8878,24291,1659.1905083727568,2794.944005324331,1676.9422542614705,2826.367166165795,1676.9422542614705,3192.078746586527,1676.9422542614705,3192.078746586527
55,Secondary school or above,p90,2018-2019,15869,24787,4021.8561451047112,3060.3834267963043,4023.9073140504547,3070.017509178198,4192.727025437435,3452.032274982854,4192.727025437435,3466.999798281357
56,Secondary school or above,p90,2018-2019,12868,13713,3398.2419956481194,2601.0293152483046,3413.582374883432,2625.3128418289216,3470.9064216143406,2675.775906074528,3572.553919282976,2675.775906074528
57,Secondary school or above,p90,2018-2019,15173,16673,3164.304883674949,2669.0338871228932,3205.7535095234957,2765.183350326876,3340.9805575693667,2958.7533137407786,3426.8633757332104,2958.7533137407786
58,Secondary school or above,p90,2018-2019,8927,17237,2886.1657891788955,2411.1474154435227,2923.2443149994397,2465.0663108429544,3263.208095291438,2558.81559532788,3263.208095291438,2558.81559532788
59,Secondary school or above,p90,2018-2019,10098,9682,1829.2971875618935,2986.584228465193,1871.3649237472766,3009.874870894443,2174.5602759622366,3634.6476451146455,2334.9880834488677,3634.6476451146455
60,Secondary school or above,p90,2018-2019,6550,9596,3241.9986259541984,3653.574406002501,3298.2978625954197,3691.090037515631,3440.6451908396944,4058.920383493122,3440.6451908396944,4071.4255939974987
61,Secondary school or above,p90,2018-2019,4502,9982,3688.85661928032,3104.405196019502,3688.85661928032,3120.89487744607,4548.474566859174,3379.4035263474257,4548.474566859174,3379.4035263474257
62,Secondary school or above,p90,2018-2019,5674,10305,2011.8047232992599,4651.079799450105,2134.1910468805077,4708.044767912017,2195.1004582305254,4921.406437004691,2195.1004582305254,4921.406437004691
17,At most primary school,p50,2018-2019,48213,50352,271.59040092921,378.60660946933587,318.3089623130691,444.06379091197965,351.9304959243358,465.12237183561064,363.28566292632,465.12237183561064
18,At most primary school,p50,2018-2019,65260,47858,330.53322096230465,380.9576246395587,449.87148329757895,405.31426302812486,469.33562672387376,426.8049228969033,469.33562672387376,426.8049228969033
19,At most primary school,p50,2018-2019,64603,59436,298.4069160874882,645.0740292078875,363.20034673312387,673.3547849788008,394.39911717206115,704.0999001727348,395.87737669561267,704.0999001727348
20,At most primary school,p50,2018-2019,71952,54039,537.7405492550589,748.9119339736117,608.0105903935957,804.2112548344714,644.8175357645838,804.2112548344714,644.8175357645838,804.2112548344714
21,At most primary school,p50,2018-2019,73540,55993,583.127073701387,741.5151893986748,673.7555751971715,850.5681067276266,746.4709908439851,869.3875722560558,746.4709908439851,869.3875722560558
22,At most primary school,p50,2018-2019,49886,41958,657.3198893477128,892.0333825889381,737.1978110091007,960.8376630598852,815.2453761242299,979.8566820789043,815.2453761242299,979.8566820789043
23,At most primary school,p50,2018-2019,46537,37143,577.1481258640079,840.3865331287187,606.3362987157172,910.1278033546025,660.3851917112548,910.1278033546025,660.3851917112548,910.1278033546025
24,At most primary school,p50,2018-2019,27987,49540,819.1016543395148,1043.4988359574754,912.242183871083,1097.013773381779,1012.9944081180548,1120.913517696138,1012.9944081180548,1120.913517696138
25,At most primary school,p50,2018-2019,49178,65121,806.6477286591565,993.660119879404,921.2967587132457,1083.4562225191055,997.0295728442258,1156.1267128371287,997.0295728442258,1156.1267128371287
26,At most primary school,p50,2018-2019,51491,43370,810.884445825484,953.9031204365538,939.4643141519877,1084.1943355622166,959.3438157477358,1093.3845400046116,964.4636425135784,1217.5648489739451
27,At most primary school,p50,2018-2019,34530,35469,779.7908485375036,893.5519091789074,852.8258905299739,956.6845038390331,964.9518679409209,977.1151615965115,964.9518679409209,1000.2268929675679
28,At most primary school,p50,2018-2019,42774,37584,794.9793098611306,802.8753991060025,839.0459858792724,832.5518571732651,912.3073128536026,891.55901447424435,929.6309206527329,891.55901447424435
29,At most primary school,p50,2018-2019,42775,52745,760.9594778881745,1045.3602047587449,879.2418858367427,1099.6142572755712,922.6293395675044,1125.77915442222,946.1430742255991,1141.989221727178
30,At most primary school,p50,2018-2019,36366,46049,791.1560248583842,1173.3392545621693,853.2808942418742,1259.0125590856119,936.275037122587,1281.1153191889798,1084.647142935709,1281.1153191889798
31,At most primary school,p50,2018-2019,41703,46781,885.5306572668633,1350.8729184925503,944.4983094741385,1406.2635685427845,1050.1613772790126,1434.1804578781982,1050.1613772790126,1434.1804578781982
32,At most primary school,p50,2018-2019,41616,72324,801.8741990260156,1196.5637178990837,832.9372516980649,1253.7328457128108,861.9144880174292,1318.7610521173237,969.1344675124951,1318.7610521173237
33,At most primary school,p50,2018-2019,65598,35537,868.1100440054066,1380.6092804682444,943.7396363710275,1426.2602920899344,1031.4698898340396,1480.9964356398496,1039.1982758620688,1535.452354822673
34,At most primary school,p50,2018-2019,39559,50149,925.7155472416729,1176.7225767213704,995.0614609401991,1216.8569762108916,1107.2186818001803,1377.4285495888919,1107.2186818001803,1377.4285495888919
35,At most primary school,p50,2018-2019,55990,41850,884.9494076323153,851.4577060931899,973.6038102042032,921.631899641577,1131.7508379472526,941.1133811230585,1188.7967390010122,951.710752688172
36,At most primary school,p50,2018-2019,54963,49639,934.7871659116132,1205.4595714391237,1008.4045084875279,1234.5994010086154,1086.5670299413543,1274.5176104810062,1097.107454105489,1301.7576166589442
37,At most primary school,p50,2018-2019,49545,61139,1036.8423655262893,1177.4772076743159,1117.4029468160259,1220.34599846252,1237.6882093719514,1267.1217880567233,1237.6882093719514,1344.0154238701973
38,At most primary school,p50,2018-2019,65837,41475,930.0267225622877,1091.2588426763111,980.5085185128929,1110.484882459313,1066.7845499744317,1192.4973397629094,1105.0781133709008,1294.9318183644766
39,At most primary school,p50,2018-2019,49656,44787,996.2508256806831,1172.6044239027694,1034.3563919768003,1191.9997841635593,1179.9777250818968,1223.144722054763,1183.1495472181946,1223.144722054763
40,At most primary school,p50,2018-2019,54369,42851,800.7846750905848,1092.9776667989079,823.2689951994703,1142.7253973069473,918.1125028355619,1279.0265143559466,945.3338973802473,1285.6914696662077
41,At most primary school,p50,2018-2019,63428,48763,1134.7813899224318,1224.0628345261775,1178.9361796052217,1322.5883559255992,1333.2214676483572,1360.6500010253676,1359.3454454920015,1513.9629637224944
42,At most primary school,p50,2018-2019,54514,86511,1061.192635530934,1248.2280615567192,1143.1259003803304,1281.6138737655713,1283.6237464993703,1348.1369170779824,1335.888302393269,1384.3779731286581
43,At most primary school,p50,2018-2019,74260,31649,1028.2730406679236,1346.6113621283453,1111.5117963910586,1419.014281651869,1255.6412514588385,1552.8653248654512,1289.0266540982136,1629.7397916732493
44,At most primary school,p50,2018-2019,41731,50449,1278.9988098376107,1310.0882871811136,1449.072136621057,1374.913358044758,1609.980719768677,1447.0942899429788,1684.1062699192446,1481.928148559271
45,At most primary school,p50,2018-2019,45677,44541,830.1574315300917,1154.9705439931747,859.5717976224357,1160.1152421364584,958.6327765250198,1244.2949866415213,1025.887631265918,1251.917177432029
46,At most primary school,p50,2018-2019,39822,24345,907.3135954999749,1222.0530567536114,936.4924413640701,1267.988567125351,1236.2046439991295,1406.2399431779286,1344.828855071736,1406.2399431779286
47,At most primary school,p50,2018-2019,30950,53393,1044.1708777598278,1387.0260208891302,1096.4778244480347,1414.7719800972661,1126.7980183091008,1467.6241017861266,1187.350522347873,1499.5503842576118
48,At most primary school,p50,2018-2019,49961,27661,1007.632153079402,1022.106684501645,1077.0831248373731,1075.8285311449333,1190.9048224281607,1200.7630960558188,1231.23628096582,1200.7630960558188
49,At most primary school,p50,2018-2019,41939,24030,1229.6248042792308,1313.748508808434,1279.72518817012,1391.259952836732,1340.4739343649903,1477.12886669441,1674.7856728423026,1546.0219170481344
50,At most primary school,p50,2018-2019,27662,36021,928.9121900079532,1006.38913411621,985.0053864507266,1059.887926487327,1015.7193924276385,1155.4368192628374,1126.7742691538333,1319.1579819179553
51,At most primary school,p50,2018-2019,29453,31282,745.70349370183,1217.2245061057477,780.8832716531423,1304.1975257336487,821.5815451736664,1383.1543939006456,1102.6960892495388,1383.1543939006456
52,At most primary school,p50,2018-2019,24589,57688,794.2151368498108,947.1383534415014,828.513806986864,966.291383534415,1005.2323498312253,1056.2453889890446,1042.7491256252795,1057.3718508759766
53,At most primary school,p50,2018-2019,44289,15547,588.9970421549369,808.5999656954182,630.9194156562578,888.060954953796,669.9446815236289,949.5359662099869,859.1699970647339,949.5359662099869
54,At most primary school,p50,2018-2019,19210,26397,789.4970848516398,1131.4935788157745,798.5431546069756,1173.2437777020116,1163.907027589797,1212.4519705522093,1431.434357105674,1255.9190312030407
55,At most primary school,p50,2018-2019,21792,31618,965.6614353891337,946.7677167014571,1032.0500183553597,1055.0098572543068,1108.964099975526,1096.746209964788,1143.271796989721,1096.746209964788
56,At most primary school,p50,2018-2019,28210,23194,692.7599787309465,830.7416716967031,769.7431761786601,830.7416716967031,904.096183386506,1026.2814664712137,1082.3107645043128,1182.1191831220717
57,At most primary school,p50,2018-2019,26574,36332,739.4396026191014,978.2632940658373,750.8944080680365,997.7331828690961,887.7006064825268,1032.3399574296304,1053.9044147161385,1149.426823002679
58,At most primary school,p50,2018-2019,46700,19458,729.7913990007138,997.1674375578168,754.0933261955746,1004.3521430773975,879.9008029978587,1080.8789358275944,942.9521948608137,1336.3522629937986
59,At most primary school,p50,2018-2019,20867,26740,659.3666554847366,1228.4265270506107,782.748789955432,1264.1595113438045,853.8738518554017,1426.730565943655,941.491621539592,1493.3162054350535
60,At most primary school,p50,2018-2019,26467,29303,1114.4882306268182,1034.8213834760945,1119.2148713492272,1145.7622427737774,1184.6581907028879,1166.8820939835512,1419.0884875505346,1278.4338122376548
61,At most primary school,p50,2018-2019,25581,16160,687.7774520151675,860.3225660066006,713.601305656542,894.4345709570956,935.2003440053164,1048.2841584158416,1420.979828779172,1677.904620462046
62,At most primary school,p50,2018-2019,25651,31218,830.1558223850922,817.9055139129134,851.9970761373826,823.9404937322485,962.2767923277845,1007.3517468554465,1079.7608410328382,1007.3517468554465
17,Secondary school or above,p50,2018-2019,4594,28143,120.33086634740967,255.75986923924245,120.33086634740967,295.20004974594036,120.33086634740967,302.1014106527378,120.33086634740967,302.1014106527378
18,Secondary school or above,p50,2018-2019,20255,35546,288.31202172303136,273.2301806110392,290.73364601333003,296.8936026557137,313.37694396445323,296.8936026557137,313.37694396445323,296.8936026557137
19,Secondary school or above,p50,2018-2019,25435,45491,455.7677413013564,522.8400782572377,519.3710438372322,566.724802708228,539.3824454491842,572.3121716383461,557.821604088854,588.5131784308984
20,Secondary school or above,p50,2018-2019,31466,48283,352.75154134621494,550.8148485664382,391.47587872624416,597.6670532761703,403.2880993241382,605.6237530117571,403.2880993241382,605.6237530117571
21,Secondary school or above,p50,2018-2019,35542,47186,417.1024234239304,792.5412551745574,527.8387353928686,860.5258268695517,559.7849773976329,893.2401559784681,574.2561195205673,893.2401559784681
22,Secondary school or above,p50,2018-2019,26826,51190,738.1795024727254,551.0673178355147,785.6707423146698,569.4595819495995,819.7701235120156,621.4218141564107,838.9430651855165,696.0913459660089
23,Secondary school or above,p50,2018-2019,43422,32159,518.8474966606789,964.5227359888886,622.1002256920455,1019.707909657224,655.3683463067875,1065.9313618789972,655.3683463067875,1122.4318749546524
24,Secondary school or above,p50,2018-2019,32735,34004,692.7029580978565,917.4376347880641,760.9360419530574,944.4697486570207,784.3409653276309,965.5723640356036,784.3409653276309,965.5723640356036
25,Secondary school or above,p50,2018-2019,37844,30429,990.4658158052356,807.7968056787932,1111.1858771095374,841.2911696079398,1172.366028960998,841.2911696079398,1172.366028960998,945.9336707307722
26,Secondary school or above,p50,2018-2019,30395,35782,1100.7557164007237,1104.3862463435992,1274.886987991446,1135.7299387028859,1276.4587925645665,1261.7512436420548,1310.6387563744036,1261.7512436420548
27,Secondary school or above,p50,2018-2019,22874,35899,861.3699688146659,1368.389156615319,904.2723907784675,1415.6077420912377,910.6930721925913,1445.5461804878503,913.5717408411297,1445.5461804878503
28,Secondary school or above,p50,2018-2019,30055,29149,929.2952365108412,1448.3246194838016,944.1017578883158,1533.6627099843333,997.0183552376199,1704.379715713518,1013.0046026728775,1715.4323533111485
29,Secondary school or above,p50,2018-2019,12586,23824,1164.736267810795,1294.7827680770092,1209.9166269399861,1311.1968882919186,1288.8726097780602,1363.4320293261696,1382.0237300704487,1363.4320293261696
30,Secondary school or above,p50,2018-2019,20710,20088,1118.8659262835988,1213.897351652728,1246.1474328021889,1275.665571485464,1288.5678416224046,1275.665571485464,1506.9631417994526,1275.665571485464
31,Secondary school or above,p50,2018-2019,17995,19486,1150.9839770306567,1743.185740189538,1180.5988700564972,1789.9218584282735,1261.0464017782717,1871.212870779021,1261.0464017782717,1896.307810735913
32,Secondary school or above,p50,2018-2019,16780,29986,1178.9694278903457,1492.910902865782,1198.017103694875,1511.2011049600926,1198.017103694875,1666.2734720647416,1285.353218116806,1666.2734720647416
33,Secondary school or above,p50,2018-2019,14840,19348,929.9961590296496,1658.769140651919,963.7508760107817,1744.1784852870235,1121.6891060197663,1792.9936082971537,1121.6891060197663,1813.2541003376748
34,Secondary school or above,p50,2018-2019,16005,10310,1010.1996251171508,2453.436016812156,1082.4570446735395,2525.1333979954734,1131.8895136936374,2600.2061429033297,1175.7133187545558,2600.2061429033297
35,Secondary school or above,p50,2018-2019,13634,24264,1088.4563835509266,1923.6670513243214,1132.5538604469218,1961.5091218815255,1216.2050266490637,2097.825612704693,1227.431861522664,2097.825612704693
36,Secondary school or above,p50,2018-2019,11209,18545,1527.9354982603265,1573.7408465893773,1574.255419751985,1595.339552440011,1962.0861064025933,1613.6086276624428,1962.0861064025933,1747.2295497438663
37,Secondary school or above,p50,2018-2019,9143,14752,1273.6740311349301,1782.694436912509,1295.0838528564657,1791.0255106652205,1356.4814612271682,1856.8470941793203,1356.4814612271682,1856.8470941793203
38,Secondary school or above,p50,2018-2019,10066,11933,1093.6338830386117,1797.4681974356827,1100.8313795615602,1821.6406603536414,1312.4745347373996,1857.138858627336,1376.8827736936219,1857.138858627336
39,Secondary school or above,p50,2018-2019,11956,10015,1704.5061057209768,1568.603161923781,1797.3297925727668,1611.5722083541355,1815.4378554700568,1846.3869861873857,1815.4378554700568,1846.3869861873857
40,Secondary school or above,p50,2018-2019,11098,11950,1275.947708295789,1854.9178242677824,1275.947708295789,1918.8282845188285,1314.663392803508,1950.1253556485356,1314.663392803508,2034.6386052998605
41,Secondary school or above,p50,2018-2019,10926,7643,883.0576911342973,1737.5005451611496,935.4830984196717,2101.8339221073747,954.154158276893,2412.6634393126606,1158.4954847763743,2412.6634393126606
42,Secondary school or above,p50,2018-2019,3544,16637,1200.1693002257337,1993.1510087956563,1226.7494356659142,2172.9791028029895,1226.7494356659142,2172.9791028029895,1226.7494356659142,2172.9791028029895
43,Secondary school or above,p50,2018-2019,12612,3790,1066.7193149381542,2167.3023746701847,1153.1417697431018,2167.3023746701847,1228.3082778306375,2938.48399296394,1228.3082778306375,2989.6713280562885
44,Secondary school or above,p50,2018-2019,5856,7179,1327.7185792349726,1765.084273575707,1570.3756830601092,1776.8198913497702,1672.3224043715845,2114.671031248549,1689.2486338797814,2114.671031248549
45,Secondary school or above,p50,2018-2019,5063,7791,1376.6407268417934,1741.9941813203268,1417.1108038712225,1792.135369871219,1482.840937520574,1792.135369871219,1482.840937520574,1867.7054721259572
46,Secondary school or above,p50,2018-2019,2792,6314,1932.0916905444126,1415.4714391299756,1934.9749283667622,1475.9481575335233,2121.8660458452723,1610.0644731284974,2121.8660458452723,1610.0644731284974
47,Secondary school or above,p50,2018-2019,3231,6355,664.9476942123182,2232.970102281668,790.6301454658001,2394.874114870181,1012.9108635097493,2653.7254130605825,1012.9108635097493,2703.7018095987414
48,Secondary school or above,p50,2018-2019,3720,6172,1286.353584229391,2105.6525437459495,1437.2084229390682,2105.6525437459495,1437.2084229390682,2105.6525437459495,1437.2084229390682,2105.6525437459495
49,Secondary school or above,p50,2018-2019,1904,5489,2668.27731092437,1254.1523046092184,2773.8445378151264,1254.1523046092184,2773.8445378151264,1316.5316086718892,2913.511904761905,1316.5316086718892
50,Secondary school or above,p50,2018-2019,2925,6189,1449.4700854700855,1765.7329670921529,1516.1367521367522,1765.7329670921529,1525.054131054131,2780.436473312867,1525.054131054131,2780.436473312867
51,Secondary school or above,p50,2018-2019,2105,5531,1780.7205067300079,890.3498463207377,1780.7205067300079,890.3498463207377,2653.1670625494853,890.3498463207377,2653.1670625494853,1096.2619779425058
52,Secondary school or above,p50,2018-2019,3634,5590,1685.006329113924,1732.9772808586763,1706.594111172262,1917.2706618962434,1778.2873784626674,1917.2706618962434,2172.600348559897,1917.2706618962434
53,Secondary school or above,p50,2018-2019,4083,805,1712.5349008082292,1800,2023.2427136909134,1800,2114.0827822679403,1800,2114.0827822679403,1800
54,Secondary school or above,p50,2018-2019,2337,4398,768.9238339751819,1312.6793997271486,768.9238339751819,1312.6793997271486,768.9238339751819,2995.8535698044566,768.9238339751819,2995.8535698044566
55,Secondary school or above,p50,2018-2019,1708,2655,1212.936768149883,1848.1920903954801,1212.936768149883,1848.1920903954801,1655.559718969555,1848.1920903954801,1655.559718969555,1848.1920903954801
56,Secondary school or above,p50,2018-2019,2737,2732,1548.106686152722,1481.5300146412885,1548.106686152722,1481.5300146412885,1595.6770186335405,1481.5300146412885,1595.6770186335405,1481.5300146412885
57,Secondary school or above,p50,2018-2019,1854,5195,2069.1639697950377,899.3412897016362,2069.1639697950377,899.3412897016362,2069.1639697950377,1179.4182868142445,2164.902912621359,1179.4182868142445
58,Secondary school or above,p50,2018-2019,1088,3536,262.03492647058823,1121.370757918552,333.72610294117646,1121.370757918552,2671.5845588235297,1121.370757918552,2671.5845588235297,1121.370757918552
59,Secondary school or above,p50,2018-2019,3211,901,324.4450327000934,1488.978912319645,324.4450327000934,1488.978912319645,324.4450327000934,3599.2267850536437,324.4450327000934,3599.2267850536437
60,Secondary school or above,p50,2018-2019,1265,1291,420.88458498023715,2278.853601859024,420.88458498023715,2557.707203718048,420.88458498023715,2771.4949651433,420.88458498023715,2864.4461657629745
61,Secondary school or above,p50,2018-2019,1465,3198,842.7303754266212,1243.0456535334583,842.7303754266212,1243.0456535334583,949.5563139931742,1484.5507608922242,949.5563139931742,1484.5507608922242
62,Secondary school or above,p50,2018-2019,1237,331,186.33791430881163,1000,566.1115602263541,1000,566.1115602263541,1000,566.1115602263541,1000
