education,age,n,weights_total,n_eff,avg_labor_income,avg_add_labor_income,avg_no_labor_income,avg_remittances,se_y1,se_y2,se_y3,se_y4,year,sample
At most primary school,14,79,61712,62.958559481827464,460.45069570477915,152.4658737360643,5.182676518883416,0,61.31995257934092,114.36226753116458,114.52029373683328,114.52029373683328,2016,general
At most primary school,15,106,83070,84.20621728747427,550.6948958709522,56.10783676417479,1.5874964889049397,5.503791982665222,62.78796168087259,69.10488201260272,68.9869191582383,68.68435955696454,2016,general
At most primary school,16,107,82613,78.7193049414742,773.3615048479053,93.52561945456526,2.324089429024488,0,95.20097506986306,100.22373162587785,100.0338356442343,100.0338356442343,2016,general
At most primary school,17,106,89695,80.51807504346746,732.1126019659216,104.47416243937789,17.788988609547168,0.2274374268353866,78.79856660305364,90.28498113581074,93.05394459562778,93.03459397420872,2016,general
At most primary school,18,136,107855,107.25982754356188,946.5138534761177,114.36159658801168,144.30153137700307,4.122355631789595,78.43444584055833,81.27270671252066,139.73640905106723,139.82324250669055,2016,general
At most primary school,19,93,69687,70.61909976184432,937.8210833201794,97.4586364745218,12.286366180205777,1.6110130536063638,80.10807782445856,90.079786192861,89.01415779661005,89.06091013407969,2016,general
At most primary school,20,113,85123,90.71983160392328,1036.5577262706122,83.52742502026479,12.851696956169308,6.277668785169696,90.87417138012242,95.72918854637612,95.82388165410921,96.51951704293802,2016,general
At most primary school,21,85,63300,65.70603242211908,1137.883991574513,83.41137440758294,10.588072669826225,9.327277514481306,109.74765525903524,116.2971993249112,117.0442734645456,118.75349554800069,2016,general
At most primary school,22,104,85272,79.79442244940367,1131.4338411201802,159.97708509241016,26.69682506176314,92.51571441973918,101.75163642620758,110.65939332721288,111.58670719049431,132.1615013695248,2016,general
At most primary school,23,102,77861,74.410714297331,1415.953128010172,114.31165795456005,14.247889401197861,7.581887380502861,119.37741545409739,126.8782758400123,126.99898681319848,126.36173118959924,2016,general
At most primary school,24,108,74765,77.25215997448241,1354.1390802291623,200.7571724737511,23.761920684812413,0,184.35294480306064,200.99665095361064,201.70135439702284,201.70135439702284,2016,general
At most primary school,25,98,90436,26.995630564941823,1515.1688634319667,88.94218010526781,30.742200746015598,0,191.5909535403839,192.07821892081034,190.39865848246163,190.39865848246163,2016,general
At most primary school,26,66,45906,55.38011018728622,1478.2351308470934,118.43974643837407,23.5502984359343,0,136.97197312269768,142.7166206384536,147.23879187591572,147.23879187591572,2016,general
At most primary school,27,79,68508,27.539426821038976,1468.2428183569803,118.27941262334326,116.15735875128938,35.40097506860513,234.50658800337513,238.10685548903578,265.7605495583122,263.41395758328525,2016,general
At most primary school,28,99,68059,75.8668167407786,1436.1274090617453,89.41242157539781,61.29519975315535,0.7346566949264609,132.02626345175477,133.9765781681007,138.71922691890774,138.6734369668599,2016,general
At most primary school,29,82,64542,25.825066646166988,1710.0698614855444,100.16252982553996,94.82653414314194,0,238.95689655935504,252.23921121532766,306.45583467571385,306.45583467571385,2016,general
At most primary school,30,142,107123,56.60237059251954,1593.6931346831834,145.7646817210123,46.63142291260203,0,164.6709550421719,185.3270074580162,186.21527708072352,186.21527708072352,2016,general
At most primary school,31,96,74443,65.60951979437357,1409.536681308742,95.96770683610279,31.05037858943531,3.432156146313287,183.6764669388576,187.07303246639142,188.47344055847944,188.12071978110922,2016,general
At most primary school,32,128,89528,94.25488988685127,1678.8558905221457,63.06177955499955,169.20864329222886,65.89670270753284,201.77256563094838,205.71844610351587,293.4742539595049,298.74072391177435,2016,general
At most primary school,33,111,84392,83.07633979721282,1473.810473741587,81.23437055645086,39.75031203589598,70.18911745189118,113.60160094294251,117.21664785603299,121.67725682831373,128.64907779459355,2016,general
At most primary school,34,117,82980,77.80429127192848,1588.4622318630995,54.232236683538204,49.27058126456174,14.655238210010445,189.4236433954847,190.723853869282,188.11420282319838,188.98336457050306,2016,general
At most primary school,35,138,102771,53.19630569314252,2482.364525660611,58.527892109641826,34.84303613535595,28.96294998913442,1155.9785566566534,1156.0411632625792,1156.2750235338724,1156.4794061791172,2016,general
At most primary school,36,123,87038,90.89286718782677,1541.3167131980667,56.771754865690845,54.30594204064125,33.907603575449805,175.94407053244325,186.29727784335373,186.71804530244893,185.0230426813557,2016,general
At most primary school,37,122,98893,46.959501882934376,1692.580287954321,129.3186069792604,51.97754138311104,124.9866016806043,241.47216549989398,250.80435793809542,256.27101578578055,271.38205626270786,2016,general
At most primary school,38,145,107178,104.33354086586442,1946.727940124528,136.18172572729478,75.53821757574626,55.379679909434145,295.80685924789685,295.6604442550644,296.91110137575345,297.49343879689854,2016,general
At most primary school,39,109,77432,79.6850666506403,2081.1977035764717,53.070435995454076,156.78528687536593,153.25348693046803,417.882904154729,417.79375168376134,418.017665410324,426.61466421838065,2016,general
At most primary school,40,160,111989,114.47695010989034,2077.7388657219312,119.2242988150622,51.964664684329115,31.064033074676978,205.94801709280242,208.3870728779427,210.92887591855794,209.8849274374348,2016,general
At most primary school,41,87,60183,66.50120204535445,1714.3992544960092,106.5860791253344,153.36738226187904,47.91101584611379,360.0761370992818,362.096827582721,377.71872117894605,379.677878097061,2016,general
At most primary school,42,121,83258,85.1571021820918,1836.8799194471803,119.74050541689688,93.60892246590919,15.016815200941652,169.57548534889443,173.68902631842693,189.41423586064192,189.76687679648114,2016,general
At most primary school,43,87,63077,65.23388176500133,1556.310921572047,83.80281243559459,176.22910094012082,35.88788306355724,208.68559819887332,220.61820216146177,285.6931792710672,288.3712206196138,2016,general
At most primary school,44,101,73260,71.46707202549504,1611.2923218673218,52.005733005733006,51.83754208754209,33.08290108290109,162.08942072619547,163.0813766046813,166.0928949995596,166.3378101645092,2016,general
At most primary school,45,99,69258,64.46960910024485,1628.0858240203297,112.66915013428051,68.76556980180388,38.377515954835545,209.86985296866806,226.98605944571216,227.60744441709724,229.70807243809165,2016,general
At most primary school,46,91,65783,68.27664560301415,1297.0557958236425,96.72149339495006,89.82345996179357,33.73384207672702,128.9222529735431,132.39184666105677,153.86214384436934,154.01664426477544,2016,general
At most primary school,47,83,52365,58.45033696795242,2362.514866800344,50.71966007829657,170.77484324771635,11.888984372513447,336.1684654212378,336.29820293035107,353.88509971496813,355.5577590408682,2016,general
At most primary school,48,87,55396,66.26316075639306,1777.4045734349052,121.13798830240451,69.52517630635184,33.0986593496522,211.65846578594358,231.07947527214995,240.4594613565718,247.23115194261734,2016,general
At most primary school,49,65,45689,49.45425019570404,1760.3211440390467,109.24156799229574,362.0829959071111,24.222460548490883,188.84210997078006,195.92452019984407,266.9678789821725,264.77042836125065,2016,general
At most primary school,50,110,78455,83.00766379527315,1686.4754562063179,101.68548849659041,26.93682153251333,3.248316444671043,200.655071013892,205.8031047228374,206.76503778557304,206.8230665307884,2016,general
At most primary school,51,63,53833,18.341035117123816,2117.324692412956,64.0931770475359,75.04117672555248,42.023480021548124,407.8384412332798,426.29799709390574,417.1622375414551,414.26357542763014,2016,general
At most primary school,52,92,58003,67.42158625500227,1687.3987538000908,44.82423322931572,109.49103207305369,128.52927147446397,193.30825977754935,194.8970708617833,204.01469431080181,233.63187040524696,2016,general
At most primary school,53,71,45148,50.57483380716336,1637.8072653642835,23.56006910605121,99.00900002953249,58.721685715129496,216.0325340491996,220.3109186833879,224.7701368692005,228.93207777421753,2016,general
At most primary school,54,71,49374,50.78442545766028,1884.31822079097,82.69660145015595,227.62349617207437,143.1433548021226,206.22255083407867,210.86941146699027,218.50539692776178,231.40400540680974,2016,general
At most primary school,55,83,60728,65.3050971263448,1648.7915459096298,103.93278224212884,68.8220672506916,31.962192069556053,225.61184940654272,232.88282015259566,237.3416182230647,236.54462071447725,2016,general
At most primary school,56,75,46890,57.19518406641146,1714.3029110684581,62.90168479419919,168.77123764839695,8.381886685149642,287.6468584659033,286.37417308365724,288.7597793772508,288.64662657303154,2016,general
At most primary school,57,58,50181,16.527561626324772,1725.5990381485688,72.72792491181922,164.3438153882944,112.60570069681089,644.8108336467026,648.6926108649202,652.0769251577656,715.2356668126728,2016,general
At most primary school,58,68,43242,51.611829322715394,1740.2805547847001,96.89977336848435,154.34014769591292,95.02166103942155,255.18880582378463,268.22793265220776,269.9009873814849,262.75918229642383,2016,general
At most primary school,59,53,36473,34.6737984360505,1474.3929893345762,58.98500260466646,99.46851095330793,0,226.62237303133304,227.25853700131458,225.32006161293668,225.32006161293668,2016,general
At most primary school,60,89,58759,66.63096955332094,1863.7740105061919,21.604520158614,458.74690118393215,40.54783097057472,269.4888654539907,268.74350941469646,506.28971593331664,507.8534290353615,2016,general
Secondary school or above,14,23,14986,18.30505629260417,224.32733884959296,19.662351528092888,9.925930868810891,0,161.86073815289333,164.4033812357745,163.9703535646242,163.9703535646242,2016,general
Secondary school or above,15,46,28353,27.792181747812066,292.7515606814094,120.69551722921737,22.615184754111855,2.439483182261724,89.86852577483957,116.60814181792762,117.49661947207942,118.06563241796637,2016,general
Secondary school or above,16,66,59831,21.612038679838403,470.8387513719198,254.0497401012853,2.015326502983403,7.300563253163076,104.32031005733971,179.38701285714234,179.04369109084666,178.18992121217406,2016,general
Secondary school or above,17,79,52005,59.89954591629979,800.7545428324199,95.72152677627152,29.918212992340482,2.674742813191039,103.45121551589745,111.22396629782044,115.50168195371408,115.2949910205324,2016,general
Secondary school or above,18,125,85207,88.4143779453389,904.7676951424179,108.77483070639737,71.35661780526638,37.63384072513604,115.85034919918392,127.29873632186518,131.6013177406524,139.7869281168168,2016,general
Secondary school or above,19,151,103352,55.277604536167985,1354.3567024989034,80.29380176484248,32.67119488092473,28.13685269757721,173.6181050946223,178.32717127930889,176.47170465763162,181.34271065583104,2016,general
Secondary school or above,20,187,115640,130.0874814970375,1927.0869962815634,66.89981840193704,35.73548656750836,18.534244206157037,166.43908631210306,167.5873663166985,170.95727014833014,171.9958233980672,2016,general
Secondary school or above,21,171,111311,127.11270800661467,1770.7287719392814,94.8815930141675,41.29705659518527,0.6701943204175688,130.57613919472993,136.18068111440914,135.72479640848385,135.87631295806375,2016,general
Secondary school or above,22,219,131039,140.61150491864973,2370.9129794692167,109.63537572783675,29.927922221628677,31.990425242357873,178.26997016500283,180.9335441639974,181.41926057474703,184.8325970337264,2016,general
Secondary school or above,23,203,118852,139.1673377092626,2498.2450232221586,90.364571063171,51.79011151123526,20.95042573957527,131.23571262078315,132.53840856167625,134.53858499961265,136.77135503323493,2016,general
Secondary school or above,24,176,137363,42.136961617850474,2300.0650793881905,66.32968848962238,111.71062319062145,2.9174522979259336,270.1794268658342,275.33351933352725,277.8726955367051,278.4374543679538,2016,general
Secondary school or above,25,183,108502,126.84422264492075,2763.5325324264372,69.85869384896131,36.056171007600476,14.99580652891191,187.0213453289217,188.23280526250107,187.1992865651288,187.4893077963322,2016,general
Secondary school or above,26,136,68484,101.22742788056227,3346.288672049919,104.11331113836809,87.05330198781225,0,446.04842690785097,447.6900345070677,448.21866968908665,448.21866968908665,2016,general
Secondary school or above,27,140,93681,48.53580766689726,3327.5389691257205,154.1100116352302,179.50438189173897,0,397.2504106789079,401.0735557054025,498.1729837932952,498.1729837932952,2016,general
Secondary school or above,28,147,77707,111.12937926199729,3140.8558302340844,67.71680800957442,38.108632426937085,41.430201483349855,213.41862231137037,214.16739993342867,214.21856119949157,216.88102610251323,2016,general
Secondary school or above,29,134,79304,82.74339537496068,3446.543744115471,39.699510743468174,49.07199090419987,0,257.04808475615386,260.4673560259421,264.6647025507157,264.6647025507157,2016,general
Secondary school or above,30,184,96963,143.02108665118595,3916.896300650764,81.45189402143086,104.08927460302728,11.659688059706623,342.1159333754191,342.68265645147557,344.151462285052,344.28213176602554,2016,general
Secondary school or above,31,112,67958,76.19600864877678,3261.117987090065,81.23944200829925,73.39349303981871,15.599635068718914,244.0223604890904,248.48776396829595,249.64961658167906,247.5406698559649,2016,general
Secondary school or above,32,141,74492,98.15713219877918,3700.301409323596,65.20653224507329,140.98403184234547,140.30253808015178,283.71138662940587,284.2573830586921,302.639958135448,311.56866556827094,2016,general
Secondary school or above,33,95,66571,25.73164526303438,3539.08124158167,33.722641991257454,146.97703704816414,0,441.45964301633705,454.48254996845725,468.4249677869194,468.4249677869194,2016,general
Secondary school or above,34,117,60219,91.21663868913473,4259.098511267208,227.45977183281025,51.1203897441007,0,375.566675758815,419.65831034642275,421.78398288082013,421.78398288082013,2016,general
Secondary school or above,35,97,62588,56.5506791972532,4307.079212468844,29.130823800089473,122.316578257813,6.028844719967618,527.8918425252785,528.2644169018064,528.1798236315724,527.9701609309723,2016,general
Secondary school or above,36,98,53057,72.77616356033779,4028.8104020204687,60.069736321314814,267.1783804838821,4.921342455598067,360.69346961185335,362.0812789935693,387.1915459595369,386.89213058969904,2016,general
Secondary school or above,37,94,54525,63.85350046234566,4001.659061592542,84.07629527739569,142.99617912272657,17.96995873452545,400.06718076521287,402.39745829184307,415.3407157337707,414.9394847963526,2016,general
Secondary school or above,38,98,61196,67.48423958148477,4350.498790770638,139.26684750637295,53.34512604309649,64.46864718826939,507.3356429018787,514.0329461007639,513.0310019461203,510.97261420681406,2016,general
Secondary school or above,39,82,55244,51.25923214703271,4894.103775975672,49.76667149373688,322.3017884295127,457.3395602539039,521.1629229011997,521.9143296192733,546.7842716611668,659.8755405847179,2016,general
Secondary school or above,40,97,58693,65.25091544663782,4860.120315313014,32.414938749084214,82.54803241726725,194.38399809176562,639.8394135730226,638.1112466723936,633.472066559314,666.7515408175186,2016,general
Secondary school or above,41,61,35820,36.03598654447814,5890.8840871021775,83.60999441652707,210.3675786339103,99.95812395309883,1077.4223868381093,1076.1418763549395,1091.842450163886,1096.020407029597,2016,general
Secondary school or above,42,73,46552,15.155239908677297,5511.315990720055,59.30615225983846,312.9611330698287,18.735321074640545,961.7529775461425,962.1177170160503,1001.5623602937411,999.5342031679078,2016,general
Secondary school or above,43,68,42302,12.82096768006469,4436.793555860243,51.90487447402014,46.683371944588906,39.16836083400312,1129.8456130842333,1132.7432540061827,1131.7109327598794,1125.5576030220573,2016,general
Secondary school or above,44,47,28227,33.127839398462704,4424.778256043268,66.45605271548517,50.18244942785277,0,632.7260522595577,645.4454846654625,645.2410469675677,645.2410469675677,2016,general
Secondary school or above,45,69,42399,45.11809891187257,3981.229537646328,69.4065897780608,281.52157676674767,0,418.3686516091556,416.27059260184546,420.137982078264,420.137982078264,2016,general
Secondary school or above,46,52,32127,26.93216390828405,4404.092730932445,4.343698446789305,448.345628287733,12.839667569334205,594.2797475197955,593.8275013179774,680.9955143727755,682.444554716597,2016,general
Secondary school or above,47,48,22206,37.44717602160502,6916.912523642259,134.70323336035307,16.72746104656399,157.38674232189499,2204.928693710073,2207.4926871153893,2206.7731015846243,2199.9505969561947,2016,general
Secondary school or above,48,51,24875,36.26703474555017,5559.593031825795,76.4040201005025,317.8894472361809,85.11403685092127,668.172561923805,685.583575718451,746.6493265500493,739.0096669944894,2016,general
Secondary school or above,49,51,31655,33.26958322638176,4583.5117043121145,65.17453798767967,226.29679355552045,23.740325383035856,596.4368229682598,600.2869748008303,632.5768182965718,629.48320775935,2016,general
Secondary school or above,50,51,27890,30.549665488251733,3990.6310684833275,44.54732879168161,236.67598900442212,59.404804589458585,645.2639046036477,641.5351948428536,668.3989815982476,670.2546247443609,2016,general
Secondary school or above,51,36,20468,23.493290259396947,6409.583333333334,77.9314051201876,2182.959351182333,79.89056087551299,1846.092743244363,1885.409491580251,3282.282783174704,3273.9070272244376,2016,general
Secondary school or above,52,32,16450,22.181583684866382,6175.718561296859,72.76595744680851,366.97872340425533,72.81791286727457,2306.8182545276786,2302.925669943328,2274.6806973320754,2272.518499220771,2016,general
Secondary school or above,53,43,19645,32.937590419707895,5197.836141511835,20.69951641639094,155.46619156698057,46.28828370238398,693.6631304505805,693.243719174499,673.0431834839889,665.462537565286,2016,general
Secondary school or above,54,29,17164,22.368605174006447,4669.190738367125,164.8068632020508,112.76508972267537,16.954089955721276,952.1442123220917,942.6891609062876,928.2183754047672,924.9772156601774,2016,general
Secondary school or above,55,31,14596,23.18309339890315,4787.4411710971035,41.84708139216224,999.3491367497944,77.82954234036723,862.5753475020654,856.2403698147338,1129.3314913714169,1123.4495412152992,2016,general
Secondary school or above,56,33,14944,22.597399170185614,4631.683061206281,16.14259903640257,1162.399937544611,9.078336902212705,896.6408750911513,894.9490595452648,1158.154193876239,1157.3506866244827,2016,general
Secondary school or above,57,25,11534,20.23504462920841,4379.344835558639,71.95075429165944,239.2072712559968,6.615224553494017,569.3289918648052,569.2530342476491,590.0297013922566,591.4621467458039,2016,general
Secondary school or above,58,19,11305,15.094491880997277,4176.3105410585285,79.57098628925255,1019.2958867757629,0,1055.4012005675395,1059.9632467752654,1236.8509843731993,1236.8509843731993,2016,general
Secondary school or above,59,20,10137,15.62087235621245,6851.065371082832,99.70997336490086,808.4870606030712,75.59633027522936,2532.8073666947294,2526.101564397519,3222.885642993889,3216.2147591148096,2016,general
Secondary school or above,60,21,9293,16.784177949912863,6048.245453567201,0,797.6143333692027,372.5298611858388,2532.0026986556195,2532.0026986556195,2569.578468833869,2613.699038413145,2016,general
At most primary school,14,58,46027,46.26552674954017,498.52108544984463,177.85417255089405,6.299201193502365,0,73.82172930477572,146.81578334435076,146.829540334325,146.829540334325,2016,males
At most primary school,15,73,55037,59.64955459925532,625.2596435125461,45.548957973726765,2.3960850579307253,8.307138833875394,76.33589097936014,84.11041050500485,83.87143084577818,83.22538881043033,2016,males
At most primary school,16,75,61509,54.20402640454012,875.877578890894,65.93509892861208,3.1214944154513975,0,124.19470058133196,127.89808525472081,127.57143611828859,127.57143611828859,2016,males
At most primary school,17,80,66871,61.84324524385803,853.6055963471958,73.83245352993076,20.530823027420954,0.30506497584902276,93.51915682185681,103.80142578129067,106.90476722941314,106.87084666810742,2016,males
At most primary school,18,87,70115,68.21976133319436,1048.1677054363072,71.24181701490409,217.27008010649172,5.490979105754831,94.42010375437098,99.00600608852918,201.71748639666018,201.86345104224634,2016,males
At most primary school,19,70,52442,57.0306403903335,1038.6109002962003,68.48804393425117,7.787651119331834,2.1407777481153785,95.85586765049109,107.31895822655483,106.80311429747198,106.84328191134719,2016,males
At most primary school,20,78,56589,61.09440377830773,1181.4926929261871,78.27634345897613,8.01878456943929,3.0974217604128014,104.25666454747628,112.47170816229477,111.61042863064961,111.59658549507662,2016,males
At most primary school,21,64,50185,49.839218017959325,1256.1420079040881,80.15124041048122,7.446946298694829,10.444687987778552,127.67942562544398,136.07013834118658,136.8128415157024,139.04313667415417,2016,males
At most primary school,22,73,62531,56.820054330719174,1284.338778632465,120.61914890214453,12.875080626675835,0,125.97305145653536,137.9526194288434,137.2027316615267,137.2027316615267,2016,males
At most primary school,23,71,53786,55.111191249277944,1665.9265081371857,97.87398207712044,15.678892586670631,0,139.62234453637043,140.2528680947417,140.34968323528147,140.34968323528147,2016,males
At most primary school,24,69,50285,51.297634795497196,1522.5481488846906,171.71721189221438,34.28815750223725,0,159.7212987728692,174.65295369124,175.96474885599596,175.96474885599596,2016,males
At most primary school,25,60,51791,17.140356116445684,1715.4716971417172,59.91678090787975,41.63986020737194,0,236.65626095844704,230.46208521157078,225.77613534921082,225.77613534921082,2016,males
At most primary school,26,49,35642,40.91157948217336,1621.9738651029684,126.39512373043038,22.796139386117503,0,152.68343314153338,159.95122312462834,166.6785688053273,166.6785688053273,2016,males
At most primary school,27,50,36341,40.95660709637786,1608.978481604799,25.498747970611706,206.6937710391385,0,224.50876845285052,224.953071260823,259.6998824832225,259.6998824832225,2016,males
At most primary school,28,61,43408,46.51703036475437,1639.8316055412213,71.81441208993733,72.20305012900847,0,168.4496457181117,170.4047771103537,179.87765020527527,179.87765020527527,2016,males
At most primary school,29,56,50815,16.951605836341106,1939.3737544688247,120.7997638492571,113.4388303978484,0,295.1182701890328,311.9904104067774,392.93269371041475,392.93269371041475,2016,males
At most primary school,30,89,74205,31.158050200895783,1808.7478337039283,126.3263931001954,43.17091727870989,0,224.61369323390915,257.67743218530165,257.10986646621836,257.10986646621836,2016,males
At most primary school,31,58,46547,40.35669168378492,1805.5814374001907,107.31250134272885,31.356120337150262,5.489075558038112,246.97282862435912,251.5204565384052,251.7579872083135,250.83724675260575,2016,males
At most primary school,32,80,60463,60.73606871401164,1800.4400652740796,65.834477283628,215.4698424380751,1.412985351923215,272.4328884478853,278.4269201898785,421.6065688996946,421.7459202572812,2016,males
At most primary school,33,66,51174,50.098396991040985,1767.232579044046,87.50031265877203,53.136928257839266,21.370227068433188,146.9324782408103,153.43101767478828,161.479361776814,160.04858762730944,2016,males
At most primary school,34,81,57245,56.09293086387433,1837.4582234256268,48.14350598305529,39.19858211779777,2.317524092351588,237.57374351267921,237.48936884579405,234.7798312948232,234.99605811708852,2016,males
At most primary school,35,76,60929,23.286547991477132,3230.901278537314,86.99092386220026,44.226673669352856,24.98401965128811,2274.586061631096,2273.5119867500366,2273.7390793100276,2273.3556472424943,2016,males
At most primary school,36,73,52869,53.895948774757684,1674.5197012111696,74.37893661692107,52.15622103690253,34.613856891562165,232.0776268396539,253.40259122666123,254.39940664668757,251.36832585778035,2016,males
At most primary school,37,75,59454,56.85943147744617,2014.702550150817,156.80904564873683,67.49572498626388,1.1975645036498805,185.52482526675286,195.90040200381424,202.1917534611771,202.06702387528762,2016,males
At most primary school,38,95,70089,73.33417838245974,2300.672009873161,147.33289103853673,76.56624791336729,26.109660574412533,425.0814665053826,423.8421600780581,424.94533305923164,423.4855314980365,2016,males
At most primary school,39,56,40055,46.90090037339699,2740.4061665210334,89.07127699413307,231.30441476303417,134.61415553613782,717.4439869677003,715.8483960210195,712.6132550817601,728.7093568806805,2016,males
At most primary school,40,105,76922,73.57403058190887,2325.6128545799647,123.73742232391254,25.516486397476232,33.98091573282026,274.81414921218123,278.36860409585637,278.53319899964504,276.92607064223137,2016,males
At most primary school,41,44,32782,35.756038080433655,2122.89241046916,60.506985540845584,76.39606593049031,73.09993289000062,626.5277907176103,627.2084955738704,630.4408889987951,630.3724569402193,2016,males
At most primary school,42,78,57139,53.517359575679166,1856.9289262441882,116.11850049878367,121.27779041751985,0,216.25651021531513,223.7891802483221,251.2456068510319,251.2456068510319,2016,males
At most primary school,43,50,36361,38.05197992296194,1952.9993766214716,103.7740986221501,52.70074163710202,0,310.11190239856694,327.6618835533692,329.79128050384236,329.79128050384236,2016,males
At most primary school,44,62,46950,42.5191840523246,1905.960678026269,54.55676251331204,14.235001774937876,0,225.05720119417617,226.26090813311077,225.5611599840535,225.5611599840535,2016,males
At most primary school,45,53,41369,34.150119981789466,1765.665506377561,135.5298653581184,96.42725631914396,0,239.7584432691199,282.41137633502717,281.52493426276266,281.52493426276266,2016,males
At most primary school,46,54,39959,44.1032740359925,1397.6594113132628,60.199204184288895,113.41516721306006,55.534756458703505,170.9442919215354,175.0107822678423,213.1506036644117,212.84125329172002,2016,males
At most primary school,47,46,34673,33.89396472353873,2858.756650227362,58.92957055922476,121.9804458800796,6.966996414116651,501.9913113860055,501.1137050856333,524.6544957785977,524.8587654571894,2016,males
At most primary school,48,54,36956,43.667960216267595,2038.4771011473103,119.29375473536096,84.21952231482483,49.61395533427138,274.28367398894096,300.531912697055,308.9935390903818,319.9884511610909,2016,males
At most primary school,49,42,30522,31.95189164201602,1989.1635050127777,112.93126269576044,354.5759342987572,0,243.32454519831916,255.08633865920987,353.8468086834974,353.8468086834974,2016,males
At most primary school,50,70,51307,51.62388818713471,1892.8257791334515,90.46592082951643,18.778464277129178,4.967093509007868,273.4705903492295,274.7148162085685,274.6540263290809,274.69514974430786,2016,males
At most primary school,51,38,37691,9.758754700364172,2652.3132887603583,77.92576477143085,23.660555570295298,15.321960149637844,576.1335201544412,608.3775370903643,604.6380524278036,600.9188193035984,2016,males
At most primary school,52,65,43315,47.23938267878851,1770.8026068721383,51.87025279926122,140.40190080418637,172.11320173919734,217.1658525118428,219.74208744102302,234.70339366726924,280.9859517724747,2016,males
At most primary school,53,42,25907,31.770723845822967,1814.2857689684897,12.442969081715367,142.4470220403752,44.08075037634616,242.95719475454416,246.48906410275876,251.5438631109209,258.40781286720244,2016,males
At most primary school,54,51,36515,36.115965806033586,1842.6367702770551,107.78753936738326,295.487676297412,170.90948925099275,226.1456963727187,234.06338378416334,249.00281602734623,260.28559148258944,2016,males
At most primary school,55,50,38990,38.90582412128179,1815.1567410447121,31.865350089766608,47.52893476959904,49.78199538343165,321.7036981815327,323.7280551577344,322.14680252794767,320.2584273210573,2016,males
At most primary school,56,44,27552,33.01907540654627,2214.9500520228416,33.742740998838556,169.1038763066202,14.264905149051492,459.4330263073171,458.7986952641915,459.0931949558902,458.41944573878493,2016,males
At most primary school,57,43,30599,34.502787624660044,1763.9377757443053,43.791627177358734,40.95570661350589,184.66834428140353,548.4428520171305,547.1984591906943,548.4217016786527,606.0229262988048,2016,males
At most primary school,58,45,31915,34.5022024908167,1990.0328607237975,116.37913206955977,172.377460964019,114.67961773460755,329.485073121501,348.00621305333874,348.73908388861275,336.4990315654314,2016,males
At most primary school,59,35,25067,20.981310922708623,1716.1388877807476,40.96461483224957,131.381830028856,0,299.64073299254295,296.5141738359121,289.72181359476946,289.72181359476946,2016,males
At most primary school,60,61,42621,45.41274535055819,1751.868048223489,11.545482273996386,77.78911804040261,48.71815927985422,200.3847591744449,200.8150322531247,202.57400471034958,213.96784085842285,2016,males
Secondary school or above,14,10,6892,7.861126833475993,414.88239988392337,15.36564132327336,21.582994776552525,0,361.0589980283483,363.7005620660823,360.9567459899577,360.9567459899577,2016,males
Secondary school or above,15,27,13426,21.889216137481647,362.07619544168034,3.307016237151795,14.876607577337506,0,128.01258254892628,127.78516349926825,128.23842206769484,128.23842206769484,2016,males
Secondary school or above,16,47,35569,38.716389146737264,399.5699438649761,13.926452810031208,0,12.280356490202143,80.22980473608008,82.62453127844616,82.62453127844616,82.15172831187729,2016,males
Secondary school or above,17,59,37855,43.8743780704197,825.0220578523313,63.974587240787216,19.716461938097122,3.674547615902787,124.16320364443766,132.24259709433377,135.44757773854482,135.1257245017801,2016,males
Secondary school or above,18,81,54210,54.40301680553851,1066.696452069114,88.21176904630143,42.77408842157044,15.34157289552973,164.3238270097623,179.06963282867216,177.94802026088877,181.91621148496637,2016,males
Secondary school or above,19,111,66146,82.84830683425632,1558.7945882341082,74.4608139570042,25.868029308902525,27.817252743930094,138.1355819741551,142.9115303973724,140.84014436418602,146.8114254648515,2016,males
Secondary school or above,20,121,75825,90.57683203364763,1873.0375162105724,70.4958786679855,30.742740960545117,18.81305637982196,141.75101329168066,146.8166564964459,149.1078514964514,149.67485414516977,2016,males
Secondary school or above,21,107,71374,80.22958902809968,1931.394700217633,84.01567797797517,45.199699236883646,1.0451985316782022,162.3915587648848,168.97562723409422,165.13216033985924,165.42891368061282,2016,males
Secondary school or above,22,137,84539,87.71054133716348,2556.6476567028235,128.55155608653993,20.511539052981465,44.58683763312396,249.4430181727783,254.13973798454626,255.34496433084723,261.1760402494063,2016,males
Secondary school or above,23,113,65610,85.42361154327793,2672.7362673372963,101.74927602499619,66.16204338769496,26.56607224508459,166.63462942621797,171.9723527228965,172.63370795212265,177.32396919142934,2016,males
Secondary school or above,24,119,92825,29.10806530613938,2738.0349923691533,62.23145704282251,123.50451207469253,4.317263668192836,323.17302907729555,332.8827573365915,334.08757358459326,334.89971896059205,2016,males
Secondary school or above,25,115,68016,79.23710177551145,3024.08078246295,85.62203011056222,20.65445385399514,12.284977064220184,236.54044587866716,239.44988946266906,239.29017862936016,239.32010211179562,2016,males
Secondary school or above,26,79,41467,61.51878413405398,3901.444465880499,139.8524127619553,98.69112788482408,0,712.2000929530312,713.2345256625321,713.2723032715484,713.2723032715484,2016,males
Secondary school or above,27,92,67150,28.013479876859343,3603.098389178456,181.89024571854057,209.97803425167535,0,558.5656783950259,560.7453496689593,725.6138066693333,725.6138066693333,2016,males
Secondary school or above,28,87,45657,63.84860957645687,3546.642238138,67.22912149287076,40.61250191646407,34.761007804571776,301.4713182352849,305.0733845343739,305.38592581363673,313.1176775634206,2016,males
Secondary school or above,29,90,55477,52.62399626062751,3464.4770114942526,56.75018476125241,68.03910028780696,0,338.00210039545897,343.7914980608003,350.7077998213171,350.7077998213171,2016,males
Secondary school or above,30,116,64547,90.67627454132779,3680.403965327591,96.88676468309913,105.99666392964299,17.515273108484255,304.70783913075576,306.79824428856006,313.2518531710881,313.72790887539287,2016,males
Secondary school or above,31,70,43485,43.363956871357885,3620.953842321107,91.44739565367368,69.80088919550802,0,335.7153411543395,343.1215768340532,347.45038399420156,347.45038399420156,2016,males
Secondary school or above,32,84,44597,53.10493954186889,4127.1586224036,97.85108863824921,203.42472587842227,5.129268784895845,387.9971037728723,388.3051542239455,427.82923457924926,427.70128315712503,2016,males
Secondary school or above,33,50,40951,11.555738624566692,3795.19960033536,45.49949940172401,176.24416986154185,0,585.2707784717591,617.3960178179977,650.3516834796268,650.3516834796268,2016,males
Secondary school or above,34,77,40353,60.74943952723344,4882.589206502615,218.7941416995019,30.719370307040368,0,502.6347768889211,569.3680953567474,573.7617496349645,573.7617496349645,2016,males
Secondary school or above,35,58,31656,43.176401103479556,4808.741526093,43.831817033105885,160.63568781063094,0,781.7885688674377,781.8241974214798,778.7226131329597,778.7226131329597,2016,males
Secondary school or above,36,52,30044,40.77950085426962,4364.555574046954,87.84516043136733,299.64773887187675,0,408.18448283599696,410.6572622110023,470.4754740229932,470.4754740229932,2016,males
Secondary school or above,37,56,34641,38.45448342041413,4589.824124592246,89.26705349152738,117.99000221317708,8.616956785312203,484.9350427118232,488.6145191850286,514.6689025577356,513.1349688167162,2016,males
Secondary school or above,38,52,33746,37.013399341646,5093.754578320393,191.86019083743258,34.90117347241154,63.1079239020921,785.1128669561253,800.0159765124536,796.7664040391422,795.7141616997454,2016,males
Secondary school or above,39,45,28838,26.74679190073815,5231.419851122361,78.43158332755392,296.8035231292045,407.11098781700076,690.4835136354399,693.6369756455416,743.6424792101986,1002.9007763967402,2016,males
Secondary school or above,40,58,34309,38.86742287774604,5239.644447035278,36.60205776909849,21.58471538080387,330.08831501938266,824.6556162741571,822.1508365547927,823.0204380940676,892.5880191878921,2016,males
Secondary school or above,41,43,26687,24.02588174253737,5966.711170232697,112.22355453966351,220.47688637413972,47.43882789373103,1431.7786204059503,1429.503200391701,1452.9364714132485,1455.3123008118716,2016,males
Secondary school or above,42,40,30356,7.023240561455764,6007.758471691483,18.997891685334036,209.7531514911934,15.664119119778627,1312.7960320196833,1309.2880964646265,1389.726771808814,1385.2389640450301,2016,males
Secondary school or above,43,38,17861,23.050251615011653,5909.4647556127875,116.0786070208835,26.53826773416942,0,1050.4541312923411,1047.8324667194997,1046.6386110806127,1046.6386110806127,2016,males
Secondary school or above,44,29,16341,20.93117242519956,4689.7854578463175,15.272933113028579,86.68380148093752,0,772.9122474622158,773.0026611816123,771.2196470662929,771.2196470662929,2016,males
Secondary school or above,45,37,21523,23.334348448708027,5061.222599080053,89.63666775077824,441.4502315352569,0,601.9783116711515,596.6089276300856,591.8941637786314,591.8941637786314,2016,males
Secondary school or above,46,33,21873,16.378458766042645,4525.931483259422,0.7109221414529329,546.0880232859384,0,850.2958866229125,850.268632481576,996.8915933869627,996.8915933869627,2016,males
Secondary school or above,47,31,13760,23.171378835674243,9128.079093992248,212.34883720930233,3.6155523255813953,22.52906976744186,3486.900734353279,3485.3389307431453,3485.5061681500224,3484.3966264017754,2016,males
Secondary school or above,48,32,15361,22.126311755332612,5972.1693466137185,56.24633812902806,427.272530000217,57.08178721003407,1020.2740588414855,1051.853230244951,1145.6742728113625,1133.669012987521,2016,males
Secondary school or above,49,26,15408,16.245984052817857,4913.800752855658,120.48286604361371,404.0038724472136,0,1099.6565713247996,1107.5259427581998,1177.8321432706198,1177.8321432706198,2016,males
Secondary school or above,50,28,15996,14.797894177990887,4344.376906726681,28.38459614903726,306.8648412103026,16.53538384596149,918.04382711735,919.2774695779028,993.8859419043205,995.3162909006827,2016,males
Secondary school or above,51,17,11249,10.354542934980197,7949.148961389161,141.79927104631523,2884.4660562420363,0,3668.9844447749288,3749.0909946903425,6636.621306595155,6636.621306595155,2016,males
Secondary school or above,52,18,11564,13.167732844669782,7066.736524270726,90.59149083362158,509.6679349705984,103.5848034128906,3510.664644541839,3503.8461224766647,3447.6219399352394,3441.450934788846,2016,males
Secondary school or above,53,28,13108,20.315469038535618,5367.12516529346,18.579646017699115,160.93988404028073,69.37239344929304,885.4866591018865,885.4598663611506,860.5761348072483,845.058579322269,2016,males
Secondary school or above,54,17,10847,13.668415819419591,5500.32380688977,205.96662671706463,81.4971881626256,0,1374.0632561551358,1353.1962565413262,1341.6724218733364,1341.6724218733364,2016,males
Secondary school or above,55,18,7510,12.11888953350953,3981.465335108744,35.15312916111851,216.04527296937417,32.62316910785619,734.9329371684373,732.3370270579487,654.2072728739017,686.4413074951718,2016,males
Secondary school or above,56,20,9906,13.440527732905482,4411.775859748301,5.236725217040178,1561.1553267380039,0,1218.1635901808713,1218.1111014612356,1659.326045018061,1659.326045018061,2016,males
Secondary school or above,57,18,8031,14.196800924838595,4103.260947163077,97.4075457601793,148.8834931307849,9.500684846220894,699.5852150470672,703.4852673847633,671.0943762094544,674.0914456224106,2016,males
Secondary school or above,58,15,9506,11.808269758040595,4463.713163615962,94.62970755312435,1074.952661476962,0,1279.063682408299,1282.889567153417,1477.1743320146938,1477.1743320146938,2016,males
Secondary school or above,59,15,8662,12.504778066327274,7397.916147156161,116.68898637728007,938.216732086508,86.758254444701,3014.889135096795,3004.6359919522524,3858.9451808291633,3849.5611441321594,2016,males
Secondary school or above,60,17,7059,13.878458475180752,7250.17873164282,0,1050.0396656750247,490.4264060065165,3124.0112881181217,3124.0112881181217,3138.816570931986,3178.978468145587,2016,males
At most primary school,14,21,15685,16.735524681303303,348.73467219211557,77.96493465094039,1.9062798852406757,0,105.76220586398473,133.0659770722828,134.63988963560783,134.63988963560783,2016,females
At most primary school,15,33,28033,25.213337908112205,404.3024292797774,76.83801234259623,0,0,105.34607435888918,118.32759928639616,118.32759928639616,118.32759928639616,2016,females
At most primary school,16,32,21104,26.35246938642924,474.5716451857468,173.94001137225172,0,0,98.43820514859418,134.02291447574498,134.02291447574498,134.02291447574498,2016,females
At most primary school,17,26,22824,18.867381751218783,376.1558009113214,194.24991237294077,9.755812594929314,0,108.75912452540194,172.47314868813032,178.25830558745017,178.25830558745017,2016,females
At most primary school,18,49,37740,39.139454315984594,757.656942236354,194.47138314785374,8.737413884472709,1.579667903197315,135.47264631242487,141.48884585108618,140.8173983686742,140.63983301203308,2016,females
At most primary school,19,23,17245,14.475306095578677,631.3195129022905,185.55813279211367,25.96694694114236,0,92.36226100068146,138.1020594271168,130.5956454574526,130.5956454574526,2016,females
At most primary school,20,35,28534,29.654746552708172,749.1208149342305,93.94143828415224,22.43639167309175,12.58477605663419,166.10520113899284,170.16654480651496,173.78933949439488,177.87741645000585,2016,females
At most primary school,21,21,13115,16.46138571069408,685.365611894777,95.88638963019443,22.60770110560427,5.051467784979032,171.86489649811526,183.30553480266423,188.4769325576858,189.54623581804964,2016,females
At most primary school,22,31,22741,23.180697288611924,710.9906483150844,268.19972736467173,64.70251967811441,346.9064684930302,131.26197381951934,159.4657318852341,175.99044413563885,319.9595664864372,2016,females
At most primary school,23,31,24075,20.001163790031917,857.4871581862236,151.0350986500519,11.050882658359294,24.520595361716854,173.9986340199599,235.0631592071315,234.96772109024258,233.50684329494598,2016,females
At most primary school,24,39,24480,25.98117713161961,1008.2056644880175,260.40890522875816,2.139705882352941,0,451.8838933157609,495.56515379707633,495.54360306325736,495.54360306325736,2016,females
At most primary school,25,38,38645,10.196054286350526,1246.7283391555613,127.84124725061457,16.137447707767283,0,312.1004377601325,330.34449125355565,329.53456787401433,329.53456787401433,2016,females
At most primary school,26,17,10264,15.046727973511969,979.0987350610548,90.81449727201871,26.169134840218238,0,268.3122406279773,273.4851913966795,275.8073481016893,275.8073481016893,2016,females
At most primary school,27,29,32167,7.488323341516905,1309.2452513445457,223.09932539559176,13.87291323405975,75.39559175552586,347.91888959875405,375.4640014475921,372.7390127940375,362.33738776553207,2016,females
At most primary school,28,38,24651,29.57334400690054,1077.4242424242425,120.40079509959028,42.08754208754209,2.0283152813273295,198.59462314103044,206.15904783529385,204.54445270032318,204.43999069085427,2016,females
At most primary school,29,26,13727,20.988709814497216,861.2261722639081,23.767028484009614,25.92700517228819,0,174.233819430729,171.9971245527091,171.75796760789248,171.75796760789248,2016,females
At most primary school,30,53,32918,41.65787156918692,1108.9087024323064,189.58320675618202,54.43222553010511,0,167.2592447114215,186.88697957800136,192.68150058084206,192.68150058084206,2016,females
At most primary school,31,38,27896,25.28308029681059,748.70017206768,77.03789073702323,30.540220820189276,0,214.0704681338423,216.7147721061118,224.34452487082962,224.34452487082962,2016,females
At most primary school,32,48,29065,33.9990363023632,1425.9281782212283,57.29382418716669,72.97293422788005,200.0401399162796,268.37660292877723,271.0277037325708,273.29837964350776,323.82719831344855,2016,females
At most primary school,33,45,33218,32.98189025520239,1021.7789602022999,71.5813715455476,19.12755634495354,145.3970738756096,150.15342464162913,151.37767870857422,151.211256819672,196.92825896400427,2016,females
At most primary school,34,36,25735,22.018156387203057,1034.5949096561103,67.77602486885564,71.67476199727997,42.09928113464154,269.3133460328812,282.1510891903846,277.59098679960766,286.7663786637376,2016,females
At most primary school,35,62,41842,44.747370791307,1392.3689275528575,17.08092347402132,21.178879276006562,34.75694278476172,179.43641890604414,180.8189508400369,179.7631323435417,188.42427975745315,2016,females
At most primary school,36,50,34169,37.081799261699295,1335.2144341362052,29.528520003511954,57.63216170602983,32.814832157803856,268.97097272354216,268.5445333127757,268.3921682645143,267.37611525718,2016,females
At most primary school,37,47,39439,10.6468163509189,1206.9833667182231,87.8769745683207,28.583994692225126,311.59765714140826,596.2065796824999,607.0933308571616,612.7552255651212,707.5156862095108,2016,females
At most primary school,38,50,37089,31.90701853363871,1277.8615402590165,115.10879236431288,73.59549551978574,110.69274807445153,155.24111527815063,162.78657462406323,171.4221536193944,204.55593970884922,2016,females
At most primary school,39,53,37377,34.04568812291676,1374.7580486217014,14.490194504641892,76.92698718463227,173.2282954758274,256.93305471643106,256.4673019919018,257.3782820234637,263.5015201779244,2016,females
At most primary school,40,55,35067,42.209961362111294,1534.009348770449,109.32443607950495,109.98065607741371,24.6656400604557,266.07673530518343,267.7765080929671,287.87741930800536,286.7633051496404,2016,females
At most primary school,41,43,27401,30.758803704404546,1225.6863374816005,161.71417101565638,245.45430215442258,17.77550697663102,252.15530322425352,269.40905704788656,356.618458187982,364.8904605772653,2016,females
At most primary school,42,43,26119,33.44861978301613,1793.019886544916,127.66415253263908,33.07936751024159,47.868218538228874,268.4435046881622,268.3798794763769,269.61703009015525,272.09365047793165,2016,females
At most primary school,43,37,26716,27.194138839091334,1016.4101537156262,56.621500224584516,344.3536208015172,84.73199580775565,218.3886443407238,231.9735126882034,502.62752315748384,513.7688905528222,2016,females
At most primary school,44,39,26310,29.765863090190617,1085.458824274674,47.453439756746484,118.93899657924743,92.11909286709744,183.72221160169823,185.18634846752244,213.27680535784376,220.953652790122,2016,females
At most primary school,45,46,27889,32.023646762930476,1424.0077330369202,78.75882964609703,27.733754048788647,95.30460038007817,361.12793874188594,363.7191230066659,365.2044755090291,373.8908254870252,2016,females
At most primary school,46,37,25824,24.539012482799336,1141.3858813506815,153.23458798017347,53.31861833952912,0,191.09404368086334,200.3470428764158,205.76270721694894,205.76270721694894,2016,females
At most primary school,47,37,17692,27.352911762839902,1389.9740937523552,34.62977617002035,266.40270555429953,21.535157133167534,241.95540814369667,243.82473186318836,298.35106068687287,311.6533475745933,2016,females
At most primary school,48,33,18440,22.615600189313774,1254.183514099783,124.83405639913232,40.07592190889371,0,299.56312493708896,329.10016223768594,354.73824182299643,354.73824182299643,2016,females
At most primary school,49,23,15167,17.62158704055354,1299.7998450583505,101.81644359464627,377.19017164457927,72.967627085119,268.6851008262827,271.17021453088324,371.76494442168416,362.91883690571126,2016,females
At most primary school,50,40,27148,31.82274040353064,1296.4940204312165,122.88934728156771,42.35529934679044,0,264.37338544083815,290.96923062635346,297.2718978643593,297.2718978643593,2016,females
At most primary school,51,25,16142,20.957670782259747,868.1452112501548,31.794573163176807,195.01311279064964,104.37058604881675,173.69325476954813,172.6270831870288,181.9190292974501,201.97136840069516,2016,females
At most primary school,52,27,14688,21.18493158755983,1441.4402913943354,24.045479302832245,18.334694989106755,0,403.7069029009867,403.3405837297626,400.2978299696762,400.2978299696762,2016,females
At most primary school,53,29,19241,19.304232120440243,1400.1881918819188,38.52866275141625,40.521975642291636,78.43493927897025,396.99767691010686,407.69382418822556,412.7030052055946,418.8310439531073,2016,females
At most primary school,54,20,12859,14.917842014964766,2002.6787593643883,11.447235399331207,34.91329030251186,64.29737926743915,465.103032891127,466.88263887378827,457.6692758811621,495.1374508921758,2016,females
At most primary school,55,33,21738,27.16165433068404,1350.393397123317,233.19532615696016,107.0141380685129,0,274.3369880364788,313.615665439533,340.71726230949497,340.71726230949497,2016,females
At most primary school,56,31,19338,24.202170749976993,1001.0011204192092,104.44616816630469,168.2973075464543,0,183.23573148403202,186.1475503621687,205.25671498664872,205.25671498664872,2016,females
At most primary school,57,15,19582,3.06218215927013,1665.6906002110782,117.94403023184557,357.15112518299117,0,619.5782354168132,719.7617654778411,737.5089057474269,737.5089057474269,2016,females
At most primary school,58,23,11327,19.12743010152671,1036.5774697625143,42.01465524852123,103.51814249139225,39.63332450487037,302.9639686170536,305.27350513900393,306.87612822555735,300.6163256228239,2016,females
At most primary school,59,18,11406,15.45594923577323,943.1073119410836,98.58846221287043,29.332515050558186,0,285.3083499278994,305.43637542709547,302.34983967100885,302.34983967100885,2016,females
At most primary school,60,28,16138,22.040563397446043,2159.321415293097,48.17077704796133,1464.8692010575455,18.96971950262321,771.5217889477694,767.2366613588013,1602.1401722271828,1600.6659681470703,2016,females
Secondary school or above,14,13,8094,10.521777256984931,62.07066963182604,23.320978502594514,0,0,46.4682731282782,63.59378681795646,63.59378681795646,63.59378681795646,2016,females
Secondary school or above,15,19,14927,10.769152608645324,230.39793662490789,226.27989549139144,29.57560125946272,4.633661597552533,98.56229596782293,197.54458230057412,199.3580317261698,200.98062703174932,2016,females
Secondary school or above,16,19,24262,4.427254052386403,575.3214903965048,606.0794658313412,4.969870579507047,0,228.4659848926734,514.6217573634506,511.5488375446191,511.5488375446191,2016,females
Secondary school or above,17,20,14150,16.03130220396827,735.8325088339222,180.6530035335689,57.210600706713784,0,190.0022135529887,211.35734935791106,227.86993614721027,227.86993614721027,2016,females
Secondary school or above,18,44,30997,34.19472956146433,621.5739050015593,144.73713585185664,121.34400103235797,76.62031809529954,131.85065827992085,155.53636572195802,185.56370218750155,217.14811542909922,2016,females
Secondary school or above,19,40,37206,9.857811240812145,990.9005827913061,90.6638714185884,44.76607715601426,28.705047572972102,419.90708276075435,428.7107823303375,428.62990940964187,430.39781212313704,2016,females
Secondary school or above,20,66,39815,40.31487713752038,2030.0206099041397,60.051362551802086,45.243836075181044,18.003265101092552,420.2148608277429,417.07109062110794,426.3938338869372,429.5085596798513,2016,females
Secondary school or above,21,64,39937,46.941397741564494,1483.5922828454816,114.3007737186068,34.32239109931475,0,215.34425727336142,226.8328603781563,233.09688878005406,233.09688878005406,2016,females
Secondary school or above,22,82,46500,53.21016841458184,2033.239347670251,75.24494623655914,47.04731182795699,9.089605734767025,219.59644064057815,218.0968464432142,217.73366166929858,217.33878080228868,2016,females
Secondary school or above,23,90,53242,55.462732301541614,2283.219845234965,76.33522407122197,34.079611334410174,14.03027684910409,207.25984499213754,203.08345892727107,208.69238501046522,209.12318250229262,2016,females
Secondary school or above,24,57,44538,13.069562979525488,1387.2589998054098,74.8711212896852,87.13009115811218,0,397.8077432373017,398.4853703825591,405.13164835876745,405.13164835876745,2016,females
Secondary school or above,25,68,40486,47.60973093666072,2325.8145614121754,43.37647581880156,61.9308732236658,19.549967890134862,297.9097999142473,295.49445209536646,292.4452309237835,293.9490803248651,2016,females
Secondary school or above,26,57,27017,39.710730382212866,2494.2086741681164,49.259207165858534,69.19100319551887,0,240.21333263713936,244.28854249307042,247.50759989784066,247.50759989784066,2016,females
Secondary school or above,27,48,26531,35.451664119621455,2630.097671905821,83.79819833402435,102.37552297312578,0,360.51764151807237,368.55034426558655,367.85174669161745,367.85174669161745,2016,females
Secondary school or above,28,60,32050,47.36279508420385,2562.790618824753,68.41154446177848,34.541731669266774,50.93083723348934,273.0278181058405,268.69774146156095,267.96378215535674,263.78425322049645,2016,females
Secondary school or above,29,44,23827,32.39910178063654,3404.7892691764246,0,4.910395769505183,0,367.5623354868281,367.5623354868281,367.9632304363788,367.9632304363788,2016,females
Secondary school or above,30,68,32416,53.09687619914234,4387.8017414239885,50.71785538005923,100.2912656301415,0,793.585614734327,793.3276414620738,789.9212128649197,789.9212128649197,2016,females
Secondary school or above,31,42,24473,35.22219382412807,2621.741442950735,63.10137702774486,79.77703319304267,43.317942222040614,311.0568000638833,313.1170836897544,308.83620568795175,300.9905834877107,2016,females
Secondary school or above,32,57,29895,46.83951064452353,3063.5209734069244,16.50777722027095,47.83575848804148,341.9523889167642,393.777375518514,392.36020393072204,388.9192998351965,436.3119447033937,2016,females
Secondary school or above,33,45,25620,24.215293686401985,3129.701736924278,14.898516783762686,100.19646109810044,0,527.9992102564155,530.9399763870383,533.097847330252,533.097847330252,2016,females
Secondary school or above,34,40,19866,30.474312984691263,2992.6271519178495,245.06191482935668,92.5601530252693,0,432.65025583779396,469.22830984495107,470.36467876158883,470.36467876158883,2016,females
Secondary school or above,35,39,30932,20.772491059016676,3793.674899780163,14.085736454157507,83.10056467951206,12.198801672485882,472.82936016427044,473.4084241160137,479.4532108906097,478.86660290899647,2016,females
Secondary school or above,36,46,23013,32.00729455775599,3590.4873694578423,23.808282275235737,224.78888744043223,11.346268051391242,635.8655322018569,635.9257745369429,643.5365707987152,642.8673067731177,2016,females
Secondary school or above,37,38,19884,25.7511454297506,2976.9846526520487,75.03319251659626,186.56080265540132,34.26433313216656,654.0660013172252,655.8936029316419,663.772104162723,666.6821669266599,2016,females
Secondary school or above,38,46,27450,30.473270359494425,3436.768014571949,74.61056466302368,76.0194292653309,66.14146933819065,563.0953305350182,555.3942616350444,560.1611592923664,553.077178864693,2016,females
Secondary school or above,39,37,26406,24.51244991180428,4525.720795778737,18.46171324698932,350.1484511095963,512.1941982882678,795.8808001801018,793.5694841078014,815.114319152998,858.0486868035864,2016,females
Secondary school or above,40,39,24384,26.415210995789238,4326.1187800743655,26.52354002624672,168.32519958442694,3.444061679790026,1022.904334052064,1020.3508511794818,1003.9717184001364,1003.4596667358438,2016,females
Secondary school or above,41,18,9133,13.98951553918419,5669.31424504544,0,180.82776743676777,253.42165772473447,1287.1182616962485,1287.1182616962485,1290.3249601969683,1316.8253884544163,2016,females
Secondary school or above,42,33,16196,22.253549058346607,4580.838838807936,134.8555198814522,506.4028155100025,24.491644027331848,890.3836267081147,899.302346323576,928.906591390774,928.5796368183347,2016,females
Secondary school or above,43,30,24441,4.751044549821112,3360.5945337752137,5.007978396955934,61.405016161368195,67.79182521173438,1221.148329786794,1218.7993633606534,1226.460469549542,1211.6069761378337,2016,females
Secondary school or above,44,18,11886,12.509327828923158,4060.4435189859214,136.82315328958438,0,0,1100.7905126602475,1151.5789924407288,1151.5789924407288,1151.5789924407288,2016,females
Secondary school or above,45,32,20876,21.799620558965223,2867.764761767899,48.54953056141023,116.63632879862043,0,485.2118112283405,480.1783574550473,461.20155251575267,461.20155251575267,2016,females
Secondary school or above,46,19,10254,11.53781924610821,4144.196199856967,12.092841817827189,239.84948963006306,40.228203627852544,680.3537956718889,677.8169455707598,672.6051657597852,686.3257474472207,2016,females
Secondary school or above,47,17,8446,14.275919925873596,3314.5383810876947,8.20506748756808,38.089036230168126,377.0932986028889,658.6213916909759,657.5238404599045,652.3404759490201,649.4208369287691,2016,females
Secondary school or above,48,19,9514,14.149483096972427,4893.4605143297595,108.94996846752154,141.28302151215752,130.37401023053744,613.0000501101919,613.6109323149981,650.8437511538193,650.9766881017335,2016,females
Secondary school or above,49,25,16247,17.023923589082685,4270.278882255186,12.722348741306087,57.76656203196488,46.254693174124455,540.4582225079721,538.4566092404,530.7624612813211,519.0458760910956,2016,females
Secondary school or above,50,23,11894,17.313806669036087,3514.885446443585,66.28426097191861,142.28042150103693,117.05902135530519,886.3365006325602,874.5255689319932,861.2691007180898,869.1961149815661,2016,females
Secondary school or above,51,19,9219,15.145511382661615,4531.009328560582,0,1326.9826806956648,177.3728170083523,845.8870438322241,845.8870438322241,1214.978571481289,1162.5906364415423,2016,females
Secondary school or above,52,14,4886,11.680507986957831,4066.890946923182,30.57715923045436,29.267294310274252,0,1306.5087970408922,1300.838278053838,1293.8424293393525,1293.8424293393525,2016,females
Secondary school or above,53,15,6537,13.110867671644511,4858.377594207333,24.950283004436287,144.49033705573405,0,1136.418621653696,1134.6118537311042,1098.471449902979,1098.471449902979,2016,females
Secondary school or above,54,12,6317,8.74638682254087,3242.041712838373,94.13091657432325,166.4555960107646,46.066170650625295,1037.791188435116,1029.7142140784715,988.3639738043628,974.0873047117537,2016,females
Secondary school or above,55,13,7086,11.07027855053714,5641.643616520839,48.9415749364945,1829.5230031047136,125.74089754445386,1613.4316204606887,1598.7066464569941,2175.781778779813,2142.8037044309526,2016,females
Secondary school or above,56,13,5038,9.831192001010177,5064.077014688369,37.58634378721715,378.34458118300915,26.92867540029112,1299.971688775046,1290.366768495042,1444.0054821651684,1440.005064605354,2016,females
Secondary school or above,57,7,3503,6.040871231719498,5012.296507755258,13.588352840422495,446.284137406033,0,1010.3558938588195,1003.4781346541862,1223.4372955556096,1223.4372955556096,2016,females
Secondary school or above,58,4,1799,3.974657940532435,2657.6616638873447,0,725.2028904947193,0,912.8700634036915,912.8700634036915,1491.4599871033442,1491.4599871033442,2016,females
Secondary school or above,59,5,1475,3.7629308182844925,3639.6610169491523,0,46.644067796610166,10.047457627118645,2582.4721108296794,2582.4721108296794,2566.3206273968412,2562.168246803465,2016,females
Secondary school or above,60,4,2234,3.20970818589563,2250.373022978216,0,0,0,1475.2567240577782,1475.2567240577782,1475.2567240577782,1475.2567240577782,2016,females
At most primary school,14,21,14739,14.052345699232825,496.66417893570343,1.3881538774679423,17.576950041839112,0,149.13196187682505,148.85546265182532,152.16420478030872,152.16420478030872,2016,urban
At most primary school,15,42,26211,33.73982315748531,597.6488878715044,50.51115943687765,0.36142586445894215,16.664759070619205,113.24611034761622,116.87451641648835,116.9288144918427,115.36492670872505,2016,urban
At most primary school,16,43,33813,27.99618743456064,803.8576878715287,151.88542868127644,5.072013722532754,0,206.7359073583489,216.50959596762334,215.8941031047198,215.8941031047198,2016,urban
At most primary school,17,34,28215,22.159586494571393,712.281174316262,103.33085238348396,21.412960009451236,0,176.31544205819156,193.49734702361292,201.46274463851972,201.46274463851972,2016,urban
At most primary school,18,57,39057,39.79350226008787,1194.6236270066825,83.76859461812224,66.71531351614307,0,165.7996401728725,166.1959814985916,227.70074875103688,227.70074875103688,2016,urban
At most primary school,19,38,22896,23.354447311105954,898.2393649545772,97.01912997903564,29.472396925227113,3.5668530165385515,167.5786518402632,190.15037235090122,186.7827259034581,187.28618454182597,2016,urban
At most primary school,20,35,20546,27.102126564041853,1335.9361108407152,79.66270806969726,43.208734871345605,17.477562542587364,228.6561228230836,225.2393369412808,224.17320614557775,227.26116670126132,2016,urban
At most primary school,21,36,20776,22.866593983855093,1120.4201161596714,66.69474393530997,14.27127454755487,12.173501476062123,185.86617473392417,191.33623895481082,192.20662617412074,196.9294419448361,2016,urban
At most primary school,22,35,21177,23.34818495087157,1363.351851851852,179.45771355716107,34.943570855173064,0,211.27773016699615,232.0842880315418,236.6854489708542,236.6854489708542,2016,urban
At most primary school,23,46,31039,28.061724202181647,1786.003092883147,157.796965108412,10.825091014530107,0,231.9395343745389,242.97080188981707,241.14461556919827,241.14461556919827,2016,urban
At most primary school,24,57,34061,34.94473207326458,1765.502177465919,245.67980975309004,13.109372400497147,0,371.8177159841758,397.0981526079599,397.3732571165166,397.3732571165166,2016,urban
At most primary school,25,46,26020,32.58464668414935,1526.7321931847296,153.58954650269024,35.54227517294389,0,211.76267590928921,217.11170798966353,215.11634120940676,215.11634120940676,2016,urban
At most primary school,26,26,15545,18.565133382118788,1454.6690951002465,147.90704406561596,7.642328723062078,0,209.38814283414055,221.35401453284115,220.43537526142114,220.43537526142114,2016,urban
At most primary school,27,30,16600,23.771193378433843,1389.8864257028113,122.67867469879518,0,146.09939759036143,230.5639067002098,240.8220705403562,240.8220705403562,231.84435647995218,2016,urban
At most primary school,28,48,24446,34.53391519456192,1872.3564864054104,104.17818866072159,52.16449862281491,2.045324388448008,242.36677293266789,242.99051357071465,239.60843393990814,239.3308827497064,2016,urban
At most primary school,29,37,19412,29.090587830589474,1704.8717803420564,48.32114156192046,28.56506284772306,0,203.92086908540543,210.53224297107232,208.76863376463297,208.76863376463297,2016,urban
At most primary school,30,65,34637,44.88105012943143,1793.0291980637278,359.18844010739963,32.557188363118435,0,196.0016516330014,250.94618534492926,253.53325147252514,253.53325147252514,2016,urban
At most primary school,31,46,29170,23.025647425842998,1584.4947663124215,56.74130956462118,25.502228316763798,0,273.584348654762,270.6084789703316,270.81350378692275,270.81350378692275,2016,urban
At most primary school,32,73,40133,47.27760877797453,2056.2752763727276,59.28599905314828,285.55033679681725,102.86422644706352,377.2982809780344,377.4779734047994,576.6630098779162,588.6032605023502,2016,urban
At most primary school,33,52,33570,37.46040786439773,1735.2989425081919,118.91811140899613,66.80071492403933,116.33601429848079,175.65834677502784,174.44938708631054,191.40001469686226,214.9133812252241,2016,urban
At most primary school,34,61,36917,31.93729510973259,1899.0321532085488,62.37860606224775,81.36134210977778,32.94123755090248,351.38501386332,354.8726152494019,346.3955541289031,347.92572490142,2016,urban
At most primary school,35,73,39385,50.46217767327643,1888.0472007109306,40.410562396851596,17.837869747365747,51.07912487833777,164.686891524175,169.0422739601324,167.94604923605982,174.476586136178,2016,urban
At most primary school,36,69,41586,46.20029964289376,2116.677772166915,25.471552926465638,69.1651036406483,70.96739287260135,322.80636091681987,344.19162751061833,343.36693171594027,336.84541574509876,2016,urban
At most primary school,37,63,33564,38.766318960863345,2537.999396675009,110.63445953998331,113.86669248798316,18.537718984626384,327.60684922770594,327.595759108357,333.1105240784581,337.4676647052766,2016,urban
At most primary school,38,80,48186,49.01847171443913,2699.260698128087,95.2654297928859,50.66050996831722,38.501847009504836,613.2449094116552,610.8046028666037,610.3533612426374,607.7146494531165,2016,urban
At most primary school,39,53,31935,32.87239385647467,2117.0982725327485,16.959448880538595,71.42946610302177,147.17394708000626,273.8712353631439,271.88962190396796,275.64423709225474,352.85106426687224,2016,urban
At most primary school,40,87,53239,52.526287567536954,2378.091887526062,48.317962395987905,94.33122335130261,12.636413155769267,300.4463213961834,298.86097167844144,305.5329538665909,304.43569309086257,2016,urban
At most primary school,41,46,29100,31.46549831018001,2080.1541580756016,145.37972508591065,228.86460481099655,69.418098510882,723.8953923973996,724.6103230827697,750.1855768770251,753.4339306064804,2016,urban
At most primary school,42,67,38757,40.1205425541948,2221.866682147741,85.94628067187863,102.80121440427965,15.944216528627086,290.4456497354475,291.7162710354216,298.4739665936818,300.4555946204582,2016,urban
At most primary school,43,50,29476,35.94379851423319,1528.6437553716019,126.56093092685575,309.2120595286561,2.669968788166644,244.80432083512264,279.04196942462886,455.49926989854174,455.7736589630589,2016,urban
At most primary school,44,49,30776,27.578458081340834,1848.8354128758342,14.157785287236807,67.06936140715709,0,181.13861090102384,180.78279158854318,200.47923868309024,200.47923868309024,2016,urban
At most primary school,45,64,38547,37.78582063611662,1859.9285979886029,95.23075725737411,95.75332278344186,38.678755804602176,345.4894010107926,366.3536281148508,365.3555966927904,369.55913008297375,2016,urban
At most primary school,46,55,35126,37.75372642740309,1440.351619882708,117.44804418379547,92.70739623071229,35.13731518912866,162.4672259220101,167.02535915950426,162.65958210828302,162.26929079352777,2016,urban
At most primary school,47,55,29334,35.355278485764266,2901.946887570737,84.10717938228677,206.44064907615737,21.223381286788936,505.83641562776086,504.03728247317326,535.598692515913,538.1921257979726,2016,urban
At most primary school,48,43,20061,34.75184627190935,2086.3231643487366,118.95219580280146,44.47269162388049,8.125218084841235,301.0732765503288,310.31009083038794,327.09587689810667,326.9765213717369,2016,urban
At most primary school,49,35,20620,26.52688010233812,2137.0176689298414,177.12803103782736,333.0448593598448,37.25509214354995,303.83697399341753,309.3064886205623,336.83043422276575,330.19726433391276,2016,urban
At most primary school,50,55,30480,36.39246449147915,2200.6636482939634,106.03001968503936,52.703794838145235,0,402.26501402590594,411.6729213357509,414.01075019639194,414.01075019639194,2016,urban
At most primary school,51,32,17087,24.819741859546028,1615.1868184389693,22.912155439808043,174.4943524316732,0,259.15829430980494,256.38657897722646,244.1776070446448,244.1776070446448,2016,urban
At most primary school,52,56,28911,38.505094918965696,2037.6165444525152,46.08315174155166,88.38619671866532,170.48009408183736,299.321398531117,298.68360014233383,307.58357193758405,371.3106012941527,2016,urban
At most primary school,53,41,19115,30.312999406571322,2050.6827971052403,55.00340047083442,130.22408230883252,68.04429331240735,331.02371080293926,339.76573147470145,351.4869293141866,356.59786828100954,2016,urban
At most primary school,54,39,25053,23.537984526764873,2103.717758352293,97.76210433880173,149.303809257707,0,323.12444838507963,330.04881720472224,342.34842711867645,342.34842711867645,2016,urban
At most primary school,55,43,25888,34.278096372096066,2501.468170580964,180.76869592089,127.22651421508034,0,395.7806558269723,403.985237286049,407.2764483424781,407.2764483424781,2016,urban
At most primary school,56,47,23673,32.65975527690404,2127.501415114265,98.98449710640814,209.30246835353918,0,449.85884393985936,445.7555164811938,443.31988398833465,443.31988398833465,2016,urban
At most primary school,57,29,14876,22.799928456388894,2893.478802545487,77.21632159182576,158.0880837142601,299.9798332885184,911.8249065874527,907.7798654271752,901.3619634590494,996.3274025747569,2016,urban
At most primary school,58,40,21754,28.0368700233508,2005.7120989243358,56.82173393398915,168.40734271091907,169.46308724832215,424.4597633089154,424.024223313525,415.40463828836187,396.884334880132,2016,urban
At most primary school,59,35,22906,19.976660707380788,1787.4226185278967,53.84615384615385,10.990351872871738,0,319.35120212395134,323.7343828937296,322.5567769285692,322.5567769285692,2016,urban
At most primary school,60,54,30426,36.769393506554685,2198.356153728171,30.507460724380465,808.7048905541313,7.975634873682596,441.9648591008979,439.0515027946016,907.4742580092799,907.3944264963549,2016,urban
Secondary school or above,14,14,8101,10.766383675229141,346.33125540056784,23.300827058387853,18.36193062584866,0,283.5485338005137,284.3932202623734,282.7102898255441,282.7102898255441,2016,urban
Secondary school or above,15,24,14616,11.394335758798833,323.8700738916256,231.09469074986316,30.204912424740012,4.7322568874293,126.28116153351736,199.54001230915958,199.83500483227067,201.1651668492061,2016,urban
Secondary school or above,16,36,23187,25.373757881618133,371.5784706947859,85.64928623797817,0.2981124480671641,18.838142062362532,89.54284405215282,115.97046407470732,115.95542968748221,114.83728828101998,2016,urban
Secondary school or above,17,46,24289,34.51806838240642,1040.0219578135507,115.63539050599037,6.225040141627898,0,143.37566315887867,146.0377013330298,147.24244901063665,147.24244901063665,2016,urban
Secondary school or above,18,80,48361,49.30073141439773,1071.6883990543345,155.44420090568846,94.61618521811651,51.04664226684036,166.82530821234525,183.81413940452154,192.3525459877909,205.14792964289575,2016,urban
Secondary school or above,19,110,60585,82.07847786190808,1694.5047440235483,113.39745811669555,47.65948667161839,0,144.3652789307758,146.85928618250657,143.1719879388529,143.1719879388529,2016,urban
Secondary school or above,20,130,71152,79.74290115753213,2146.431350020613,86.33706712390375,47.628785323439025,10.074207330784798,242.68344953367944,242.71932750763685,248.12677331275643,249.55080351378479,2016,urban
Secondary school or above,21,120,66262,89.39255496356665,2028.0586459811052,96.08335094020705,46.94872878371716,0.8164558872355197,160.82511966253654,166.44293976166932,166.0086537997066,166.21899705238442,2016,urban
Secondary school or above,22,167,92310,98.01631197275951,2541.5790551763985,60.08872278193045,36.597966995269566,37.4187700863034,230.57519696807879,233.90278599058433,234.0064451050294,238.87321702329967,2016,urban
Secondary school or above,23,165,88041,108.04775184814525,2596.4212298815323,84.25449506479936,56.03203810345938,28.282277575220636,147.9635801745751,150.5902256697462,151.71424648337995,154.98350834333047,2016,urban
Secondary school or above,24,136,75421,84.99163558890518,2578.877229153684,105.13643414964002,182.10436085440395,3.0528632608955064,195.33707475181043,200.05873086554934,200.6800906921474,201.43467200878084,2016,urban
Secondary school or above,25,148,80170,98.13181661280882,2884.061492245645,60.11298490707247,41.831940459856135,16.512099289010852,228.0023029026091,229.6516730492076,228.25353591129962,228.44019281560568,2016,urban
Secondary school or above,26,114,52387,85.36556842133324,3165.3628142478096,95.3585049726077,105.94533631117136,0,240.90557538386597,249.118797888238,251.89272623318328,251.89272623318328,2016,urban
Secondary school or above,27,111,60736,84.1669888207263,3491.253026760625,71.0687236564805,247.38417083772393,0,339.1014880682949,340.82352561665124,439.2368930758348,439.2368930758348,2016,urban
Secondary school or above,28,123,59855,90.05954047983661,3387.565644752596,56.00634867596692,25.944950296549997,33.86656642441456,250.60699308437609,252.5305901982441,253.36893172502894,258.10564842973463,2016,urban
Secondary school or above,29,112,61130,65.03846829274575,3583.529773978952,47.072304923932606,39.69671192540488,0,307.72235218845026,312.5627805878916,318.6173703365854,318.6173703365854,2016,urban
Secondary school or above,30,153,73570,121.40498212754045,4374.951551810068,70.11444882424901,105.3372071949617,7.858955190068414,408.35028039284873,409.6119447342913,411.8470224304673,412.10693831977255,2016,urban
Secondary school or above,31,94,53290,59.21436314156325,3528.5455932945515,68.56408331769563,72.5810033151936,11.165321823981985,269.76497843771665,275.60244695168984,278.5716079883183,276.9314024726407,2016,urban
Secondary school or above,32,126,63185,84.47254533041352,3947.0448563741393,65.89799794254965,166.09611985967132,72.13341774155258,310.45262238183096,311.5383022052126,332.9166683714373,333.5534847377999,2016,urban
Secondary school or above,33,83,45430,47.44521323973661,3599.0321153422847,43.89060092449923,112.56383447061413,0,349.6268034199063,361.5608241102446,369.6917482379988,369.6917482379988,2016,urban
Secondary school or above,34,104,49521,80.5068783590569,4596.294566951395,264.28787786999453,61.77568607257527,0,420.50374266859666,472.86010426815886,474.8803165029182,474.8803165029182,2016,urban
Secondary school or above,35,87,53636,47.74819750510807,4617.575558704352,29.227384592437915,107.78488328734431,7.0350759440176995,602.3449084556958,602.9442654917748,603.6616321262026,603.3332902724495,2016,urban
Secondary school or above,36,91,48288,66.20731914940013,3970.2882186050365,56.020543406229294,285.661378948531,5.4073820963110215,378.30703836793174,379.7908103268161,408.15941413164694,407.82479354394513,2016,urban
Secondary school or above,37,78,40606,51.171874226066194,4458.2701242837675,79.80741762301137,192.01267464578305,24.129734521991825,452.14107061269584,452.4632827247841,467.8436980873411,466.72488759835716,2016,urban
Secondary school or above,38,86,53048,58.05194454983585,4646.981808927763,160.65778163172976,61.53876363544965,49.657354345749766,571.4159648944011,577.911653924898,576.1110223618647,574.9552328013797,2016,urban
Secondary school or above,39,71,47006,41.895763252320016,5208.810492277582,27.706463004722803,366.13070671829126,331.1336141485484,600.7012738927357,599.1800739960051,626.3988422422053,762.8678686430653,2016,urban
Secondary school or above,40,85,48699,54.57865761628373,5149.965433924037,28.666502392246247,67.76713416428811,110.45360274338282,743.4628227082114,742.0362365063917,737.5367182914624,771.1872760182155,2016,urban
Secondary school or above,41,56,30877,31.33897920213941,6457.350908443178,96.99485053599767,244.04465027906426,115.96009975062344,1202.5396406424227,1199.475867338134,1214.3903858439717,1217.4722469022756,2016,urban
Secondary school or above,42,62,30032,42.562384789533226,4993.187039380216,83.43833244539158,347.2917776593855,0,646.9664277293715,649.5985845067845,672.591537137708,672.591537137708,2016,urban
Secondary school or above,43,63,29481,42.55395608918902,5015.504256979071,66.80506088667278,66.9855160951121,56.202299786303044,699.589290437491,700.420712048576,698.3469290446852,693.0621462134964,2016,urban
Secondary school or above,44,43,24041,30.540437210877723,4631.571724692539,78.02732831413003,43.15544278524188,0,688.4118351558889,702.5298251999988,701.0945393853765,701.0945393853765,2016,urban
Secondary school or above,45,65,39100,41.391413850297376,4103.171896845694,75.26265984654731,251.72463768115944,0,439.4914414312575,436.59284044684455,448.0064694368476,448.0064694368476,2016,urban
Secondary school or above,46,48,28580,23.651770462207356,4729.454554466993,4.882785164450665,499.25122463261016,14.433170048985305,638.7000715802935,638.0485273666586,731.6392952811169,733.0466284411243,2016,urban
Secondary school or above,47,44,19675,34.12636453885866,7071.240974163489,128.10266836086404,18.87928843710292,177.6330368487929,2448.3203316822774,2449.5985340072557,2448.758647712708,2440.772189385854,2016,urban
Secondary school or above,48,47,21805,33.294859961220496,5818.263089505465,87.1612015592754,362.64618206833296,58.21294810058855,722.8004332170007,741.8750714261969,807.9491366338078,805.6904865092497,2016,urban
Secondary school or above,49,46,27478,28.79624510995419,4829.508127714292,44.61023364145862,240.89150107965162,27.349152048911858,672.7205993986937,677.0559890387677,713.0763242102458,709.0700130426005,2016,urban
Secondary school or above,50,42,21718,22.854948998454763,4311.919475396752,39.41546182889769,301.10476716701965,64.10811308591951,820.5269947845317,816.2396086127138,847.7572223612594,847.9417753789999,2016,urban
Secondary school or above,51,31,16153,18.73316565441625,7604.484099960792,98.74945830495884,2238.97802265833,0,2248.8559711399503,2297.7669200018163,4075.4806131929245,4075.4806131929245,2016,urban
Secondary school or above,52,29,14505,19.760721031661763,6422.508583247156,82.52326783867632,416.18752154429507,0,2603.436123143741,2598.5937997543388,2564.110518443343,2564.110518443343,2016,urban
Secondary school or above,53,40,17063,31.052009396255897,5479.999472542929,23.83179980073844,55.3556428138858,0,737.4975243699693,736.7094863436698,726.7454778105886,726.7454778105886,2016,urban
Secondary school or above,54,25,13858,18.596309636366946,5547.011353249627,100.10427190070718,94.78279694039544,20.99870111127147,1061.7335459060157,1054.5196342017332,1041.4190155256852,1036.1547575578481,2016,urban
Secondary school or above,55,29,13301,21.6436392939673,4418.395208380322,45.92135929629351,1096.646868656492,66.98744455304113,889.0482609014327,882.7229303274888,1205.0794289923624,1195.0355737163331,2016,urban
Secondary school or above,56,32,13092,26.562233874722057,5180.787631123333,18.42613809960281,1326.8335370200632,10.362562379061004,824.728345338343,822.4721231913835,1063.880487926856,1062.763608691903,2016,urban
Secondary school or above,57,22,9645,17.324240279210972,4649.552963538967,86.04250907205807,197.21099015033695,7.910834629341628,605.1369628506145,602.6160930536822,653.2850390781994,654.9279668951715,2016,urban
Secondary school or above,58,16,8292,12.855929332205497,4819.6144074610065,78.00289435600578,1389.6695610226725,0,1208.8908790652727,1207.560412054697,1386.6647654416206,1386.6647654416206,2016,urban
Secondary school or above,59,19,9186,14.872067844716279,7116.895239132013,10.646636185499673,892.1873866028013,83.42259960809928,2721.596012663721,2719.9113316625644,3468.2740491276677,3460.604705587906,2016,urban
Secondary school or above,60,19,7994,14.956807281422057,6757.10261863064,0,927.2241681260946,433.0647985989492,2855.0070346544653,2855.0070346544653,2881.0226296354035,2923.5317558596394,2016,urban
At most primary school,14,58,46973,48.9988428838277,449.08777382751794,199.8704362080344,1.2936509626097263,0,66.84135882485312,142.04169198110375,142.0398946151775,142.0398946151775,2016,rural
At most primary school,15,64,56859,52.494026467856514,529.0499305299073,58.687806679681316,2.152693504986018,0.358782250831003,74.29048034666795,85.133209363786,84.89283751864185,84.86218547442232,2016,rural
At most primary school,16,64,48800,51.92744984464765,752.2310245901639,53.08872950819672,0.42008196721311475,0,87.72227352147307,92.47303723114722,92.40859453593964,92.40859453593964,2016,rural
At most primary school,17,72,61480,59.06595113518552,741.2138337670788,104.99886141834743,16.125840381695944,0.3318152244632401,84.8650834511262,100.09595476390494,102.51309863372803,102.47755564741156,2016,rural
At most primary school,18,79,68798,67.50155376520483,805.6605812184463,131.72941073868427,188.34765060999834,6.462639417812533,74.04676884656197,82.25244982645783,177.42666740203893,177.6407698685603,2016,rural
At most primary school,19,55,46791,47.266125016248154,957.1894025204277,97.67369793336326,3.8768139172063005,0.6539719176764762,87.84887382640105,98.03600168768466,97.47044152215805,97.34457127594875,2016,rural
At most primary school,20,78,64577,64.859604355363075,941.3066571689611,84.75703423819627,3.193216367024379,2.7142790776902,88.91434821533852,98.99671709617022,98.85529180981031,98.94500462356339,2016,rural
At most primary school,21,49,42524,42.94662696578683,1146.4163374408179,91.5786379456307,8.788566456589221,7.936694572476719,137.3073436087319,147.35125850583708,148.43109064157272,149.97346341906848,2016,rural
At most primary school,22,69,64095,57.12305911430225,1054.8080869542605,153.54068180045246,23.972098707647504,123.08292378500663,114.21136468031082,123.65658163200035,123.9318951864169,158.22652082650674,2016,rural
At most primary school,23,56,46822,46.50702126081628,1170.641503993849,85.48460125581991,16.51691334557829,12.608033260717894,117.06740679916908,125.57531479553708,127.54678504041759,126.42911363479055,2016,rural
At most primary school,24,51,40704,42.31071575174182,1009.9115238469601,163.16602790880503,32.675945034067084,0,117.7782050190334,144.22400813476767,148.22243171386702,148.22243171386702,2016,rural
At most primary school,25,52,64416,14.704620758507083,1510.498007741348,62.82872267759563,28.803273513826795,0,236.64536453164246,232.65519154392302,230.6282124644086,230.6282124644086,2016,rural
At most primary school,26,40,30361,36.817872001312004,1490.3010715501248,103.35232699845196,31.69526695431639,0,179.0186455136967,185.61549851307348,193.81342094387995,193.81342094387995,2016,rural
At most primary school,27,49,51908,16.96423900954307,1493.30092342863,116.87254373121677,153.30408286455523,0,310.2383875863332,312.718884366296,357.1468151527568,357.1468151527568,2016,rural
At most primary school,28,51,43613,43.47663272479334,1191.6118741353878,81.13589984637608,66.41314898462996,0,134.27899419589883,138.0363345199403,153.30157871884472,153.30157871884472,2016,rural
At most primary school,29,45,45130,13.729149604237476,1712.3057389762907,122.46133392421892,123.32792303715193,0,346.10235407460124,367.73201027451057,468.86614834266544,468.86614834266544,2016,rural
At most primary school,30,77,72486,29.852703230805506,1498.4415933191697,43.78141986038683,53.35671141093913,0,219.85395212973594,218.8180106860382,219.43627167018832,219.43627167018832,2016,rural
At most primary school,31,50,45273,43.13966436529611,1296.808844859703,121.24179974819428,34.62512608692451,5.643540299958032,243.05985446650897,251.20636677090627,253.8311252963878,253.21438889314553,2016,rural
At most primary school,32,55,49395,47.868596019582235,1372.2059823868813,66.1295677700172,74.68204777811519,35.86091709687215,167.7585001579937,184.17890684872154,190.47377203567046,187.5757460917508,2016,rural
At most primary school,33,59,50822,46.41713933377866,1301.086694738499,56.34272559127937,21.882419687012185,39.7072134115147,143.9229672664239,151.4331636499507,149.77574264706104,147.73382098639684,2016,rural
At most primary school,34,56,46063,46.300355789151695,1339.5572585372208,47.70336278574995,23.551574293178184,0,197.3222735148865,197.3174027196918,196.1723848065678,196.1723848065678,2016,rural
At most primary school,35,65,63386,23.943047656830498,2851.6446165820003,69.78512605307165,45.409225486174655,15.221026725144354,2208.446208533679,2207.9088532250526,2208.2626007069157,2208.2510772620412,2016,rural
At most primary school,36,54,45452,44.99458605973106,1014.8940035641996,85.40966294112471,40.710652629880606,0,99.93567871517254,112.465009933868,114.64209952874798,114.64209952874798,2016,rural
At most primary school,37,59,65329,23.81614833602488,1258.2303520131438,138.9179384346921,20.18082832024573,179.67671325138912,249.32579589588138,277.9258741323346,281.030265545826,326.9075881878418,2016,rural
At most primary school,38,65,58992,55.474671486041444,1332.042161083989,169.60308177379983,95.85889188364524,69.16587559895126,123.92872021768194,137.26844754322607,150.8018227428466,163.92711624590112,2016,rural
At most primary school,39,56,45497,46.81267624913947,2055.9985768292413,78.41725828076576,216.69776761837778,157.52080356946612,688.3236401978214,688.573440887957,688.1029204977401,686.2851522044188,2016,rural
At most primary school,40,73,58750,62.0854546603792,1805.5602354609932,183.47931914893616,13.5722695035461,47.763063829787235,280.43416590690083,289.84557548706374,290.0029185720288,288.67168797998755,2016,rural
At most primary school,41,41,31083,35.065571460764225,1371.9783911891816,70.26734871151433,82.6866507951828,27.77601904578065,191.91100101839638,199.51312598235592,218.40025194933298,219.11221369653418,2016,rural
At most primary school,42,54,44501,45.047171008982396,1501.5856123083377,149.1727152198827,85.60313251387609,14.20911889620458,179.0408570939023,193.52327353339604,233.52699203320918,232.52962744344327,2016,rural
At most primary school,43,37,33601,30.663919265611124,1580.581550152277,46.29386030177673,59.57168933464282,65.02782655278116,339.1978502677961,342.5999321259283,340.82495614938233,350.1962868603032,2016,rural
At most primary school,44,52,42484,44.287838099926894,1439.2128056052475,79.42331230580925,40.80340049587296,57.04861438031573,239.85258376554202,242.8364631768875,241.3087687686842,242.56394415153375,2016,rural
At most primary school,45,35,30711,26.887259753680095,1337.0876993042668,134.5569991208362,34.89181400801016,37.99941389078832,157.3598030062542,201.16214393933546,204.90373696900596,204.38025857689792,2016,rural
At most primary school,46,36,30657,30.614797177039538,1132.871136010264,72.97354600906807,86.51912015744092,32.12577877809309,204.40658472023495,208.6557282951403,274.706758275181,275.38509108079177,2016,rural
At most primary school,47,28,23031,23.496186958480617,1675.4539967869393,8.19482436715731,125.34821183043147,0,347.89495422066454,346.83011156005745,348.6028002747568,348.6028002747568,2016,rural
At most primary school,48,44,35335,35.94996466368015,1602.019944813924,122.3789443894156,83.74840809395783,47.27701523513041,281.1059404302627,318.00994067451626,329.52677281877664,344.44316868485197,2016,rural
At most primary school,49,30,25069,24.003327516993078,1450.4770200912149,53.40292791894372,385.96772906777295,13.502732458414775,208.30796256030794,217.1619223947258,398.49801441301736,397.03469527197535,2016,rural
At most primary school,50,55,47975,47.334725686022736,1359.795808580858,98.92527357998958,10.566267153031093,5.312072259857565,179.10071278027448,185.24766202777425,184.15893919921336,184.56173589353722,2016,rural
At most primary school,51,31,36746,9.233080875427799,2350.8203069721876,83.242475371469,28.79515230682705,61.56452402982637,634.0571145966481,669.2541897556243,663.6787163552768,655.5913170617222,2016,rural
At most primary school,52,36,29092,30.019932926018214,1339.3598927540218,43.57314725697786,130.4645607039736,86.8394518538888,216.98515523339609,224.33623767548423,246.9350730993224,250.09703735949017,2016,rural
At most primary school,53,30,26033,23.9901544439198,1334.6491280298083,0.4724772404256136,76.08900242000537,51.8764644873814,250.00635102190998,250.00348332171725,246.47139241170842,252.83532783334095,2016,rural
At most primary school,54,32,24321,27.72203333733729,1658.315317352631,67.17766539204803,308.30040568507326,290.5949590888533,257.62050694812905,263.12401505028714,277.2069526436622,317.31244775231517,2016,rural
At most primary school,55,40,34840,32.87701212388061,1015.2068025258324,46.83955223880597,25.424411595866818,55.71182548794489,167.11915563551653,170.28527637690135,172.47635484361354,175.91036077674323,2016,rural
At most primary school,56,28,23217,25.327347176855643,1292.988865917216,26.110177886893226,127.44394193909635,16.92840016654463,320.95880944198774,319.1372367454921,328.4829498054598,329.06741463044057,2016,rural
At most primary school,57,29,35305,8.737548170608507,1233.5050181749516,70.83670868148987,166.97971014492754,33.65434546570363,305.55735935884775,340.01762666012803,378.2653732247532,372.7267768603888,2016,rural
At most primary school,58,28,21488,23.861714201729388,1471.5632329672376,137.47393894266568,140.09881484239264,19.658724249193348,261.0246557211654,317.386903834524,335.8952823183759,331.99256799179807,2016,rural
At most primary school,59,18,13567,15.211017589192796,945.8858259010835,67.66123682464804,248.85162526719245,0,256.7731414730698,249.87175259412714,271.0432005164226,271.0432005164226,2016,rural
At most primary school,60,35,28333,30.133491258231157,1504.4757967740798,12.04390639889881,82.93700514123697,75.52618266097248,270.5513631349361,272.4820031279889,273.9034302591202,293.24935700033006,2016,rural
Secondary school or above,14,9,6885,7.678775736525111,80.7755991285403,15.381263616557733,0,0,60.93938758140635,84.97789904921339,84.97789904921339,84.97789904921339,2016,rural
Secondary school or above,15,22,13737,18.543103181435708,259.64184319720465,3.2321467569338282,14.539807332993618,0,123.62673472022645,123.50557708141268,124.73522981615376,124.73522981615376,2016,rural
Secondary school or above,16,30,36644,9.295954071581233,533.647072735873,360.6074664337954,3.1019175490303095,0,167.3783589174805,310.83721698595815,309.85834983676006,309.85834983676006,2016,rural
Secondary school or above,17,33,27716,27.376492379574163,591.0718237359888,78.26995237407995,50.681796315004576,5.018761726078799,135.5733983921268,154.57942923378044,168.21321373894534,167.8508187392738,2016,rural
Secondary school or above,18,45,36846,39.150900628241466,685.6814398668331,47.5204906909841,40.82804103566195,20.029311187103076,150.5036719027425,161.52224564929338,160.68936637910207,169.17546499846517,2016,rural
Secondary school or above,19,41,42767,12.315254655618013,872.4929034068324,33.39818084036757,11.438336412031083,67.99635232772933,320.7280170179429,327.96469316215575,327.6153564499873,365.93257921019153,2016,rural
Secondary school or above,20,57,44488,50.347501734526766,1576.2780262842414,35.812803452616436,16.71390787028712,32.064826470059344,184.40546712700615,189.258515309504,190.55725559928337,193.07135210149684,2016,rural
Secondary school or above,21,51,45049,41.96720041585614,1392.2255395976233,93.11394259584009,32.984083997425024,0.4550600457279851,204.27654125607515,217.28069595771433,215.55547781524035,215.75111188842513,2016,rural
Secondary school or above,22,52,38729,42.63327517999051,1964.1329064353154,227.72909189496244,14.029968929398297,19.052045409555284,244.23852223158048,254.40892005862955,257.1572042390162,259.34006834985706,2016,rural
Secondary school or above,23,38,30811,31.89543548988885,2217.711077212684,107.82382915192626,39.66900349442298,0,277.33341354375574,274.75847799840983,284.70755679882706,284.70755679882706,2016,rural
Secondary school or above,24,40,61942,10.073969530071299,1960.581511736786,19.078331342223372,25.99872999472625,2.7525749895063125,529.8110390718846,530.1299433151187,526.8513726577858,526.5737553027041,2016,rural
Secondary school or above,25,35,28332,29.385498971858162,2422.4762459409853,97.43576168290272,19.712692361993504,10.705209656925032,291.45939983664204,293.6302618566676,292.1105766737409,293.61941831821764,2016,rural
Secondary school or above,26,22,16097,18.269133847441942,3935.104160195481,132.60545443250294,25.56998198422066,0,1990.9259031396562,1983.2859795471659,1982.0397788558414,1982.0397788558414,2016,rural
Secondary school or above,27,29,32945,7.923024256583188,3025.722699448576,307.2013962665048,54.3640916679314,0,717.0871542007557,750.4946887407302,745.7335943199375,745.7335943199375,2016,rural
Secondary school or above,28,24,17852,21.89450699112469,2313.6759093285536,106.98017028904324,78.89158077526328,66.78990215848832,323.9448571071078,319.99159972712357,317.3739549256289,307.81685387465853,2016,rural
Secondary school or above,29,22,18174,17.80450796607867,2985.7780345548586,14.900407175085286,80.606645024027,0,415.12592495174005,411.81646417649466,411.9244717298257,411.9244717298257,2016,rural
Secondary school or above,30,31,23393,25.868049148080743,2476.3318229099873,117.10768178514941,100.16457914760826,23.61283289873039,348.59909821659727,346.9451838548653,340.16034914947033,341.1083553033278,2016,rural
Secondary school or above,31,18,14668,17.004849874560218,2289.5324175074993,127.29001908917371,76.3453322425234,31.70984455958549,509.23336441001635,521.6157199124211,513.1980847381991,504.9118329430775,2016,rural
Secondary school or above,32,15,11307,13.791069607291622,2321.4666430824564,61.342531175378085,0.6543881371421834,521.2405294655229,581.3491214247551,572.6044601108414,572.494758082353,824.7906899834683,2016,rural
Secondary school or above,33,12,21141,3.4720091512000333,3410.252510918752,11.872664490799867,220.9277391482585,0,1092.9222822878671,1102.6174707546277,1179.4291337081481,1179.4291337081481,2016,rural
Secondary school or above,34,13,10698,12.31409819541601,2698.2192933258552,56.9826135726304,1.7970648719386801,0,563.2369626999013,556.0588703732345,555.5034177893787,555.5034177893787,2016,rural
Secondary school or above,35,10,8952,8.884475209527942,2446.7371630175753,28.552278820375335,209.3833780160858,0,570.8410371140126,565.0321511636906,575.28006714529,575.28006714529,2016,rural
Secondary school or above,36,7,4769,6.568971079713977,4621.370517928287,101.06940658418955,80.03075417627736,0,1272.0611615043508,1272.2784557777154,1306.2297190711306,1306.2297190711306,2016,rural
Secondary school or above,37,16,13919,13.512646875450956,2669.5842852695355,96.5299231266614,0,0,753.4475997591232,777.5690890860116,777.5690890860116,777.5690890860116,2016,rural
Secondary school or above,38,12,8148,9.459515097630202,2420.2298723613158,0,0,160.8983799705449,589.9077100783737,589.9077100783737,589.9077100783737,580.1322163238206,2016,rural
Secondary school or above,39,11,8238,9.981597817083044,3098.3883224083515,175.64214615197864,72.21412964311726,1177.4702597717892,628.7468189689283,727.4869365705188,736.5042983638101,1015.5982216614655,2016,rural
Secondary school or above,40,12,9994,10.69215927158032,3447.7561536922153,50.68040824494697,154.57274364618772,603.3620172103261,895.1478964686703,882.4780779864562,867.6183075236451,1087.8710872889963,2016,rural
Secondary school or above,41,5,4943,4.7136794472127495,2352.386000404613,0,0,0,1286.18284471135,1286.18284471135,1286.18284471135,1286.18284471135,2016,rural
Secondary school or above,42,11,16520,2.2406043848032353,6453.231769572235,15.435835351089588,250.55084745762713,52.79459241323648,1771.8091188581598,1747.8203869345468,1956.7704316703068,1904.1764367174385,2016,rural
Secondary school or above,43,5,12821,1.3796042311601353,3106.088448638952,17.64292956867639,0,0,1127.970768105931,1141.8527734180864,1141.8527734180864,1141.8527734180864,2016,rural
Secondary school or above,44,4,4186,3.4180813905628895,3237.123745819398,0,90.53989488772098,0,1390.255255254522,1390.255255254522,1448.7500618010906,1448.7500618010906,2016,rural
Secondary school or above,45,4,3299,3.7421440392142165,2535.959381630797,0,634.6771749014853,0,1282.9423833832182,1282.9423833832182,962.2399442230192,962.2399442230192,2016,rural
Secondary school or above,46,4,3547,3.3206833087825216,1782.4854806879052,0,38.17310403157598,0,576.4576605018584,576.4576605018584,610.3433982319688,610.3433982319688,2016,rural
Secondary school or above,47,4,2531,3.510590748446502,5717.223758725141,186.01343342552352,0,0,1937.7753415710215,2146.620426130386,2146.620426130386,2146.620426130386,2016,rural
Secondary school or above,48,4,3070,3.3888426251529937,3722.3615635179153,0,0,276.1818675352877,1276.047389886332,1276.047389886332,1276.047389886332,1005.1700867647523,2016,rural
Secondary school or above,49,5,4177,4.475199112723285,2965.2474662836166,200.45487191764425,130.28688851647914,0,594.3760698636306,713.2251153491452,760.2115195598756,760.2115195598756,2016,rural
Secondary school or above,50,9,6172,7.896228159417081,2860.083171311298,62.605314322747894,9.964355152300714,42.854828256642904,562.1544438423164,555.7980422934613,549.4834911783005,581.5794952973688,2016,rural
Secondary school or above,51,5,4315,4.769174634619143,1936.5283893395133,0,1973.2560834298956,378.95712630359213,822.3613372155006,822.3613372155006,2195.0526818773433,2047.1999740382578,2016,rural
Secondary school or above,52,3,1945,2.4370622996104463,4335.261353898886,0,0,615.8635818337618,903.0519673773446,903.0519673773446,903.0519673773446,1145.2140107048715,2016,rural
Secondary school or above,53,3,2582,2.8480390565325195,3333.175832687839,0,817.0410534469404,352.18177123676736,1628.5286072445335,1628.5286072445335,1368.0458789975771,972.3752209674323,2016,rural
Secondary school or above,54,4,3306,3.8439021302187193,989.5663944343619,436.02540834845735,188.1427707199032,0,481.474700409322,875.2781218278152,802.1445902552248,802.1445902552248,2016,rural
Secondary school or above,55,2,1295,1.6513872135102534,8577.927927927929,0,0,189.1891891891892,2024.9222946791513,2024.9222946791513,2024.9222946791513,2410.097731167033,2016,rural
Secondary school or above,56,1,1852,1,750,0,0,0,NA,NA,NA,NA,2016,rural
Secondary school or above,57,3,1889,2.962021796460669,2999.6956061408155,0,453.6350802893948,0,1638.9998848245268,1638.9998848245268,1332.7426221400567,1332.7426221400567,2016,rural
Secondary school or above,58,3,3013,2.911000961016465,2405.8904746100234,83.88649186856954,0,0,1906.8459621314728,1992.2099110073746,1992.2099110073746,1992.2099110073746,2016,rural
Secondary school or above,59,1,951,1,4283.333333333333,960,0,0,NA,NA,NA,NA,2016,rural
Secondary school or above,60,2,1299,1.9334499009442665,1685.963561714139,0,0,0,1356.0861262061158,1356.0861262061158,1356.0861262061158,1356.0861262061158,2016,rural
At most primary school,14,34,29430,27.62906911757951,345.78865103635746,265.3582738702005,0,0,75.14646604024405,222.15899534177268,222.15899534177268,222.15899534177268,2016,indigenous
At most primary school,15,53,43637,43.633113346206734,501.251804661182,71.03192245113092,0,0,90.3413832315784,102.99631342708187,102.99631342708187,102.99631342708187,2016,indigenous
At most primary school,16,53,45186,36.485873726212944,791.6505112202894,123.74297348736334,3.7954233612180763,0,160.670945519044,169.72028994267313,169.29924797476318,169.29924797476318,2016,indigenous
At most primary school,17,53,50047,41.37236763030265,567.6843733557123,51.97973904529742,1.8765693581366847,0,85.79466204556294,94.84280880202196,95.4126552116991,95.4126552116991,2016,indigenous
At most primary school,18,68,58860,54.12609630549863,752.0626684788764,119.93713897383623,9.325518178729189,0,88.76181528572333,94.97548704155554,96.53327364742289,96.53327364742289,2016,indigenous
At most primary school,19,39,32166,30.05605485743926,724.3869613878007,43.21333084623515,14.742274451283965,0,100.47824272021668,108.07783832192666,105.82681140555088,105.82681140555088,2016,indigenous
At most primary school,20,59,51745,49.63905045383975,873.6979611556673,96.30254130833897,3.6596128450413894,0,96.6261743641365,110.0419183585859,109.48428386580892,109.48428386580892,2016,indigenous
At most primary school,21,35,29915,28.2828011080296,861.7142904897208,97.53601871970584,0,0,123.50011419956026,143.17247602908955,143.17247602908955,143.17247602908955,2016,indigenous
At most primary school,22,55,49156,44.667217269308395,1039.5647360783355,121.18012043290747,27.35457862044647,160.489055252665,144.64927527346237,159.66994228686622,160.6733843854786,205.47466538797292,2016,indigenous
At most primary school,23,46,40978,33.904147572997445,1235.8736151105472,86.38244911903948,21.954918899572128,0,187.8966384398457,190.96008556892278,192.3622399152549,192.3622399152549,2016,indigenous
At most primary school,24,47,38994,35.201177400750744,1342.7982937545946,250.61394060624713,38.384024892718536,0,332.10744277616476,361.22793469056245,361.92094952335833,361.92094952335833,2016,indigenous
At most primary school,25,47,39072,35.731322533039894,1119.953624078624,57.8437244062244,4.454767267267267,0,159.99916617973255,162.61570579102283,162.60103350781796,162.60103350781796,2016,indigenous
At most primary school,26,25,19478,21.994374105627493,1307.3943936749154,108.7365232570079,4.0661258856145395,0,202.87416842118492,217.41811032688221,216.19590908341522,216.19590908341522,2016,indigenous
At most primary school,27,40,31739,33.734428824869184,1143.6237016499153,63.2792463530672,80.73768339687241,67.62185324049277,172.09061991097332,173.7677295024091,173.8917846476039,174.3438457023809,2016,indigenous
At most primary school,28,39,29076,30.35201211820419,1081.720594304581,89.30045398266611,8.305819232356583,0,146.16955371918078,157.5475350298277,156.42062338737358,156.42062338737358,2016,indigenous
At most primary school,29,43,34366,38.15738708757348,1355.0726929717355,102.72245824361288,5.124250712913927,0,192.1998452973855,196.67987062751422,196.3443914200608,196.3443914200608,2016,indigenous
At most primary school,30,45,35663,36.30885950460693,1143.7763975735822,57.97324958640608,36.16814579068876,0,170.6719234775152,172.21315434040793,168.65403778400457,168.65403778400457,2016,indigenous
At most primary school,31,46,40364,31.29832206672306,1305.9583663660687,77.53998612625111,37.84766954051465,0,292.0525199117368,295.41504615051787,295.0606216627939,295.0606216627939,2016,indigenous
At most primary school,32,48,36771,34.79103519497463,1170.8132812995748,47.44010225449403,15.055628076473308,48.761705329380945,183.20489864400471,197.55235591855362,198.45603409381215,195.1567312605193,2016,indigenous
At most primary school,33,48,43191,37.79403751865555,1286.9569702021254,46.98573776944271,77.66915175229408,32.599384130953204,152.0047514370841,158.05094126382318,174.5798016809837,173.33411759229412,2016,indigenous
At most primary school,34,45,37475,29.052147814117887,1041.2803735823882,33.2552368245497,83.56160551478763,0,240.52687676591904,239.45508728425588,232.77745641597818,232.77745641597818,2016,indigenous
At most primary school,35,57,44209,46.100216299568004,1615.4358011566271,62.38141554887014,14.489904016527554,27.97130297752343,178.4132901414516,182.19781180737724,181.91563618270916,189.50829907666494,2016,indigenous
At most primary school,36,52,44532,41.859154082881126,1547.2281935836404,72.1896613671068,35.65975029192491,66.27256804095931,310.2221024516688,335.199980421736,334.6763266389625,330.5110883422999,2016,indigenous
At most primary school,37,56,46139,43.35292593874148,1547.5755362419357,160.89978109625264,8.621990073473635,25.878324194282495,199.0425629502625,213.5535368714801,213.48374252739674,211.94368761556092,2016,indigenous
At most primary school,38,52,42170,41.126318010605324,1288.26666271441,142.24756936210576,88.66695913366532,136.15682554738754,149.73249925582422,160.54473584115232,170.43303973136253,188.45171234476805,2016,indigenous
At most primary school,39,40,33116,28.152822923438517,1560.2144079397672,31.936224181664453,201.66606272899304,182.00428795748277,277.3231601094213,277.9144843495892,281.7751061494476,283.7383200884018,2016,indigenous
At most primary school,40,53,42053,38.92264234732795,1301.1207999429291,119.31562552017692,53.56563939156145,49.859700853684636,193.20251649713597,206.7893829276222,230.41605609655758,226.2359641104149,2016,indigenous
At most primary school,41,35,28653,27.028146467214487,1746.8299887155504,72.94524133598576,23.218045812538534,0,776.6818248633324,777.3801325320237,777.6288776571457,777.6288776571457,2016,indigenous
At most primary school,42,42,31271,28.574214920603094,1476.5786991141952,159.26321511943974,76.37747433724537,0,224.10084688343903,259.34700855232364,274.56773507450015,274.56773507450015,2016,indigenous
At most primary school,43,27,20286,21.971295635541193,1330.051685891748,39.0249433106576,74.65255184199283,107.70975056689342,235.35925898799115,236.75394815762832,237.12295372665162,271.42883831679666,2016,indigenous
At most primary school,44,38,34045,27.952140321206684,1447.5189455132913,42.82244088706124,25.73162970578156,13.256963822391931,307.35994996966826,308.9356490557098,308.206187154191,306.462718098952,2016,indigenous
At most primary school,45,30,27588,20.148559840950064,1164.2867551109177,46.88850224735392,94.24194094050553,15.84022038567493,255.43145876652787,260.21933607247155,269.4735726118593,268.2017116636466,2016,indigenous
At most primary school,46,37,28714,29.089607886070336,1043.0991009031598,128.58257296092498,130.80611084024054,66.58006547328829,196.80799042111087,202.87777278439037,280.0117550615913,282.0274428570006,2016,indigenous
At most primary school,47,27,19081,20.956281305887824,1427.7675348950963,22.983596247576124,131.13568471254126,2.877207693517111,237.13921492173205,241.88155839215258,251.37523866882245,252.27220007849033,2016,indigenous
At most primary school,48,24,17608,20.560882805453872,1803.7393608965622,139.42469332121763,22.966833257610176,67.22701802211115,427.51743427059773,473.69664653726045,471.4974137566528,506.1635807805964,2016,indigenous
At most primary school,49,22,17846,17.229969223205124,1271.4253240688856,17.37644290036983,22.407542306399193,0,339.87445291605013,340.7235621949273,344.45897144801273,344.45897144801273,2016,indigenous
At most primary school,50,44,38470,34.199157317599365,1404.1192617624122,90.45489992201716,16.48730612598562,0,218.93517162427946,223.08010815924675,227.35027715508065,227.35027715508065,2016,indigenous
At most primary school,51,18,14887,14.507027363163726,1425.8445623698528,122.84059918049304,45.73722039363203,0,485.06249146965547,585.5848533335725,585.7041335239433,585.7041335239433,2016,indigenous
At most primary school,52,28,20123,21.754064001254093,1493.0562043432888,24.770163494508772,196.54665474001555,250.60875614967946,331.4132120263099,330.7957351459407,379.16127212521394,462.9782210222868,2016,indigenous
At most primary school,53,25,19360,18.75625588682641,1433.584090909091,3.396694214876033,109.24027203856751,112.93904958677686,371.72471886248246,371.22248324979137,375.61328900037694,391.561856741515,2016,indigenous
At most primary school,54,24,21664,18.334612445079635,1427.0508447193502,102.74556868537667,179.72058099458394,301.62019940915803,257.31623476993116,272.2780021541985,333.0882200552426,405.6053326939818,2016,indigenous
At most primary school,55,27,25385,22.20241404715187,958.1478694767252,53.04668111089226,12.43437069135316,0,175.49775441967319,184.02711861896123,185.92117090486548,185.92117090486548,2016,indigenous
At most primary school,56,21,17779,18.46602352896915,1334.3163563754993,16.367624725800102,56.14297767028517,0,374.025287974521,371.92354983600524,368.07377588428426,368.07377588428426,2016,indigenous
At most primary school,57,24,20442,21.002103349708804,1159.9259041841958,63.66451423539771,74.28586570133386,238.55297916055181,269.4781050675581,269.58847920076875,281.29449758073434,510.999801487032,2016,indigenous
At most primary school,58,18,14254,15.143034442460252,932.9041672512978,44.56573593377298,41.55792526074553,286.4056872924559,193.7220955874977,205.22699308053822,219.308841815894,205.8766604819442,2016,indigenous
At most primary school,59,17,16020,10.642350084669252,1077.5701622971285,47.81210986267166,106.53922180607574,0,280.9924528056117,284.5362621455157,258.8166336386873,258.8166336386873,2016,indigenous
At most primary school,60,29,25470,22.45526554685412,1240.3718099725168,6.994895956026698,92.52322994372464,0,220.7134409898606,219.56658951082406,219.53559399894075,219.53559399894075,2016,indigenous
Secondary school or above,14,9,6094,7.89623958985385,336.4012963570725,16.40301936330817,24.409255004922876,0,357.5204440460771,356.8505166255104,354.4619399376459,354.4619399376459,2016,indigenous
Secondary school or above,15,13,6159,10.342652457769338,281.7178113330086,15.445689235265466,16.409590301455864,0,160.41680205622603,170.56226510699796,172.89386759601155,172.89386759601155,2016,indigenous
Secondary school or above,16,29,26871,23.702098030188512,340.63525734062745,11.92549588776004,4.230086958679121,0,82.34794846967844,83.31259492096586,82.70350578880408,82.70350578880408,2016,indigenous
Secondary school or above,17,21,12674,18.63960650225594,523.4811424964495,75.37872810478144,16.94545263268634,0,158.72661897884134,177.84082925654556,179.86041604075285,179.86041604075285,2016,indigenous
Secondary school or above,18,39,34348,26.60765811357306,607.7418772563177,89.35818679399091,42.50756958192617,0,131.9133783455229,164.39478620121727,163.6603111572664,163.6603111572664,2016,indigenous
Secondary school or above,19,33,21039,27.462051249439686,1119.5250883280257,31.034744997385808,49.567469936784065,138.21949712438803,185.6678336647747,185.7650722984522,185.49660713817994,232.78103499048328,2016,indigenous
Secondary school or above,20,50,36234,35.623140900039054,1162.394192379165,43.40840094938456,10.131644311972181,0,157.89825657556057,160.91059521408252,160.19504965839562,160.19504965839562,2016,indigenous
Secondary school or above,21,39,29140,29.47207360573501,1665.589716312057,141.63177762525737,64.00537634408603,0,269.2273106589691,291.75367588692995,284.95939037049254,284.95939037049254,2016,indigenous
Secondary school or above,22,39,27284,26.519648218538673,1350.6206323608465,124.27759859258174,0,118.93417387479842,220.86692223012642,230.00658476895927,230.00658476895927,303.8951484764082,2016,indigenous
Secondary school or above,23,22,19525,16.013661314086306,2239.926709346991,112.47119078104994,50.79641485275288,0,319.2135421359663,350.47719941849493,343.0509268580188,343.0509268580188,2016,indigenous
Secondary school or above,24,26,20412,21.500365968292655,1497.7919034554836,51.23358808543994,120.49127963942779,0,481.98797042368113,484.6210665461585,503.5593859935609,503.5593859935609,2016,indigenous
Secondary school or above,25,30,23928,20.900990165514322,1765.733283182882,89.75468070879305,0,0,280.69628461033045,296.7657057415076,296.7657057415076,296.7657057415076,2016,indigenous
Secondary school or above,26,25,16300,19.616369985898128,2463.5772392638037,227.46319018404907,38.811349693251536,0,397.2363262810024,437.3765871599538,436.9378074967166,436.9378074967166,2016,indigenous
Secondary school or above,27,22,14371,19.424465844130914,2627.279776401549,83.38181059077309,0,0,467.7982942595492,470.4398134403638,470.4398134403638,470.4398134403638,2016,indigenous
Secondary school or above,28,28,19342,19.754349317661635,2161.5026539826977,63.89153138248371,72.81421259435426,0,338.9199464892619,332.3609802884083,332.0964304629563,332.0964304629563,2016,indigenous
Secondary school or above,29,16,12918,11.004112429078996,2828.8608917789134,70.41337668369717,23.851421788718586,0,799.4940127136591,862.6123500582643,860.5691671606377,860.5691671606377,2016,indigenous
Secondary school or above,30,25,17408,19.204019277627623,2701.785941329657,50.035041360294116,58.76129748774509,0,425.67296581847194,419.0497706605448,425.62630541420015,425.62630541420015,2016,indigenous
Secondary school or above,31,15,10700,12.631993798418138,3012.101542056075,182.12616822429908,0,0,698.7202647984835,748.4068523405322,748.4068523405322,748.4068523405322,2016,indigenous
Secondary school or above,32,14,8010,11.333375962964507,3046.02968164794,20.636704119850187,637.9650436953807,0,780.9961820205747,791.6032401900568,1175.8588011064157,1175.8588011064157,2016,indigenous
Secondary school or above,33,13,7609,10.30296458418714,3371.0462610067025,43.33026678932843,34.95860165593376,0,725.9027531567596,735.0792777249585,721.4995588223396,721.4995588223396,2016,indigenous
Secondary school or above,34,19,11012,14.743271347894542,2792.351525608427,454.7402833272793,1.7458227388303669,0,529.0946361935441,641.8773505157475,641.3951774290131,641.3951774290131,2016,indigenous
Secondary school or above,35,14,12282,7.904493703759131,3074.494714487326,0,15.510503175378602,12.484394506866415,522.2348244241006,522.2348244241006,517.7147329143511,527.9586776837838,2016,indigenous
Secondary school or above,36,9,6506,8.121589656686222,2759.8378419920073,43.99016292652936,27.851214263756532,0,1108.3620353334163,1102.243517521499,1105.2419629984672,1105.2419629984672,2016,indigenous
Secondary school or above,37,13,9734,9.339919493000686,3125.5039723306622,24.450380110951304,308.3624409287035,10.221902609410314,1030.6648796056693,1046.7472026265486,1072.2978773086284,1072.0538970317757,2016,indigenous
Secondary school or above,38,11,5505,9.635058740267581,1662.2509234029671,0,4.0160460187708145,238.14713896457766,292.96495576544737,292.96495576544737,292.75041625337695,329.5067143282547,2016,indigenous
Secondary school or above,39,8,6740,7.01760131492358,2618.255192878338,8.798219584569733,150.44510385756678,1439.1691394658753,605.5567407864672,603.2376862696226,715.6257662957127,1270.295696437539,2016,indigenous
Secondary school or above,40,8,6489,6.945617916069887,2796.049776544922,38.60379103097549,6.433965171829249,929.2649098474341,842.7592401886538,836.8420190667257,836.2001226028766,1408.343130431772,2016,indigenous
Secondary school or above,41,3,3409,2.913094571136721,3275.79270558326,0,0,0,1919.2272887571787,1919.2272887571787,1919.2272887571787,1919.2272887571787,2016,indigenous
Secondary school or above,42,5,2617,4.174515343518663,4901.463125716469,52.42644249140237,0,0,1095.3755066836297,1103.2223835913096,1103.2223835913096,1103.2223835913096,2016,indigenous
Secondary school or above,43,6,3761,5.111034790510792,4108.871753966144,0,0,234.40574315341664,1102.4528489395855,1102.4528489395855,1102.4528489395855,1058.8668133213869,2016,indigenous
Secondary school or above,44,7,3582,5.779995945672005,4176.614554252746,22.613065326633166,105.8068118369626,0,845.0832853432124,849.3758163944356,881.2963594590559,881.2963594590559,2016,indigenous
Secondary school or above,45,3,2818,2.2980901348909515,5977.583865625739,0,0,0,788.047007253936,788.047007253936,788.047007253936,788.047007253936,2016,indigenous
Secondary school or above,46,6,6796,3.108284219037265,5269.377820286442,0,1583.0758289189719,0,1784.997540291713,1784.997540291713,2387.9840634588445,2387.9840634588445,2016,indigenous
Secondary school or above,47,3,1990,2.513803351907078,4678.078726968174,0,0,0,1750.9065902127165,1750.9065902127165,1750.9065902127165,1750.9065902127165,2016,indigenous
Secondary school or above,48,2,1852,1.9999976675759232,4458.876889848812,0,0,0,1040.0006064307904,1040.0006064307904,1040.0006064307904,1040.0006064307904,2016,indigenous
Secondary school or above,49,4,2758,3.35753261279299,5784.433164128596,0,238.4336475707034,0,1286.741631304775,1286.741631304775,1162.5639301669216,1162.5639301669216,2016,indigenous
Secondary school or above,50,4,2558,3.5542367099691257,4267.073885848319,0,0,0,2774.9461096918503,2774.9461096918503,2774.9461096918503,2774.9461096918503,2016,indigenous
Secondary school or above,51,3,2351,2.871495507963993,4927.335885438821,0,2402.85835814547,0,1983.5358808295628,1983.5358808295628,4037.0045624493,4037.0045624493,2016,indigenous
Secondary school or above,52,3,2574,1.8051523657103996,2147.9974099974097,0,2149.184149184149,0,4650.57457338588,4650.57457338588,3580.6958215946156,3580.6958215946156,2016,indigenous
Secondary school or above,53,3,1826,2.9760383586195323,3053.647316538883,42.848849945235486,112.04819277108433,497.9919678714859,2313.190028351477,2359.5579499979563,2309.2153689381093,2132.075846876248,2016,indigenous
Secondary school or above,54,2,1417,1.9035280733771005,2002.4199011997177,0,0,0,2082.684263718507,2082.684263718507,2082.684263718507,2082.684263718507,2016,indigenous
Secondary school or above,55,3,1787,2.3628768567676057,4382.016228315612,0,907.9462786793508,0,3002.1053956663563,3002.1053956663563,2085.808020242208,2085.808020242208,2016,indigenous
Secondary school or above,56,1,1852,1,750,0,0,0,NA,NA,NA,NA,2016,indigenous
Secondary school or above,58,4,3342,3.4705408579898203,3105.491921005386,119.03052064631957,1345.6612806702574,0,2134.219787104193,2099.74002600144,2035.3427755185764,2035.3427755185764,2016,indigenous
Secondary school or above,59,1,604,1,2000,0,0,0,NA,NA,NA,NA,2016,indigenous
At most primary school,14,45,32282,35.760572527395524,564.9827561282862,49.5471160398984,9.907481981702912,0,90.60536271356496,100.4763972681593,101.07662430623954,101.07662430623954,2016,non-indigenous
At most primary school,15,53,39433,40.59079761117631,605.4091750564248,39.59267618492126,3.3442379056458638,11.59434990997388,87.08900020395461,91.82263157550007,91.39296117720214,90.23896332489356,2016,non-indigenous
At most primary school,16,54,37427,45.570724868057596,751.2810003473428,57.04389878964384,0.547732920084431,0,100.2485895356619,104.08279352402683,103.99712605237785,103.99712605237785,2016,non-indigenous
At most primary school,17,53,39648,39.92046969085559,939.6675746569814,170.73698547215497,37.874966370729084,0.5145278450363197,130.68156139961405,149.81844131424492,155.32203539233606,155.2434101723809,2016,non-indigenous
At most primary school,18,68,48995,54.0101429972469,1180.1172160424533,107.66343504439229,306.4545701942375,9.07473551722965,125.59601610224797,128.47814560356497,264.0278101985899,263.9767972708945,2016,non-indigenous
At most primary school,19,54,37521,40.99291683849866,1120.7938709878024,143.96204791983155,10.18096532608406,2.9921022005454723,112.455459155271,126.9128075714131,125.86433779479977,125.83570040779648,2016,non-indigenous
At most primary school,20,54,33378,42.9633999432806,1289.0347634170212,63.722511834142246,27.101933409231627,16.00976691233747,160.47568816647723,161.51437092147603,161.67202504545196,163.32570000913495,2016,non-indigenous
At most primary school,21,50,33385,37.98679045566737,1385.3489191752783,70.75483001347911,20.07563276920773,17.685088113424193,162.38079222392903,167.8096562464087,168.75506069738145,171.98117431440429,2016,non-indigenous
At most primary school,22,49,36116,35.22483203623987,1256.4730959500869,212.7820356628641,25.801583785579798,0,138.38831120867002,143.83233200485435,145.82830603476793,145.82830603476793,2016,non-indigenous
At most primary school,23,56,36883,42.58629473048813,1616.0262858227368,145.34175636472088,5.685173386112844,16.005567153792622,142.27341676224907,159.66690298345108,159.09971303985213,156.64133862210912,2016,non-indigenous
At most primary school,24,61,35771,43.87715881809151,1366.5016819956575,146.40826367728047,7.822351439247807,0,174.39869689757666,191.38063375321272,192.80661259930966,192.80661259930966,2016,non-indigenous
At most primary school,25,51,51364,10.137886450313406,1815.8045193780338,112.59841523245854,50.73874698232225,0,294.87596230355234,285.8374452390853,274.06713668409753,274.06713668409753,2016,non-indigenous
At most primary school,26,41,26428,33.573735352092484,1604.1484000554965,125.59122899954593,37.9105494172847,0,183.59517898728868,187.95944382472086,197.71557769391723,197.71557769391723,2016,non-indigenous
At most primary school,27,39,36769,9.618297564083674,1748.4540328356316,165.7555549511817,146.73162174658,7.5879137316761405,445.8321952141295,446.5412100987914,523.4037188674679,520.6804112273228,2016,non-indigenous
At most primary school,28,60,38983,45.77181782972132,1700.4665452462184,89.49593412513147,100.81804889310725,1.2826103686222199,191.80069642950613,191.33736923594512,198.4546511990462,198.3172621220641,2016,non-indigenous
At most primary school,29,39,30176,6.985630065197763,2114.3591209349593,97.24715005302227,196.98416512018383,0,440.5434679513995,490.27907472510344,693.5423428232626,693.5423428232626,2016,non-indigenous
At most primary school,30,97,71460,30.449062245046957,1818.2296669465436,189.57808564231738,51.85325123612277,0,232.76023973486966,268.5530712611203,271.09435071522495,271.09435071522495,2016,non-indigenous
At most primary school,31,50,34079,35.833716499637504,1532.2173674892651,117.79394935297397,22.99950115907157,7.497285718477655,219.14128815357873,225.34695688310305,230.75411410669744,229.45512370158374,2016,non-indigenous
At most primary school,32,80,52757,60.277856906316664,2032.9555319673218,73.94990238262221,276.6514569946484,77.83959158658251,300.33748548959306,303.3201714338613,452.897180733449,462.04856305948954,2016,non-indigenous
At most primary school,33,63,41201,46.67388934312654,1669.6889638601006,117.13720540763573,0,109.59442731972526,162.3216658015322,164.8626094169851,164.8626094169851,182.36138555428198,2016,non-indigenous
At most primary school,34,72,45505,51.56114001660401,2039.0861224041314,71.50754862103065,21.030692597883014,26.72435263524155,253.11126015373674,254.9011420906877,254.5570404014783,255.41346412819274,2016,non-indigenous
At most primary school,35,81,58562,21.962910962620242,3136.817105517799,55.618831324066804,50.207805402820945,29.71155356715959,2395.800039715672,2395.5573696824067,2395.6165027488905,2395.068450351999,2016,non-indigenous
At most primary school,36,71,42506,50.22809240283021,1535.123468843614,40.61897143932621,73.8408832478552,0,179.06420596734802,179.0262692037575,181.55387655112412,181.55387655112412,2016,non-indigenous
At most primary school,37,66,52754,17.48581197845982,1819.402410243773,101.69750161125222,89.89659551882322,211.66736171664706,462.1869111616447,474.3252407278771,488.2346245215187,526.7325759647113,2016,non-indigenous
At most primary school,38,93,65008,63.20745104983799,2373.864785872508,132.2468773074083,67.02174219583232,2.9804024120108292,472.0190427352779,470.42296428464357,471.43344766138836,471.3332200769417,2016,non-indigenous
At most primary school,39,69,44316,54.1193168675394,2470.512687291272,68.86339019767127,123.24724704395703,131.7688870836718,644.9188946154278,644.2436467522535,644.8685827547777,659.475299175332,2016,non-indigenous
At most primary school,40,107,69936,76.27953510420866,2544.7246744642725,119.1693834362846,51.00198753145733,19.762068176618623,288.7210767114839,290.094516687201,289.1890250030568,288.99165363157476,2016,non-indigenous
At most primary school,41,52,31530,41.26855763337693,1684.9277090601543,137.15731049793848,271.64105613701236,91.450322444233,219.488296047806,228.28426700739197,295.0023855674629,301.6494847011941,2016,non-indigenous
At most primary school,42,79,51987,57.2850464212353,2053.6067831060327,95.96697251235886,103.97391014420272,24.049666262719526,227.67707257348903,225.0721120472355,248.47762672397744,248.76437197745366,2016,non-indigenous
At most primary school,43,60,42791,43.32717621036226,1663.5740108901405,105.03073076114136,224.38366323136486,1.8391717884601901,289.07407055447595,307.41008658413404,408.76053762131886,408.93144237856177,2016,non-indigenous
At most primary school,44,63,39215,45.72484835034439,1753.4742572995028,59.97832462068086,74.5017212801224,50.295040163202856,164.12035860331306,165.12031549163012,173.39524052024606,174.83057289238664,2016,non-indigenous
At most primary school,45,69,41670,47.40638666724255,1935.1481881449483,156.21982241420687,51.89870810335173,53.29853611711063,277.84633891703913,303.26884248513704,303.14919211097066,306.1358387802572,2016,non-indigenous
At most primary school,46,54,37069,39.21863821430642,1493.7730673428832,72.04159810083898,58.07790876473603,8.29084500076434,165.9829388713042,171.89232962494714,167.7350039511015,167.41498844034837,2016,non-indigenous
At most primary school,47,56,33284,37.5029259281903,2898.3853703481154,66.62014781877178,193.4991186956696,17.055241757801546,490.5200164880385,488.68572992296487,515.2450170158022,517.5189402849859,2016,non-indigenous
At most primary school,48,63,37788,45.72040276571477,1765.1334043435306,112.61696834974066,91.2198757983134,17.195935217529374,242.03342928631903,261.6740443008049,279.9818765666337,280.2349927883063,2016,non-indigenous
At most primary school,49,43,27843,32.673890374694984,2073.6794316943815,168.1226160974033,579.7983335129117,39.74787199655209,208.9151050411258,216.87209722891046,334.38421281971006,327.68800565631574,2016,non-indigenous
At most primary school,50,66,39985,51.77823880238259,1958.1333979408946,112.49055895960986,36.990413071568504,6.373556750448085,307.3599026524433,315.7654929128839,315.47327005686645,315.47680122603504,2016,non-indigenous
At most primary school,51,45,38946,10.62707023300986,2381.6410457214265,41.637138602167106,86.24253239528235,58.08683818620654,511.5757265244558,496.58618600754795,474.6102998716736,464.8695689347755,2016,non-indigenous
At most primary school,52,64,37880,45.86388540382943,1790.6393853396692,55.47756071805702,63.24445617740232,63.676962337205204,238.82483975295938,241.63490297952592,242.35074565894456,266.5816686496771,2016,non-indigenous
At most primary school,53,46,25788,32.72691904609301,1791.125113101701,38.697456181169535,91.32800785895247,18.018716715785118,260.55011682673546,269.80007433982365,277.542025436225,279.0961293203357,2016,non-indigenous
At most primary school,54,47,27710,34.27145036142743,2241.8151690123905,67.02208588957055,265.07455190665223,19.24431613136052,278.6766386961902,283.4632758467786,268.79039394959034,266.9962629887278,2016,non-indigenous
At most primary school,55,56,35343,45.5090243115405,2144.8442218638297,140.4815663639193,109.32235520470815,54.91893727187845,320.305371161025,328.33124670336645,332.2041159291005,328.6021535720471,2016,non-indigenous
At most primary school,56,54,29111,39.741577890813566,1946.3726082923981,91.32149359348699,237.5568456368154,13.50096756094489,388.7538950726096,385.87751783663674,387.46587370528806,386.9701207801839,2016,non-indigenous
At most primary school,57,34,29739,6.6766542351737455,2114.431554524362,78.95793402602644,226.2478675588733,26.03203425356154,1295.2970695893518,1303.3470851642762,1296.3814707850559,1292.0417828257655,2016,non-indigenous
At most primary school,58,50,28988,36.83551495997604,2137.284246929764,122.6335035186974,209.79750241479232,0.9141713812612116,341.42756809681254,358.15502527149715,353.2449360284898,353.1929236831407,2016,non-indigenous
At most primary school,59,36,20453,29.355024076616278,1785.2081112795188,67.7362734073241,93.93031177170424,0,282.8003142708603,282.15377095485,285.93147179001,285.93147179001,2016,non-indigenous
At most primary school,60,60,33289,48.33297071311834,2340.7500100133175,32.78260085914266,738.9510799363153,71.57169034816306,386.9919289737906,385.2663873547001,762.8043433674516,763.7939401412374,2016,non-indigenous
Secondary school or above,14,14,8892,10.450877968417245,147.519118308592,21.89608636977058,0,0,124.06408611962027,135.2006817871654,135.2006817871654,135.2006817871654,2016,non-indigenous
Secondary school or above,15,33,22194,19.502089519619535,295.8135081553573,149.9031269712535,24.337283349854314,3.116457901534949,106.4528658412542,144.28606111682691,145.12972465532292,145.9418727723291,2016,non-indigenous
Secondary school or above,16,37,32960,8.036811555141904,576.9885720064725,451.44417475728153,0.2097188511326861,13.25242718446602,190.95711975122913,351.70356758507876,351.64308359721593,347.6828946587381,2016,non-indigenous
Secondary school or above,17,58,39331,42.343014708166734,890.1029722102159,102.2767791309654,34.098548218962144,3.536650479265719,126.11029063035932,134.32058478589448,140.31520437743768,139.9331938143444,2016,non-indigenous
Secondary school or above,18,86,50859,68.47319896959748,1105.3662675239386,121.8880040897383,90.8400348676406,63.05013206446581,152.2868700281937,162.99259095065705,169.487503185148,181.90150354291566,2016,non-indigenous
Secondary school or above,19,118,82313,38.253761773118434,1414.3790845107496,92.88429531179764,28.3525486051211,0,220.02120103124753,226.3060757233114,223.84922043294145,223.84922043294145,2016,non-indigenous
Secondary school or above,20,137,79406,95.6194807663337,2276.026359259166,77.61926050928142,47.41885583792996,26.99166309850641,216.26131911884576,217.0586478171315,221.65613038272807,222.76629185335173,2016,non-indigenous
Secondary school or above,21,132,82171,98.3378826635849,1808.013849168198,78.3027467111268,33.24408854705431,0.9078628713293011,149.5024733325566,153.95393892253344,154.60031345356592,154.83295437094577,2016,non-indigenous
Secondary school or above,22,180,103755,114.46415028351491,2639.214809728045,105.78497421810997,37.79793744879765,9.127206720961238,208.4574003321926,211.62328702781667,211.84690052626817,212.11693656832261,2016,non-indigenous
Secondary school or above,23,181,99327,126.98023197469367,2549.023412566573,86.01900792332397,51.98544538074575,25.068712434685434,141.7401865807509,141.6726854857273,144.5405566075621,147.1990762787664,2016,non-indigenous
Secondary school or above,24,150,116951,31.92603429904582,2440.089534648414,68.96448085095467,110.17809452961782,3.4266487674325146,287.92609539239135,294.68218984169266,294.89256991236635,295.6706833037123,2016,non-indigenous
Secondary school or above,25,153,84574,109.33810796911992,3045.83371761219,64.22964504457634,46.25732100487935,19.238477546290824,211.40779843056754,212.17953322857622,210.2410607108139,210.38204535262653,2016,non-indigenous
Secondary school or above,26,111,52184,83.05489027678519,3622.009129554397,65.58420205426951,102.12197863968522,0,551.2320739100004,552.1289812874203,552.4990053851251,552.4990053851251,2016,non-indigenous
Secondary school or above,27,118,79310,36.96014196001363,3454.426182070357,166.9259866347245,212.03063926364896,0,472.4098853805155,476.5367915613466,601.3206882088001,601.3206882088001,2016,non-indigenous
Secondary school or above,28,119,58365,96.23292593701562,3465.4107712955824,68.98449413175705,26.607298894885634,55.1600559696165,241.22038074547652,242.76075103088212,243.4924960881894,246.34066619766176,2016,non-indigenous
Secondary school or above,29,118,66386,72.43421196358288,3566.7381689412427,33.722923507968545,53.97964179194408,0,267.69678148906945,267.09913214959755,272.67662477573396,272.67662477573396,2016,non-indigenous
Secondary school or above,30,159,79555,126.68796705943686,4182.783311335973,88.32644082710075,114.00781430037918,14.211028009972136,390.2777725346053,390.97880947386153,392.2162518108654,392.292322212056,2016,non-indigenous
Secondary school or above,31,97,57258,63.60153869200703,3307.6525492798673,62.386391421286106,87.10878829159245,18.51479269272416,260.23357145149566,261.72918762756234,263.1181509156538,260.21326990449285,2016,non-indigenous
Secondary school or above,32,127,66482,86.88321427390576,3779.130514023846,70.57647182696068,81.1059008453416,157.20671259388504,304.1617208974791,304.25454508676705,309.8232095602366,320.65855364941723,2016,non-indigenous
Secondary school or above,33,82,58962,20.866436629036965,3560.766024445123,32.48278552287914,161.43292855285327,0,491.8054238312695,507.429821254334,525.7508708024072,525.7508708024072,2016,non-indigenous
Secondary school or above,34,98,49207,76.79428662769962,4587.340789928262,176.5968256548865,62.16988944662345,0,431.6580250897733,484.0108507219228,486.25709429027165,486.25709429027165,2016,non-indigenous
Secondary school or above,35,83,50306,50.426192482722406,4608.009574735949,36.24299288355266,148.39283584463087,4.452749175048702,609.1210638962552,609.2061690185182,607.8166332362036,607.3503303961191,2016,non-indigenous
Secondary school or above,36,89,46551,64.74620142646897,4206.162885867114,62.31702863526025,300.6269109865166,5.609152685584985,379.1523840826602,380.98867658096236,409.2848075175799,408.875358197104,2016,non-indigenous
Secondary school or above,37,81,44791,55.09419202120863,4192.0654744628755,97.03422562568373,107.05870971102826,19.65376973052622,432.4815413618476,433.6328797856465,450.08213902191704,449.5126083002866,2016,non-indigenous
Secondary school or above,38,87,55691,59.24701564519133,4616.229420672401,153.03323696827135,58.22125657646657,47.300700891227194,555.0637242092689,561.4648902769381,559.847501933023,558.8001477731173,2016,non-indigenous
Secondary school or above,39,74,48504,44.33489472206186,5210.35025977239,55.4595497278575,346.1825828797625,320.9068667876189,576.8807793300158,577.2293113367847,602.0183836110069,731.9550889119464,2016,non-indigenous
Secondary school or above,40,89,52204,58.317016084174334,5116.685975531887,31.645659336449313,92.00907337879602,103.03769826066969,704.5703501862007,702.7277638566612,696.8697880694262,727.9659016606769,2016,non-indigenous
Secondary school or above,41,58,32411,33.226008534986875,6165.940287762385,92.40412205732622,232.49411208128927,110.47175341704977,1160.6618049887827,1158.5420872808397,1174.250170758837,1178.012193722446,2016,non-indigenous
Secondary school or above,42,68,43935,13.655857460971559,5547.642039376351,59.71594400819392,331.60274648154467,19.85129547437502,1037.4944793238185,1037.750713912855,1079.9567491529208,1077.6462080486563,2016,non-indigenous
Secondary school or above,43,62,38541,10.85782985119853,4468.793605078575,56.969980021276044,51.238940349238476,20.116239848473054,1276.5261338428224,1279.7456071891997,1278.3830043890432,1273.2678465672345,2016,non-indigenous
Secondary school or above,44,40,24645,27.82130582350766,4460.847332116048,72.82836275106513,42.097788598092926,0,728.2633759982335,743.1936151076515,742.1092869662582,742.1092869662582,2016,non-indigenous
Secondary school or above,45,66,39581,43.05389884352469,3839.0975425919846,74.34804577954068,301.5647238152986,0,433.7103076620477,432.0076203540083,438.2801768744207,438.2801768744207,2016,non-indigenous
Secondary school or above,46,46,25331,27.34542547232856,4171.947238561446,5.509060045004145,143.9112813022252,16.284394615293515,602.3420645708653,601.865453017258,636.4585793396468,638.9097823768892,2016,non-indigenous
Secondary school or above,47,45,20216,35.25375736065901,7137.296341181903,147.96299960427385,18.37406015037594,172.87940245350217,2377.6217230242946,2379.988796659816,2379.1558559446885,2371.2423500620753,2016,non-indigenous
Secondary school or above,48,49,23023,34.539544486745285,5648.136066831719,82.55005863701516,343.4608869391478,91.9607204389813,708.1519140447422,726.5026544366443,790.5490703215428,781.9175389058023,2016,non-indigenous
Secondary school or above,49,47,28897,29.979861560864116,4468.892837780161,71.39495449354604,225.13842267363395,26.00615980897671,644.8777491294268,649.6437668307107,687.6462073942154,684.316763598414,2016,non-indigenous
Secondary school or above,50,47,25332,27.167072931484945,3962.716149534186,49.04567345649771,260.5752934364966,65.40344228643613,664.4113228197706,659.9796455514798,692.4976770259187,694.7114983783736,2016,non-indigenous
Secondary school or above,51,33,18117,20.633479267207978,6601.931059226141,88.04437820831264,2154.4235800629244,90.25776894629354,2084.7247341352354,2129.3657524926252,3705.306540744351,3695.4802413637694,2016,non-indigenous
Secondary school or above,52,29,13876,22.57485495552407,6922.861415393485,86.26405304122225,36.379360046122805,86.3256461996733,2424.553985917309,2418.997463022149,2424.588823896451,2421.5061904952136,2016,non-indigenous
Secondary school or above,53,40,17819,29.964268528713173,5417.561647679443,18.429765980133567,159.91544605944966,0,727.7297494574763,726.4552936603463,703.6354150191954,703.6354150191954,2016,non-indigenous
Secondary school or above,54,27,15747,20.466923042447355,4909.161162972841,179.6370737283292,122.9123007556995,18.47971042103258,1015.2540254991768,1002.3669693213402,984.411212700419,980.4970173351313,2016,non-indigenous
Secondary school or above,55,28,12809,20.93237943950583,4844.002524266792,47.68522132875322,1012.1008665781873,88.68764150206886,925.3594342558852,917.7127463463743,1254.4365909421824,1247.4332572701746,2016,non-indigenous
Secondary school or above,56,32,13092,26.562233874722057,5180.787631123333,18.42613809960281,1326.8335370200632,10.362562379061004,824.728345338343,822.4721231913835,1063.880487926856,1062.763608691903,2016,non-indigenous
Secondary school or above,57,25,11534,20.23504462920841,4379.344835558639,71.95075429165944,239.2072712559968,6.615224553494017,569.3289918648052,569.2530342476491,590.0297013922566,591.4621467458039,2016,non-indigenous
Secondary school or above,58,15,7963,12.081093120224363,4625.723554774164,63.010172045711414,882.3232450081628,0,1234.3129071492258,1248.6292213429513,1532.3526108160975,1532.3526108160975,2016,non-indigenous
Secondary school or above,59,19,9533,14.625949568060298,7158.423336480297,106.0274834784433,859.7118780376936,80.38602748347844,2683.8961651766713,2675.7725587482537,3418.7093190932746,3410.898496280248,2016,non-indigenous
Secondary school or above,60,21,9293,16.784177949912863,6048.245453567201,0,797.6143333692027,372.5298611858388,2532.0026986556195,2532.0026986556195,2569.578468833869,2613.699038413145,2016,non-indigenous
At most primary school,14,79,61712,62.958559481827464,460.45069570477915,152.4658737360643,5.182676518883416,0,61.31995257934092,114.36226753116458,114.52029373683328,114.52029373683328,2016,p99
At most primary school,15,106,83070,84.20621728747427,550.6948958709522,56.10783676417479,1.5874964889049397,5.503791982665222,62.78796168087259,69.10488201260272,68.9869191582383,68.68435955696454,2016,p99
At most primary school,16,107,82613,78.7193049414742,773.3615048479053,93.52561945456526,2.324089429024488,0,95.20097506986306,100.22373162587785,100.0338356442343,100.0338356442343,2016,p99
At most primary school,17,106,89695,80.51807504346746,732.1126019659216,104.47416243937789,17.788988609547168,0.2274374268353866,78.79856660305364,90.28498113581074,93.05394459562778,93.03459397420872,2016,p99
At most primary school,18,135,107580,106.78802356754632,931.8065780504431,113.24800148726528,126.77673979054346,4.132893350684762,73.43886671957527,75.65517827734949,124.66390382850597,124.77235153198197,2016,p99
At most primary school,19,93,69687,70.61909976184432,937.8210833201794,97.4586364745218,12.286366180205777,1.6110130536063638,80.10807782445856,90.079786192861,89.01415779661005,89.06091013407969,2016,p99
At most primary school,20,113,85123,90.71983160392328,1036.5577262706122,83.52742502026479,12.851696956169308,6.277668785169696,90.87417138012242,95.72918854637612,95.82388165410921,96.51951704293802,2016,p99
At most primary school,21,85,63300,65.70603242211908,1137.883991574513,83.41137440758294,10.588072669826225,9.327277514481306,109.74765525903524,116.2971993249112,117.0442734645456,118.75349554800069,2016,p99
At most primary school,22,104,85272,79.79442244940367,1131.4338411201802,159.97708509241016,26.69682506176314,92.51571441973918,101.75163642620758,110.65939332721288,111.58670719049431,132.1615013695248,2016,p99
At most primary school,23,102,77861,74.410714297331,1415.953128010172,114.31165795456005,14.247889401197861,7.581887380502861,119.37741545409739,126.8782758400123,126.99898681319848,126.36173118959924,2016,p99
At most primary school,24,108,74765,77.25215997448241,1354.1390802291623,200.7571724737511,23.761920684812413,0,184.35294480306064,200.99665095361064,201.70135439702284,201.70135439702284,2016,p99
At most primary school,25,98,90436,26.995630564941823,1515.1688634319667,88.94218010526781,30.742200746015598,0,191.5909535403839,192.07821892081034,190.39865848246163,190.39865848246163,2016,p99
At most primary school,26,66,45906,55.38011018728622,1478.2351308470934,118.43974643837407,23.5502984359343,0,136.97197312269768,142.7166206384536,147.23879187591572,147.23879187591572,2016,p99
At most primary school,27,79,68508,27.539426821038976,1468.2428183569803,118.27941262334326,116.15735875128938,35.40097506860513,234.50658800337513,238.10685548903578,265.7605495583122,263.41395758328525,2016,p99
At most primary school,28,99,68059,75.8668167407786,1436.1274090617453,89.41242157539781,61.29519975315535,0.7346566949264609,132.02626345175477,133.9765781681007,138.71922691890774,138.6734369668599,2016,p99
At most primary school,29,82,64542,25.825066646166988,1710.0698614855444,100.16252982553996,94.82653414314194,0,238.95689655935504,252.23921121532766,306.45583467571385,306.45583467571385,2016,p99
At most primary school,30,142,107123,56.60237059251954,1593.6931346831834,145.7646817210123,46.63142291260203,0,164.6709550421719,185.3270074580162,186.21527708072352,186.21527708072352,2016,p99
At most primary school,31,96,74443,65.60951979437357,1409.536681308742,95.96770683610279,31.05037858943531,3.432156146313287,183.6764669388576,187.07303246639142,188.47344055847944,188.12071978110922,2016,p99
At most primary school,32,127,88602,93.25552677830336,1525.0018077093819,63.72085280241981,66.46476847776198,66.58540439267736,129.5234576155571,136.49439564909846,139.00350704178274,151.24993444806395,2016,p99
At most primary school,33,111,84392,83.07633979721282,1473.810473741587,81.23437055645086,39.75031203589598,70.18911745189118,113.60160094294251,117.21664785603299,121.67725682831373,128.64907779459355,2016,p99
At most primary school,34,117,82980,77.80429127192848,1588.4622318630995,54.232236683538204,49.27058126456174,14.655238210010445,189.4236433954847,190.723853869282,188.11420282319838,188.98336457050306,2016,p99
At most primary school,35,137,102276,52.75019524931459,1927.5167650931467,58.81115804294262,35.01167103393432,29.103126181443677,345.2998702491415,347.3319543522527,349.1959557486902,350.7711004069338,2016,p99
At most primary school,36,123,87038,90.89286718782677,1541.3167131980667,56.771754865690845,54.30594204064125,33.907603575449805,175.94407053244325,186.29727784335373,186.71804530244893,185.0230426813557,2016,p99
At most primary school,37,122,98893,46.959501882934376,1692.580287954321,129.3186069792604,51.97754138311104,124.9866016806043,241.47216549989398,250.80435793809542,256.27101578578055,271.38205626270786,2016,p99
At most primary school,38,145,107178,104.33354086586442,1946.727940124528,136.18172572729478,75.53821757574626,55.379679909434145,295.80685924789685,295.6604442550644,296.91110137575345,297.49343879689854,2016,p99
At most primary school,39,108,76030,78.88639297272867,1618.1338232715157,54.04905958174405,159.67642158796966,156.0794949362094,166.18588121759288,167.87822197398728,173.9666218672398,198.92247366780435,2016,p99
At most primary school,40,160,111989,114.47695010989034,2077.7388657219312,119.2242988150622,51.964664684329115,31.064033074676978,205.94801709280242,208.3870728779427,210.92887591855794,209.8849274374348,2016,p99
At most primary school,41,86,59730,65.75158836528075,1485.4677772197108,107.39444165411017,154.53054020871699,48.274379150622245,156.90404944387095,163.90335856540116,199.3242481218534,203.91350598102625,2016,p99
At most primary school,42,121,83258,85.1571021820918,1836.8799194471803,119.74050541689688,93.60892246590919,15.016815200941652,169.57548534889443,173.68902631842693,189.41423586064192,189.76687679648114,2016,p99
At most primary school,43,87,63077,65.23388176500133,1556.310921572047,83.80281243559459,176.22910094012082,35.88788306355724,208.68559819887332,220.61820216146177,285.6931792710672,288.3712206196138,2016,p99
At most primary school,44,101,73260,71.46707202549504,1611.2923218673218,52.005733005733006,51.83754208754209,33.08290108290109,162.08942072619547,163.0813766046813,166.0928949995596,166.3378101645092,2016,p99
At most primary school,45,99,69258,64.46960910024485,1628.0858240203297,112.66915013428051,68.76556980180388,38.377515954835545,209.86985296866806,226.98605944571216,227.60744441709724,229.70807243809165,2016,p99
At most primary school,46,91,65783,68.27664560301415,1297.0557958236425,96.72149339495006,89.82345996179357,33.73384207672702,128.9222529735431,132.39184666105677,153.86214384436934,154.01664426477544,2016,p99
At most primary school,47,83,52365,58.45033696795242,2362.514866800344,50.71966007829657,170.77484324771635,11.888984372513447,336.1684654212378,336.29820293035107,353.88509971496813,355.5577590408682,2016,p99
At most primary school,48,87,55396,66.26316075639306,1777.4045734349052,121.13798830240451,69.52517630635184,33.0986593496522,211.65846578594358,231.07947527214995,240.4594613565718,247.23115194261734,2016,p99
At most primary school,49,65,45689,49.45425019570404,1760.3211440390467,109.24156799229574,362.0829959071111,24.222460548490883,188.84210997078006,195.92452019984407,266.9678789821725,264.77042836125065,2016,p99
At most primary school,50,110,78455,83.00766379527315,1686.4754562063179,101.68548849659041,26.93682153251333,3.248316444671043,200.655071013892,205.8031047228374,206.76503778557304,206.8230665307884,2016,p99
At most primary school,51,63,53833,18.341035117123816,2117.324692412956,64.0931770475359,75.04117672555248,42.023480021548124,407.8384412332798,426.29799709390574,417.1622375414551,414.26357542763014,2016,p99
At most primary school,52,91,57661,66.78540393860202,1652.9229447402347,45.09009555852309,110.140447327194,129.2916066896747,186.7859438106628,188.58024841998787,198.41888922528062,229.48921751826492,2016,p99
At most primary school,53,71,45148,50.57483380716336,1637.8072653642835,23.56006910605121,99.00900002953249,58.721685715129496,216.0325340491996,220.3109186833879,224.7701368692005,228.93207777421753,2016,p99
At most primary school,54,71,49374,50.78442545766028,1884.31822079097,82.69660145015595,227.62349617207437,143.1433548021226,206.22255083407867,210.86941146699027,218.50539692776178,231.40400540680974,2016,p99
At most primary school,55,83,60728,65.3050971263448,1648.7915459096298,103.93278224212884,68.8220672506916,31.962192069556053,225.61184940654272,232.88282015259566,237.3416182230647,236.54462071447725,2016,p99
At most primary school,56,75,46890,57.19518406641146,1714.3029110684581,62.90168479419919,168.77123764839695,8.381886685149642,287.6468584659033,286.37417308365724,288.7597793772508,288.64662657303154,2016,p99
At most primary school,57,57,49419,16.09075160950667,1443.8229291028415,73.84932920536636,166.87786074181994,114.34198722488652,296.52940413419645,309.7226778966353,326.65993957470704,448.48154876403254,2016,p99
At most primary school,58,67,42736,50.76980907591319,1760.885711110071,98.0470797454137,156.16755584674905,96.14673031324098,257.4454031560218,270.5868221258625,272.03193910811063,264.5633747634707,2016,p99
At most primary school,59,53,36473,34.6737984360505,1474.3929893345762,58.98500260466646,99.46851095330793,0,226.62237303133304,227.25853700131458,225.32006161293668,225.32006161293668,2016,p99
At most primary school,60,89,58759,66.63096955332094,1863.7740105061919,21.604520158614,458.74690118393215,40.54783097057472,269.4888654539907,268.74350941469646,506.28971593331664,507.8534290353615,2016,p99
Secondary school or above,14,23,14986,18.30505629260417,224.32733884959296,19.662351528092888,9.925930868810891,0,161.86073815289333,164.4033812357745,163.9703535646242,163.9703535646242,2016,p99
Secondary school or above,15,46,28353,27.792181747812066,292.7515606814094,120.69551722921737,22.615184754111855,2.439483182261724,89.86852577483957,116.60814181792762,117.49661947207942,118.06563241796637,2016,p99
Secondary school or above,16,66,59831,21.612038679838403,470.8387513719198,254.0497401012853,2.015326502983403,7.300563253163076,104.32031005733971,179.38701285714234,179.04369109084666,178.18992121217406,2016,p99
Secondary school or above,17,79,52005,59.89954591629979,800.7545428324199,95.72152677627152,29.918212992340482,2.674742813191039,103.45121551589745,111.22396629782044,115.50168195371408,115.2949910205324,2016,p99
Secondary school or above,18,125,85207,88.4143779453389,904.7676951424179,108.77483070639737,71.35661780526638,37.63384072513604,115.85034919918392,127.29873632186518,131.6013177406524,139.7869281168168,2016,p99
Secondary school or above,19,150,102581,54.62398172080929,1364.5360633710595,80.89729092132072,24.649139054340793,28.348329612696308,174.5879524657949,179.27485241711761,178.15645044160607,183.068593895715,2016,p99
Secondary school or above,20,186,114748,129.087493436854,1812.2489302645797,67.41986788440757,32.12650038925878,18.678321190783283,121.60390297223229,123.68380069528192,124.93219586601847,126.50759657455086,2016,p99
Secondary school or above,21,171,111311,127.11270800661467,1770.7287719392814,94.8815930141675,41.29705659518527,0.6701943204175688,130.57613919472993,136.18068111440914,135.72479640848385,135.87631295806375,2016,p99
Secondary school or above,22,216,128994,137.90361661823803,2274.5404120863504,111.37347473525901,30.402383056576276,32.49758386694989,131.42952287987094,135.7212753298436,136.54492945334042,141.365409567282,2016,p99
Secondary school or above,23,201,117855,137.5346281062366,2455.612129311442,90.14136014594204,48.689137782303106,21.127656866488483,126.41138689243144,127.74197193519069,128.94862611172405,131.37787578602956,2016,p99
Secondary school or above,24,176,137363,42.136961617850474,2300.0650793881905,66.32968848962238,111.71062319062145,2.9174522979259336,270.1794268658342,275.33351933352725,277.8726955367051,278.4374543679538,2016,p99
Secondary school or above,25,182,108003,126.01828203949994,2730.098301281754,70.18145792246511,36.22275924434198,15.065090784515245,182.82917335223067,184.18356703698763,183.16752278354068,183.48886595186963,2016,p99
Secondary school or above,26,132,65597,97.25733329521063,2718.886929534379,99.43436437641965,88.19775802755208,0,155.85851492863492,160.40797610502432,163.56328680378599,163.56328680378599,2016,p99
Secondary school or above,27,136,91150,46.42038057200338,3109.6093326019386,150.56039495337356,97.292740903273,0,290.1365887557701,297.8095379437771,296.73951866433265,296.73951866433265,2016,p99
Secondary school or above,28,146,77130,110.16013247132068,3091.538320584295,68.22338908336575,38.393718397510696,41.740135701629285,208.07448522893586,209.00178515328417,209.1369364660591,211.99502687134333,2016,p99
Secondary school or above,29,130,77910,80.46869802897848,3383.685942112694,40.40983185727121,48.57265006631583,0,254.00297115945094,257.747586199486,261.944616867827,261.944616867827,2016,p99
Secondary school or above,30,174,92169,135.04319023262426,3300.803480562879,82.0918096106066,100.67168281453996,12.266145160882003,189.30563068605676,191.20060431057146,190.72406269052584,191.28289424513528,2016,p99
Secondary school or above,31,111,67465,75.39683536879872,3240.129294201932,81.8330986437412,73.92981545986808,15.713629289261098,244.56114787282868,249.18828191451823,250.4477089862521,248.3241103823663,2016,p99
Secondary school or above,32,139,73472,96.3750458921582,3627.8221987060833,66.11178408101046,142.94129055966897,142.25033572880372,263.8355575005661,264.6305815497262,285.2784582278054,295.3856374389453,2016,p99
Secondary school or above,33,94,66078,25.38776596918092,3478.442305558078,33.97424256182088,148.0736150206322,0,422.7878165311894,436.85090145298165,452.4507817449387,452.4507817449387,2016,p99
Secondary school or above,34,113,58548,87.90078461387917,4089.130580890893,231.12318097970896,52.131050590968094,0,359.7630436638816,408.5516351586234,411.07817919558187,411.07817919558187,2016,p99
Secondary school or above,35,96,61993,55.765586203357,4020.17120884616,29.410417305179617,123.49055538528543,6.086708714424747,356.749816065972,357.74488467655164,359.4160111264432,359.1887368177104,2016,p99
Secondary school or above,36,95,51824,70.43284982184657,3969.543457986004,61.498919419573944,273.5351059997942,5.038431357414839,367.42686662994487,369.00924518482384,395.61426792092067,395.3135676975271,2016,p99
Secondary school or above,37,89,52286,60.07856148254681,3907.2178722156345,87.67662471789771,149.1195858674725,18.739471369008914,377.16749567626954,380.2695543594225,395.9681187009932,395.5687722529165,2016,p99
Secondary school or above,38,96,59674,65.70434025244587,3987.0993062305192,129.09096088748868,54.705706561204764,66.11293584028779,410.3809898552738,415.99422172233324,415.4484329421181,413.6850723654217,2016,p99
Secondary school or above,39,81,54473,50.34105332658185,4735.615699520864,50.471059056780426,326.86358379380613,463.81265336344,494.0691396707081,495.2145898485871,524.1698421074547,646.9492221587662,2016,p99
Secondary school or above,40,91,55317,60.29916376667916,3982.712101764979,34.393224506028886,87.58594404372376,110.52623967315654,406.7677364120661,404.89215252651115,399.6679540729312,414.15274934690746,2016,p99
Secondary school or above,41,58,33645,33.27830365692209,4752.748342993015,89.01500965968198,223.9669093971368,106.41997325011145,609.1274691784868,611.6469238821813,655.035789921376,668.5754680668215,2016,p99
Secondary school or above,42,69,45099,14.278900407180235,5220.119411369063,54.05485709217499,301.18110527210507,19.338935822671605,823.9471903478216,812.7258397921365,870.2016218296295,868.1486049473405,2016,p99
Secondary school or above,43,63,40172,11.645668947908554,3887.196911613396,54.656975007467885,49.158617942845765,41.24514587274719,913.6369861251205,920.8842868399593,922.1352531803618,915.588669557171,2016,p99
Secondary school or above,44,47,28227,33.127839398462704,4424.778256043268,66.45605271548517,50.18244942785277,0,632.7260522595577,645.4454846654625,645.2410469675677,645.2410469675677,2016,p99
Secondary school or above,45,69,42399,45.11809891187257,3981.229537646328,69.4065897780608,281.52157676674767,0,418.3686516091556,416.27059260184546,420.137982078264,420.137982078264,2016,p99
Secondary school or above,46,52,32127,26.93216390828405,4404.092730932445,4.343698446789305,448.345628287733,12.839667569334205,594.2797475197955,593.8275013179774,680.9955143727755,682.444554716597,2016,p99
Secondary school or above,47,47,21713,36.47614596667467,4962.3709068300095,137.76170957490905,17.10726293004191,160.96025422557915,507.73836686384294,533.716398788796,532.351024530179,519.1311327210225,2016,p99
Secondary school or above,48,50,24460,35.42460445324852,5331.556691196512,67.5204415372036,323.28291087489777,86.55812210411555,612.0436057848225,626.0688445696508,698.1993208552816,690.5201015012965,2016,p99
Secondary school or above,49,50,31344,32.72415676316862,4480.157701633486,65.82120980091884,228.5421452271567,23.975880551301685,575.474412286595,579.9410513422315,615.3782990792996,612.2346525429058,2016,p99
Secondary school or above,50,47,26487,28.13648059319604,3663.7671499226035,46.90697323215162,204.7001673777073,62.55144032921811,617.0452260473314,613.4893646234441,635.4277087067544,638.9466233446138,2016,p99
Secondary school or above,51,34,19211,21.797597992692722,4528.236513802856,38.05632189891208,788.3670813596377,85.1179012024361,604.9014479397762,607.739012610733,787.7955130837129,764.5032694275694,2016,p99
Secondary school or above,52,26,13522,17.13442679607196,3263.0530740028594,88.52240792782133,441.7615737316965,88.58561356801263,532.6327494376001,535.6437885693375,457.0675181838205,473.4038795540857,2016,p99
Secondary school or above,53,37,16778,27.521531124803268,4173.3539555767475,24.236619382524736,182.03202606587993,54.19795764294512,566.1714992792381,567.0971751357926,544.5330253885784,535.0302725115631,2016,p99
Secondary school or above,54,25,14856,18.650377654099604,3454.069500538503,182.19877490576198,130.28406031233172,19.58804523424879,738.9885726032765,735.4043641053984,721.4590062850042,717.4386056888508,2016,p99
Secondary school or above,55,30,13921,22.188565244506822,4171.035940904629,43.87615832195963,1047.8054737447023,81.60333309388693,654.958631363444,647.7398828181953,1035.9313875907324,1030.9961181324293,2016,p99
Secondary school or above,56,31,13636,20.59967973865043,3791.9017062677226,17.691038427691407,927.3910726508262,9.949154199667547,686.6475985828218,685.0833309480174,809.1531219647877,808.4374491021961,2016,p99
Secondary school or above,57,25,11534,20.23504462920841,4379.344835558639,71.95075429165944,239.2072712559968,6.615224553494017,569.3289918648052,569.2530342476491,590.0297013922566,591.4621467458039,2016,p99
Secondary school or above,58,19,11305,15.094491880997277,4176.3105410585285,79.57098628925255,1019.2958867757629,0,1055.4012005675395,1059.9632467752654,1236.8509843731993,1236.8509843731993,2016,p99
Secondary school or above,59,18,8971,13.68317069882258,3902.00364136291,112.66971352134657,63.329989224538316,85.4219150596366,771.1348767927284,776.3630063448013,778.5464957255919,774.4046546341978,2016,p99
Secondary school or above,60,18,7328,14.253857596223574,3560.146470160116,0,1011.494268558952,472.4235807860262,863.552230155262,863.552230155262,1182.657031374024,1379.3554420652529,2016,p99
At most primary school,14,79,61712,62.958559481827464,460.45069570477915,152.4658737360643,5.182676518883416,0,61.31995257934092,114.36226753116458,114.52029373683328,114.52029373683328,2016,p90
At most primary school,15,105,82222,83.22610429322857,556.37451047165,56.68650726083043,1.6038691996464856,5.5605555690691055,63.18253796098891,69.53837750643042,69.41676746080658,69.10318465055724,2016,p90
At most primary school,16,107,82613,78.7193049414742,773.3615048479053,93.52561945456526,2.324089429024488,0,95.20097506986306,100.22373162587785,100.0338356442343,100.0338356442343,2016,p90
At most primary school,17,104,88357,78.86263159291413,717.4006945308993,100.03632988897314,18.05836926710202,0.23088153739941375,77.35285739326392,87.71907880117205,90.7180251834539,90.69806434278382,2016,p90
At most primary school,18,135,107580,106.78802356754632,931.8065780504431,113.24800148726528,126.77673979054346,4.132893350684762,73.43886671957527,75.65517827734949,124.66390382850597,124.77235153198197,2016,p90
At most primary school,19,92,69109,69.79155635153792,928.9374442306116,98.2737414808491,12.389124426630396,1.6244869216262234,80.06562635446852,90.36904999893724,89.30114283551617,89.35080334052353,2016,p90
At most primary school,20,113,85123,90.71983160392328,1036.5577262706122,83.52742502026479,12.851696956169308,6.277668785169696,90.87417138012242,95.72918854637612,95.82388165410921,96.51951704293802,2016,p90
At most primary school,21,84,62857,64.99874895170869,1145.9035058413012,83.99923636190083,10.662694687942473,9.393013772000996,110.0903868033441,116.64249690995882,117.38860090425459,119.11289681690647,2016,p90
At most primary school,22,103,85023,79.38310415410699,1127.7186937652164,160.44559707373298,26.775009899282153,92.78665772790892,101.8719928045932,110.90427550598591,111.84690322899989,132.5634213433463,2016,p90
At most primary school,23,99,73946,73.70385752118463,1396.514706677846,103.42777161712601,15.00223023106952,7.983303131113694,121.23086524620884,125.9712956258915,126.14954424844599,125.49302931513883,2016,p90
At most primary school,24,98,69878,69.9835211046485,1168.7535657383821,204.10730129654542,24.12891038667392,0,97.69314587089754,115.81790433902466,117.5856366490925,117.5856366490925,2016,p90
At most primary school,25,97,89110,26.36279721754452,1481.1694684472375,90.26568286387611,31.199659596753076,0,187.28156694875204,188.43074570208182,186.86293245428507,186.86293245428507,2016,p90
At most primary school,26,64,45211,54.05912283466654,1455.1480889606512,120.26044546681118,22.35075534715003,0,137.18570335688665,143.50077906408248,147.87538307028655,147.87538307028655,2016,p90
At most primary school,27,73,64107,24.714236923173825,1359.4624975951663,126.39939476188248,124.13166008912182,37.83128207528039,214.54136737731665,221.76409566615803,258.5646982171856,256.2468599194703,2016,p90
At most primary school,28,96,66550,73.6137399870893,1378.596473829201,84.70503380916604,62.112546957175056,0.7513148009015778,120.62220876676956,123.30881942160805,128.83830448922933,128.79125237009345,2016,p90
At most primary school,29,80,63548,25.13249873084982,1699.1032447913387,101.72924403600427,96.30978420511529,0,243.5204979521542,257.30239527888233,312.92311966651084,312.92311966651084,2016,p90
At most primary school,30,139,105900,55.46663707604571,1578.4483128737804,137.55571293673276,47.169951998740956,0,166.18326004837263,185.38848351155195,186.41311469373073,186.41311469373073,2016,p90
At most primary school,31,93,72470,63.84734046252022,1259.0884388942552,98.58043328273769,30.243319074559583,3.525596798675314,142.9035071934595,149.06079359166512,150.24742493468378,149.83552862681532,2016,p90
At most primary school,32,122,86984,90.5540407981329,1466.4656354425335,63.48575600110365,67.70108774793832,67.82396762623011,120.24142773715796,128.06769960605234,131.20447475962231,145.01976715324582,2016,p90
At most primary school,33,108,80282,82.68309728863,1418.6013697549472,85.39312672828281,41.78531094558349,31.780473829750132,113.26792671647438,117.56729218274846,122.46965245390395,121.55931339845674,2016,p90
At most primary school,34,112,80396,74.50603286925346,1489.5271655306235,55.490210955768944,50.85418221470388,15.126270792908437,158.90541930826632,161.0954665549916,158.17588246810132,159.41309319064126,2016,p90
At most primary school,35,132,97114,49.7030442932758,1613.710429666852,61.93720781761641,36.87268227718626,30.65007448291012,156.69388831958253,164.07984404581595,169.8355165175614,174.54405721564447,2016,p90
At most primary school,36,120,85815,88.93613013706695,1421.4930266658898,49.243139311309214,55.07988793722931,34.390840762104524,122.47609710213305,124.20953721044194,125.49818144523158,123.26925215720651,2016,p90
At most primary school,37,119,95745,45.44755277399646,1625.735189827145,132.8236983654499,53.68651104496318,129.0960363465455,243.06298057656645,253.63691418452615,259.6982376648991,276.2334819646251,2016,p90
At most primary school,38,139,103170,99.94704352200495,1535.1639090820975,140.3264999515363,70.8348849794837,57.53109754127492,114.06444838826961,118.22544502983102,120.9231761031999,124.40232969241875,2016,p90
At most primary school,39,105,74914,77.06131920412065,1557.5081371083286,54.85423285367221,162.0551343318116,158.4046239688176,156.25504747535663,158.39837018441543,165.8398572852638,193.41220573212973,2016,p90
At most primary school,40,151,104274,114.32090830192831,1760.2264051121724,124.79246983907781,43.52375312478022,33.362391391909775,148.9990017372959,152.21215484008476,152.6331786309622,151.69837309977038,2016,p90
At most primary school,41,80,55413,61.00353051957035,1392.6221343968623,111.10407305145002,139.43675972545552,52.03523842179031,138.9375536869377,147.24757552849047,175.5020152344872,182.01935842265513,2016,p90
At most primary school,42,115,80474,81.12767895928309,1719.5357299666146,123.88293113303676,96.84732543015964,15.536322290429206,150.69533844952466,156.84346047954574,176.2784148625992,176.8104037480814,2016,p90
At most primary school,43,85,62025,64.03634414405114,1418.7276528281607,85.22418379685611,179.2181056025796,36.49657396211205,161.36294250128537,178.091735674877,258.1201173087398,261.4823044233466,2016,p90
At most primary school,44,97,72391,69.96739631358709,1596.4688359050158,51.70863781409291,52.459813144359565,33.48003665280675,163.39727448029058,164.43009140190702,167.58524228394475,167.8775842609033,2016,p90
At most primary school,45,90,65138,59.026064759521624,1432.4674997697198,116.12637784396205,69.60124402550483,40.80490650618687,155.35169826834593,182.48508900569172,183.9327766833986,187.65894001411166,2016,p90
At most primary school,46,89,65195,67.28847294266426,1253.2037950251809,97.59383388296648,63.82171434414705,34.03809085563822,113.31621787246432,117.88499670169548,116.68570328688028,117.19620630069478,2016,p90
At most primary school,47,77,48389,54.13247594625618,1919.7350155338336,50.6248320899378,154.26284210598828,12.865871720156784,216.6185351369224,218.8813199945536,226.95397407630495,230.47530734489845,2016,p90
At most primary school,48,80,50607,63.10541787544644,1715.9860049005079,132.60141877605864,72.31707076096193,36.230824457749584,207.19114623665936,230.34022322807206,240.80088793973064,248.67062828205798,2016,p90
At most primary school,49,58,42027,44.28694509422319,1592.5968980258724,118.76027315773193,388.1308841141806,26.33307159683061,179.5339785339912,190.90004226426282,280.55212963691105,278.29316559645383,2016,p90
At most primary school,50,99,74160,76.28616410886735,1508.314121494067,92.52029395900755,28.086951636102125,1.964760877382237,139.90413157815567,142.5219020768633,144.39962006027847,144.24388533627143,2016,p90
At most primary school,51,61,51976,17.41433958560891,2082.030299240675,66.38309989225796,77.72225001282644,43.52489610589503,424.0287208546981,443.7621607219591,434.50337156490014,431.6398518026602,2016,p90
At most primary school,52,77,50589,59.51509899354771,1502.1893148708218,48.88335408883354,125.5373368387067,147.36569873556175,180.9515263355968,184.11944076948285,198.43498988512673,238.809828866766,2016,p90
At most primary school,53,64,41923,45.68834733645543,1559.828314210974,24.123750685781076,94.88963894123353,63.23895395526719,223.69462521177337,228.85452815594454,228.31980077576796,233.68825506485652,2016,p90
At most primary school,54,66,46551,47.25452301608504,1692.0410768118122,86.7956005241563,241.4273055358639,134.06285579257158,183.37591013273536,190.76234564069645,205.00133384916688,216.47703490312034,2016,p90
At most primary school,55,70,53779,56.23002539155727,1408.0282638204503,113.06848398073598,63.01133342010822,36.09215493036315,203.54981864679536,215.61798403395736,222.4776900259031,222.0526587530522,2016,p90
At most primary school,56,66,43745,51.79947145523997,1462.6274278965213,66.81632186535604,178.51144892749647,8.984493465919915,199.2522516009473,197.92507638524253,205.71285379860493,205.728934085186,2016,p90
At most primary school,57,50,46162,14.22881994857452,1399.895700648441,49.45019713184004,175.16972834799185,116.71937957627486,315.8740584784411,316.36628806619,338.80980435769055,480.3971562968932,2016,p90
At most primary school,58,59,37643,44.05784602333444,1415.1643089906047,103.82647504184045,168.58539436282973,109.155132871096,216.72363431752152,240.11770444026754,247.04100981212642,239.5784497952267,2016,p90
At most primary school,59,47,34552,31.708235956051727,1361.7352058732731,62.26441305857838,104.9986976151887,0,207.70842974090203,209.5882295924441,208.90374500689612,208.90374500689612,2016,p90
At most primary school,60,77,52413,58.01718218240257,1601.4344739536627,24.220327018106197,88.3243183942915,45.45723389235495,240.77018851844556,240.15486299438476,243.98190687465478,250.14885865694757,2016,p90
Secondary school or above,14,22,14620,17.614173324380566,129.5581395348837,20.154582763337892,10.174418604651162,0,76.40335569669439,83.38168445736159,83.16253188508834,83.16253188508834,2016,p90
Secondary school or above,15,45,28223,27.554007672900127,293.4090989618396,121.25146157389364,22.719354191026234,2.4507198620510455,90.45869624911782,117.34785660328626,118.23359487864802,118.80573158417461,2016,p90
Secondary school or above,16,64,58533,20.800220779895458,481.2798478351243,259.68342644320296,2.0600174260673465,7.462457075495874,106.42536838367117,183.41317338340218,183.04671392838583,182.12453714375846,2016,p90
Secondary school or above,17,75,50602,57.416102980070896,762.2124948947999,98.37551875419943,30.7477306562323,0,98.26605145240843,107.59356197647884,112.49745630945168,112.49745630945168,2016,p90
Secondary school or above,18,107,73479,75.20014577996284,710.0598084713546,81.14736183127152,81.52102414748884,43.640586652875875,98.02695168397764,104.66677103108783,113.77641634594825,127.38104515256428,2016,p90
Secondary school or above,19,121,89116,43.28751889794414,1157.9971600685249,82.02505722878047,24.992519113664585,32.63162619507159,173.25867978873305,178.78187569949267,177.82051002062946,185.80462100446638,2016,p90
Secondary school or above,20,164,99434,124.06009474627767,1605.113327265657,76.90181426876119,33.647461297611144,21.555001307399884,103.28448779342153,107.27482857250324,109.72589140877068,112.1774320320816,2016,p90
Secondary school or above,21,149,99804,111.39078947280136,1597.3643942126569,99.5435553685223,46.05844121144109,0.2054025890745862,125.86130931973399,132.87396051600402,132.8018809310928,132.85194113865492,2016,p90
Secondary school or above,22,177,108992,110.5702639101449,2096.6501295202092,108.19610613623018,27.091132070855352,34.58351683303973,141.5245967971462,146.73900826093524,147.57463029863922,154.69082873324564,2016,p90
Secondary school or above,23,153,93654,108.37126007303306,2227.2901976067938,99.22320456147095,53.35837230657527,26.587225318726375,125.20170649555796,128.3635345750199,129.3124849091948,133.56121894646927,2016,p90
Secondary school or above,24,131,113942,30.07442606222753,2088.36513167518,66.29903810710712,121.09061042752747,1.4963753488617015,264.0292589244863,272.8577045492047,280.57442583699384,280.4365402920403,2016,p90
Secondary school or above,25,137,84507,95.24579519181275,2209.7557815723353,72.16571408285704,38.88238055230139,19.253730460198565,129.302163255129,131.70237797927,131.09894185403726,132.65192071941934,2016,p90
Secondary school or above,26,96,50412,70.82619723170893,2379.2448110899522,100.96000952154249,53.740676822978656,0,171.38258760717198,176.2926102728632,173.99054828420847,173.99054828420847,2016,p90
Secondary school or above,27,101,74870,33.10108396319291,2765.497793953965,173.1417123013223,111.38684831485686,0,271.4907648407501,288.48215426220855,290.2155766362466,290.2155766362466,2016,p90
Secondary school or above,28,102,57646,77.62213420070438,2573.7007684835025,52.39929917080109,45.55532907747285,53.180908764990924,169.34026514043083,166.075884783065,167.8532852913312,176.04707301927624,2016,p90
Secondary school or above,29,99,62941,60.27174803184587,3035.9728542073794,31.380975834511684,46.14313669415272,0,263.3086056073623,263.82117459673185,264.2706199756672,264.2706199756672,2016,p90
Secondary school or above,30,122,67028,93.5228419785418,2559.0890374171986,96.38240735215133,106.0498348948698,13.174718028286685,144.8229819459475,149.52302646598145,150.36631797405036,150.59650541742138,2016,p90
Secondary school or above,31,82,54198,55.8299787397684,2837.8559141173723,67.39289272666888,75.52569590513795,19.560131370161262,266.27884004266986,269.6218731294267,270.3220742673463,267.544106687326,2016,p90
Secondary school or above,32,97,52734,63.7790969629049,2960.035524203234,84.92556984108924,37.87118683708171,184.87914185661367,249.00381777091613,252.6955574741766,250.97535681913936,275.0691262128181,2016,p90
Secondary school or above,33,75,56382,19.184031991873855,3192.6701133931633,19.954772799829733,168.95477871188206,0,455.80300628218646,459.95971951068907,488.45415915212214,488.45415915212214,2016,p90
Secondary school or above,34,86,45496,68.70124775638244,3008.1939657698845,64.32895199577985,40.40836007561104,0,220.4193926285769,219.71252256663286,220.44401058084708,220.44401058084708,2016,p90
Secondary school or above,35,68,42648,41.06441637317179,2921.0899631870193,20.48607203151379,170.53437441380603,5.252297880322641,260.461938141179,260.26648140670613,275.9588989143146,275.26218541712683,2016,p90
Secondary school or above,36,66,38677,48.64823235840573,3036.9741405314094,69.86891434185692,249.4682455550672,5.767941326024941,312.68206282596424,318.25924273327297,346.4080598868163,345.7989507792208,2016,p90
Secondary school or above,37,66,39567,44.23701291701374,3017.5288961339834,98.13885308464124,118.65611915653618,22.24864154472161,339.9658472302942,348.8700229298176,385.0196983071766,385.6279295871624,2016,p90
Secondary school or above,38,74,46206,49.4305478618373,2738.4396110173284,140.74089945028783,53.78468164307666,85.38335569695134,234.92507618942636,252.68670627652514,253.6709192336846,257.210450901854,2016,p90
Secondary school or above,39,55,37109,37.20088595774613,3257.9661896934253,66.4601579131747,358.3008614262488,368.10297591779175,265.82615797890156,278.242652247472,344.8529820424774,422.63611388168977,2016,p90
Secondary school or above,40,68,42002,42.000836032257,3095.545767661857,45.29617637255369,115.35145151818168,145.56402076091615,302.3216923983056,300.7438492355491,295.4541639690166,340.069319567792,2016,p90
Secondary school or above,41,43,24804,22.043587253726127,3313.366930065043,84.5335429769392,53.74805138956083,77.7092404450895,448.51583197755787,457.34424977310823,464.11294103007003,486.7440886052995,2016,p90
Secondary school or above,42,48,33264,8.344100635207989,4866.384630030464,68.9033189033189,179.2077521244188,14.294733044733045,875.8680393621847,854.252930424127,851.0714761051777,848.1582072387604,2016,p90
Secondary school or above,43,46,34035,8.52304717059936,3183.4693991479357,42.30057293962098,58.02262376964889,48.68223887174967,568.6467310657057,576.3592108930568,589.082503669543,579.6798861439154,2016,p90
Secondary school or above,44,32,20966,22.135122124247456,2927.7146729625742,19.521129447677193,67.56176666984642,0,376.7450025299483,377.25956026764925,389.35905604374886,389.35905604374886,2016,p90
Secondary school or above,45,47,30024,29.217651593859085,2979.322025712763,85.7503996802558,215.890620836664,0,370.6163757174701,370.5030711128873,338.0573286711908,338.0573286711908,2016,p90
Secondary school or above,46,30,19246,13.835183721711827,3822.8411617998545,7.250857321001766,622.5310887110741,0,692.2636260157128,691.4273972750897,877.7477825962694,877.7477825962694,2016,p90
Secondary school or above,47,32,14512,24.627139253082454,4023.240272418229,132.53996692392502,22.167861080485117,232.69914553472987,531.3327635974294,560.2791301798272,556.9058721631934,547.2413481974547,2016,p90
Secondary school or above,48,26,11241,21.591801579741038,3683.8917059573582,102.82003380482163,617.1603949826527,114.68834326720636,434.53242347605504,448.769418744799,781.0913708436226,768.7395038031829,2016,p90
Secondary school or above,49,32,21057,19.442159545350567,3685.328734704216,56.60920359025502,221.62582514128317,0,413.41215301882266,420.3794084864866,420.0401515633412,420.0401515633412,2016,p90
Secondary school or above,50,31,20270,18.574517661331615,3004.4916790001644,56.97212629501727,174.4101299128433,0,435.9311282024527,423.72171014717264,438.7520331441353,438.7520331441353,2016,p90
Secondary school or above,51,20,10683,16.077076690987052,2970.1663078411184,68.43583263128335,290.96383662516774,153.06561827202097,498.9779242569369,521.0767416137695,573.5535747882404,528.8697233201868,2016,p90
Secondary school or above,52,16,8795,10.454322698585372,2621.6045480386583,136.10005685048324,645.2529846503695,0,618.4985902729493,639.3460080201613,447.6106678091089,447.6106678091089,2016,p90
Secondary school or above,53,23,10687,18.801063778476223,3790.235738124201,38.05015439318799,285.7802314338293,85.08780137862199,596.4167263440942,599.8124483263658,557.9400250403479,538.230748778046,2016,p90
Secondary school or above,54,19,12224,15.272644167822476,2683.432714332461,220.8622382198953,147.00589005235602,23.805628272251308,470.5401322376242,486.26390093594614,464.05744359784927,457.20223815642,2016,p90
Secondary school or above,55,12,6177,8.606722095388863,3138.5879876962927,56.14375910636231,262.66796179375103,183.90804597701148,946.6087055212705,927.9721519713468,850.742811576528,862.8714333405718,2016,p90
Secondary school or above,56,20,9029,11.93053558949968,3139.134271052534,0,1364.0367704064681,0,891.3545047876132,891.3545047876132,1184.775303815623,1184.775303815623,2016,p90
Secondary school or above,57,12,6140,10.404964407468249,3117.1061889250814,124.52768729641694,160.2741585233442,12.42671009771987,695.3558296308723,709.3022078011793,676.8768563997606,684.1505412884146,2016,p90
Secondary school or above,58,11,6748,8.412025248173705,1875.254890337878,95.850622406639,812.0480142264374,0,816.170375909646,857.7503189654872,950.4872711074646,950.4872711074646,2016,p90
Secondary school or above,59,12,5345,9.703687764954193,2418.3442469597753,189.10383536014967,12.871842843779232,143.37137511693172,545.3089908188675,616.4084649864442,613.0068702050844,638.0554326620636,2016,p90
Secondary school or above,60,10,4580,9.018678489554938,1660.8486171761278,0,1597.1026200873362,755.8777292576419,379.6684959948397,379.6684959948397,1569.9622666373364,2004.6094067850975,2016,p90
At most primary school,14,63,48394,52.5902673459599,355.194032318056,173.92308963921147,5.9911008251711655,0,54.012624334856056,131.05901790327866,131.20241901785428,131.20241901785428,2016,p50
At most primary school,15,75,59020,59.44831392124881,463.69290071162317,43.97116231785835,2.2343838246921948,7.746526601152151,57.92201414369073,63.46957738320744,63.27165999636849,62.81442744582262,2016,p50
At most primary school,16,72,55970,50.18222738067155,568.136394497052,82.80886189029837,3.4304091477577274,0,72.10597374166703,82.8625690209391,82.50789455674858,82.50789455674858,2016,p50
At most primary school,17,74,66203,56.150620762852,572.7051619010216,72.0564022778424,18.33879632846447,0.30814313550745437,68.91767795305736,81.02041718579505,85.84278412943225,85.8142544567594,2016,p50
At most primary school,18,71,57583,56.90561242137705,644.6308285431464,134.89762603546185,211.4740172157292,7.721318213130033,68.55497609920909,80.53288722077026,205.34406172326422,205.69703153932932,2016,p50
At most primary school,19,61,49266,46.256545365319106,775.0712458896602,84.50655624568668,11.695692769861568,0.6211180124223602,75.71953182482314,87.49135213165468,85.69050673155328,85.58154038774057,2016,p50
At most primary school,20,69,57078,57.350650203851146,752.4385168833292,54.05278741371457,19.166316268965275,8.678661947977622,67.31781977493155,71.18056646561045,72.9446234713089,75.66318076905317,2016,p50
At most primary school,21,50,42587,39.826407243294724,915.8009486463005,102.92201845633645,12.558292436659075,7.9249536243454575,109.25877139821156,125.78907565218384,127.56599518335932,129.83667325844,2016,p50
At most primary school,22,61,53735,47.60736313199493,911.9461803293942,133.17856145901183,28.5938711578425,0,73.3289140473067,77.0517189630431,78.94501957857585,78.94501957857585,2016,p50
At most primary school,23,57,48002,44.32979349155109,936.9675846839715,95.0564559810008,12.823137577600933,0,83.64606405852113,91.82056947096878,92.49013851408422,92.49013851408422,2016,p50
At most primary school,24,57,44023,43.76362030034516,912.4743959596877,145.89237444063332,33.40007874671573,0,88.21280305808322,101.96724034243722,107.63587132024817,107.63587132024817,2016,p50
At most primary school,25,52,40708,39.439885790684926,870.8036094461368,123.25451999606958,61.11419540794602,0,96.61090167660358,104.5949741547631,109.8769493529569,109.8769493529569,2016,p50
At most primary school,26,38,27837,33.171356119373094,1167.3699452766703,90.38258433020799,36.300607105650755,0,156.36434797566662,159.1934208801331,171.63329403170883,171.63329403170883,2016,p50
At most primary school,27,45,34992,36.69887086028762,838.8726089772902,58.15946502057613,91.91386602652035,61.33544810242341,100.99426707444042,105.02822613721952,96.34785440128309,102.23031249684794,2016,p50
At most primary school,28,59,41813,47.13343265448632,994.6982118798779,128.05491115203407,44.51988615980676,0,106.31239388728878,122.11457849635428,118.90518698280026,118.90518698280026,2016,p50
At most primary school,29,52,37329,43.24698005281984,1008.4960397188959,94.27496048648504,17.09408234884406,0,100.0053999618399,108.96097361562192,110.01605584046169,110.01605584046169,2016,p50
At most primary school,30,78,57708,62.15490399156748,924.5868106097363,139.53680598877105,70.68138299715811,0,98.2606911476297,114.7763026016774,120.00701066293996,120.00701066293996,2016,p50
At most primary school,31,62,55221,43.62088628097171,957.0279332138136,89.37623367921624,32.86129069255054,4.626862968798102,116.57487976784851,123.81541241351893,123.95969155685746,123.26274998318802,2016,p50
At most primary school,32,76,58789,58.26741598826191,1196.9607721399127,44.1001718008471,95.84125289878493,35.58772332692624,111.70670559641768,118.93058944523361,128.66568589471936,126.22679679516821,2016,p50
At most primary school,33,71,53716,54.32758482658116,1201.8495172139897,66.08926576811379,62.45082160498424,46.570854121676966,117.35610550172345,122.82796812022389,135.31174311724084,134.79471621464958,2016,p50
At most primary school,34,74,57005,49.583970158402074,980.5468760050287,35.22017366897641,67.01484372715844,18.6746776598544,96.1566434926403,96.67155090496202,92.15193583287913,97.67141793564655,2016,p50
At most primary school,35,74,51239,58.36498553644127,1139.3184358268766,59.18109252717657,27.388512656375028,33.95788364331857,98.09112055617823,106.11349254049227,106.35815930723001,112.25262135360163,2016,p50
At most primary school,36,80,63642,60.51230387194084,1077.5235025612017,46.890418277238304,64.35918497218817,46.37267841991138,101.78705465980474,104.4507812915403,111.28423363478387,108.60633096106194,2016,p50
At most primary school,37,69,53114,52.53769763998571,1133.4527933627041,163.2086643822721,34.014996046240164,215.20314794592764,103.42672766546372,134.91690141214843,137.40229096941016,186.09092600610535,2016,p50
At most primary school,38,85,67643,66.50841615206166,1123.3145114793845,131.3141049332525,96.2590622828674,43.16534354380103,78.6467856099464,89.9771599672775,101.92508526878096,99.13542457156788,2016,p50
At most primary school,39,58,43742,48.55772472738469,887.5098132229894,80.36326642586073,203.87381311630318,153.38242421471355,102.95635072646738,121.13256782408496,152.94099515765615,165.37141179628216,2016,p50
At most primary school,40,82,62284,64.53248097751563,1219.0694774473914,100.33459636503757,17.720508744889003,55.85431250401387,111.24637252885988,117.3529141748355,117.11998626303972,117.84594350449582,2016,p50
At most primary school,41,43,33975,33.934631023338625,1078.60445425558,45.734216335540836,131.89744910473388,25.41168506254599,121.47030594915334,120.64067916195984,160.2366489550894,162.44079630933396,2016,p50
At most primary school,42,60,47042,49.99199531596223,1260.5043046639173,104.86937205050806,58.62332242109888,13.441605373921178,110.01101951243314,118.53804903971913,132.23646201497095,131.38780873933024,2016,p50
At most primary school,43,43,35027,33.71920931828005,1031.1585824268896,60.322322779570044,63.952617504591686,62.38044936763068,144.70959042203498,157.75643063075358,161.73544573776078,183.90286262870208,2016,p50
At most primary school,44,52,42274,37.25031007687305,1197.133616407248,78.61025689549132,38.62874737821514,43.67112961473561,123.69743242001842,133.50700635126512,132.8600764559521,135.20724740613727,2016,p50
At most primary school,45,50,42001,32.82153711084167,1102.4225058133536,111.63198495273922,87.02219391601787,40.374038713363966,126.96566520262083,164.80106386522291,175.00974348995805,174.20203183831168,2016,p50
At most primary school,46,44,33284,32.760053708968854,900.8916721748187,116.17353683451508,68.3201137683772,57.438408845090734,92.05965147567862,101.977925531132,108.52544327137655,115.94811144971618,2016,p50
At most primary school,47,33,22978,25.715895692493522,1155.6626483302869,41.76973626947515,239.83505962224737,2.389241883540778,150.41885154471709,158.39559678864188,208.28988654832386,209.0827097657074,2016,p50
At most primary school,48,43,28457,33.90510912782108,1166.296333063921,115.6594159609235,59.7480409038198,20.070047205725594,164.4040677531001,200.33100293055844,211.04704628311922,210.12226847045474,2016,p50
At most primary school,49,28,20717,20.99647086144296,873.5731122588535,97.33890041994498,114.29067915238693,16.33923830670464,150.69313844406815,185.0869616509459,202.12177339895956,201.3588114620903,2016,p50
At most primary school,50,45,39640,36.1637279003348,965.0162714429869,79.51791120080726,18.34119576185671,3.6757484022872524,116.85629174217648,127.48289992011891,128.1235564500835,127.88179231235038,2016,p50
At most primary school,51,27,22821,21.331836644866303,882.2152403488016,76.56228911967048,66.2697369382002,0,179.10992574850906,174.60875143613043,176.39978492849318,176.39978492849318,2016,p50
At most primary school,52,30,23450,25.510746103586428,885.8378251599147,23.865671641791046,160.06716417910448,107.73276474769011,131.06059138176812,133.26106844256788,197.70793753937554,212.61413945594794,2016,p50
At most primary school,53,30,21032,22.62587406113203,879.9880539178395,5.417459109927729,74.54949600608596,47.02358311144922,159.66190266027215,159.2590408022081,166.09007310662537,193.25201068391692,2016,p50
At most primary school,54,33,26088,23.24474245057215,1035.4206467852398,87.049371358479,404.6355604109169,227.10671573137074,164.2382204418291,182.55723137594714,261.93032985711994,310.05079280929425,2016,p50
At most primary school,55,32,30017,26.424034649252885,744.9907052670154,66.76916414032048,43.22772095812373,12.193090582003531,85.38013643720221,93.52023221056054,97.84061670917444,95.90946803046702,2016,p50
At most primary school,56,30,22523,25.505640185445824,776.1350397371576,64.94161523775696,142.37150172416347,13.985703503085734,85.40115020756029,92.41571693962767,149.70951990439318,150.2456611609095,2016,p50
At most primary school,57,31,35638,8.895310883388854,1097.473548833642,53.16656378023458,187.62140598986102,14.35265727594141,253.10795118779666,252.64932149525103,323.75608779336204,320.1881342539155,2016,p50
At most primary school,58,34,22515,25.600477834972956,891.3882781849137,56.96824339329336,178.14168332222962,182.49729809756457,113.76956108034736,125.25357445477941,149.67047575039277,139.83962538269762,2016,p50
At most primary school,59,22,15107,17.468375911368188,777.1349043489773,47.86258026080625,211.13887601774013,0,147.84241260340477,142.03811714063076,178.39778000261717,178.39778000261717,2016,p50
At most primary school,60,41,27452,32.67378558559824,675.7065150080141,22.128442372140462,119.23269100004858,7.2945504881247265,91.33573466267495,90.02728494293596,102.56075306359237,104.66830676960308,2016,p50
Secondary school or above,14,10,7834,8.575633577512148,111.85090630584631,24.09497064079653,18.98774572376819,0,63.03506492369084,78.11534189205194,77.45673180579587,77.45673180579587,2016,p50
Secondary school or above,15,24,14644,19.652103086540585,230.53059273422562,3.0319584812892653,21.115018665209874,0,104.09384079367351,104.01253299804226,105.64676588453284,105.64676588453284,2016,p50
Secondary school or above,16,44,36071,34.76497480140124,341.01327936569544,51.77150619611322,3.1511925554231004,12.109450805356103,71.61924276584533,86.80626050707504,86.47122214511165,86.04717593743133,2016,p50
Secondary school or above,17,28,21714,21.416712672312226,390.5669153541494,107.8437874182555,17.14869055294587,0,101.3882853106796,132.1365703429318,132.7864394889505,132.7864394889505,2016,p50
Secondary school or above,18,50,40949,34.647740371273,503.60362890424676,93.54160052748541,117.25194754450658,73.20488086807167,98.91503499235569,113.27122495335121,144.4843608371965,185.861057260794,2016,p50
Secondary school or above,19,36,37227,9.581210024308703,458.82878018642384,87.8660649528568,41.92566327307241,28.68885486340559,194.39678847269505,255.97652178863356,259.8262361028497,269.5771426556289,2016,p50
Secondary school or above,20,38,24910,32.01805103068914,876.8249431285963,73.66338819751104,16.5154556403051,57.26615816940988,119.01677980351892,133.1377772941025,139.73680571809993,157.04744773084593,2016,p50
Secondary school or above,21,42,30468,32.4713778652357,937.1853201172814,107.86858343179729,94.1080259069625,0.6728370749638966,178.93496286642747,204.34565060955248,202.31860442527986,202.75953206588844,2016,p50
Secondary school or above,22,39,25790,27.56609219149828,795.6487010469174,174.72314850717333,6.582008530438154,0,118.27974437767105,151.80446843732977,150.44730292308964,150.44730292308964,2016,p50
Secondary school or above,23,23,16679,15.954526374782917,1498.4159921657972,50.56658073025961,5.467953714251454,0,245.28034110555973,236.6838646789649,236.1398937688134,236.1398937688134,2016,p50
Secondary school or above,24,25,17960,19.09172695935452,740.7013734224201,42.330178173719375,299.1804008908686,0,174.44882155534512,185.83404061275468,287.9714249183441,287.9714249183441,2016,p50
Secondary school or above,25,25,18487,16.85485936931396,1404.6885198608031,37.940174176448316,62.314058527614,0,250.06844146262878,252.02492488200514,260.50671071291947,260.50671071291947,2016,p50
Secondary school or above,26,16,10062,13.314697847793163,1326.6741204531902,234.06380441264162,91.60703637447824,0,204.35205498652044,231.69062361027733,245.19117876323557,245.19117876323557,2016,p50
Secondary school or above,27,19,14141,15.894531824095894,1357.1862433114113,28.675482639134433,347.730004950145,0,187.5763125961411,182.42597578567478,277.9014778051387,277.9014778051387,2016,p50
Secondary school or above,28,17,11375,10.680523710458253,1111.8892014652015,120.2021978021978,123.81296703296704,104.82051282051283,233.159433111566,239.7615370604764,285.7669576362919,292.87845858676644,2016,p50
Secondary school or above,29,14,12705,6.938986348532939,1043.2762691853602,63.59700905155451,40.141676505312866,0,321.8221362321579,327.05648718713815,353.3426742439309,353.3426742439309,2016,p50
Secondary school or above,30,33,21168,24.868536436491315,1242.85227702192,96.828231292517,203.32813681027966,26.094812925170068,115.07766005163576,124.74660021084328,139.7558282065581,150.95836359466895,2016,p50
Secondary school or above,31,13,10295,11.506667138570151,1469.3619880200745,33.859154929577464,118.84409907722195,0,328.3352824223429,327.7951127947826,317.915025241009,317.915025241009,2016,p50
Secondary school or above,32,14,9615,11.516407365011599,933.7909516380655,80.28601144045761,163.2656439590917,401.01404056162244,178.02414682288574,178.82233886124584,213.55707574690695,394.13580504715543,2016,p50
Secondary school or above,33,12,7978,8.459736278552455,2026.0533550597477,3.1210829781900227,615.2544497367761,0,388.215057535388,388.6700085990475,621.3264202263279,621.3264202263279,2016,p50
Secondary school or above,34,19,10478,15.443373141466571,1454.7189030985558,79.21359037984348,77.98959725138386,0,181.5484274916961,192.52490423176533,215.2131093549115,215.2131093549115,2016,p50
Secondary school or above,35,18,12825,14.133973455763142,1523.462644574399,25.91578947368421,221.2527615334633,0,217.38085135823698,217.52030328424607,261.239893610829,261.239893610829,2016,p50
Secondary school or above,36,15,9659,12.542572303148715,1567.7707492148945,101.76001656486179,322.95268661352105,0,320.319910728199,339.33671850114774,511.1469218615669,511.1469218615669,2016,p50
Secondary school or above,37,15,10746,10.82053948032482,1438.0099882126683,141.37353433835847,29.092220361064584,0,340.7430917500473,379.1928443804538,384.5730858339923,384.5730858339923,2016,p50
Secondary school or above,38,18,11197,13.927896394858625,1567.325593164836,83.75100473341074,43.98574022803727,150.84397606501742,222.85145879476963,238.74950384324873,238.85191778973493,242.99795210824803,2016,p50
Secondary school or above,39,10,7073,8.297712027979196,1608.8208680899195,60.97836844337622,109.21815354163721,1371.4124134030822,241.3262150252805,243.24854209975186,281.9294748689877,1154.572914611279,2016,p50
Secondary school or above,40,12,9229,9.533421816305902,1518.9319897424784,87.70722721855022,127.83075089392133,0,282.53513600253285,284.0417871901917,284.24859012190694,284.24859012190694,2016,p50
Secondary school or above,41,5,7143,3.312596018959709,1225.1994960100799,143.46913061738766,0,0,551.8386162594071,620.9314266152105,620.9314266152105,620.9314266152105,2016,p50
Secondary school or above,42,6,2931,4.11152345011929,1159.6847492323438,22.10849539406346,33.663141134993744,0,208.02003838672715,228.50511755767016,190.72671848440413,190.72671848440413,2016,p50
Secondary school or above,43,5,4148,2.4686834437450966,2462.7017036322723,0,176.47058823529412,0,666.6551490199191,666.6551490199191,568.0053288552774,568.0053288552774,2016,p50
Secondary school or above,44,3,3372,2.952321999430847,2685.70581257414,0,0,0,394.9812702275835,394.9812702275835,394.9812702275835,394.9812702275835,2016,p50
Secondary school or above,45,4,2884,3.69311157229923,846.2794729542302,100.03467406380028,1436.3037447988904,0,490.7152109931476,479.5134326312067,500.3586720561444,500.3586720561444,2016,p50
Secondary school or above,46,7,4016,4.471123895404862,1788.527141434263,12.5,487.8486055776892,0,538.7271179321733,535.4095488225715,528.3554133350742,528.3554133350742,2016,p50
Secondary school or above,47,3,1662,2.929985680190931,1626.8736462093864,0,0,898.9169675090253,913.547298620499,913.547298620499,913.547298620499,1235.0920516013634,2016,p50
Secondary school or above,48,5,2144,4.6652214508992005,1694.7341417910447,18.563432835820894,26.81902985074627,370.1026119402985,786.8402620855493,785.2035048684276,802.0144723944519,688.8845482910752,2016,p50
Secondary school or above,49,6,2193,5.520163220330229,1437.9480164158688,2.2891016871865024,290.7736738106095,0,469.6841966923489,470.05162418782646,627.7300360514606,627.7300360514606,2016,p50
Secondary school or above,50,2,795,1.3256753440431919,715.0943396226415,0,0,0,921.2079382548427,921.2079382548427,921.2079382548427,921.2079382548427,2016,p50
Secondary school or above,51,2,1443,1.9133939015795098,1799.3485793485793,0,0,0,909.9191637180335,909.9191637180335,909.9191637180335,909.9191637180335,2016,p50
Secondary school or above,52,2,2426,1.5740523019154546,775.1904369332234,431.8219291014015,2280.2967848309977,0,1649.6740589634446,2664.1644266211833,973.3471471916191,973.3471471916191,2016,p50
Secondary school or above,53,4,2179,3.8563928418559583,1049.9311610830657,0,527.3672938656877,417.316811993269,274.0404155667939,274.0404155667939,372.24485609348,413.4192411603571,2016,p50
Secondary school or above,54,5,4632,4.66255422516204,1565.0920768566493,311.2046632124352,325.1295336787565,0,594.9380221059181,750.238440527698,769.2220919553047,769.2220919553047,2016,p50
Secondary school or above,55,3,1516,2.7063458979522146,1207.3964379947229,0,1070.2506596306068,0,762.3458886554882,762.3458886554882,269.2029820391812,269.2029820391812,2016,p50
Secondary school or above,56,4,3524,2.8246646520237335,1429.4438138479002,0,2843.044267877412,0,645.0355357212561,645.0355357212561,2915.8550196926944,2915.8550196926944,2016,p50
Secondary school or above,57,2,1457,1.9040900035788315,1418.3253260123543,0,588.137725920842,0,768.6568905416547,768.6568905416547,8.540632117129535,8.540632117129535,2016,p50
Secondary school or above,58,3,2640,2.7839469286150247,423.0378787878788,0,386.6666666666667,0,156.39566943235025,156.39566943235025,370.7304490185212,370.7304490185212,2016,p50
Secondary school or above,59,2,773,1.8386356293367385,670.3751617076326,0,0,0,104.29588219986883,104.29588219986883,104.29588219986883,104.29588219986883,2016,p50
Secondary school or above,60,4,1825,3.347842956324376,1082.849315068493,0,333.9159817351598,966.5753424657535,690.4841030483785,690.4841030483785,1046.226567539809,2083.6639330012445,2016,p50
