education,age,n,weights_total,n_eff,avg_labor_income,avg_add_labor_income,avg_no_labor_income,avg_remittances,se_y1,se_y2,se_y3,se_y4,year,sample
At most primary school,14,75,64220,58.31646497457353,340.58346309560886,27.42292120834631,0,9.739956399875428,76.9750083321716,82.8871604523745,82.8871604523745,82.63485874927204,2021,general
At most primary school,15,95,80795,72.87179035068051,659.4797326567239,43.76862429605792,1.521278131897601,0,162.91154347775216,164.19610209698655,164.25360016605495,164.25360016605495,2021,general
At most primary school,16,84,77224,65.4313756306149,624.4588469905729,145.010229980317,6.639559377050312,0,86.1000919521729,112.8897649041684,113.22495875736938,113.22495875736938,2021,general
At most primary school,17,87,84220,68.91378919470762,815.2628750098946,94.8218475421515,2.0781880788411304,9.012111137497032,89.93250172818068,101.22591707223353,101.11944047196333,100.57115836644617,2021,general
At most primary school,18,93,75043,71.39238538774586,893.9987207334461,93.42263768772571,0.06651741890205172,56.50626973868315,84.47486097547076,90.00355401517423,89.99532985925049,115.62164430721776,2021,general
At most primary school,19,76,65399,60.9203357743035,829.3377013919683,54.80970657043686,0.1643756020734262,0,92.8251016088323,108.6394354492534,108.61721085861956,108.61721085861956,2021,general
At most primary school,20,106,85248,78.59788230209608,1216.8987894144145,76.6794528903904,0.058554648398398405,22.78997747747748,153.88568288675074,163.42570633844952,163.42067595051353,163.90211829806427,2021,general
At most primary school,21,76,62048,53.74085011384541,1159.8651635293106,18.4853661681279,4.340591155234657,188.04259068248237,133.71379506483598,135.082455826585,135.03974517703995,169.9038020189685,2021,general
At most primary school,22,106,98305,81.80880410760766,1177.577144261906,164.27028126748385,14.55121390909245,10.779960327552006,105.35537750307306,118.80955074683729,117.79758286623581,119.38301353574002,2021,general
At most primary school,23,74,61350,57.25242656626921,1005.3378755772887,75.94272208638957,4.812686769899484,0,109.64751769667981,114.20999146049328,114.59424613104183,114.59424613104183,2021,general
At most primary school,24,105,95185,75.44159120600082,1533.110378035755,137.69716867153437,17.379664162770744,6.483878762410043,126.1041267167983,137.25554121559927,140.01961462378512,140.39299253355736,2021,general
At most primary school,25,93,69896,70.5467915276342,1406.973191122048,63.62301133112052,1.6739512990729084,54.02692571820991,216.80335034009414,218.28427086890792,218.28240498948347,217.80648045846175,2021,general
At most primary school,26,79,63760,60.722494359550375,1379.854909033877,103.43961731493098,11.058526767043078,7.120451693851945,267.0408548413439,270.6164582320463,270.35312404210316,271.8639216279906,2021,general
At most primary school,27,83,71105,63.09865519015325,1253.1220167358133,68.4038393924478,4.769472376532358,42.0997116939737,196.9324814635925,198.56094962242457,198.59533423053705,200.84403856178074,2021,general
At most primary school,28,87,74739,68.70144217952802,1382.0040630282272,131.6800465620359,100.30355637618914,18.59537858413947,123.31078881936048,134.6653860685456,154.69836679574286,154.695934387862,2021,general
At most primary school,29,94,80356,73.23896551900923,1456.4950262996333,118.0501144905172,27.91854891565865,52.35278012842849,135.59902348663027,149.25787444334486,151.3713749211493,160.911992354635,2021,general
At most primary school,30,135,115685,101.2713583753794,1584.705216752388,81.73780524700696,52.04788866318019,36.56633674777773,146.69903080114267,149.58131732544922,153.63124375736163,159.81542243417928,2021,general
At most primary school,31,76,60398,60.87627964451596,1342.797697495502,85.3629259246995,58.730255968740686,37.35223020629822,132.2954781039083,136.20163386147902,139.3193840648696,148.17853600462468,2021,general
At most primary school,32,82,76669,60.97901554855382,1250.8807862369406,56.60377727634376,37.25435530222993,0,148.39963360228865,150.5153804342106,167.76510095462683,167.76510095462683,2021,general
At most primary school,33,90,65918,65.64244274852521,1678.8493279529112,73.58961133529537,96.72787908209189,17.229325323381577,217.93498040649942,219.0170624003725,258.42286418351375,258.1567812507986,2021,general
At most primary school,34,83,73764,63.46146435297733,1712.7047927625038,167.46773493845237,301.22676712217344,10.020741825280625,165.5018390065245,181.2778834127962,368.5865626626668,368.5551430053338,2021,general
At most primary school,35,116,90414,85.92205206129056,1964.938276520598,113.65196761563475,74.96235833683573,42.94017888085179,618.7844755203577,619.4797325656278,619.7121365843055,619.5953030869892,2021,general
At most primary school,36,96,81430,72.4696854106007,1547.5385914282206,115.32259609480535,64.81998853821278,45.54214253551107,181.56734067880856,185.47040652304975,184.8849713747774,186.31490951200539,2021,general
At most primary school,37,106,83209,78.07020639087483,1670.50571853205,108.17799757237799,109.28183850304654,269.75379265864666,161.18004803461073,163.25233283914335,191.8346754253158,234.0440881774535,2021,general
At most primary school,38,110,79362,81.57618247331013,1886.049549322514,103.14753912451803,29.843827440504693,42.451047100627505,442.8920008978283,443.43264295853356,442.4428595472858,441.52485127063056,2021,general
At most primary school,39,111,93229,84.02938531038727,1634.4805282333464,120.06028167201193,19.010983706786515,32.76555578199916,164.07641721843407,167.49999808327453,170.3339531528746,171.29928772147935,2021,general
At most primary school,40,148,117420,103.99703957300699,1586.5943621188894,106.86118208141714,14.86419122239255,126.6205359677511,178.21620839680958,182.8927184325585,182.54894430374145,205.00657567608042,2021,general
At most primary school,41,80,58112,55.59007299919876,2175.3881441584067,158.2172356828194,18.476964023494858,47.07576174743025,283.73673444506727,292.7631912217734,292.59124200758913,293.06597732745075,2021,general
At most primary school,42,123,100110,91.43798029857868,1757.6701212000135,95.31410448506642,43.13370292678054,42.04881963173842,169.75523960146074,172.90290262939794,176.75845279131718,175.70711496558536,2021,general
At most primary school,43,90,66424,65.52432489780954,1750.681540808543,111.77127243165121,95.59622024167972,29.83532056686338,207.24069544584356,208.4704378149076,206.12529879788752,206.51314612173587,2021,general
At most primary school,44,98,77129,74.65010528081046,1767.992190572504,158.40876972345032,148.28220686555426,11.891765743105706,186.8717298769086,203.1001482192873,215.64294346720172,215.4984796143406,2021,general
At most primary school,45,121,88447,96.67514013089136,2237.828100444334,115.10900313181905,27.657241059617625,144.52965052517328,416.2055660639869,417.5769756739964,417.16944374915676,422.416827506321,2021,general
At most primary school,46,93,70601,71.32749255111197,1802.0922862282405,87.86624835342276,151.13840455517627,156.15679664593986,287.2710248787451,289.0563164139773,289.20580057473967,306.1698251563338,2021,general
At most primary school,47,112,83641,78.57844150542847,1792.9216253591737,58.69707440131036,29.903974526049826,89.5647947776808,158.01300025128614,158.82786618510673,159.69944828062523,166.83539659314928,2021,general
At most primary school,48,85,62535,62.52664411665655,1724.5952293382372,116.05964659790517,20.595932944217907,299.0564643799472,162.88338327743475,175.2353045403351,178.03360373774598,336.43767506234445,2021,general
At most primary school,49,78,64436,56.060166087769574,2183.341693049434,79.26035135638463,58.58430587456288,156.4891520268173,410.2817528952983,411.61690110325293,417.771487937434,437.0927100182008,2021,general
At most primary school,50,115,89398,85.3819555504579,1602.839649656592,92.36576880914562,125.25207499049196,91.91493844008443,149.2446188092657,150.6732583292101,188.73055975908744,204.3572644015686,2021,general
At most primary school,51,78,53233,58.78294212603878,1709.613497892911,51.001352544474294,114.2856404861646,99.33174910300002,192.05703402925687,193.1598034374295,253.10189584758655,253.3068634049228,2021,general
At most primary school,52,76,52977,53.38216008528021,1802.5333226368675,125.36459218151273,78.14897659990814,209.01932285079687,266.68591920210287,272.00324203921633,279.06876851514596,284.6480819689001,2021,general
At most primary school,53,81,61289,56.1055121626244,2319.6921579184955,59.418166392011614,162.9130703171314,60.99463198942714,446.1870283250916,445.1734921367856,469.09880780705845,468.2979230535951,2021,general
At most primary school,54,80,56118,60.0130682111824,1792.7263830975207,50.89178160305072,78.47838483196122,191.95849222471696,190.02479705938057,192.91425203770095,202.63828724659632,236.10809876862095,2021,general
At most primary school,55,87,58223,62.079996045096955,1534.7001585856676,42.40995826391632,29.521895699866608,7.108874499768133,304.69816139900087,307.8571344539996,318.53134462557836,318.7943498346809,2021,general
At most primary school,56,93,63141,69.34116013347821,2427.8714147701176,103.70399581888155,66.42342798920933,69.19091134656298,469.80379193927723,471.4567431814701,472.86382525906333,474.39189483188653,2021,general
At most primary school,57,81,64095,62.36472076654444,1467.2622149413633,73.86332787268898,67.15480926749356,61.309514522713684,372.57385848831376,372.0676545414117,372.45271332520895,371.00121982596096,2021,general
At most primary school,58,82,60116,59.01689717212081,1885.3857375740236,85.25442477876106,151.07334153968992,18.95102801250915,309.35209963599164,310.14309517131255,370.4471437023406,370.71270169035455,2021,general
At most primary school,59,66,50862,47.67515113834808,1564.7808940531895,110.56722110809642,235.0385356454721,151.88909860668738,217.63588081619943,223.5788999264699,233.5768946157545,248.2402879524573,2021,general
At most primary school,60,100,78278,73.89092124200563,1616.6192693562261,100.12168169856153,161.9977303116244,60.224447907883864,198.97211247715984,200.99156919262367,216.94435518585078,225.0309402664005,2021,general
Secondary school or above,14,24,19565,18.77398342124281,286.30462560695116,13.577817531305904,238.05605247465715,0,179.76574676417678,193.40711526320703,265.36033810569654,265.36033810569654,2021,general
Secondary school or above,15,43,32679,27.714527456680813,347.16729398084397,6.375348082866672,0,0,130.63892231188467,132.22392133789057,132.22392133789057,132.22392133789057,2021,general
Secondary school or above,16,69,59820,50.6359362634838,712.8957706452692,40.92828485456369,2.0561685055165495,31.59478435305918,105.14404075668543,116.94449265419804,116.74334773722371,120.649110961759,2021,general
Secondary school or above,17,99,74292,68.12036902118409,665.8646399791813,57.25609756097561,10.506066153376764,0,96.20926479510975,102.4043492089599,102.51092583903706,102.51092583903706,2021,general
Secondary school or above,18,133,92518,95.2476410308944,1091.296821519416,72.71136427505999,64.61142696556345,14.78631185282864,106.44143249789137,109.79774303389907,112.61734614169225,111.97326478855207,2021,general
Secondary school or above,19,141,108514,96.41482368612616,1384.8441752523486,71.09796892566858,0.5778056287667951,0.7879167665001751,133.12236123484607,137.66478305300393,137.67684364737804,137.70624067660032,2021,general
Secondary school or above,20,182,117091,130.3890866360267,1659.1515153456144,84.63844360369285,8.892656139242128,11.081102162705362,138.1451922161677,143.38462802156977,148.57624636401113,148.92952660019313,2021,general
Secondary school or above,21,199,132311,141.29560808873455,1948.42084684317,50.92165428422429,7.712258743918999,3.428286385863609,144.36348327564298,145.37882890928907,145.46721229211627,145.60845707894578,2021,general
Secondary school or above,22,226,145423,160.8548996141653,2287.6116914105746,86.24980230087401,58.73612381351873,16.360722398336808,161.6197485875849,164.1456427217848,164.23936890131228,163.9348373568601,2021,general
Secondary school or above,23,209,135129,146.4199679655117,2150.3461050798373,46.42347682584789,7.730884315481256,5.920022102336779,131.28144181998275,133.26277645485425,133.48126067705965,133.85076872278637,2021,general
Secondary school or above,24,197,119825,141.99100799703953,2480.5330815773004,44.981514708950556,15.61555045552542,9.630294179011058,163.42363068030278,166.06671331899625,165.81611382317305,165.08913737859322,2021,general
Secondary school or above,25,242,152940,172.12447086979085,2414.5243619502203,61.3280894468419,44.40238001830783,44.26534370777211,121.22382349770524,123.99306538472918,130.96123648568604,133.14394765988837,2021,general
Secondary school or above,26,180,113506,122.36784421940983,2618.312694923616,53.08626856730041,41.62851890355282,96.63982520747801,168.41676249852014,169.95324418563322,172.6685740719129,175.31925105545665,2021,general
Secondary school or above,27,191,117128,132.56387280115848,2939.762452189058,63.35483402773035,45.15914213510006,28.70656034423878,237.1118994656194,239.14693052673448,256.28748212040574,256.1858734416078,2021,general
Secondary school or above,28,193,110104,139.41832646083614,2808.7069323851388,85.40639758773523,37.541324565865,6.757635205502676,183.95608118332086,190.154185739678,190.9166913704425,190.84607392517765,2021,general
Secondary school or above,29,150,87272,110.96017389758305,3035.687486631833,53.670673297277474,51.972091086870165,67.58295902465854,226.32764963966,227.62396248327875,230.7348068904042,229.3159167046482,2021,general
Secondary school or above,30,216,117021,149.6347703311013,3143.620630057853,37.53894600114509,56.739445626568454,40.28336794250605,213.56737626591791,214.97673187796747,222.12748852921837,223.60558020350095,2021,general
Secondary school or above,31,152,98793,106.38481709368205,2931.4019566163593,67.15342180113976,43.234726481970725,16.84329861427429,225.96492750270193,228.69147795644028,227.74591793687915,227.30644015053835,2021,general
Secondary school or above,32,164,94775,117.00529340700625,3259.356538292447,50.34914270640992,36.422755649344936,89.97559131275828,228.59352561942393,231.10847176519232,231.8714405544165,231.65482453284676,2021,general
Secondary school or above,33,157,86279,115.21550876491445,4080.1781497622055,52.238285098343745,135.84244138202808,10.242160123939005,300.1228606781868,300.712907421088,339.4530528352672,339.2537837412155,2021,general
Secondary school or above,34,137,76046,100.64197070649134,3490.0567989550186,73.01257133840045,40.42180609981678,3.898955895116114,252.55566670627763,253.2522842877636,253.30405854241187,253.16832328574637,2021,general
Secondary school or above,35,147,81650,107.27348527057809,3888.7182486221677,104.87905695039804,33.382363747703614,34.116146152275974,226.92745295945858,230.3365674473319,232.9808214520775,232.8240698894729,2021,general
Secondary school or above,36,131,79648,87.22140882108482,3280.2683139145574,40.33516221374046,98.51497631244142,90.15187659033079,303.6091263382639,306.2245204310769,307.5431058868794,313.9386009723496,2021,general
Secondary school or above,37,111,63982,82.69478134193002,4067.2285069759205,88.421665468413,67.20541193877445,202.50278724224523,380.818682038167,388.665743847076,395.53173808875954,461.6958155620307,2021,general
Secondary school or above,38,152,83662,101.26185859447938,4266.50344043094,91.18379909636394,194.34052098523424,77.38718494258644,309.0095831686996,313.9920530223088,340.244600156708,338.13885417772417,2021,general
Secondary school or above,39,118,64127,86.5641469136335,3711.6547099245768,76.8177210847225,71.15071134883382,21.271851170333868,321.0059837538636,322.73328345139174,325.27624645771937,323.75747036152865,2021,general
Secondary school or above,40,134,74578,95.4566132802728,3986.4031550859504,74.34504813752045,46.99688022383724,50.06022777047744,420.0395616115083,422.66365950042433,420.9000256335251,421.188941404359,2021,general
Secondary school or above,41,108,58496,73.85504047220508,3901.1242677561995,76.25444474835886,72.6335988785558,199.91908278628736,394.1752016138528,394.2141778591602,404.9320564636235,417.09992610589575,2021,general
Secondary school or above,42,119,71622,78.84692680241092,4166.169126339207,94.301401803915,116.0317360587529,21.90714212579003,346.5710062975251,353.16908467976134,367.8159252128978,368.2440478253294,2021,general
Secondary school or above,43,101,57503,74.49829904756442,4249.974812908312,55.389979653235486,16.566092203885013,26.268658446805674,372.58845253871635,375.63612207767756,376.29189630447274,377.6235474386266,2021,general
Secondary school or above,44,63,31605,42.26740805031284,4315.80276063914,104.09650371776618,95.58086800611719,31.028845646785847,491.32428807643055,491.98013459465966,497.021196421867,494.7427255127775,2021,general
Secondary school or above,45,94,45875,71.92356374460034,4738.894205267938,30.83433242506812,139.9591280653951,150.79019073569484,409.45678133465367,408.5159923732654,457.9251006930597,465.13803723151403,2021,general
Secondary school or above,46,69,38592,45.85790115297634,6726.514502142068,63.51575456053068,348.04804104477614,26.72401879491432,942.7283511538876,954.0138347213401,993.8372399006203,995.3163983661951,2021,general
Secondary school or above,47,61,31014,48.287375358075856,4811.700602953505,129.52279615657446,179.04037961350787,6.2552395692268,593.8842293426864,677.3040737474287,679.4809319002806,679.8195795052453,2021,general
Secondary school or above,48,79,46533,50.6287852779321,4720.36781065767,90.8396191949799,130.00379658880078,291.3761273361557,485.631687121854,490.41074768455155,487.212944889915,491.90910281188997,2021,general
Secondary school or above,49,48,27967,34.8037295442961,4943.590690218234,60.040047198483926,118.84482902468386,120.99974970500948,622.4655505164488,616.1531045860543,606.9408084590672,589.9966026607916,2021,general
Secondary school or above,50,74,44149,54.92198560556957,4313.274849562466,114.82207977530635,37.94800939243622,0,693.9264621737052,692.4089418892427,693.2411051857447,693.2411051857447,2021,general
Secondary school or above,51,44,27364,33.780006313998825,4792.827199970765,60.672416313404476,120.24923256833796,10.198314086634507,739.8363944350289,739.3426086051516,741.7418371490598,743.94249733126,2021,general
Secondary school or above,52,54,29363,33.96117518162064,4018.3631100364405,27.429077410346355,172.66344265458798,80.62527670878316,628.6036650423131,626.4324154423746,665.1357755876153,654.081398546928,2021,general
Secondary school or above,53,56,24059,48.30274258143975,5991.656625379276,42.56702273577456,621.7250647713261,8.887041578342131,907.4100211590107,909.2843680482117,1109.0754317194005,1108.582870646485,2021,general
Secondary school or above,54,50,23371,38.395044485444814,3860.9957996377275,73.64169269607633,658.3258454209633,0,490.1626409249022,491.1773397338436,791.9361441654554,791.9361441654554,2021,general
Secondary school or above,55,43,18696,37.36605002174356,5058.221009841677,52.366816431322206,385.4778205676794,36.7921837113108,2180.1923885844644,2179.7868691066806,2520.5593405802183,2520.4294494906126,2021,general
Secondary school or above,56,37,17276,29.06748002841494,4952.178841552829,24.451261866172725,790.9832522960562,0,1188.723403588193,1188.667980801518,1566.859400459743,1566.859400459743,2021,general
Secondary school or above,57,36,21568,24.017398234505873,3850.556302546983,13.219816394658753,618.5313118199801,56.625494559841734,509.0188003153127,508.7316740610762,774.5412103761043,791.8862554410933,2021,general
Secondary school or above,58,43,21418,34.98544193636904,5259.699738537679,37.31907741152302,389.9407040806798,0,725.2354922076007,720.66909898869994,746.4772796881167,746.4772796881167,2021,general
Secondary school or above,59,31,15955,21.246712465476246,5909.740050141022,6.537135694139768,506.9382638671263,0.6518332811031025,1011.0804110727431,1011.0310165469133,1357.2910317664985,1357.1544736050892,2021,general
Secondary school or above,60,41,18037,34.79187587685944,6026.178623570068,134.73388035704386,496.8827964739147,47.70194599988912,1277.485174415678,1273.1452258795703,1255.8662825568174,1258.7872767016102,2021,general
At most primary school,14,52,43751,41.32467726909158,416.16153535538234,16.408767799593154,0,14.29681607277548,102.73180199987928,105.38810149825345,105.38810149825345,104.74791265571521,2021,males
At most primary school,15,65,56935,48.436507441874106,718.2895407043119,35.677702643365244,1.896899973654167,0,227.29300324444614,228.00541226015636,228.1009905443061,228.1009905443061,2021,males
At most primary school,16,57,51665,44.69792159451183,710.7066679570308,27.367657021194233,0.6645375657279268,0,118.27760281985887,121.41413150383157,121.32578654058067,121.32578654058067,2021,males
At most primary school,17,58,54044,45.43023735464677,1010.6922014161302,78.69506328177042,0.9405916167073741,0,122.25422228352582,136.2361146858167,136.1198017359582,136.1198017359582,2021,males
At most primary school,18,65,51884,51.73548036276862,1019.9226351090895,58.64621077788914,0.09620820805386375,2.320561252023745,103.1741984527551,108.73152796572609,108.71627654012858,108.59848636788462,2021,males
At most primary school,19,57,46926,44.53220107329496,977.3133515179929,76.38622512040233,0.22908408984358353,0,113.85402678440815,136.07862928469635,136.03803147344595,136.03803147344595,2021,males
At most primary school,20,68,53686,49.04478441635312,1563.9644600081958,53.24665648399955,0.09297892684622931,16.741794881347094,173.6962003636828,183.3047144757938,183.2897950389129,185.32099837212058,2021,males
At most primary school,21,46,38939,29.85902347946937,1408.8793668729722,24.247669431675185,1.6044325740260408,1.3825042587979488,168.62611573917448,170.9270066157497,170.96762557454534,171.23302586598882,2021,males
At most primary school,22,59,55561,44.795417411805936,1445.594742715214,134.09927827072946,5.250985403430464,0,149.77344743567895,162.99791909141123,162.99430632809805,162.99430632809805,2021,males
At most primary school,23,51,43150,39.32555139379188,1233.2278949401314,105.9968945538818,6.842603321745847,0,133.73688866522681,136.67401488792163,137.00653188129087,137.00653188129087,2021,males
At most primary school,24,73,64685,52.42393115970969,1723.3400530777355,137.92270232665996,25.574450542372006,8.242529179871687,159.3306508861278,173.94273092946108,178.03130818891032,177.96380848136178,2021,males
At most primary school,25,55,40768,41.14604747812181,1743.4257015306123,81.90134419152277,1.6358827184720044,0,352.02205566918974,353.2589278541485,353.2870770954151,353.2870770954151,2021,males
At most primary school,26,43,32109,32.25729676608194,1894.0830400614575,129.46681615746363,0,14.139337880345074,479.4328798013395,482.1426433672765,482.1426433672765,484.858363082006,2021,males
At most primary school,27,49,42952,36.301518246700994,1683.88433600298,73.56071894207487,4.4080213571739,15.8223132799404,310.13338707845924,310.99528080601345,310.7364738241579,311.765687858046,2021,males
At most primary school,28,59,52040,46.56972533549352,1582.0865039713042,119.24375480399692,38.050938380732774,10.791698693312837,149.41787447551275,164.48288213561355,163.80085446806055,163.85177061293885,2021,males
At most primary school,29,54,45907,42.575218141026234,1853.0432468541471,84.37003071427016,32.04032064826715,0,181.59127808994737,192.45471021333609,196.9761844963424,196.9761844963424,2021,males
At most primary school,30,84,73752,66.39324923537434,2010.4668980728204,115.88832845210977,18.319051234768775,30.08957949162961,193.49885880745325,195.43133064529044,198.89490612218304,209.84938085360045,2021,males
At most primary school,31,42,33351,34.248310668663265,1698.69505162264,85.77883721627538,35.72176746324448,0,158.17555911206372,156.13226409345046,157.37415911172744,157.37415911172744,2021,males
At most primary school,32,50,51214,37.32111109397296,1550.5553624659922,74.42127152731675,51.68996758698793,0,195.3862078379125,196.42304576512737,226.74818401481187,226.74818401481187,2021,males
At most primary school,33,53,36721,39.18214011317513,2362.804889118851,47.318155823643146,170.76060020151957,7.828399734938229,314.5499798414976,316.79015190801664,389.29348898666905,390.1785658420043,2021,males
At most primary school,34,54,51937,42.61555991863103,2046.6162594425298,217.33484798890964,396.3128325342883,6.1020082022450275,210.5829145764002,230.16424175416145,514.446112351303,514.2361091167044,2021,males
At most primary school,35,67,54890,49.192407879753205,2543.026683670371,137.0248314811441,62.03476650270237,14.290277524746461,1037.7322039037635,1037.3478710723618,1037.018843814064,1036.9908454030613,2021,males
At most primary school,36,54,44954,39.75887510710151,2112.3744828046447,111.83220625528318,3.190112856104759,0,279.32081812097164,279.4775447317364,279.54040271102133,279.54040271102133,2021,males
At most primary school,37,57,49421,44.42280318866879,2101.2074421804496,110.87551850427955,2.4432933368406142,32.02417325968043,230.52306691331248,229.2242506208936,229.33097908010248,242.26733126132865,2021,males
At most primary school,38,65,44421,47.48932390743763,2599.821848525097,137.94252718308908,4.3729317214830825,15.645753134778596,752.1237635308569,750.1027396293248,749.972759882477,749.6427337032874,2021,males
At most primary school,39,57,49584,43.24255257327315,2053.8526305528662,78.96236689254599,31.928646337528235,17.929170700225878,252.02290625467515,253.44549852132525,259.24688368262156,261.4092443602709,2021,males
At most primary school,40,75,62600,51.90717363985141,2038.166288604899,166.5982428115016,0.4399627263045793,17.985090521831737,247.9560630208103,255.72559019060057,255.67204693150953,255.09642734494005,2021,males
At most primary school,41,53,40744,38.206398947722704,2521.6002969762417,95.70881602199097,23.75973558478958,3.035211728516264,379.3934619461823,377.7816087353624,376.8058747354603,377.0275207621007,2021,males
At most primary school,42,72,60851,55.60178522725892,2355.1365603413806,110.37312451726348,49.02683056427449,0,235.1656324372463,239.4903578258875,246.29719272442208,246.29719272442208,2021,males
At most primary school,43,46,38579,34.189808944353906,2321.475673293761,121.59464993908603,24.24084346406076,37.94378634317461,284.48203289411583,281.724740899481,284.207874991909,284.6431906671915,2021,males
At most primary school,44,55,45766,44.027771720401724,2369.712406590045,191.75632565660098,138.12191364768606,2.3423502163177905,253.9851610967751,279.1758119989857,287.40735503705827,287.4810715588213,2021,males
At most primary school,45,67,50574,53.20538026108757,3132.6301261517774,123.76687626052913,8.777566865714926,91.19053268477874,709.3514546880625,709.4714059781937,709.1474159102107,713.9973955299602,2021,males
At most primary school,46,55,39348,42.117718452742466,2239.808906001152,94.06996543661685,25.80150198231168,249.82591237165803,464.72046083181044,466.0621350829183,466.9411001347282,493.03791479824184,2021,males
At most primary school,47,67,55175,48.82629417648549,1962.8563238181544,75.37439057544178,42.4322609877662,9.812517746563962,194.8763359792146,192.31607818988974,193.5986955011887,192.38471805033632,2021,males
At most primary school,48,47,37255,34.8261152036082,1969.211211023129,173.27016507851295,33.886055563011674,346.7252717756006,203.09139554498594,224.83156169698918,230.11094406360402,537.0794489991882,2021,males
At most primary school,49,44,37951,32.4104742241279,2981.0303197983367,110.29248241153066,83.09838124599264,72.93615451503254,648.8412610543485,647.1232782033893,656.6770730012629,660.9543406255733,2021,males
At most primary school,50,71,56040,54.19583862567729,2013.3088210801807,68.01525695931477,172.52810492505353,86.09942303116821,198.4165983086107,198.09693708811173,260.01873836493814,281.8837084587119,2021,males
At most primary school,51,45,28116,34.93831951035846,2192.246419595011,89.04982927870252,166.98676909944516,68.46753924218713,245.6277329089403,244.01378513304033,377.9596879068495,381.33828570273107,2021,males
At most primary school,52,46,35961,33.456948243792475,2061.913192996116,146.84213453463474,50.77134488288238,251.88398542865883,383.0666702469913,387.5615167375901,395.81823108186575,397.6563527929768,2021,males
At most primary school,53,55,44130,37.25226884249982,2249.321572626331,62.33084069793791,200.62920160132938,0,330.7652708594467,329.6597297514092,397.07432656474464,397.07432656474464,2021,males
At most primary school,54,48,36974,37.38844608111749,2334.549931483385,54.38537891491318,113.1209318259678,289.0768287625539,246.00819273615707,248.1863204956456,260.616050607524,307.0407910830156,2021,males
At most primary school,55,49,35920,37.01934680503711,1788.6542873051226,51.09033964365256,33.73886414253897,11.5228285077951,484.1562791165344,488.8827121766966,507.47349274871635,507.7577467779092,2021,males
At most primary school,56,59,43245,44.925442163535735,3042.905229891702,86.54165799514395,60.032373684819056,46.52560989709793,679.66255917532,681.6233117709745,681.4242806647769,680.0040489320478,2021,males
At most primary school,57,46,40448,37.033372531292535,1831.5135894646626,104.96489319620254,58.97675204377638,37.508241033755276,586.3577855523439,583.9429228538035,583.3922775464081,581.7119990716914,2021,males
At most primary school,58,60,44934,44.77812858404893,2127.340447471106,94.80693906618596,150.95009717956708,22.79699114256465,394.7884062151604,394.90584132016136,475.6428406372603,475.7914217421979,2021,males
At most primary school,59,51,39250,36.69535624517001,1584.6562845010615,61.93732484076433,271.9251804670913,43.529936305732484,189.5395710810786,197.46042358998452,219.3200984538529,225.01069449118447,2021,males
At most primary school,60,66,53578,48.839877388960055,1967.5177280475816,83.48659897719213,225.07123570619785,53.00797591051054,273.56908953402063,274.91034686522386,295.8656967864897,307.9976794168736,2021,males
Secondary school or above,14,16,13325,12.257001680995733,398.31519699812384,19.936210131332082,6.821763602251407,0,266.6912305400288,287.2592163352205,288.21399052302866,288.21399052302866,2021,males
Secondary school or above,15,31,24938,19.641350462565313,438.99871681770793,4.479108188307001,0,0,172.9075884960297,174.9718002705222,174.9718002705222,174.9718002705222,2021,males
Secondary school or above,16,48,46907,36.81270536595099,741.4782441853029,48.52857782420534,2.6222099047050547,40.29249365766304,126.20372768108886,142.70977456680464,142.3996367189473,147.72960088414627,2021,males
Secondary school or above,17,68,52963,44.56058271901173,723.6248576049948,3.7913260200517342,0.7036358715833066,0,132.95333232708091,133.53789362551947,133.67155837292674,133.67155837292674,2021,males
Secondary school or above,18,86,59250,60.4079027582406,1260.4442222222224,48.64506329113924,13.836286919831224,23.088607594936708,135.53833385526522,136.544765518071,137.7774234302461,136.190115755498,2021,males
Secondary school or above,19,90,76483,62.98082120092979,1482.815586470196,43.48554580756508,0.8197900186969653,1.1178954800413163,174.0890447792312,178.24872217174303,178.26383701035402,178.3062658305778,2021,males
Secondary school or above,20,119,77598,84.85049424928236,1762.6014319527135,22.744400628882186,1.8524961983556276,16.720757407836974,163.9450010319771,169.12525090074573,169.35793215702384,170.03512784778232,2021,males
Secondary school or above,21,116,80235,81.90279029049071,2109.1756901601548,50.006543279117594,10.41627718576681,5.6533931575995515,206.00705672584994,207.08303907969218,207.2248104582392,207.45317146489887,2021,males
Secondary school or above,22,136,87806,99.17529569245777,2596.9296365472364,82.2087328884131,26.218310821583945,19.540426242701713,221.99359531083536,222.91305494135534,224.94361161260693,224.81784609678456,2021,males
Secondary school or above,23,125,92663,89.52202540356416,2255.0693300814064,47.8235110022339,3.9803733241243355,8.633075409458646,171.3899017213126,174.65543561272472,174.36994813558053,174.9893922421902,2021,males
Secondary school or above,24,121,78016,88.21761601286741,2842.802072651764,33.58490566037736,23.436004580257045,0,210.50963047138353,214.96320680694598,213.95741615535565,213.95741615535565,2021,males
Secondary school or above,25,151,97776,109.40329831253028,2581.858630100093,73.59452217313041,30.300550919107625,53.38162398407244,152.75536010155147,158.10307813391515,163.7306978690891,168.83328578415865,2021,males
Secondary school or above,26,116,74371,77.93168617739582,2821.31964296119,48.23681273614715,61.601856458386564,98.36450587818729,181.60779722266864,184.86874337049343,190.24681651791576,191.92139053330007,2021,males
Secondary school or above,27,125,80589,82.65502064591568,3283.6583342639815,77.93092109344948,54.73493073910005,7.296281130179056,329.3000588403548,332.42826304863394,359.22345456631444,360.3609117157922,2021,males
Secondary school or above,28,122,74144,89.27633665480101,3020.5772179812257,106.6387839879154,37.0156946842181,8.688623939001584,238.73666753084706,248.60717989679358,247.57894058753536,247.45858451949522,2021,males
Secondary school or above,29,90,52618,70.03190818840346,3183.256806922853,72.43998251548899,25.108169574416866,6.066365122201528,281.38660817344334,283.15506592099985,284.0954836209513,283.50596817443903,2021,males
Secondary school or above,30,121,65943,87.97190341822395,3553.7014631323013,39.288703880624176,81.03180019107411,27.871545627789654,260.53812093142386,262.27607685193817,278.6348779032727,281.8522088285966,2021,males
Secondary school or above,31,91,60369,63.92797495881248,3379.4123556792392,89.19690569663237,29.581821795954877,1.7702242320837958,296.884738981735,301.6606424842642,302.7092315069609,302.66439756763896,2021,males
Secondary school or above,32,88,54792,62.7231285079794,3418.170297062831,75.41100890640969,30.09198423127464,0,310.4190003119896,315.50303421750414,318.2924800175991,318.2924800175991,2021,males
Secondary school or above,33,94,56460,68.5879360617106,4211.365412091156,70.13101310662415,50.567363325067895,6.83699374188216,427.846618783181,427.98148720046066,443.45208203945646,443.7639518513157,2021,males
Secondary school or above,34,78,44899,55.67367750104772,3763.1370297779463,82.50571282211185,49.49256479357372,6.6037105503463325,320.60797476447965,326.6163170317251,326.5347981410139,326.10119970109076,2021,males
Secondary school or above,35,84,45450,61.51945208948778,3928.825922258892,150.63641364136413,27.407480748074807,24.207920792079207,297.65431829314434,305.50707939250907,307.0754436537022,306.3239187229643,2021,males
Secondary school or above,36,70,45065,45.81178443978915,3552.91162395059,69.99312104737601,26.841784089648286,19.65309367949998,420.6551745836601,426.0847697518441,427.44438040238754,429.9392430030412,2021,males
Secondary school or above,37,69,42096,51.785067884146045,4228.441676960599,126.68175123527176,23.102828455593563,64.8525592296972,508.59110724200133,522.5768781884225,539.3280241073054,542.1802642751782,2021,males
Secondary school or above,38,89,44893,66.96879824724488,4527.129990570171,64.87122714008865,197.82408541791963,7.626281751423756,372.8051390445118,371.1349080151464,390.40333356159385,390.9457824465951,2021,males
Secondary school or above,39,62,30790,46.968530893409906,4430.091801991989,116.0060084443001,63.66401429035401,0,421.0879112078755,423.33648806542624,420.23621700198015,420.23621700198015,2021,males
Secondary school or above,40,78,45452,55.145187418719026,4442.400297750008,115.6275851447681,45.351873038223474,8.25046202587345,558.4272369592157,562.5107710646388,559.1727350824691,559.1706899419347,2021,males
Secondary school or above,41,68,35055,45.81597800570028,4203.299125184235,74.82113821138212,77.56573004326535,22.978177150192554,490.2927120143955,490.68533032319004,514.6419056724202,513.7855539529003,2021,males
Secondary school or above,42,71,42650,48.788915317008694,4511.665959359125,140.10070339976554,163.18855021492772,15.084017194216491,440.4034451788237,451.02509752690366,471.9986523592991,472.0476916755969,2021,males
Secondary school or above,43,62,36733,45.07762823653799,4686.69649906079,76.16285084256663,11.44021270610441,41.12178876396338,502.40905244248177,508.4601791042583,509.93603205479013,511.6614772938351,2021,males
Secondary school or above,44,36,18898,22.03503424201972,5264.709660634283,162.40713302995027,121.15744170458956,0,748.3561476206133,742.2279836340352,746.377598628349,746.377598628349,2021,males
Secondary school or above,45,54,25608,46.50416620867139,5382.612458346351,39.259020618556704,196.28045923149017,7.673383317713214,529.800681772141,527.9657460294546,624.2849409018263,626.0390543399549,2021,males
Secondary school or above,46,40,20058,24.98023763810823,8403.71657194137,97.91903479908267,468.3592581513611,51.417555754977236,1449.4830379898801,1473.089771014185,1522.2477082758157,1523.127980889247,2021,males
Secondary school or above,47,38,21066,28.949826976752924,5036.361356372036,173.06180575334662,155.01637710054115,9.209152188360392,813.7341762504751,962.5736120091259,958.6666631434019,959.1801050114212,2021,males
Secondary school or above,48,52,34285,33.349005234874255,5397.010597443003,117.24485926790142,45.1013562782558,289.4175295318652,616.5906852517927,620.4579175071876,622.2679874250625,622.4104798228517,2021,males
Secondary school or above,49,25,13785,20.37369255130165,4694.3743199129485,62.75661951396445,125.97267561358964,0,583.8155568807085,576.6346804455036,580.6767410351862,580.6767410351862,2021,males
Secondary school or above,50,52,32928,37.96967603670656,3854.624979753806,153.95043731778426,50.87969711694202,0,489.44222341742665,488.97491471661,492.4310732646304,492.4310732646304,2021,males
Secondary school or above,51,27,17599,20.26102516764705,4970.283974468247,67.48906187851583,14.318995397465764,0,1029.4858767455833,1031.4138048245904,1032.4356476482772,1032.4356476482772,2021,males
Secondary school or above,52,36,18541,25.650774670992128,4605.00355967855,19.952537619330133,266.21631339553784,67.1484817431638,725.4269197061161,724.8759230836029,786.796482359693,776.3730883613048,2021,males
Secondary school or above,53,33,14348,28.029412589640565,7119.288843973608,64.07861722888208,1021.4199423845369,14.901960784313726,1421.118307851043,1423.5127396351957,1765.2111410036844,1763.8179527956318,2021,males
Secondary school or above,54,29,14445,22.61383130763176,4429.874777893157,93.6393215645552,835.5532479520018,0,643.2597095005868,645.3562210681188,1180.7278989243166,1180.7278989243166,2021,males
Secondary school or above,55,23,10186,20.28368849231717,4246.057497218404,88.3123895542902,252.3784279075856,67.53059755219581,580.330816935361,581.9167085381423,601.3465971281547,604.6589212055723,2021,males
Secondary school or above,56,23,11121,17.02429358894327,4743.767796660972,35.129035158708746,943.5632287264336,0,1314.5397152396047,1315.0717964659782,2155.6483605854446,2155.6483605854446,2021,males
Secondary school or above,57,18,10775,12.581316206652804,4281.896983758701,21.392111368909514,939.396751740139,33.84674400618716,653.5074604546745,653.1251589607973,1247.3861625615652,1274.2747915649552,2021,males
Secondary school or above,58,29,13336,25.274345378311764,5929.375099980004,30.619376124775044,142.94766046790642,0,843.5977591483949,839.2941682491438,852.545527325584,852.545527325584,2021,males
Secondary school or above,59,21,11271,14.368371369675925,6257.651494987135,0,715.7661254547068,0,1355.6142945845922,1355.6142945845922,1884.0489859185934,1884.0489859185934,2021,males
Secondary school or above,60,26,12604,22.09464626911714,5369.918319581086,32.83203744842907,711.0659314503332,68.2640431609013,1093.4298955449115,1090.5664627768456,1064.4492434188433,1073.9389783440324,2021,males
At most primary school,14,23,20469,17.170335249413096,179.0408259644666,50.96487371146612,0,0,85.2603378625425,124.39177087676653,124.39177087676653,124.39177087676653,2021,females
At most primary school,15,30,23860,25.129006397594395,519.1471081307628,63.07527242246437,0.6249650740430288,0,155.49397404604503,164.89898989244986,164.8176142169652,164.8176142169652,2021,females
At most primary school,16,27,25559,20.78867664565605,450.11737548417386,382.8130991040338,18.71747720959349,0,90.48167885188109,243.44555070149704,244.90868766841575,244.90868766841575,2021,females
At most primary school,17,29,30176,23.569157942204207,465.25682661717923,123.70426829268293,4.115577500883705,25.152439024390244,82.28233655056835,116.1760660691893,116.26559246197067,115.24840998363686,2021,females
At most primary school,18,28,23159,19.97737060813583,611.8865235977374,171.33360680512976,0,177.90060019862688,126.27994344402022,152.88964464166034,152.88964464166034,299.1947420606535,2021,females
At most primary school,19,19,18473,16.439175911297788,453.44286255616305,0,0,0,113.09347179852296,113.09347179852296,113.09347179852296,113.09347179852296,2021,females
At most primary school,20,38,31562,29.56459069881021,626.550662188708,116.53792535327293,0,33.07775172676003,260.89231139000174,288.0801041831067,288.0801041831067,287.4511605572569,2021,females
At most primary school,21,30,23109,25.60157702865526,740.2726210567312,8.77580163572634,8.951058029339219,502.567542227415,187.9043169637704,188.0093439242571,188.4374629900629,327.75304280507413,2021,females
At most primary school,22,47,42744,37.12482160452421,829.1931421174121,203.48820887142054,26.640161972050656,24.792345124461914,125.7365602986786,161.46367854265637,158.74351774723982,165.92830764144716,2021,females
At most primary school,23,23,18200,18.0075977231838,465.0381868131868,4.687912087912088,0,0,118.66604861923011,119.85083779769953,119.85083779769953,119.85083779769953,2021,females
At most primary school,24,32,30500,23.093656799934383,1129.6675409836066,137.2188524590164,0,2.7540983606557377,176.23873891646582,194.61969777976742,194.61969777976742,197.19568744166014,2021,females
At most primary school,25,38,29128,29.400744187374595,936.0690458207453,38.04037352375721,1.7272326741737618,129.6438478439989,132.8345793300479,134.949250396057,134.79747307659395,145.38868259757805,2021,females
At most primary school,26,36,31651,28.63221504247234,858.1857339947132,77.0357966572936,22.27707392078186,0,164.78338027699706,174.65360831005185,175.38046012803264,175.38046012803264,2021,females
At most primary school,27,34,28153,27.045011426009918,595.9237381451355,60.536177316804604,5.320924945831705,82.19017511455262,84.82620724437777,96.46555191082874,98.82905639954939,130.90367851086626,2021,females
At most primary school,28,28,22699,22.252644248636397,923.2926560641438,160.19163839816733,243.02465600540407,36.4861888188907,188.46752637342811,211.44792591456857,336.9484107060639,337.8132964517383,2021,females
At most primary school,29,40,34449,30.692613143509885,928.0518447560162,162.93245086940115,22.42584448508423,122.11849400563152,162.34385351625883,208.64213346873538,208.65497739032108,253.33891206199183,2021,females
At most primary school,30,51,41933,35.01087223176408,835.8731388961758,21.673669901986504,111.3703606546952,47.95769441728471,150.20340709568072,150.4993465921326,179.67524151131332,183.54620733051675,2021,females
At most primary school,31,34,27047,26.65352957317092,903.9492981353447,84.85007579398824,87.10146535043937,83.41035974414908,194.0164327153946,210.00791589512443,222.84843025851467,255.85029951984228,2021,females
At most primary school,32,32,25455,24.80932121215509,647.9527270346364,20.756000785700255,8.21073135598769,0,164.5263940073948,166.79895106267585,166.4533731708308,166.4533731708308,2021,females
At most primary school,33,37,29197,26.823717884273016,818.6399858432944,106.63116073569202,3.6170953636789167,29.052847895331713,181.64174761002533,192.1235523837353,191.64884974502294,190.19089431816099,2021,females
At most primary school,34,29,21827,21.229106014228044,918.1677585864602,48.80973106702708,74.97098394954261,19.34530627204838,156.27905100523716,158.22964257784167,175.97879758715177,182.4010550369673,2021,females
At most primary school,35,49,35524,37.23317724143681,1071.7034868445744,77.53732687760387,94.93746012085727,87.20864767481139,186.0570204384236,195.9578384502315,207.82161150844115,214.51465535354546,2021,females
At most primary school,36,42,36476,32.714305138809365,851.4197006250686,119.624246079614,140.77429908250173,101.66949957963226,143.7411754802369,167.5640903081123,180.57418326028943,197.60090089893373,2021,females
At most primary school,37,49,33788,33.87172897322427,1040.5273272562251,104.23239019770332,265.55234106783473,617.4759283374768,164.30584825834953,178.26004933177916,314.9288655167051,449.4513056888539,2021,females
At most primary school,38,45,34941,34.23938415109765,978.6204745141811,58.91216622306173,62.22534653654256,76.52900603875104,172.92146642170107,183.0801098212315,179.70425715477614,178.91567217448335,2021,females
At most primary school,39,54,43645,40.89459422052462,1158.042303433001,166.75060144346432,4.335548172757475,49.62080421583228,180.49375029894898,196.85947612687156,197.04666256434103,199.07759702139614,2021,females
At most primary school,40,73,54820,52.64954415152422,1070.935795938222,38.646296971908065,31.335491912927157,250.67341602821352,238.3400660002148,238.51766486508876,238.90072899465275,314.8551133419959,2021,females
At most primary school,41,27,17368,17.4380876986349,1363.2009058805465,304.8572086596039,6.083985874405036,150.39152464302165,270.2441597505593,395.1409421478162,396.8410533249406,413.41676614100396,2021,females
At most primary school,42,51,39259,35.836217249910305,831.6039888942663,71.97279604676635,33.99942263769666,107.22400808307223,126.14423259010204,126.48373631273556,126.75342147073664,138.97263687073536,2021,females
At most primary school,43,44,27845,32.57150631827398,959.8513437481296,98.16107021009158,194.45846052552824,18.601113305799963,239.59883409920894,246.9611189828852,249.6878237456915,248.7813176238497,2021,females
At most primary school,44,43,31363,30.62636097360066,889.9407475900477,109.74683544303798,163.1084664519763,25.82661097471543,181.4435535113018,195.32696798919596,248.85510446862477,250.78455839177195,2021,females
At most primary school,45,54,37873,43.66882895288973,1042.9473767591687,103.54764608032107,52.868358285145966,215.75644918543554,162.7438358047091,176.23087477216617,180.26122483545515,225.7792067345403,2021,females
At most primary school,46,38,31253,29.48992199474148,1251.0004372913534,80.05567465523309,308.9394618116661,38.22596230761847,220.54817360577294,227.07696328310243,245.14595327176892,253.10517247845254,2021,females
At most primary school,47,45,28466,30.37096790999335,1463.5410665355162,26.371811986229186,5.620681983184618,244.14681842666104,261.3707738912689,268.8758038391879,268.2339438898232,310.5451896596241,2021,females
At most primary school,48,38,25280,28.165549393977297,1364.1059731012658,31.74881329113924,1.0103507383966244,228.8071993670886,254.8051603766925,258.9553547412363,259.014816635102,295.26279658214906,2021,females
At most primary school,49,34,26485,23.67814999159988,1040.314278522434,34.79365678686049,23.457491661947014,276.2142722295639,246.89398452406928,253.17727597386764,251.37765704552658,412.8129341118528,2021,females
At most primary school,50,44,33358,31.208077960445962,913.2691608209925,133.27357755261107,45.830385514719104,101.6847532825709,158.6348071715612,177.87227342571356,196.56856296978046,224.3147946071906,2021,females
At most primary school,51,33,25117,24.661230185785314,1169.353625034837,8.409841939722101,55.291933750049765,133.8811827314833,265.8691354629503,265.19097094170803,263.1197564931791,262.8757178771242,2021,females
At most primary school,52,30,17016,20.79693272376629,1254.3692700987306,79.97472966619652,136.0078749412318,118.43069268139789,234.7275427497515,250.6698993832756,278.13921039642037,300.639807555196,2021,females
At most primary school,53,26,17159,20.065042334172446,2500.673213279717,51.92726848883967,65.91366046972435,217.86234629057637,1232.0362752754124,1229.7765725015984,1224.890378271222,1220.272504858267,2021,females
At most primary school,54,32,19144,23.033070992034233,746.2688048474718,44.14437944003343,11.571075358685054,4.387797743418304,122.59541606494665,138.9518149370557,138.98649012310648,138.50204444748837,2021,females
At most primary school,55,38,22303,25.18303575926231,1125.6954370861915,28.429807649195176,22.730275448743814,0,196.56509605562331,198.9594452008973,197.1015357476952,197.1015357476952,2021,females
At most primary school,56,34,19896,24.946776915837305,1091.0631450207745,141.00723763570568,80.31471987669214,118.4551333601394,219.80881192870189,240.33652137639302,270.3091949937835,318.5292998969562,2021,females
At most primary school,57,35,23647,25.773662293857132,844.2132194358693,20.66435488645494,81.14330922879576,102.02139806317926,227.49653987007576,227.67032516965938,237.8137966728459,239.8416882930112,2021,females
At most primary school,58,22,15182,14.276300300065197,1169.275018662451,56.98195231194836,151.43810652966232,7.568172836253458,288.396945844688,294.25465977642375,332.9791759955934,333.43855951880835,2021,females
At most primary school,59,15,11612,10.98089008062458,1497.5996095992652,274.94230106786085,110.35710184866231,518.1565047651854,731.6657510715867,742.528733295142,732.0959920226605,797.064918468821,2021,females
At most primary school,60,34,24700,25.262770662042854,855.4679487179486,136.20566801619432,25.18184885290148,75.87805668016195,148.16358763227157,172.4107262414494,170.21389825719436,182.4211653303781,2021,females
Secondary school or above,14,8,6240,6.595917393832048,47.11538461538461,0,731.8376068376069,0,35.87794959900974,35.87794959900974,573.7498758486582,573.7498758486582,2021,females
Secondary school or above,15,12,7741,8.722726468809341,51.32799379925074,12.484175171166516,0,0,43.45213041152811,54.728401746778346,54.728401746778346,54.728401746778346,2021,females
Secondary school or above,16,21,12913,15.296917995056969,609.0687679083095,13.319910168047704,0,0,178.64958132176858,181.92725778818783,181.92725778818783,181.92725778818783,2021,females
Secondary school or above,17,31,21329,25.171618929758303,522.437643583853,190.01687842843077,34.84692203103756,0,96.07816514403859,147.04383332486802,147.20407493521813,147.20407493521813,2021,females
Secondary school or above,18,47,33268,34.85605871500182,790.0468668590438,115.57322351809546,155.04148130335457,0,161.60074114570818,178.84064567118708,193.80498102734435,193.80498102734435,2021,females
Secondary school or above,19,51,32031,35.074417175831485,1150.9099414109248,137.03037682245323,0,0,184.93845554878877,201.5157938502813,201.5157938502813,201.5157938502813,2021,females
Secondary school or above,20,63,39493,45.62685496392716,1455.887477949679,206.2512343959689,22.725546299344188,0,251.84240217762368,266.28219017535736,289.33542041077476,289.33542041077476,2021,females
Secondary school or above,21,83,52076,59.870146692037856,1700.7412083621375,52.33159228819418,3.5460992907801416,0,186.0439279930461,188.34016092828278,188.2693022882677,188.2693022882677,2021,females
Secondary school or above,22,90,57617,61.783444430434464,1816.2235335635894,92.4082302098339,108.29196822697006,11.514981110898981,214.54064696938022,225.0329622336942,223.1482686303009,221.72189486960707,2021,females
Secondary school or above,23,84,42466,62.628580140540535,1921.8346324118118,43.36853011821222,15.914692538344402,0,190.00965938634658,190.95596935539706,193.13770654401443,193.13770654401443,2021,females
Secondary school or above,24,76,41809,54.41191073756129,1804.5356263005574,66.24769786409625,1.0225071156927934,27.600516635174245,232.12538731344137,235.60698568190196,235.8820326134709,233.4584771490368,2021,females
Secondary school or above,25,91,55164,62.73157959510057,2117.9310147922556,39.58632441447321,69.39731225678582,28.107098832571968,195.1473682334527,194.39254612724196,214.92399883876485,212.35387175452726,2021,females
Secondary school or above,26,64,39135,44.63472979148646,2232.524277075082,62.30203142966654,3.6717771815510414,93.36229291767812,336.3190235043459,336.96633632623,336.5143627281388,344.1562451708763,2021,females
Secondary school or above,27,66,36539,53.586402540650916,2181.2790443088206,31.20638222173568,24.039154510705455,75.9282410575002,252.22742913939175,250.85017660479744,258.11762109440633,255.8538713114861,2021,females
Secondary school or above,28,71,35960,50.95692680680487,2371.862926399703,41.62847608453838,38.62509269558769,2.7762328513162773,271.5812965541517,273.32799438342374,281.18151960029917,280.9580645016203,2021,females
Secondary school or above,29,60,34654,41.258554770443794,2811.620928800908,25.171697350955156,92.76177834208653,160.98863046113001,379.64878661448546,380.8175800868294,392.710455764845,389.70896731167045,2021,females
Secondary school or above,30,95,51078,61.992282810955814,2614.195821423444,35.27996397666314,25.377396661315377,56.30734693344819,348.61560428771963,350.945012784721,351.17566672689304,352.420929942332,2021,females
Secondary school or above,31,61,38424,42.505043963127456,2227.5205340412244,32.52029981261711,64.6851794017628,40.52501908529391,322.2495512905949,321.183030012479,316.32651249610717,316.4467320823325,2021,females
Secondary school or above,32,76,39983,55.30748693174728,3041.720956406473,16.004802040867368,45.098333458386485,213.2765592043285,336.14664825684076,336.71709322061497,335.48509736819966,336.8510631677015,2021,females
Secondary school or above,33,63,29819,49.03517692386383,3831.785083895056,18.35977061605017,297.30429144728754,16.68958270453961,360.625043008119,362.78095607137305,518.0581138560216,516.492810923155,2021,females
Secondary school or above,34,59,31147,45.65025457282205,3096.4063901285303,59.32802517096349,27.34613285388641,0,400.2702509015777,393.51770986567544,393.29696970639094,393.29696970639094,2021,females
Secondary school or above,35,63,36200,45.86940164659965,3838.3620672191532,47.42955801104972,40.88397790055249,46.55616942909761,353.5059949188542,353.42545105018917,360.40254283210163,361.07381374649304,2021,females
Secondary school or above,36,61,34583,42.10944134207837,2924.987662531687,1.6879680768007403,191.9120907189467,182.01862186623487,434.14800137593136,434.0662240116682,439.84418431461364,460.0380585844625,2021,females
Secondary school or above,37,42,21886,31.33994725957595,3757.147651466691,14.831399067897285,152.03326327332542,467.2621767339852,551.3442580494506,550.0205920314487,539.014830607632,855.2708469000643,2021,females
Secondary school or above,38,63,38769,38.512945387699006,3964.7079926401675,121.65273801232944,190.3066883334623,158.16760814052464,513.021249843923,533.3777583089093,594.6117177539027,588.5123669686125,2021,females
Secondary school or above,39,56,33337,40.67733393154903,3048.107358190599,40.623481417044125,78.06541280459149,40.91849896511384,463.2581687615443,463.2481400723321,474.06593712269586,471.23049405858586,2021,females
Secondary school or above,40,56,29126,40.77815175525222,3274.8058836320356,9.922406097644716,49.56396346906544,115.30562613014717,624.0682185482348,623.8831963022942,623.1387518536566,627.5138493022654,2021,females
Secondary school or above,41,40,23441,28.164676847418555,3449.234859149922,78.39789258137452,65.2578103892041,464.5265418142002,658.9821213588042,658.5070804089651,656.601051664587,714.7032850930261,2021,females
Secondary school or above,42,48,28972,30.219944346816757,3657.559436697501,26.879745961618113,46.61167103870404,31.951539417368494,556.0859907172737,559.1423728521016,575.0722113551606,577.417891553584,2021,females
Secondary school or above,43,39,20770,29.850593727978424,3477.606122612743,18.651901781415503,25.63151982025357,0,514.5171141607814,511.0096875022351,511.21340809820157,511.21340809820157,2021,females
Secondary school or above,44,27,12707,21.74731124794218,2904.5772474489127,17.376249311403164,57.54308648776265,77.17531019647963,435.0502467245718,431.15707657104383,438.1148203192784,438.2017633634575,2021,females
Secondary school or above,45,40,20267,27.095954670770507,3925.5356902024637,20.189470567918292,68.79533231361326,331.62283515073767,606.2516833810745,604.8858546954514,613.4517540439252,657.5938608115887,2021,females
Secondary school or above,46,29,18534,20.981925240369492,4911.400705010611,26.283586921333765,217.84396244739395,0,1052.7971240300958,1051.5168225431403,1108.5882815232662,1108.5882815232662,2021,females
Secondary school or above,47,23,9948,21.558116008075796,4335.956389894116,37.324085243264975,229.91388553813164,0,778.8752251239068,773.9691280768591,803.599048457893,803.599048457893,2021,females
Secondary school or above,48,27,12248,19.94517750407776,2826.287312214239,16.925212279555847,367.6654691922491,296.85869801872417,522.484930001875,525.4501486098068,545.1612835817884,586.0655089929513,2021,females
Secondary school or above,49,23,14182,15.29939292036583,5185.830689136464,57.399520518967705,111.91651389084755,238.61232548300663,1161.5050107835843,1150.564668764202,1124.9780953242218,1077.6367397443353,2021,females
Secondary school or above,50,22,11221,18.160103078196958,5659.1818910970505,0,0,0,2073.004814263879,2073.004814263879,2073.004814263879,2073.004814263879,2021,females
Secondary school or above,51,17,9765,13.8599946888678,4473.005205666496,48.38709677419355,311.1623143881208,28.57825567502987,1018.0934728173145,1009.7542627319855,1024.801511816334,1036.4161821276732,2021,females
Secondary school or above,52,18,10822,9.771437715802211,3013.290057290704,40.238403252633525,12.382184439105526,103.71465533173166,1145.7043462966553,1137.2429867356473,1135.8853809065333,1108.833771644619,2021,females
Secondary school or above,53,23,9711,20.328937301905352,4325.580312703806,10.783647410153435,31.175985995263105,0,760.7770960603766,758.9987014441953,752.0501344267884,752.0501344267884,2021,females
Secondary school or above,54,21,8926,15.938265371443203,2940.375494809172,41.27940846963926,371.5176637538278,0,717.0056582840267,712.5523620099569,824.5589314152874,824.5589314152874,2021,females
Secondary school or above,55,20,8510,17.082960042157726,6030.335879357619,9.341950646298473,544.7904426165296,0,4798.03600874181,4797.8178894644425,5559.341291264462,5559.341291264462,2021,females
Secondary school or above,56,14,6155,12.614876247160039,5328.740861088547,5.158407798537774,515.298131600325,0,2293.0171101572164,2292.4745436642556,2251.1379731703682,2251.1379731703682,2021,females
Secondary school or above,57,18,10793,11.487618268461851,3419.934988727262,5.061150745853794,298.2009944717255,79.36625590660613,793.8148978763611,792.5007034256301,897.6295456153491,925.5486056308041,2021,females
Secondary school or above,58,14,8082,10.751504696879666,4154.677390084962,48.374164810690424,797.5006186587478,0,1316.634600315155,1306.2535291560403,1443.408591025165,1443.408591025165,2021,females
Secondary school or above,59,10,4684,6.987397760068894,5072.5688514090525,22.26729291204099,4.44064901793339,2.220324508966695,1317.6785603602505,1319.5812702475243,1317.0325193859896,1315.7835375821378,2021,females
Secondary school or above,60,15,5433,13.660261408931479,7548.634885575802,371.135652494018,0,0,3094.7993938345903,3068.5801311436003,3068.5801311436003,3068.5801311436003,2021,females
At most primary school,14,28,11374,24.64690842638232,254.1451263114706,42.94003868471954,0,0,63.70659761236989,81.39733868875548,81.39733868875548,81.39733868875548,2021,urban
At most primary school,15,44,20326,40.54812211871663,511.73841385417694,37.50250910164321,5.31339171504477,0,85.42915861939126,97.2036088026786,98.23217657369963,98.23217657369963,2021,urban
At most primary school,16,30,12275,27.319258043396236,539.3971486761711,93.95519348268839,2.797012898845893,0,157.15471326005,166.29535800475352,165.91057178125388,165.91057178125388,2021,urban
At most primary school,17,26,11147,22.29710043111763,1168.9557130468586,96.11070243114739,0,0,179.32868357003483,186.08256245639703,186.08256245639703,186.08256245639703,2021,urban
At most primary school,18,41,17528,37.684830848616116,1171.7480602464627,110.23647877681424,0,241.92149703331813,119.81574150360107,123.61386903537982,123.61386903537982,231.21621840501237,2021,urban
At most primary school,19,31,13759,27.831896212696698,985.7684667005839,121.88022385347773,0,0,131.56293612272606,203.79917913018573,203.79917913018573,203.79917913018573,2021,urban
At most primary school,20,52,21290,46.18095156392926,1237.365194927196,114.9835603569751,0,0,258.63185678717974,279.277001648608,279.277001648608,279.277001648608,2021,urban
At most primary school,21,43,21295,37.96050158282802,1252.598966893637,20.356891289034984,9.71354778116929,2.5279799639978084,178.34302022597868,178.65571370598755,178.2097089005667,178.6311597048398,2021,urban
At most primary school,22,41,18374,36.682995193018144,1476.7273955952253,42.21454228801567,0.8689815318747506,0,162.32684413653587,163.39651884847507,163.21716706565144,163.21716706565144,2021,urban
At most primary school,23,31,13583,27.298600091055558,1553.3952980441236,64.23367444599867,0.8368303516650716,0,211.3167042238834,206.05404633675923,206.09497943146275,206.09497943146275,2021,urban
At most primary school,24,49,22297,42.71544386088832,1591.7498617153278,32.00094183073956,0,3.767322958245504,176.57464864575067,178.79039156111688,178.79039156111688,180.64517310820355,2021,urban
At most primary school,25,51,22526,45.538869260487516,1920.3519266625233,30.670336500044392,4.48481754417118,0,439.50488533317247,439.5103065786346,439.3940586165128,439.3940586165128,2021,urban
At most primary school,26,36,14870,31.852642011446484,1706.0729657027573,50.61600537995965,21.84263618022865,30.531271015467382,701.8552094408935,703.2854353997853,703.3180399394043,707.7216491385486,2021,urban
At most primary school,27,38,17023,33.64022650129722,1393.4236033601599,120.94842272219938,7.303843819146644,23.43887681372261,184.28595715922995,184.22974143424153,184.70118941251033,185.34779824878007,2021,urban
At most primary school,28,39,18285,34.23915698289758,1586.6301157597302,254.0557834290402,19.127016680339075,32.82471971561389,192.49028998424558,236.7973150617527,239.72889718725108,239.74844032663722,2021,urban
At most primary school,29,43,20950,36.51891442674451,2040.2595385839302,120.99474940334129,28.162291169451073,26.021957040572794,213.3416899756482,231.91456480232839,228.87349362009232,228.52401691729702,2021,urban
At most primary school,30,65,29549,55.02794342796018,1390.9204033977462,71.33628887610409,4.083612530598892,13.131070425395107,201.80474434879727,203.31016834246898,203.16145920762509,202.1375400832262,2021,urban
At most primary school,31,36,16080,30.31927318095899,1691.4755182421227,90.89490049751244,13.853648424543946,0,219.97882741478543,229.89790972873817,228.1618519782505,228.1618519782505,2021,urban
At most primary school,32,37,16176,32.141774988023435,1562.567919551599,54.65900098911968,1.3301599076821629,0,181.99902760295186,177.69208280763004,177.44634315880566,177.44634315880566,2021,urban
At most primary school,33,51,22041,42.231570868276336,1811.522768174463,102.86193911347036,244.60097091783496,13.042360449465392,312.4761371125234,314.99431847086464,422.7771734575981,424.3467621746364,2021,urban
At most primary school,34,34,16243,28.853405457993524,1640.8395000923474,78.05547004863634,27.815058794557654,25.995813581234994,218.55746456813293,218.03261676605814,218.4187579437512,220.5249967195031,2021,urban
At most primary school,35,66,30850,58.64101836405717,3307.9851107509458,108.72223662884927,114.91237169097785,19.01329011345219,1252.7473290050045,1252.8398524538868,1252.475886636173,1252.4597880546282,2021,urban
At most primary school,36,43,19011,39.16974714670719,2395.6128469482583,149.43243385408448,10.061280311398663,6.98700752196097,326.3737529143217,338.2330706989621,338.4786363094398,339.469419067038,2021,urban
At most primary school,37,53,24812,48.46189119308436,2017.2059756032027,86.49137514106077,4.631629856521038,0,214.5508398318217,217.14697460159553,216.75670977268024,216.75670977268024,2021,urban
At most primary school,38,66,29555,57.78643929476172,3093.530085151977,57.402808323464726,16.531086110641176,23.515479614278465,821.2619654410297,822.1998910072855,821.5841186641379,820.9969419360957,2021,urban
At most primary school,39,55,24781,47.94909095139636,1877.5756493550166,58.80836124450184,10.025489958704922,29.10697711956741,209.02063774916678,212.61280609326653,212.32168671187583,210.51548920777014,2021,urban
At most primary school,40,80,34831,69.76090422245451,1693.2512799900474,91.40435244466137,24.57233977395615,41.993243566554696,255.19546247256162,254.72003066112143,254.67007527631156,257.6495111148919,2021,urban
At most primary school,41,45,19116,38.380696084537604,2694.352575503941,83.53368905628793,8.868225570202972,6.469275301667015,497.10878837447183,497.35135426664493,497.848240808886,498.15290280769443,2021,urban
At most primary school,42,61,29164,54.58199522113328,1556.5928656334295,84.16729529556989,7.40896310519819,24.32784711745074,171.64542594503092,167.34815931632914,167.95290673513568,166.33265857414833,2021,urban
At most primary school,43,51,22094,47.69515463301065,2151.7218400168977,130.44831175884855,132.72928547720346,2.5979904046347424,324.20796971422914,322.9259367461138,320.04528658305,319.9587250963123,2021,urban
At most primary school,44,52,24276,44.26973306438552,1519.5466304168726,148.33910034602076,32.05480721700445,33.36628769154721,186.93986993521867,205.42197334133112,206.22099852540086,206.2659336841607,2021,urban
At most primary school,45,68,32274,61.14706087472711,2228.182820020243,115.43288715374605,38.70840304889385,21.60544091218938,323.3181821502305,329.5062354016642,329.6352776661617,328.4391379179963,2021,urban
At most primary school,46,52,22561,45.96917682183124,1800.3059778674112,36.31222020300519,83.19518933853405,11.192618530502491,173.4824242318896,173.83141349062362,177.0204074121613,177.38693106302304,2021,urban
At most primary school,47,67,30174,60.82979195064295,1890.5515012925034,56.206734274541,50.97401736594419,157.09846225227017,204.08905504067855,209.124829925069,210.88831076262755,223.2272515511783,2021,urban
At most primary school,48,48,19523,40.93948307109445,1943.8017039730914,61.99764380474312,8.195461763048712,732.5076064129488,222.13309340101924,224.84619429535525,225.004114376643,652.7980012092747,2021,urban
At most primary school,49,42,19210,36.54969810336293,2326.05483255249,76.0546590317543,16.1721325698421,137.756376887038,645.6928405859054,647.0698351197605,645.9332994809323,658.7737393984413,2021,urban
At most primary school,50,64,29444,57.30566759202792,1982.9574446406739,87.79819318027442,316.9777090974958,75.63550015849297,215.37155645630642,211.95408664064138,316.57634858102716,352.23584249631455,2021,urban
At most primary school,51,48,21273,43.59961745605094,1910.1070840972125,33.745593005217884,229.8805998213698,161.94025290274055,237.96406619485546,239.05101635856187,383.90547188724565,383.774719753281,2021,urban
At most primary school,52,47,19014,41.22268667254109,2133.2946688405036,81.5472809508783,127.14491076750465,65.71298341572876,267.6397378172018,269.3840896860692,285.37969738512885,292.92202404581,2021,urban
At most primary school,53,51,23569,43.908274336209736,3306.603759175188,58.874793160507444,21.244537315965886,55.432984004412575,719.3273484252965,718.1885762909473,716.6186966685715,714.3463176788568,2021,urban
At most primary school,54,51,23436,43.891715790309824,1782.1442225635774,18.9010496671787,125.77942766114809,35.145075951527566,225.09822979987047,225.37386354016544,247.2255792067571,253.32856522088895,2021,urban
At most primary school,55,55,21377,48.27634708344395,1978.625594486286,39.234925387098286,73.07932201275514,7.999251532020396,537.5776772457987,542.6226054014264,562.9938766753673,562.7928981521286,2021,urban
At most primary school,56,62,27540,55.62847984396921,2242.040050835149,70.7164124909223,103.68070685064149,67.8921568627451,261.51032967064776,274.594559776283,285.4087733591865,296.71095702798965,2021,urban
At most primary school,57,45,21361,39.94171903543371,2347.9992509713966,43.60048686859229,48.35740367960302,51.36151553454114,750.2138623606564,748.0940654701877,748.8835194696217,747.6368517094901,2021,urban
At most primary school,58,52,23137,46.739659284333825,1755.7225079598334,32.643385054242124,82.59065565976574,18.822664995461814,252.43097652825958,253.9570078654371,255.5121622559757,254.78441354620696,2021,urban
At most primary school,59,35,14994,32.06540360013327,1669.1332199546484,63.269307723089234,115.20719398870659,22.948068116135342,270.4955978352878,286.3846816708355,291.06469395589846,289.67889310956525,2021,urban
At most primary school,60,53,24955,47.78320231200124,2070.4605022373607,91.02023642556603,53.16703399452347,71.50957056034194,325.7407949393765,327.64289717550525,338.0782863564221,339.45907039673295,2021,urban
Secondary school or above,14,10,4411,8.895613165213472,363.681704828837,0,20.607571979143053,0,212.36620773115723,212.36620773115723,218.4369581082018,218.4369581082018,2021,urban
Secondary school or above,15,26,11522,23.176372044043955,525.5597986460684,9.694497483075855,0,0,183.65389799010632,186.96864879897376,186.96864879897376,186.96864879897376,2021,urban
Secondary school or above,16,31,13333,28.330547699190397,519.4082352058801,17.998199954998874,9.225230630765768,141.75354383859596,117.84666652107923,121.14374939356641,120.15189255430771,153.59296371639908,2021,urban
Secondary school or above,17,62,27279,54.400110255896465,742.7837652895389,36.63440741962682,23.570023339076457,0,124.08375552028836,127.66527942587996,128.22288744306525,128.22288744306525,2021,urban
Secondary school or above,18,83,35292,72.13071871200256,1447.678208470286,38.16558993539612,39.336204616721446,0,138.40399784455607,138.6480455377109,139.17549465882016,139.17549465882016,2021,urban
Secondary school or above,19,85,37123,77.05509977815274,1815.1493189307619,105.10195835465883,1.6889798777038494,2.303154378687067,173.28920834675927,178.10948441307997,178.08570828281185,178.08978788719782,2021,urban
Secondary school or above,20,129,54942,113.90366192948427,2194.448427432565,68.37301153944159,18.951803720286847,23.615764503173047,159.59690341223376,164.92191810967887,175.2863382488269,175.37970255108175,2021,urban
Secondary school or above,21,146,67922,129.12804147549406,2395.9271909935906,56.17944112364182,7.794479942679347,6.6782485792526725,173.51093758178635,174.50553568696003,174.17411465519078,174.28981425201704,2021,urban
Secondary school or above,22,159,68678,139.86764640818183,2202.915125658872,53.00911500043682,31.424789112476585,23.961462671209606,125.83397678893176,128.8463483434988,129.08771734218965,128.9533487017035,2021,urban
Secondary school or above,23,152,67212,131.91878355568437,2253.608056101093,45.21183717193358,4.6018568112836995,11.902140490785374,127.19626588762722,127.57834980864601,127.45130103844933,128.2415708671808,2021,urban
Secondary school or above,24,145,62641,127.68796238297763,2836.7601624069434,61.47459331747577,0.9067543621589693,18.42164077840392,155.96241289842638,158.48774038020105,158.58049857102753,156.62140043372162,2021,urban
Secondary school or above,25,182,81901,152.04342443621053,2731.1831957688755,53.9834434255992,66.57020874795994,55.560676914811786,129.47509899811675,133.7949220013933,143.65462980994738,147.79397724011804,2021,urban
Secondary school or above,26,137,58552,119.8694818077116,2969.6230259712165,85.43807214100286,0.8696543243612516,47.96420275993988,194.1118763613102,195.55231793466552,195.46961429403228,197.83183632264164,2021,urban
Secondary school or above,27,148,66736,126.83552356571879,3318.2008860784786,66.11821205945816,50.97373731319428,33.09820786382163,272.76913648547537,275.7364937171989,297.2028570720104,297.35048709288765,2021,urban
Secondary school or above,28,150,62786,131.84430828024608,3500.562934677582,78.21402860510305,47.18355472026673,4.248293143906816,214.1442892945228,220.7590768489914,221.00542601191106,221.25494648899195,2021,urban
Secondary school or above,29,119,51891,107.17967266580209,3272.3888696177246,42.41847333834384,33.24918258143673,41.12851939642712,216.06350102915766,218.8993241930849,218.9133012443495,216.05815200904934,2021,urban
Secondary school or above,30,183,78972,153.00592237134694,3650.862779423931,42.72533302942815,63.39483192355097,36.45384862145233,230.659322640282,232.35249883126622,240.1381402284749,241.31443801136007,2021,urban
Secondary school or above,31,116,51622,105.0166415241266,3668.8349056603774,55.277304250125916,38.24009143388478,16.240491779990442,215.09222963986846,214.6073584024805,215.13397909140414,215.2244416401826,2021,urban
Secondary school or above,32,128,55198,109.52041603980152,3787.243609369905,40.634986774883146,50.124400642535356,29.861045690061236,261.964918508146,265.66536146296323,267.1953044840852,268.3446050397305,2021,urban
Secondary school or above,33,129,54441,115.10898125595848,4371.687801167012,23.197718631178706,215.28535478775188,9.644997948849825,335.23664429092526,335.3697829169213,388.1661560504209,388.2038046434058,2021,urban
Secondary school or above,34,110,46222,96.47675420775315,3792.4908016384697,56.07827441478084,55.74257568546003,6.414694301414911,273.27338921579315,274.8348303008268,275.3905975896792,275.1024403975351,2021,urban
Secondary school or above,35,123,54709,104.84501421152194,4043.5212670675755,72.95975068087517,44.6422587386597,1.3754592480213492,255.9083661727753,258.710405058084,262.6332804575139,262.6314239720979,2021,urban
Secondary school or above,36,106,45932,93.82135548433375,4054.9403030566923,35.973068884437865,134.46598595024528,77.37887892246509,305.3220066910651,309.3854327298192,311.385687730032,316.9862649016102,2021,urban
Secondary school or above,37,90,39563,78.7644793417167,4570.6890950298675,92.94049996208578,105.43268542156392,313.85469588588666,465.55370520522433,476.4828713597718,484.64036719913986,570.7553472800449,2021,urban
Secondary school or above,38,132,56868,115.83023210534934,4347.92360964573,99.85044313146233,251.90939251131275,6.020374668823709,301.5545663948008,310.03687298090466,340.237546118772,340.5339091296026,2021,urban
Secondary school or above,39,102,44859,90.28272843876279,4404.662570498674,84.68690786687175,86.49672678095068,30.40861365612252,329.7380875798823,330.05793479259216,332.7996283090373,330.0214576922468,2021,urban
Secondary school or above,40,116,51486,99.95780412071643,4199.786760802289,62.12552927009284,60.13803105051211,72.51275427624337,378.14201888433325,383.5445310472801,381.24349707816884,381.2511815787343,2021,urban
Secondary school or above,41,94,39273,86.28471488009262,4290.811121296225,44.27214625824358,105.51205662923637,21.85895313998591,389.4495813709802,390.59143632167394,403.27095934500295,403.21493403253965,2021,urban
Secondary school or above,42,99,43646,85.96468602459066,4672.680279979838,93.77147963158136,90.22819960592035,31.474438283767892,351.0301748429569,359.41161936720476,376.39552444290916,376.1306734841249,2021,urban
Secondary school or above,43,87,39964,76.7160094872772,4716.151244453342,60.9390951856671,17.263870817068693,37.797184132385816,375.89063019607215,380.71369909490085,380.01170394118685,381.2266016820336,2021,urban
Secondary school or above,44,57,22723,51.47385761492189,4353.589589842891,128.00818553888132,132.94165969869002,43.1574469333568,456.8014070095306,457.5398495123326,463.23737242599316,460.2601342231619,2021,urban
Secondary school or above,45,90,40305,80.14647676400834,5177.94764917504,35.09552164743828,159.3009552164744,171.6288301699541,386.80177926733694,385.2784257662427,436.2107856458871,441.60944631525103,2021,urban
Secondary school or above,46,58,24775,51.67727657830434,6361.812297342751,44.76932391523714,447.4463504877228,41.627985200134546,796.3519897452097,805.5925793806489,846.1565755304754,848.8181465654934,2021,urban
Secondary school or above,47,55,24513,49.38382066345691,4740.250717306463,161.343776771509,187.36010824188526,7.914167992493779,602.328038879064,703.0850927229721,710.4381380179377,710.8456412073034,2021,urban
Secondary school or above,48,65,26714,59.17484943385538,4559.403633550448,92.41072097027775,71.7869531581443,140.66052756357465,409.07675329571015,417.52383822953135,421.13082090869693,420.7453601389276,2021,urban
Secondary school or above,49,42,20123,36.94518973664261,4834.2676290811505,83.44382050390101,97.90455366164753,0,545.2191901308364,536.1885051935619,536.0788670855394,536.0788670855394,2021,urban
Secondary school or above,50,61,28851,53.88456846878929,5028.567929476737,63.28654119441267,58.06962208126813,0,785.1481040496228,786.4593797223862,786.6623837492839,786.6623837492839,2021,urban
Secondary school or above,51,35,16654,32.26144597624834,4881.9496917657425,54.413354149153356,182.44866098234658,16.756735118690205,756.0163180178919,757.5328167852083,759.70243939075306,763.2966513869462,2021,urban
Secondary school or above,52,46,18899,41.44157368176358,5369.0947933753105,11.892692735065348,213.8781593382366,0,569.3598136614843,568.2605414468969,616.7892158205217,616.7892158205217,2021,urban
Secondary school or above,53,55,23237,47.750918369936805,6097.485335886732,44.072814907259975,643.7183514796805,9.201417279912784,924.9709108993345,926.788766619196,1130.540579348954,1130.011818174805,2021,urban
Secondary school or above,54,45,18751,37.05800357489579,4139.992507066289,49.713615273852064,786.4682772474357,0,492.00092588942994,496.68341681387255,851.5688965484248,851.5688965484248,2021,urban
Secondary school or above,55,41,16966,36.647892682062306,5466.397500884121,42.98891901449959,403.3769499783882,40.54383276356634,2300.1353870365188,2300.343818598529,2662.432804786171,2662.1157441162227,2021,urban
Secondary school or above,56,34,14265,28.277797333088017,5461.418974179227,22.006309148264986,894.5549713751608,0,1301.9138201250291,1302.1130177051148,1724.8896947079747,1724.8896947079747,2021,urban
Secondary school or above,57,30,13087,26.183919758092813,4097.960189501032,21.786887751203484,315.82868495453505,12.60793153511118,488.326420793039,487.4290222026936,568.1508672142769,566.6580822737922,2021,urban
Secondary school or above,58,41,18832,36.31734245092855,5599.020231520815,34.459430756159726,443.4871495327103,0,736.5881610159271,732.3646305676998,754.1056924499104,754.1056924499104,2021,urban
Secondary school or above,59,28,12779,22.42322937493555,5728.531379607168,8.161827999060959,632.9290241802958,0.8138351983723296,1087.1821067523376,1087.191120116634,1468.5063393279797,1468.3587929684695,2021,urban
Secondary school or above,60,38,15096,35.25442959841464,6445.807973414591,136.443759936407,185.22345875287053,0,1370.1024796005286,1365.63458099311,1352.5024101368638,1352.5024101368638,2021,urban
At most primary school,14,47,52846,42.65466385350829,359.18751340372654,24.083185103886766,0,11.83627899935662,96.77248604726064,103.18427967529173,103.18427967529173,102.8002618931433,2021,rural
At most primary school,15,51,60469,46.05706096444683,709.1413782268601,45.87491111147861,0.2466001863213658,0,232.79732432678833,233.31704855266324,233.30084917957282,233.30084917957282,2021,rural
At most primary school,16,54,64949,49.26472585930128,640.5350351814501,154.65934810389692,7.365779303761413,0,95.85228220912735,131.49847954812532,131.98631345099162,131.98631345099162,2021,rural
At most primary school,17,61,73073,54.848417703650455,761.3084176097875,94.62523777592271,2.3952075321938335,10.38687340057203,96.99384147140523,111.32831007366326,111.20916373461576,110.57684098506655,2021,rural
At most primary school,18,52,57515,46.77060911497284,809.3531426584369,88.29853081804747,0.0867889536063056,0,100.71051511787681,108.48432107469291,108.47219837625832,108.47219837625832,2021,rural
At most primary school,19,45,51640,42.058026644897616,787.6581719597211,36.939388071262584,0.2081719597211464,0,112.7408624751624,119.04410144963275,119.0091490386821,119.0091490386821,2021,rural
At most primary school,20,54,63958,49.49585671735469,1210.0860408393007,63.92898464617405,0.07804600936030938,30.376184370993464,172.50109591808436,180.9447188888919,180.93520299394123,181.91582840979285,2021,rural
At most primary school,21,33,40753,27.82236841300711,1111.4082071667524,17.507422766422103,1.5330159742841019,284.98106478868635,174.26925345870376,177.14506478064033,177.2834704273065,251.45390292475412,2021,rural
At most primary school,22,65,79931,58.65511122163847,1108.8104990554352,192.32763258310294,17.696393347595635,13.257985012072913,122.2533563679272,142.75917894017863,141.41648776639505,143.7481377164103,2021,rural
At most primary school,23,43,47767,38.684236534106226,849.4925436668273,79.27230096091444,5.943259293375482,0,106.1940347898314,117.44886269824093,118.32424330576565,118.32424330576565,2021,rural
At most primary school,24,56,72888,48.98422686407265,1515.172108806205,170.0304576885084,22.696237149233525,7.314894084074196,154.58611957460457,172.18462938570136,176.5902706701525,176.68041001447338,2021,rural
At most primary school,25,42,47370,38.615898830032606,1162.8446414749137,79.29309689677011,0.3372915347266202,79.71851382731687,120.62826134251232,130.06590662237974,130.08427391650216,131.4354314603034,2021,rural
At most primary school,26,43,48890,39.8321695359153,1280.6349764778074,119.50603395377378,7.778516397354605,0,151.34597851087787,163.09333187161394,161.99136569760435,161.99136569760435,2021,rural
At most primary school,27,45,54082,40.899693471425756,1208.9603010243704,51.86476091860508,3.971746607004179,47.97344772752487,265.34833085349607,267.4909284517812,267.4403656047055,270.8740429467198,2021,rural
At most primary school,28,48,56454,44.5478497424166,1315.7273178162752,92.04352215963439,126.59598965529457,13.98660856626634,147.38851636010952,149.6976741115224,185.61467734407339,185.4132245280537,2021,rural
At most primary school,29,51,59406,46.346051535798175,1250.6258122075212,117.01166548833451,27.83259126463096,61.63855502811164,153.18026090674232,171.8364616555595,176.86435264552534,195.0978638792817,2021,rural
At most primary school,30,70,86136,63.80487352826279,1651.18319866258,85.30605089625708,68.50205875979073,44.60581715736355,183.98844064109534,188.34149010124304,194.84071423073053,205.30729292040903,2021,rural
At most primary school,31,40,44318,38.215224106426106,1216.286136558509,83.35574710050092,75.01293680521083,50.9048242249199,151.42237510342423,154.6000472459393,162.50437931124827,179.66893310660078,2021,rural
At most primary school,32,45,60493,41.46390896285371,1167.5347615977605,57.12381597870828,46.86058717537566,0,183.6900808302812,187.77405814630052,213.93201164962724,213.93201164962724,2021,rural
At most primary school,33,39,43877,35.201025145901994,1612.2026726227107,58.885065068258996,22.445890405755485,19.3325888278597,274.4908199938092,274.8464851892571,281.5441336264233,279.51463756134785,2021,rural
At most primary school,34,49,57521,43.19682961699677,1732.9983889941643,192.7163123033327,378.4338111298482,5.50963995758071,207.47609828091367,230.85719643254953,497.3660598123216,497.2662289477176,2021,rural
At most primary school,35,50,59564,44.96031645516845,1269.3336355292906,116.20522463232825,54.27103619636022,55.33263940187586,157.24631634560043,165.31732286811828,163.86867767549737,166.2073384723401,2021,rural
At most primary school,36,53,62419,47.35716454759628,1289.2400017088814,104.93373812460949,81.4978879294232,57.28490790731454,182.83258338356382,183.92013610728213,184.8005827068082,188.63855564285362,2021,rural
At most primary school,37,53,58397,44.881484681436525,1523.1980352872008,117.39231467369899,153.7461256571399,384.3680896849724,205.43027784945698,208.7343964957083,264.26188559242854,339.78956427251615,2021,rural
At most primary school,38,44,49807,39.95264070234422,1169.5420857844613,130.29202722508884,37.74348150527703,53.68723271829261,166.36459566291566,174.79657139803246,171.1312918876992,168.7973556774113,2021,rural
At most primary school,39,56,68448,51.69597194948795,1546.4700648667601,142.23600397381955,22.264103163472026,34.090112201963535,211.73250199178938,217.04446806899472,222.0731904938476,224.32212468695627,2021,rural
At most primary school,40,68,82589,59.2174588333424,1541.6129831656356,113.37992953056703,10.76988662735554,162.3111633106911,217.55879257234858,227.44617310355184,226.73604020174926,269.52407659711884,2021,rural
At most primary school,41,35,38996,29.685070214811738,1920.9896399630732,194.82741819673814,23.187207234930078,66.981228843984,252.18384582123795,282.89991028567755,282.2164126160632,284.7766731751921,2021,rural
At most primary school,42,62,70946,53.53375552521363,1840.3275942265948,99.89625912665971,57.81918642347702,49.33343669833394,239.17036485874237,245.72837262614658,251.77525988242667,250.2343123432953,2021,rural
At most primary school,43,39,44330,34.41510763739642,1550.8037070456423,102.46266636589218,77.08916083916084,43.41036168132942,217.86710431994078,221.7666820066401,216.632853988939,219.02296028289945,2021,rural
At most primary school,44,46,52853,42.08376190473823,1882.1061371476865,163.033886439748,201.6668085696807,2.0282670803927876,271.00525272237326,293.95367253374087,314.30724508082955,314.43950054053334,2021,rural
At most primary school,45,53,56173,49.3922448466997,2243.3697624600195,114.92291670375447,21.30783472486782,215.1553237320421,681.6192196608876,682.114114785316,681.2939866744874,691.49389131245,2021,rural
At most primary school,46,41,48040,39.24280136790615,1802.9311892867054,112.07753955037468,183.0465410768804,224.23624757146823,454.3256517488765,457.2464545337945,456.5916581228168,484.44463745751347,2021,rural
At most primary school,47,45,53467,38.5988997466819,1737.824390122256,60.10249312660145,18.01313582833025,51.45229767894215,207.27269060809382,204.78751747900847,205.0958463055483,210.47433609908154,2021,rural
At most primary school,48,37,43012,34.75326463677815,1625.098158653399,140.59820515205058,26.224464490529776,102.31447038035897,207.05524881428892,231.72224449159995,237.38995120761226,253.73954754442192,2021,rural
At most primary school,49,36,45226,31.975849014553624,2122.723477645602,80.62198735240791,76.59911702707882,164.4460045106797,471.8774143806504,473.9169672557652,488.30023320703543,521.6939009392308,2021,rural
At most primary school,50,51,59954,45.80449643997451,1416.1600560429663,94.60895019514962,31.093727413239037,99.90993094705941,177.6565867430188,183.6378289811951,181.4241588079346,189.05857400427146,2021,rural
At most primary school,51,30,31960,27.00255554213208,1576.1623070504797,62.48701501877347,37.34410200250313,57.65869837296621,270.30238721725743,272.6768202907418,269.4167984535176,267.0515327870761,2021,rural
At most primary school,52,29,33963,26.332462178536996,1617.358390012661,149.89547448694168,50.71887053558284,289.24859405823986,402.4319316824744,413.87275771544654,418.2213753788366,428.7045261274096,2021,rural
At most primary school,53,30,37720,26.202520814986975,1703.0293920113113,59.75768822905621,251.4333686815129,64.46977730646871,342.9258898169081,340.8419032695833,454.678606792085,455.9626095709454,2021,rural
At most primary school,54,29,32682,26.728170414778774,1800.314765518226,73.83207882014564,44.5591865042939,304.40813495706095,285.7247606962711,292.8595782323595,297.7509379460476,376.4756275014808,2021,rural
At most primary school,55,32,36846,30.076069813161325,1277.147261575205,44.25202192911035,4.251117262841738,6.592303099386636,171.33301942738885,175.28877970223354,174.36686258830244,176.48351329848128,2021,rural
At most primary school,56,31,35601,28.896543345788515,2571.625684671779,129.22232521558382,37.60217409623325,70.19559375672968,923.9560303275217,921.505482761958,920.057227358915,918.043905374668,2021,rural
At most primary school,57,36,42734,33.53934178659896,1027.0173554234723,88.99049936818459,76.55087284129733,66.28211728366172,195.12485661370104,200.2863536078416,202.35388283642908,198.46865417187843,2021,rural
At most primary school,58,30,36979,27.4685118877629,1966.513354426386,118.17207063468454,193.92155006895808,19.031342113091213,521.0240043303747,521.292551844967,644.9793600772533,645.8318479039593,2021,rural
At most primary school,59,31,35868,27.22746426509322,1521.1582004386455,130.33929965428794,285.1319653544478,205.79067692650833,288.1930408266298,292.34186651867725,309.264449813282,336.34884326749085,2021,rural
At most primary school,60,47,53323,40.6815438411044,1404.2229682000886,104.3811300939557,212.93016146878458,54.94304521501041,211.29512551084864,215.12680368483296,248.78909149984995,266.2406016159242,2021,rural
Secondary school or above,14,14,15154,12.616333635423086,263.7818397782764,17.530025075887554,301.35057850512516,0,233.92735125642878,254.63753365195623,359.0268948923423,359.0268948923423,2021,rural
Secondary school or above,15,17,21157,13.64497269396842,250.01559767452852,4.567755352838304,0,0,146.15198800526517,146.5165915387961,146.5165915387961,146.5165915387961,2021,rural
Secondary school or above,16,38,46487,33.559142809290876,768.3901951083099,47.50489384128896,0,0,133.86370263628444,150.87883267659254,150.87883267659254,150.87883267659254,2021,rural
Secondary school or above,17,37,47013,32.82003506876598,621.232797311382,69.22170463488823,2.925786484589369,0,125.26270721515634,137.81632487923798,137.40411508881044,137.40411508881044,2021,rural
Secondary school or above,18,50,57226,45.108283155626964,871.5119001852305,94.01618145598155,80.19897715490629,23.905217907943943,131.21209577223257,142.07790027743243,150.20015894331087,149.17667997563538,2021,rural
Secondary school or above,19,56,71391,48.890522331717314,1161.0874293211564,53.416046840638174,0,0,160.66484236426055,166.24477970575802,166.24477970575802,166.24477970575802,2021,rural
Secondary school or above,20,53,62149,49.11145231666108,1185.9293726903622,99.01768330946597,0,0,184.21362335822883,196.00314043472108,196.00314043472108,196.00314043472108,2021,rural
Secondary school or above,21,53,64389,47.021948707607436,1476.359999378776,45.37537467579866,7.6255260991784315,0,180.83669646422095,182.4973206835947,183.85366504764244,183.85366504764244,2021,rural
Secondary school or above,22,67,76745,60.25413649579598,2363.4054335787346,115.99641670467132,83.17664560123353,9.558928920450844,316.4120207964953,320.18934151509023,319.9098033643223,319.32059733490195,2021,rural
Secondary school or above,23,57,67917,50.989258971481206,2048.1560458598974,47.622539275880854,10.827431521808482,0,239.58483103027976,245.34078509626414,246.24816327586223,246.24816327586223,2021,rural
Secondary school or above,24,52,57184,46.45629410706385,2090.311681006342,26.914521544487968,31.72798918112293,0,304.8121209091564,309.0939584082251,308.95223427963697,308.95223427963697,2021,rural
Secondary school or above,25,60,71039,54.987402475486995,2049.4477822041413,69.79574599867678,18.845047556037294,31.24293228602129,203.95830073551517,206.82363767431855,213.12595398596804,212.40306324026218,2021,rural
Secondary school or above,26,43,54954,39.38095339933777,2244.001043296818,18.616297266804963,85.05598621877692,148.50238381191542,232.04427094921473,232.4320685039045,248.80872686433952,258.1526878365984,2021,rural
Secondary school or above,27,43,50392,37.13832020052309,2438.5823576493626,59.695189712652805,37.4586574588559,22.890538180663597,347.0498091332466,347.7937051381739,368.4062759088388,366.86047553852933,2021,rural
Secondary school or above,28,43,47318,39.24352009321723,1890.6869197063838,94.94991335221269,24.747101173619626,10.087267706440114,195.36975487683242,213.1601927794292,215.21362099964253,214.17209507528693,2021,rural
Secondary school or above,29,31,35381,28.765554242761013,2688.533040332382,70.17353947033719,79.43175715779655,106.38195641728612,480.8953733109815,480.38346226399966,495.6986521589216,497.63429022266274,2021,rural
Secondary school or above,30,33,38049,28.523689667521744,2090.8222117094624,26.774422455255067,42.92596388866987,48.23166618483184,296.6667057129199,296.36048203036137,309.81109462128836,318.3587167851132,2021,rural
Secondary school or above,31,36,47171,33.52693586507362,2124.3857030802824,80.15015581607344,48.70064941030153,17.502985591429763,382.41972951548337,395.73976134085893,391.66099596230475,389.828507748619,2021,rural
Secondary school or above,32,36,39577,31.999614637215657,2523.112999132493,63.897465699775125,17.313085883215,173.81728444972248,321.23445799404743,324.2129501025457,320.5449430313844,324.56804646497784,2021,rural
Secondary school or above,33,28,31838,26.083559449909373,3581.714774797412,101.89584772912872,0,11.263270305923738,470.69533096643346,477.7092918757302,477.7092918757302,475.7996649794915,2021,rural
Secondary school or above,34,27,29824,25.185988125983545,3021.3368260461375,99.25777896995709,16.677284513590845,0,445.2070383613608,445.31044317773785,441.8577508125656,441.8577508125656,2021,rural
Secondary school or above,35,24,26941,21.602120284244673,3574.3602687353846,169.6974871014439,10.51693206141816,100.60255125397474,357.1765682232902,373.9433649569758,370.38944705957124,371.9685618061725,2021,rural
Secondary school or above,36,25,33716,22.62436981690513,2224.9167358721875,46.27773164076403,49.53817673112667,107.55279392573259,483.52734916391506,484.9931061986891,476.5972221351314,497.0357472758581,2021,rural
Secondary school or above,37,21,24419,20.123510274864266,3251.5353481578554,81.10037266063311,5.270622602618181,22.093451820303862,372.90289798193743,371.2112542873719,370.76285027212634,379.1875096208527,2021,rural
Secondary school or above,38,20,26794,17.424704008506165,4093.6960140329925,72.78957975666194,72.15545768953248,228.85720683735164,684.0998324601709,670.5072306066864,692.8320786999341,675.4579364543217,2021,rural
Secondary school or above,39,16,19268,14.722857860760474,2098.2210573662724,58.49698982769358,35.422721610961176,0,469.302250268636,483.66200672270475,477.8258777648359,477.8258777648359,2021,rural
Secondary school or above,40,18,23092,16.79668929994746,3510.6423581038166,101.58972804434435,17.697326635487034,0,1178.6565286577832,1173.3579328827202,1170.5252328220138,1170.5252328220138,2021,rural
Secondary school or above,41,14,19223,12.985922266516777,3104.985694220465,141.59496436560372,5.462206731519534,563.6997346928159,768.3128449019226,768.3250681187722,767.8953351429737,911.609604233996,2021,rural
Secondary school or above,42,20,27976,18.244101107998436,3375.9494447621773,95.12814555333142,156.28842579353733,6.980983700314555,617.6968277548461,623.908021549921,648.9530295165906,651.2793517969587,2021,rural
Secondary school or above,43,14,17539,13.053281686529207,3187.7549081095467,42.74588060892867,14.976148393104888,0,786.2804816145737,779.9793285942702,790.8610532991056,790.8610532991056,2021,rural
Secondary school or above,44,6,8882,5.8001795417934625,4219.131952263004,42.92276514298582,0,0,1329.9087225971534,1328.8005256559654,1328.8005256559654,1328.8005256559654,2021,rural
Secondary school or above,45,4,5570,3.4505097984784565,1561.8656493117892,0,0,0,556.09503891021,556.09503891021,556.09503891021,556.09503891021,2021,rural
Secondary school or above,46,11,13817,9.26755754423,7380.455091553883,97.12962292827676,169.81882222383052,0,2533.315712371483,2563.3745054280457,2655.2239094264332,2655.2239094264332,2021,rural
Secondary school or above,47,6,6501,5.451905315926831,5081.113162077629,9.536994308567913,147.66958929395477,0,1727.4886039096657,1726.8239388275852,1645.6115666035948,1645.6115666035948,2021,rural
Secondary school or above,48,14,19819,12.790910607504228,4937.331180517012,88.72193349815834,208.47419143246378,494.52545537110854,1100.3696459401415,1100.2775355368535,1074.1076587809953,1085.1743745967883,2021,rural
Secondary school or above,49,6,7844,5.34432953299216,5224.048104708482,0,172.56501784803672,431.4125446200918,2101.036524598468,2101.036524598468,2023.7980592232645,1856.8335900245645,2021,rural
Secondary school or above,50,13,15298,11.67710860879186,2964.2801673421363,212.01464243691987,0,0,999.4717858700232,992.6023991125885,992.6023991125885,992.6023991125885,2021,rural
Secondary school or above,51,9,10710,8.453087263694176,4654.242141300965,70.40522875816994,23.529411764705884,0,1555.21835289062,1547.9339768000723,1551.4520245334816,1551.4520245334816,2021,rural
Secondary school or above,52,8,10464,6.529741896540353,1578.8105409021407,55.489296636085626,98.2256625891947,226.24235474006116,809.4516939034409,815.1054950469377,799.0369929073241,769.4138349764183,2021,rural
Secondary school or above,53,1,822,1,3000,0,0,0,NA,NA,NA,NA,2021,rural
Secondary school or above,54,5,4620,4.504881744849158,2728.643578643578,170.75757575757575,138.23953823953823,0,1550.5014856707626,1529.4942357757036,1646.195956093065,1646.195956093065,2021,rural
Secondary school or above,55,2,1730,1.9950698197777819,1055.2601156069363,144.33526011560693,209.94219653179192,0,901.1113456479751,763.4415567295346,563.1945910299845,563.1945910299845,2021,rural
Secondary school or above,56,3,3011,2.9514754738786837,2539.5881766854864,36.034540019926936,300.2989040185985,0,866.7056285293869,860.5563413392407,615.3816010558555,615.3816010558555,2021,rural
Secondary school or above,57,6,8481,5.607330210274412,3468.7882718232913,0,1085.630625319341,124.54883465000195,1108.3080060285865,1108.3080060285865,2212.983329139559,2291.6407127962325,2021,rural
Secondary school or above,58,2,2586,1.9980877815816318,2788.6697602474865,58.14385150812065,0,0,1250.5979971028253,1190.5692932418897,1190.5692932418897,1190.5692932418897,2021,rural
Secondary school or above,59,3,3176,2.146854840597724,6638.853904282116,0,0,0,1116.8262141885295,1116.8262141885295,1116.8262141885295,1116.8262141885295,2021,rural
Secondary school or above,60,3,2941,2.996307911455001,3872.243001246741,125.95715742944577,2096.613963504477,292.5535532131928,1144.4035561495193,1101.9791309769805,1559.3144978759644,1822.9444835501386,2021,rural
At most primary school,14,48,43409,37.274749536400144,269.98663871547376,4.118961505678546,0,0,84.98944158952264,85.24206240324851,85.24206240324851,85.24206240324851,2021,indigenous
At most primary school,15,58,51016,45.157333445487865,660.0603732162459,25.987533322879095,0,0,240.0485146279176,240.40753183378158,240.40753183378158,240.40753183378158,2021,indigenous
At most primary school,16,53,48381,42.490189033796504,542.0708542609702,151.2984436038941,9.888179243918067,0,95.94398892597334,143.42638787924494,144.2906490972944,144.2906490972944,2021,indigenous
At most primary school,17,55,52421,44.40492753952462,753.0356154976059,118.43154460998454,0.9697131556691656,14.478930199729117,114.34286931813587,134.11197675186008,134.0236098925107,133.07525930470018,2021,indigenous
At most primary school,18,51,39485,41.020789908434324,896.6760035456502,84.06166898822337,0,104.34342155248828,111.95915239110546,117.3098908039282,117.3098908039282,176.972237254215,2021,indigenous
At most primary school,19,45,38094,35.126878817769764,823.8415411000858,94.0961831259516,0,0,123.59793992869822,157.48716120221133,157.48716120221133,157.48716120221133,2021,indigenous
At most primary school,20,65,54081,49.364036768339744,1113.2436160573955,120.86999130933229,0,19.304376768181058,222.69834457282255,240.12125430609302,240.12125430609302,239.0543095996492,2021,indigenous
At most primary school,21,45,35163,36.212458955033185,930.4381120306382,29.863208486192875,1.776725535363877,330.2856221975751,152.3912100129498,156.27339849134844,156.46624334526598,235.1357114948655,2021,indigenous
At most primary school,22,53,49796,43.991991874498254,1012.3509318017511,201.2107398184593,2.3057407556162475,21.28130773556109,121.98558453462186,151.87356114302577,152.33271392255594,157.27212336029567,2021,indigenous
At most primary school,23,35,33000,29.988607633628988,848.5592424242424,26.73939393939394,3.481818181818182,0,151.5371883462795,159.47420119904882,160.05530676246207,160.05530676246207,2021,indigenous
At most primary school,24,52,48929,38.85425564945438,1205.0511557563,167.050726562979,10.490540715458454,1.7167732837376606,130.43770565793255,153.58257307713825,156.40291812440657,157.53930519245736,2021,indigenous
At most primary school,25,52,42357,41.31800393545935,1150.9239086809737,64.30327926907005,0.377210378449843,89.15329225393677,300.2525307310952,301.0820533052759,301.09116828859163,301.8651257864698,2021,indigenous
At most primary school,26,43,34968,32.93248641249238,1224.5095992526499,32.91437886067261,9.256081750934186,0,457.56298712173003,459.4659075671484,458.8796310430094,458.8796310430094,2021,indigenous
At most primary school,27,42,37529,34.047016873439354,900.8444402995017,41.11833515414746,3.9915798449199285,54.47787044685443,120.76312875168367,125.35706297229488,126.168461304679,139.79754577536917,2021,indigenous
At most primary school,28,45,37227,37.05849915447443,1365.7478443065518,130.11174685040427,174.9618332572237,36.29623660246595,189.03965476545724,211.5552681803264,259.3350919759534,258.88281786954025,2021,indigenous
At most primary school,29,40,38491,31.94063683532592,1333.346721744477,162.95458678652153,18.03062187697557,87.84287235977241,190.07488938059223,226.500935569205,225.57853768971617,257.803002616713,2021,indigenous
At most primary school,30,66,59247,49.65632435940859,1345.7085928401439,113.60771009502591,100.01451550289467,57.86959677283238,172.99189968155576,182.6505997163017,197.74761845611638,209.27571790639988,2021,indigenous
At most primary school,31,42,35356,35.00633663814401,1103.504101142663,85.72095259644756,61.89944186748124,63.80812309084738,137.88100844881276,143.5302932936794,150.79505669714632,176.73482719052896,2021,indigenous
At most primary school,32,43,39394,32.9057097251071,976.1794943392395,46.42501396151698,69.8064214516593,0,204.02206522274557,204.94434009897716,251.68425073590603,251.68425073590603,2021,indigenous
At most primary school,33,46,34709,36.37674961895766,1368.6373851162523,38.57184015673168,18.343705282971758,29.783514362269152,191.92406660154768,196.58199777511254,196.19208057885842,195.81082109098327,2021,indigenous
At most primary school,34,46,40049,36.21053419014372,1315.9627706060076,118.08821693425554,6.781682022855335,0,171.81719579264532,192.50694471183724,195.3569800450916,195.3569800450916,2021,indigenous
At most primary school,35,53,45192,39.102593114446904,2181.986398772644,130.37026464861037,41.402718770283826,17.356906827167048,1280.1098891563688,1280.0001446078636,1280.1708702444528,1280.2736592789288,2021,indigenous
At most primary school,36,44,40325,33.1719801184228,1213.8266170696425,123.45192808431494,61.200454639388305,24.09588758007853,209.89228480078583,208.25848427817704,208.3874489422749,208.4095147266336,2021,indigenous
At most primary school,37,51,42866,37.885498451503764,1408.3452775315322,101.4147576167592,21.03413350129862,467.8435901024899,228.69952332079416,230.0981229299118,230.34180104999155,307.24896763483855,2021,indigenous
At most primary school,38,46,35027,35.26440322041252,2211.055756987467,109.9744482827533,4.784023753104748,39.021326405344446,977.4410454746845,977.9728545857813,977.8906231161285,976.4003904016811,2021,indigenous
At most primary school,39,53,50665,43.28875578856797,1368.2310075989342,75.81624395539328,33.17822954702457,28.50883252738577,201.2500731828426,204.65804374638952,213.99679602619486,215.1022621965498,2021,indigenous
At most primary school,40,75,58923,51.30087477839971,1675.1356855557253,169.92286543455018,15.837321589192674,217.95450559770097,322.3531532365778,330.77703847337176,329.9825325523851,377.1625811502413,2021,indigenous
At most primary school,41,31,20496,23.21413561905225,1980.825575722092,73.63973458235753,17.43348295602394,127.43950039032006,594.5656937800577,596.583223023849,596.988902036577,600.3210265122416,2021,indigenous
At most primary school,42,52,40998,39.035094045900834,1280.8834821210792,73.49248743841163,28.559523228775387,99.01726913507976,205.37018638079698,204.54498963497346,202.65759695905703,204.1279335219534,2021,indigenous
At most primary school,43,46,36197,33.13425080886298,1387.3538414785755,105.52863496974888,111.03164626902782,17.087051413100532,227.28672015297067,232.65174317435637,225.36491830282026,229.13806192993638,2021,indigenous
At most primary school,44,42,33094,33.69344480671104,1832.9993050099715,182.86698495195503,91.70796317560082,18.311476400555993,340.2134335016111,375.92038075224093,390.59649660598325,388.9198644126304,2021,indigenous
At most primary school,45,49,38317,40.9038854627399,1664.5770806691546,111.29028890570765,24.599612008594967,213.25636140616436,336.3438455536181,337.38196860848757,337.2260537325546,356.1511533051076,2021,indigenous
At most primary school,46,40,32058,31.456522789124953,1338.9120500343129,42.974296587435276,125.74375610871962,52.381620812277745,192.54829667597647,196.3448051742868,198.00147471825443,198.03344690577933,2021,indigenous
At most primary school,47,43,37722,29.634953997539565,1400.011514058993,52.702401781453794,27.810208013007443,107.18583320078469,224.86949040235578,224.3415485675278,226.14643654365102,244.1890988301053,2021,indigenous
At most primary school,48,36,26119,27.69304628673838,1045.9810993274373,37.260232015008235,7.10370483811274,624.1317048891611,154.0454293008198,157.26896793870915,159.02731446831535,696.6113060874183,2021,indigenous
At most primary school,49,36,34217,27.396797241420302,1761.8007423210686,40.326445918695384,12.765584358652132,277.2667095303504,270.6132160909967,272.3196708679706,271.35751017076234,387.799801468154,2021,indigenous
At most primary school,50,51,38518,40.47832675490231,925.1197881509944,66.5137078768368,58.891946622358375,74.85707980684356,149.76841635552572,154.68633505244435,167.0314129137915,169.43848853747966,2021,indigenous
At most primary school,51,28,18815,21.341187499928413,1256.2608911329614,60.84108424129684,4.954424661174595,156.19861812383738,240.53022841145653,246.92302946320396,246.33135756034406,279.5951293565533,2021,indigenous
At most primary school,52,34,25935,24.72855087785951,1264.341006362059,142.91575091575092,109.39746802904698,162.2035858877964,222.16593842638406,233.05204792377734,267.2336526837264,296.8749138170285,2021,indigenous
At most primary school,53,24,18944,18.348523391156576,2528.716497747748,71.57622466216216,47.30917440878378,176.08741554054055,1223.2033585619504,1218.4851402378126,1214.9260021697457,1210.2194461594606,2021,indigenous
At most primary school,54,33,26636,26.27334770718841,1946.458176903439,69.88962306652651,20.614331481203386,317.5837212794714,282.8436769945175,286.1864851143834,284.39461446884866,388.81430400959584,2021,indigenous
At most primary school,55,35,24724,24.163136502889845,1031.3291943051286,34.54032519009869,27.303429865717522,0,173.80216890886697,173.27237432022702,169.7090756203891,169.7090756203891,2021,indigenous
At most primary school,56,37,29091,29.88865020589881,1634.2904506548416,84.12581210683716,50.31481672453106,95.90709612365795,261.7185997411566,264.48985190954835,268.31051002809636,272.7082641318692,2021,indigenous
At most primary school,57,32,30468,25.556719541206434,1720.94379895847,112.27451752658527,102.60355126690298,40.04201129053433,812.2739266205704,809.6668429079764,806.9314450159046,804.9976247457403,2021,indigenous
At most primary school,58,36,27559,26.319961934224082,1882.1236256758227,99.3831416234261,266.64943091790946,0,611.1460772414863,614.5402180078602,761.7962930318138,761.7962930318138,2021,indigenous
At most primary school,59,31,20619,22.898984311506172,999.3152755549089,86.93632086910131,460.20886884265326,25.813570008244824,184.61658829994994,213.25430846077094,282.7855967528347,286.75428229501824,2021,indigenous
At most primary school,60,43,34571,31.625287141103556,1700.0134505799658,126.05854618032456,315.9777462806013,79.40821304947308,377.12836334137864,377.87168393307695,407.767995787398,428.47353913527536,2021,indigenous
Secondary school or above,14,11,8023,8.29643703901812,547.2204910881217,33.11105571481989,580.5268187294861,0,388.14098182097524,422.41797227568725,550.1401032046216,550.1401032046216,2021,indigenous
Secondary school or above,15,21,18112,15.132723364418554,238.29394876325088,5.3356890459363955,0,0,144.3635494791608,144.7788708772291,144.7788708772291,144.7788708772291,2021,indigenous
Secondary school or above,16,32,30151,23.45491170391276,562.2146860800636,79.50416238267387,0,62.68448807668071,150.60317858071951,187.30487689129131,187.30487689129131,199.24867584112852,2021,indigenous
Secondary school or above,17,37,31595,28.711613392942635,529.0393258426966,96.51590441525558,3.7289655536213537,0,154.50267822008084,173.38136990632364,173.384287944914,173.384287944914,2021,indigenous
Secondary school or above,18,58,46404,42.57975715751921,802.4856693388501,33.30187052840272,119.59033703991035,29.48021722265322,139.7080683983469,141.392565784581,156.52537617540503,155.63905195530563,2021,indigenous
Secondary school or above,19,48,46337,37.2415122923997,1030.8663271251914,46.82489155534454,0,0,203.42070902525666,206.1631554797641,206.1631554797641,206.1631554797641,2021,indigenous
Secondary school or above,20,64,47567,48.68823162039929,1017.7647143327656,42.188281791998655,0,0,181.6669918042597,195.0263914144825,195.0263914144825,195.0263914144825,2021,indigenous
Secondary school or above,21,44,33957,31.091613491598107,1611.3490100224794,62.677062166858086,0,0,428.32093978641115,428.65061074992377,428.65061074992377,428.65061074992377,2021,indigenous
Secondary school or above,22,56,42844,42.99935126464041,1619.8334072448883,101.59252170665671,136.41602869324373,11.593035197460555,215.19424201514497,225.2414515000016,224.97046251506836,223.14020404883405,2021,indigenous
Secondary school or above,23,51,37579,36.67821737651683,1556.6314076124077,14.538705127863967,4.129079184296193,0,289.10098136071576,289.605681901952,289.4898094845407,289.4898094845407,2021,indigenous
Secondary school or above,24,49,33596,36.79402935212991,1816.472987855697,20.252411001309678,0,34.347839028455766,227.25841179364468,226.33923127596208,226.33923127596208,221.76118394429196,2021,indigenous
Secondary school or above,25,56,42483,39.228314905157546,1715.67303391945,113.5303533177977,10.362576403110264,35.025775015888705,240.05356772228006,261.0974038136995,262.5811984341213,259.8379569242352,2021,indigenous
Secondary school or above,26,43,32457,29.373856425583075,1889.4069846258126,85.65548263856795,140.69897608117407,78.56548664386727,373.66568745979214,382.62728981691765,409.19580128215125,424.11495684754357,2021,indigenous
Secondary school or above,27,46,29059,32.376528468994906,1906.2519930715669,85.27444165318835,2.7690790001950054,39.69510306617571,240.5900653025578,252.48724824240455,253.17266900392985,251.34643482539138,2021,indigenous
Secondary school or above,28,41,25690,29.426183795822688,2228.0964058647983,84.40054495912807,5.533605812897366,0,443.1532551852151,454.1492216729103,453.8525678298309,453.8525678298309,2021,indigenous
Secondary school or above,29,45,29688,35.35816138611407,2396.949075945388,39.361088655348965,103.18029731429084,71.88763136620857,426.93500055677987,426.6267273896651,444.87945080240917,441.05396677656626,2021,indigenous
Secondary school or above,30,44,26001,29.49041048671618,2063.6549619886414,25.856313218722356,19.301693524608027,0,314.48200604771336,316.6199710154173,317.8661713252224,317.8661713252224,2021,indigenous
Secondary school or above,31,31,25448,21.82255558831706,2111.6378628313946,115.67816724300535,90.27264749030704,0,470.65007990752946,500.70978101066856,490.95125382694073,490.95125382694073,2021,indigenous
Secondary school or above,32,39,23831,27.981992568211325,2986.0533268991367,43.972137132306656,8.108486145496762,0,382.71476737184554,387.3450088476411,385.62163601120176,385.62163601120176,2021,indigenous
Secondary school or above,33,36,23459,24.865201949203435,3213.2684328686933,49.049405345496396,343.54973926140644,24.755957201926766,452.5666551672119,456.9985601515966,761.7268549872235,762.0782215348142,2021,indigenous
Secondary school or above,34,22,14879,15.185395122378837,1938.5874946793022,107.0606223536528,33.42854582521227,0,617.5616048410446,604.2551104239806,599.7355522949694,599.7355522949694,2021,indigenous
Secondary school or above,35,22,18448,16.47762350251709,3702.162790907777,178.82155247181265,7.974667533969355,0,428.76659346701217,456.85459500220776,454.1351249366673,454.1351249366673,2021,indigenous
Secondary school or above,36,12,6992,9.275063869378252,1950.8211765827612,32.651601830663616,67.64576182303584,0,410.5679575358856,413.0289031953329,421.22902212966534,421.22902212966534,2021,indigenous
Secondary school or above,37,19,15748,15.195880437593212,2887.057933282533,82.41808483616967,36.51913470493608,0,585.2490926652758,584.3518569978845,578.6462410659058,578.6462410659058,2021,indigenous
Secondary school or above,38,24,15031,15.964657932178227,3526.7418446322044,76.71412414343689,389.3675293282771,407.9568890958685,801.8472966492359,796.0315258232013,893.579715441942,872.0625976270098,2021,indigenous
Secondary school or above,39,17,11588,12.048048731337566,2186.00333678518,69.28676216775975,130.20150155333104,0,711.4224251482868,718.2057532740744,737.8589305623708,737.8589305623708,2021,indigenous
Secondary school or above,40,14,10530,9.119224003760827,1896.8422285533395,49.77207977207977,84.3937955049066,0,807.7160402076183,807.9943237157315,812.6919215853924,812.6919215853924,2021,indigenous
Secondary school or above,41,15,15171,12.004826826307328,3369.209236921319,137.2968162942456,85.96664689209676,714.2574649001384,827.6452574858616,812.7533377852661,824.2731235704113,979.0634257355953,2021,indigenous
Secondary school or above,42,17,11363,13.05092719080104,5012.437179148699,76.89430608114054,406.0716066766406,0,1068.0751153838924,1079.4606454567395,1078.4722414686553,1078.4722414686553,2021,indigenous
Secondary school or above,43,19,11934,14.024694903086862,3694.121347969387,124.59527400703871,22.009943578571026,20.236299648064353,787.8507892976926,854.3686606002237,866.7144591716418,878.3280777111864,2021,indigenous
Secondary school or above,44,9,6924,6.088761558248645,2863.94665896399,53.91103408434431,0,0,865.4706408936208,882.7448858559114,882.7448858559114,882.7448858559114,2021,indigenous
Secondary school or above,45,6,3247,5.1887976597031615,6736.4182322143515,19.402525408068986,0,0,2013.8856486955397,2004.875539200342,2004.875539200342,2004.875539200342,2021,indigenous
Secondary school or above,46,8,4796,6.438156890779024,5181.476925215457,77.51459549624687,1028.3819849874897,0,2123.2955731918983,2120.0607812388926,2297.097573630002,2297.097573630002,2021,indigenous
Secondary school or above,47,7,4696,4.925523522437825,2643.1131104486085,0,364.3153747870528,0,1289.2133373921151,1289.2133373921151,1172.515812078739,1172.515812078739,2021,indigenous
Secondary school or above,48,11,13543,8.437170141373421,5389.271210219302,125.62799970464447,35.98537990105589,723.6948977331463,1275.892430684066,1264.579480090669,1259.1363169377162,1247.7971211144247,2021,indigenous
Secondary school or above,49,8,5165,6.747467223449635,7892.748628589868,7.771539206195547,0,0,1651.1198451790033,1649.8076817396188,1649.8076817396188,1649.8076817396188,2021,indigenous
Secondary school or above,50,11,7034,7.695823298220029,5035.84309544119,205.74353141882287,122.85565349255995,0,1377.6311737511307,1409.3574716091468,1434.4809041169206,1434.4809041169206,2021,indigenous
Secondary school or above,51,6,4955,5.4667897093889435,3001.1394550958626,116.08476286579213,50.8577194752775,0,910.3016622095863,931.8006222661927,971.5293219061996,971.5293219061996,2021,indigenous
Secondary school or above,52,9,7006,6.935606465239756,3130.4425016652394,42.826149015129886,57.641069559425254,0,1110.825449261594,1114.471537733782,1122.3410094784738,1122.3410094784738,2021,indigenous
Secondary school or above,53,8,4528,7.001723897702654,9778.01089517079,0,2029.5936395759718,0,3755.20684928984,3755.20684928984,5156.050670817729,5156.050670817729,2021,indigenous
Secondary school or above,54,4,2423,3.2319169281059064,3316.2470766267716,89.35204292199752,476.6817994222039,0,1127.12894015253,1238.9924879729954,1504.6082953223067,1504.6082953223067,2021,indigenous
Secondary school or above,55,2,502,1.9994922005173208,4385.956175298805,0,492.0318725099602,0,3825.485675741978,3825.485675741978,3325.422188716883,3325.422188716883,2021,indigenous
Secondary school or above,56,4,1727,3.6852784288819227,1788.4771279675738,21.771858714533874,1653.5379270411117,0,1152.239533049909,1154.7041921043742,1464.1327674142262,1464.1327674142262,2021,indigenous
Secondary school or above,57,2,1295,1.7176913425345044,7858.558558558559,0,63.24324324324324,534.0540540540541,287.7472400385896,287.7472400385896,239.18989328207763,170.84992377291204,2021,indigenous
Secondary school or above,58,4,1628,3.496936335952797,4270.943693693694,9.176904176904177,1170.9766584766585,0,897.4107993288253,884.8501928581995,1913.592451198972,1913.592451198972,2021,indigenous
Secondary school or above,59,2,904,1.957000474153827,672.2345132743363,0,0,0,151.63895799083636,151.63895799083636,151.63895799083636,151.63895799083636,2021,indigenous
Secondary school or above,60,3,1539,2.99979482269261,6117.283950617284,0,179.85705003248862,0,2329.121783543373,2329.121783543373,2150.82841496594,2150.82841496594,2021,indigenous
At most primary school,14,27,20811,21.474062631904914,487.83912354043537,76.03190620345009,0,30.056220268127433,151.41017955966493,172.41146726128846,172.41146726128846,169.58790242256524,2021,non-indigenous
At most primary school,15,37,29779,27.759932197046286,658.4850062124316,74.23036367910272,4.1274611862945925,0,174.64561973075536,181.7252077200028,182.07738867036238,182.07738867036238,2021,non-indigenous
At most primary school,16,31,28843,23.074568321227847,762.6557570294352,134.46243455951185,1.190352367414393,0,165.92192563661084,183.19075841546083,182.93614199740557,182.93614199740557,2021,non-indigenous
At most primary school,17,32,31799,24.637798032151274,917.8451942933216,55.90100317620051,3.9055211379812786,0,145.78028850568506,152.48267682150046,152.12726610854386,152.12726610854386,2021,non-indigenous
At most primary school,18,42,35558,30.933708910925294,891.0257607289499,103.81742505202767,0.1403809738080507,3.386017211316722,129.63493544474878,140.60020546713298,140.5738275865087,140.4154763441711,2021,non-indigenous
At most primary school,19,31,27305,25.802339948083368,837.0055545382409,0,0.3937007874015748,0,143.28116781722937,143.28116781722937,143.1888494568473,143.1888494568473,2021,non-indigenous
At most primary school,20,41,31167,29.24784071848055,1396.7613180607693,0,0.16015871488005476,28.83819424391183,169.6616864288802,169.6616864288802,169.62182484242553,177.20819923280172,2021,non-indigenous
At most primary school,21,31,26885,19.27717028084882,1459.9337300849297,3.604240282685512,7.69388134647573,2.0023557126030624,227.7310151586636,228.32622563572428,227.41662366096224,227.85511172027796,2021,non-indigenous
At most primary school,22,53,48509,38.09998004753521,1347.1869996632927,126.34974953101487,27.121573659870677,0,172.519594974312,184.24691287306072,180.38651135880997,180.38651135880997,2021,non-indigenous
At most primary school,23,39,28350,27.31237261719218,1187.8315226337447,133.21643738977073,6.361845972957084,0,154.3353080448041,153.8510457380824,154.2274830409097,154.2274830409097,2021,non-indigenous
At most primary school,24,53,46256,36.58762639052275,1880.127190706791,106.64735385679695,24.666890061109193,11.52646143203044,206.6983174766788,221.5729208856408,226.17515531332728,225.88684045589127,2021,non-indigenous
At most primary school,25,41,27539,29.362108783627637,1800.795750269315,62.576709393950395,3.668433857438542,0,293.9355065270795,298.94044370751755,298.7589814913515,298.7589814913515,2021,non-indigenous
At most primary school,26,36,28792,27.799323168475087,1568.5224136334168,189.0928035565435,13.247603500972492,15.768268963601,215.69150608796113,225.3591357947563,225.34599107337255,233.43741419457905,2021,non-indigenous
At most primary school,27,41,33576,29.085224377591484,1646.8742554205385,98.90174529425781,5.638948455245811,28.264236359304267,389.81766740577916,389.61971877153474,389.2932476175131,389.5745842314928,2021,non-indigenous
At most primary school,28,42,37512,32.045593440422664,1398.1367740100945,133.23643100874386,26.212500888604538,1.0290040520366817,157.66463185090316,164.87965087319543,162.0268827129695,162.3930279032018,2021,non-indigenous
At most primary school,29,54,41865,41.95024421894063,1569.718515864485,76.76460050161232,37.00958437835901,19.722918906007404,191.06802349709568,198.82089866950545,204.69466415027904,203.42697263057897,2021,non-indigenous
At most primary school,30,69,56438,51.826303787327774,1835.597044544456,48.28168964173075,1.6938941847691271,14.202782994908869,233.52351485800676,234.81142165368627,234.6799908243694,241.7969221996533,2021,non-indigenous
At most primary school,31,34,25042,25.89796914404624,1680.6486835449778,84.85743950163724,54.25578361685701,0,238.79681833846394,245.08139736266622,247.24446120008997,247.24446120008997,2021,non-indigenous
At most primary school,32,39,37275,28.220627309779896,1541.1982293762576,67.3611804158283,2.8517773306505703,0,205.47471899566526,210.15239242496776,209.77318193301102,209.77318193301102,2021,non-indigenous
At most primary school,33,44,31209,29.446491297896607,2023.8506520554968,112.53452529718992,183.9026135623271,3.267219925876083,411.18357539491114,408.58672160645824,502.47322066706874,502.8832948024361,2021,non-indigenous
At most primary school,34,37,33715,27.426922964354233,2183.982302634831,226.1241287260863,650.9889267882743,21.924069405309208,281.8507921480853,302.8320735185358,766.9382876851355,765.9014839469578,2021,non-indigenous
At most primary school,35,63,45222,47.657371569300985,1748.0341426739199,96.94476139931892,108.49973464243068,68.50647914731768,232.40413053056008,238.85373811021748,241.5907498756198,240.90463797705502,2021,non-indigenous
At most primary school,36,52,41105,39.776630842169986,1874.9181162064633,107.34752463203989,68.3708389084864,66.58143778129181,280.94613936654366,291.5237348061726,289.8825809345407,291.9447550672689,2021,non-indigenous
At most primary school,37,55,40343,40.50182784309339,1949.0613406704178,115.36420196812334,203.0484429351643,59.275710780060976,220.98914104062217,225.17941008252458,297.27237688478675,354.06477422417476,2021,non-indigenous
At most primary school,38,64,44335,46.34003238958523,1629.277418142175,97.75391902560054,49.64240066162927,45.16070824405097,224.23794766592624,225.9342422505117,221.02517572527657,219.2595119267549,2021,non-indigenous
At most primary school,39,58,42564,41.04643897362226,1951.4040307928453,172.7250728315008,2.1473545719387275,37.83244056009774,258.3233694251943,261.6983120423178,261.68516696609976,263.08766016424227,2021,non-indigenous
At most primary school,40,73,58497,52.72744468836444,1497.4082431577688,43.340256765304204,13.883974106934259,34.62143357779031,157.65233680438638,160.07095328572845,160.07261342317557,162.2187632222027,2021,non-indigenous
At most primary school,41,49,37616,33.17444799106297,2281.400330533106,204.3013611229264,19.045530270806747,3.287608110024103,277.56549227228413,297.87628886168005,297.1010476066836,297.499828703822,2021,non-indigenous
At most primary school,42,71,59112,52.5093632918278,2088.3525313529117,110.44880904046556,53.24184034826545,2.5375107141245996,242.69825270945668,248.59089825517114,256.6387485974729,256.348594687842,2021,non-indigenous
At most primary school,43,44,30227,32.873953011845536,2185.7684741015205,119.2468653852516,77.11221204000839,45.101443521796185,343.20993507449043,341.62907853995944,342.5445006923537,339.43987795075753,2021,non-indigenous
At most primary school,44,56,44035,41.09529712530834,1719.1368381211917,140.02747814238674,190.79993187237426,7.067105711365959,203.19010114626494,214.13495411486994,236.82398648227863,238.05650161808373,2021,non-indigenous
At most primary school,45,72,50130,55.81325450384172,2675.9940554558148,118.02784759624976,29.994348028459342,91.99820466786356,680.0304956125141,682.2504255851229,681.4612757072844,687.3871155319864,2021,non-indigenous
At most primary school,46,53,38543,39.92275626872954,2187.340762265522,125.20496588226138,172.2603109946467,242.47142152920117,490.51374101366315,491.2652175598072,490.0684731966712,518.4892531956538,2021,non-indigenous
At most primary school,47,69,45919,51.41083958714105,2115.6933585952074,63.62163810187504,31.62398281031091,75.08928765870337,204.47667677365854,206.1654752627405,207.01037226908196,214.09191559832644,2021,non-indigenous
At most primary school,48,49,36416,34.98185905296841,2211.324207308143,172.57771309314586,30.273094244288224,65.89960456942003,228.97376756897302,246.46996162471575,250.52007975254546,267.07133868509106,2021,non-indigenous
At most primary school,49,42,30219,29.14905815731921,2660.6528784318916,123.34524636817896,110.46488412367495,19.732618551242595,780.4358236389655,780.8506593140803,792.3218939334522,790.1922528555453,2021,non-indigenous
At most primary school,50,64,50880,45.45670267710809,2115.898093553459,111.93671383647799,175.48909198113208,104.82835429769392,213.2173090882961,211.6969334086843,286.8749233082566,318.50244844797555,2021,non-indigenous
At most primary school,51,50,34418,37.46452628006835,1957.4439731148432,45.62234877099192,174.05282119821024,68.24481376024174,260.758875677638,261.3248807558817,362.5119585329734,357.37574847147374,2021,non-indigenous
At most primary school,52,42,27042,28.81896034168964,2318.694025343293,108.5319133200207,48.179683455365726,253.9185957646131,449.9072190106566,458.4583404093173,461.1828569203523,455.3793251083685,2021,non-indigenous
At most primary school,53,57,42345,37.83501684936792,2226.1803597433777,53.97898217026804,214.63110560081867,9.50525445743299,339.179688219258,339.73832891373496,406.54024984408954,406.68699756628394,2021,non-indigenous
At most primary school,54,47,29482,34.12318084139032,1653.8348540352304,33.72786785157045,130.7566198584447,78.46030346199942,257.06176237739453,261.1510385000951,287.7719755188646,286.06951032504634,2021,non-indigenous
At most primary school,55,52,33499,38.289626789905945,1906.2140461904337,48.218155765843754,31.159238584236345,12.355592704259829,491.6755259036998,497.0546750786608,516.3143051739668,516.5315018629274,2021,non-indigenous
At most primary school,56,56,34050,39.731973223846865,3105.8762261380325,120.43083700440529,80.18600097895252,46.36563876651982,807.9372000104028,809.7142959525443,810.9287346698807,814.0077250767023,2021,non-indigenous
At most primary school,57,49,33627,38.26624930901471,1237.4120795789097,39.06057632259791,35.03620602492045,80.57909814533956,196.89368301545818,197.83120278691365,204.10594865956418,201.88630824085232,2021,non-indigenous
At most primary school,58,46,32557,32.735771276657346,1888.14706514728,73.29468317105385,53.239958636647515,34.9927818902233,266.0730636125202,263.88274525315006,265.5521847369682,267.20908737285816,2021,non-indigenous
At most primary school,59,35,30243,25.623122180011585,1950.302687123191,126.678239592633,81.52244596545758,237.84457009335495,339.7681774924075,340.0329183286391,345.3590091186238,367.9838663608878,2021,non-indigenous
At most primary school,60,57,43707,42.32468510037153,1550.6568322389244,79.60635596128766,40.20389563837982,45.050632621776835,203.60973945181433,208.5861303986856,220.98669269144463,222.7490298292652,2021,non-indigenous
Secondary school or above,14,13,11542,10.547081769361647,104.9384855311038,0,0,0,116.3900921000969,116.3900921000969,116.3900921000969,116.3900921000969,2021,non-indigenous
Secondary school or above,15,22,14567,12.589641533303585,482.5358687444223,7.668016750188783,0,0,231.9482806459692,236.04581432442833,236.04581432442833,236.04581432442833,2021,non-indigenous
Secondary school or above,16,37,29669,27.58444993351682,866.0248070376488,1.7257069668677745,4.145741346186255,0,142.82408860624167,142.83004809543198,142.08311403677283,142.08311403677283,2021,non-indigenous
Secondary school or above,17,62,42697,39.41283891251033,767.1128728794372,28.204557697262103,15.520996791343654,0,121.53758243692918,124.56447128944374,124.64469641937175,124.64469641937175,2021,non-indigenous
Secondary school or above,18,75,46114,54.11649865577887,1381.9242384814445,112.36869497332697,9.286767576007286,0,147.60441136410765,151.89942658299466,151.69525699277816,151.69525699277816,2021,non-indigenous
Secondary school or above,19,93,62177,59.95845426092319,1648.6438366813022,89.1873200701224,1.0084114704794378,1.3751065506537787,168.32262029167413,175.78380954150293,175.78303905075413,175.81057594861784,2021,non-indigenous
Secondary school or above,20,118,69524,82.37537623833954,2097.9761796885487,113.68203785743053,14.97684252919855,18.662581746351382,179.01831455961792,182.16278035425228,192.53300069029922,192.69478489886603,2021,non-indigenous
Secondary school or above,21,155,98354,111.43153024884796,2064.7958632423015,46.86306606747056,10.374938148592499,4.611912072716921,133.71855666762409,135.608280420875,135.69150414659933,135.91466169903674,2021,non-indigenous
Secondary school or above,22,170,102579,118.51959360132923,2566.521534622096,79.8416342526248,26.291687382407705,18.35203436700819,203.00668956738818,205.5237236149132,206.876457093719,206.63940388327433,2021,non-indigenous
Secondary school or above,23,158,97550,110.38573470537955,2379.061682897659,58.7063864684777,9.11840082009226,8.200580898684436,139.70517162702475,142.32507666372268,142.6538996785768,143.16260791900814,2021,non-indigenous
Secondary school or above,24,148,86229,105.55203975857995,2739.259993737606,54.61631237750641,21.699582893612746,0,202.1757865340193,205.88678657319537,205.2336624323311,205.2336624323311,2021,non-indigenous
Secondary school or above,25,186,110457,135.73572808898396,2683.3104141581493,41.25051377459102,57.49446994456365,47.818985366854676,132.75412742347504,133.95745722895015,144.2408476079339,148.0726405829384,2021,non-indigenous
Secondary school or above,26,137,81049,94.62309095749829,2910.211332033708,40.0435538994929,1.954620044664339,103.87790102283803,177.10505922923346,178.22896952261797,177.95794398473274,178.05474352768917,2021,non-indigenous
Secondary school or above,27,145,88069,100.1981712970119,3280.7766618598293,56.12230183151847,59.14604836359371,25.080811636330605,297.32647872159464,299.49736094410264,322.88405351887417,323.048538658736,2021,non-indigenous
Secondary school or above,28,152,84414,110.43325419107833,2985.40611055828,85.7125121425356,47.28234258140434,8.814209333364923,197.69050865338883,205.23847416552005,206.11825758705928,205.93690905628446,2021,non-indigenous
Secondary school or above,29,105,57584,75.85526563092205,3364.995383555617,61.04812100583496,25.57119454478096,65.36364267852181,258.16536619887705,260.43958088470754,260.5949006725319,259.4462233525034,2021,non-indigenous
Secondary school or above,30,172,91020,120.78298413022023,3452.126313813814,40.87623599208965,67.43400717790962,51.79081520544935,249.93836568305593,251.52188788609226,260.65503686223343,262.12253370993113,2021,non-indigenous
Secondary school or above,31,121,73345,86.6720121363943,3215.8297520848955,50.31713136546458,26.914309087190674,22.6872997477674,249.51048996262432,249.5361268810556,250.50543049554796,249.57361119776905,2021,non-indigenous
Secondary school or above,32,125,70944,89.12386685635178,3351.1625942057585,52.49126071267479,45.933882122989026,120.19954706059238,276.4953700401225,279.4604672632445,280.6628363936784,279.7706111240488,2021,non-indigenous
Secondary school or above,33,121,62820,92.90430350523991,4403.910003449008,53.42911493155046,58.27788390109308,4.822243446885281,360.1214749462545,360.3758891243211,371.4354893156442,371.19763716243784,2021,non-indigenous
Secondary school or above,34,115,61167,87.24822174180095,3867.454934850491,64.73031209639184,42.12293121018414,4.847385027874507,260.60741403777405,263.5131122782014,263.85591580183535,263.5895817972971,2021,non-indigenous
Secondary school or above,35,125,63202,96.2691185704609,3943.1718273683323,83.2960191133192,40.79860341972301,44.074290897967366,255.6482070130773,257.89620771100505,261.4732857444955,261.19183125143576,2021,non-indigenous
Secondary school or above,36,119,72656,78.25073591109471,3408.2067413565296,41.074584342655804,101.48565385744696,98.82758019525802,329.593948344869,332.46771035646873,333.6771381784821,340.37575339556565,2021,non-indigenous
Secondary school or above,37,92,48234,70.11070187162875,4452.544387776257,90.38178463324626,77.22422634103192,268.61826374203537,442.38121806711433,452.93547106424296,462.143022233572,546.9603635458205,2021,non-indigenous
Secondary school or above,38,128,68631,85.68832550739782,4428.519971538615,94.35282889656278,151.62730155954793,4.988513451161526,333.4621488312575,340.54110307334105,367.6743584151684,367.9865996178683,2021,non-indigenous
Secondary school or above,39,101,52539,75.91718158961127,4048.1523233534454,78.47874911970156,58.12647112938325,25.96356991948838,344.7036318668149,346.3703892739145,349.2520013833336,346.9522105687541,2021,non-indigenous
Secondary school or above,40,120,64048,88.97013356148666,4329.943570967607,78.38503934549088,40.84853026896494,58.29052689649429,448.53876794017856,451.3537064679112,449.5393616599787,449.36832020650667,2021,non-indigenous
Secondary school or above,41,93,43325,69.11400660065229,4087.383539142143,54.87939988459319,67.96480092325447,19.81457972687055,428.5619462193734,430.7164322171204,443.73977693864055,443.83367483098624,2021,non-indigenous
Secondary school or above,42,102,60259,65.82251363622827,4006.588916178496,97.58384639638892,61.3391084042771,26.03815750897515,359.13376330719393,367.1659844304833,384.71512313274025,385.5170185542482,2021,non-indigenous
Secondary school or above,43,82,45569,60.664379434230376,4395.546478965964,37.26590445258838,15.140409781503505,27.848464233726148,422.6084797106461,419.87757825987967,419.37824033632296,419.81870265416325,2021,non-indigenous
Secondary school or above,44,54,24681,38.65547741423113,4723.106016098754,118.17551963048498,122.39509474224438,39.73366827384088,538.7628316263655,537.2254962499576,541.0928058408517,537.2663892238124,2021,non-indigenous
Secondary school or above,45,88,42628,66.73675912739884,4586.741617403271,31.705099934315474,150.61989771980856,162.27596884676737,412.3112295401415,411.5089134339598,468.73711399639615,477.6095507265934,2021,non-indigenous
Secondary school or above,46,61,33796,39.51510391032801,6945.771225391565,61.52917505030181,251.5016570008285,30.51643192488263,1040.0044486466568,1053.8188710860497,1097.6557807506686,1099.3484530039052,2021,non-indigenous
Secondary school or above,47,54,26318,44.852683990729474,5198.648200217849,152.63393874914507,145.98120424551004,7.371380804012463,631.7341220328309,728.7422773654441,737.1062647521649,737.4168856697298,2021,non-indigenous
Secondary school or above,48,68,32990,51.75206353928276,4445.770698191372,76.55835101545922,168.60008083257554,113.90134384156816,471.44126696527206,479.4526404623219,477.28188777841126,477.18287645146427,2021,non-indigenous
Secondary school or above,49,40,22802,28.07466061613675,4275.5615369996785,71.87965967897553,145.7649913750256,148.40803438294887,610.7401847825087,603.6341439012311,595.0129072583594,574.2222331958742,2021,non-indigenous
Secondary school or above,50,63,37115,47.402643064872805,4176.334393102519,97.5907315101711,21.856392294220665,0,781.7764653439135,777.926631185591,777.2410733285724,777.2410733285724,2021,non-indigenous
Secondary school or above,51,38,22409,28.41013963116733,5188.9989513142045,48.41983131777411,135.5928421616315,12.453329763339136,858.9814113580275,858.6507626541074,858.6760497767832,861.2405640470964,2021,non-indigenous
Secondary school or above,52,45,22357,27.298067419696917,4296.610271205141,22.60410609652458,208.70793636594055,105.89077246499977,742.1892442890222,739.0598749386758,789.8754566221525,772.8541410607463,2021,non-indigenous
Secondary school or above,53,48,19531,42.12586685967455,5113.841248101309,52.435615175874254,295.3296468861468,10.947382793166419,768.0946529520936,772.6705581987167,811.8191762279903,811.2570511097234,2021,non-indigenous
Secondary school or above,54,46,20948,35.36196391396095,3924.005450003183,71.82451785373306,679.3361339189104,0,530.1423195599439,529.4664161580171,861.7204423224891,861.7204423224891,2021,non-indigenous
Secondary school or above,55,41,18194,35.86965839796854,5076.76981422447,53.81169616357041,382.53783298523325,37.80733575171302,2254.341244920942,2253.907753520013,2607.6084113398256,2607.466553009642,2021,non-indigenous
Secondary school or above,56,33,15549,25.561205236036173,5303.5656097926985,24.748858447488583,695.1808262053295,0,1314.4308048040136,1314.3084814413278,1750.5510308556948,1750.5510308556948,2021,non-indigenous
Secondary school or above,57,34,20273,22.34628144499395,3594.5328762393333,14.064272677946036,654.0020388365477,26.128282280208484,495.8939547304176,495.8955522991556,806.4830402896055,818.8173591436281,2021,non-indigenous
Secondary school or above,58,39,19790,31.701471491719772,5341.038537982146,39.63415866599293,325.6897422940879,0,788.605888746528,783.5657483944217,801.8193165216229,801.8193165216229,2021,non-indigenous
Secondary school or above,59,29,15051,19.59004845958333,6224.317487210152,6.9297721081655705,537.3862201847053,0.6909839877748987,1042.2261024733832,1042.0581834392842,1419.0046295034301,1418.844775858878,2021,non-indigenous
Secondary school or above,60,38,16498,31.792435291817277,6017.679951105184,147.30240029094435,526.4562371196508,52.15177597284519,1387.4829694882908,1382.6963141764156,1365.223386532547,1368.4027628358951,2021,non-indigenous
At most primary school,14,75,64220,58.31646497457353,340.58346309560886,27.42292120834631,0,9.739956399875428,76.9750083321716,82.8871604523745,82.8871604523745,82.63485874927204,2021,p99
At most primary school,15,95,80795,72.87179035068051,659.4797326567239,43.76862429605792,1.521278131897601,0,162.91154347775216,164.19610209698655,164.25360016605495,164.25360016605495,2021,p99
At most primary school,16,84,77224,65.4313756306149,624.4588469905729,145.010229980317,6.639559377050312,0,86.1000919521729,112.8897649041684,113.22495875736938,113.22495875736938,2021,p99
At most primary school,17,87,84220,68.91378919470762,815.2628750098946,94.8218475421515,2.0781880788411304,9.012111137497032,89.93250172818068,101.22591707223353,101.11944047196333,100.57115836644617,2021,p99
At most primary school,18,92,73593,70.54031980630023,893.8804777628307,83.44156373568138,0.06782800900447959,57.61961056078703,85.82395389268741,91.02499304830805,91.01670757493022,117.21224965998869,2021,p99
At most primary school,19,76,65399,60.9203357743035,829.3377013919683,54.80970657043686,0.1643756020734262,0,92.8251016088323,108.6394354492534,108.61721085861956,108.61721085861956,2021,p99
At most primary school,20,105,84897,78.05598421635031,1168.182479946288,76.99647808520913,0.05879673800801756,22.884200855153892,128.31845669237498,140.08467848539647,140.0790078315853,140.7487090318611,2021,p99
At most primary school,21,76,62048,53.74085011384541,1159.8651635293106,18.4853661681279,4.340591155234657,188.04259068248237,133.71379506483598,135.082455826585,135.03974517703995,169.9038020189685,2021,p99
At most primary school,22,106,98305,81.80880410760766,1177.577144261906,164.27028126748385,14.55121390909245,10.779960327552006,105.35537750307306,118.80955074683729,117.79758286623581,119.38301353574002,2021,p99
At most primary school,23,74,61350,57.25242656626921,1005.3378755772887,75.94272208638957,4.812686769899484,0,109.64751769667981,114.20999146049328,114.59424613104183,114.59424613104183,2021,p99
At most primary school,24,105,95185,75.44159120600082,1533.110378035755,137.69716867153437,17.379664162770744,6.483878762410043,126.1041267167983,137.25554121559927,140.01961462378512,140.39299253355736,2021,p99
At most primary school,25,93,69896,70.5467915276342,1406.973191122048,63.62301133112052,1.6739512990729084,54.02692571820991,216.80335034009414,218.28427086890792,218.28240498948347,217.80648045846175,2021,p99
At most primary school,26,78,63409,60.16649656634177,1243.5702975918246,104.01220646911322,11.119741151361268,7.159866895866517,123.91617079080375,133.35903644830162,133.00767663711238,136.21792625923112,2021,p99
At most primary school,27,83,71105,63.09865519015325,1253.1220167358133,68.4038393924478,4.769472376532358,42.0997116939737,196.9324814635925,198.56094962242457,198.59533423053705,200.84403856178074,2021,p99
At most primary school,28,87,74739,68.70144217952802,1382.0040630282272,131.6800465620359,100.30355637618914,18.59537858413947,123.31078881936048,134.6653860685456,154.69836679574286,154.695934387862,2021,p99
At most primary school,29,94,80356,73.23896551900923,1456.4950262996333,118.0501144905172,27.91854891565865,52.35278012842849,135.59902348663027,149.25787444334486,151.3713749211493,160.911992354635,2021,p99
At most primary school,30,135,115685,101.2713583753794,1584.705216752388,81.73780524700696,52.04788866318019,36.56633674777773,146.69903080114267,149.58131732544922,153.63124375736163,159.81542243417928,2021,p99
At most primary school,31,76,60398,60.87627964451596,1342.797697495502,85.3629259246995,58.730255968740686,37.35223020629822,132.2954781039083,136.20163386147902,139.3193840648696,148.17853600462468,2021,p99
At most primary school,32,82,76669,60.97901554855382,1250.8807862369406,56.60377727634376,37.25435530222993,0,148.39963360228865,150.5153804342106,167.76510095462683,167.76510095462683,2021,p99
At most primary school,33,89,65823,65.46229848872616,1645.1907387995077,73.69582060981723,96.86748299733122,17.254191797193485,188.4212226274889,189.879485233496,234.62428816432717,234.36808785433396,2021,p99
At most primary school,34,83,73764,63.46146435297733,1712.7047927625038,167.46773493845237,301.22676712217344,10.020741825280625,165.5018390065245,181.2778834127962,368.5865626626668,368.5551430053338,2021,p99
At most primary school,35,115,89594,84.97112468865774,1433.7782589607934,114.14301180882649,75.34336376691891,43.33318451384393,142.52466639690576,147.90726125876643,150.66939226945019,151.98881273527076,2021,p99
At most primary school,36,96,81430,72.4696854106007,1547.5385914282206,115.32259609480535,64.81998853821278,45.54214253551107,181.56734067880856,185.47040652304975,184.8849713747774,186.31490951200539,2021,p99
At most primary school,37,106,83209,78.07020639087483,1670.50571853205,108.17799757237799,109.28183850304654,269.75379265864666,161.18004803461073,163.25233283914335,191.8346754253158,234.0440881774535,2021,p99
At most primary school,38,109,78542,80.60108674252618,1504.833902031185,103.18040029538336,30.155405175999256,42.89424766367039,154.71066137186202,156.3840406514182,154.42741359172226,153.062266567881,2021,p99
At most primary school,39,111,93229,84.02938531038727,1634.4805282333464,120.06028167201193,19.010983706786515,32.76555578199916,164.07641721843407,167.49999808327453,170.3339531528746,171.29928772147935,2021,p99
At most primary school,40,147,116998,103.38974520237129,1527.3928614164345,107.24661960033505,14.917804862761185,127.07724348564363,150.13399017192074,156.10478427670893,155.7530227090841,182.18419186665182,2021,p99
At most primary school,41,79,57292,54.63707056891896,2000.4216266378085,160.48174265167913,18.74141823174847,47.74954036631059,206.5470875180686,221.52637276269957,221.56404011761592,222.89922789092904,2021,p99
At most primary school,42,123,100110,91.43798029857868,1757.6701212000135,95.31410448506642,43.13370292678054,42.04881963173842,169.75523960146074,172.90290262939794,176.75845279131718,175.70711496558536,2021,p99
At most primary school,43,90,66424,65.52432489780954,1750.681540808543,111.77127243165121,95.59622024167972,29.83532056686338,207.24069544584356,208.4704378149076,206.12529879788752,206.51314612173587,2021,p99
At most primary school,44,98,77129,74.65010528081046,1767.992190572504,158.40876972345032,148.28220686555426,11.891765743105706,186.8717298769086,203.1001482192873,215.64294346720172,215.4984796143406,2021,p99
At most primary school,45,121,88447,96.67514013089136,2237.828100444334,115.10900313181905,27.657241059617625,144.52965052517328,416.2055660639869,417.5769756739964,417.16944374915676,422.416827506321,2021,p99
At most primary school,46,93,70601,71.32749255111197,1802.0922862282405,87.86624835342276,151.13840455517627,156.15679664593986,287.2710248787451,289.0563164139773,289.20580057473967,306.1698251563338,2021,p99
At most primary school,47,112,83641,78.57844150542847,1792.9216253591737,58.69707440131036,29.903974526049826,89.5647947776808,158.01300025128614,158.82786618510673,159.69944828062523,166.83539659314928,2021,p99
At most primary school,48,85,62535,62.52664411665655,1724.5952293382372,116.05964659790517,20.595932944217907,299.0564643799472,162.88338327743475,175.2353045403351,178.03360373774598,336.43767506234445,2021,p99
At most primary school,49,77,64065,55.51965388611138,2051.2105725955407,79.71934753765707,58.923567210385286,157.3953796924998,339.6570172689196,341.85856651476934,349.76639673372415,373.99142843740157,2021,p99
At most primary school,50,115,89398,85.3819555504579,1602.839649656592,92.36576880914562,125.25207499049196,91.91493844008443,149.2446188092657,150.6732583292101,188.73055975908744,204.3572644015686,2021,p99
At most primary school,51,78,53233,58.78294212603878,1709.613497892911,51.001352544474294,114.2856404861646,99.33174910300002,192.05703402925687,193.1598034374295,253.10189584758655,253.3068634049228,2021,p99
At most primary school,52,76,52977,53.38216008528021,1802.5333226368675,125.36459218151273,78.14897659990814,209.01932285079687,266.68591920210287,272.00324203921633,279.06876851514596,284.6480819689001,2021,p99
At most primary school,53,80,60736,55.35043942604319,2067.6635383737266,59.95916754478398,164.39639038900597,61.54998682824025,272.32580858444766,271.6477605992765,312.55314635945524,312.22904355914216,2021,p99
At most primary school,54,79,55894,59.5919096715419,1799.9108878710895,51.095734783697715,78.79289369163058,192.72778234992424,190.50990991213374,193.3913700803029,203.14887989745165,236.78228008669834,2021,p99
At most primary school,55,86,57999,61.659895074482094,1403.360644149037,41.02889704994914,23.19902067277022,7.136329936723047,141.17172052667175,142.55799070298653,140.42203054030713,141.13997178491147,2021,p99
At most primary school,56,91,61209,67.92085157822899,1823.0254102065599,99.10264830335409,68.52001611963382,71.3748522820718,193.28022312978118,196.4515520347718,203.0735213310077,209.89741381449883,2021,p99
At most primary school,57,80,63542,61.57909393980638,1218.9445038976846,74.50615341034276,67.7392512039281,61.84308541332243,154.46601195116506,155.19219582951857,157.89487388501135,155.98753813951004,2021,p99
At most primary school,58,81,59495,58.17023892763329,1892.539692411127,86.14429784015464,150.56265232372468,19.148836036641736,313.11816620528487,313.88302158181614,374.99455958855737,375.2567489581097,2021,p99
At most primary school,59,66,50862,47.67515113834808,1564.7808940531895,110.56722110809642,235.0385356454721,151.88909860668738,217.63588081619943,223.5788999264699,233.5768946157545,248.2402879524573,2021,p99
At most primary school,60,99,77249,72.89175385076247,1539.2483807773133,101.05574182190061,164.15563092510368,61.02667132692117,185.3118813445456,187.94242796775376,206.19516794340274,215.20661419553997,2021,p99
Secondary school or above,14,24,19565,18.77398342124281,286.30462560695116,13.577817531305904,238.05605247465715,0,179.76574676417678,193.40711526320703,265.36033810569654,265.36033810569654,2021,p99
Secondary school or above,15,43,32679,27.714527456680813,347.16729398084397,6.375348082866672,0,0,130.63892231188467,132.22392133789057,132.22392133789057,132.22392133789057,2021,p99
Secondary school or above,16,69,59820,50.6359362634838,712.8957706452692,40.92828485456369,2.0561685055165495,31.59478435305918,105.14404075668543,116.94449265419804,116.74334773722371,120.649110961759,2021,p99
Secondary school or above,17,98,73987,67.6398510639147,644.5625470240267,57.49212699528295,10.549375791242605,0,87.7653482926347,94.78247588363405,94.93401870940495,94.93401870940495,2021,p99
Secondary school or above,18,133,92518,95.2476410308944,1091.296821519416,72.71136427505999,64.61142696556345,14.78631185282864,106.44143249789137,109.79774303389907,112.61734614169225,111.97326478855207,2021,p99
Secondary school or above,19,140,108020,95.73026518327445,1358.4025874837994,71.42311608961303,0.5804480651731161,0.7915200888724311,127.71070684004009,132.6432637499374,132.65713523978644,132.68964964784516,2021,p99
Secondary school or above,20,178,115888,128.28482525370538,1649.8409894323256,85.51705094574072,8.984968245202264,11.19613189746422,138.11655058561956,143.53783520180167,148.86603499086868,149.2330490269574,2021,p99
Secondary school or above,21,198,131491,140.31114731561738,1870.7707042053576,51.239210288156606,7.760353687071104,3.4496657565917057,118.8921890157495,120.376372182119,120.52025972531042,120.70882987402923,2021,p99
Secondary school or above,22,223,143626,158.61650428163406,2234.055458853782,86.55400136465542,55.72168920204792,16.565422230886703,158.61141246199347,161.36811593348008,160.74755393978893,160.46480887682145,2021,p99
Secondary school or above,23,208,134998,146.1563260281021,2149.0364215272325,46.46852545963644,7.7383862476974965,5.925766801483478,131.41798021386518,133.40585370265072,133.6252150964159,133.99573610505956,2021,p99
Secondary school or above,24,193,117699,138.58839419161953,2444.368946776665,45.79401694152032,15.897614536515462,9.804246425203273,162.79469002966485,165.63345276639873,165.39592358685508,164.65064508048212,2021,p99
Secondary school or above,25,237,150995,168.789887543517,2372.710062695233,62.11807013477267,44.9743368985728,44.835535393004186,117.3488378182603,120.42798283418193,127.90601640800598,130.29547314988034,2021,p99
Secondary school or above,26,175,111689,119.32638774984268,2545.4139090092426,53.94989658784661,42.30574780566275,98.21199939116654,160.41837273755803,162.30241467416795,165.41798644721368,168.64686558222184,2021,p99
Secondary school or above,27,187,115383,129.89400922171552,2813.3606900496607,64.31298371510535,25.677381705566102,29.14070530320758,214.28169375846355,216.90215232275995,221.88397790895377,221.90984110980088,2021,p99
Secondary school or above,28,188,108202,135.8722613250803,2735.2150252922006,86.90769117021867,38.20123472763905,6.876422493730861,180.25638990433615,187.10339971373526,188.02054897152553,187.9649968876239,2021,p99
Secondary school or above,29,147,85925,108.67649227153096,2924.320211424692,54.51203956939191,52.78682959945689,68.64242071574047,213.0898770483409,214.77894529783214,218.44201566632245,217.2074172379083,2021,p99
Secondary school or above,30,212,115080,146.27143217173398,3045.670082406442,36.01012339242266,30.671764569574787,40.962808481056655,205.86784500361605,207.22076199095474,209.21841888815538,211.01756929449152,2021,p99
Secondary school or above,31,148,97000,103.55784881874823,2830.4456374570445,68.39472164948454,44.03390034364262,17.15463917525773,213.9719534765624,217.29054792675942,216.44579586809257,216.03824872129644,2021,p99
Secondary school or above,32,158,92343,112.67781342692497,3066.1679742915003,46.45549743889629,37.38200693790181,92.34524183388741,196.8542590599898,198.28317838120392,199.56058594319566,200.09939365837843,2021,p99
Secondary school or above,33,153,83990,111.47354417005913,3809.507527681867,53.66194785093464,139.54458864150493,10.52129221732746,250.66747013807264,251.9384079461236,300.8112595066725,300.6564986577706,2021,p99
Secondary school or above,34,134,75040,98.59859411857364,3393.777345415778,73.99139125799573,40.963708244491826,3.951226012793177,240.29615618690713,241.35458913299684,241.57595765086612,241.44458437865046,2021,p99
Secondary school or above,35,144,80228,104.72648347706924,3776.4539188313306,106.73798424490202,33.97404896046268,34.72083728041748,215.02486526704095,219.2949590301269,222.35077777264303,222.34443633539036,2021,p99
Secondary school or above,36,128,78171,84.93786665623993,3139.1309223795697,35.7628148546136,96.53862472442893,91.85524896274407,285.5670356461888,286.25504322253494,287.6012155167874,295.289325549505,2021,p99
Secondary school or above,37,107,62281,79.52322676852128,3725.2867005988987,69.11249016554005,55.89082812842868,208.03348265656194,290.54452091139007,290.2843512644386,287.50016907355234,381.09829303275234,2021,p99
Secondary school or above,38,145,79398,96.03022207966733,4063.6112580501613,64.07742008614827,146.9002157904901,81.543195882348,293.03536509804695,291.1548207692203,304.9190810302509,303.08434749638974,2021,p99
Secondary school or above,39,116,63049,84.80236115562889,3573.616524449238,78.13113610049326,72.36723289293514,21.63555329981443,305.74336897000506,308.04203367164314,311.1852423441416,309.64893352861503,2021,p99
Secondary school or above,40,132,73674,93.81437853161246,3834.902966673001,75.25728208051687,47.573544715005745,50.67448036847011,400.7958700952518,403.93112027465344,402.22106851122027,402.7355131282018,2021,p99
Secondary school or above,41,108,58496,73.85504047220508,3901.1242677561995,76.25444474835886,72.6335988785558,199.91908278628736,394.1752016138528,394.2141778591602,404.9320564636235,417.09992610589575,2021,p99
Secondary school or above,42,118,71491,78.5794884621308,4149.523928419894,94.47419954959365,116.24435243597097,21.94728473980408,344.6647693528935,351.39077683468463,366.2519583981274,366.69670729672305,2021,p99
Secondary school or above,43,100,57096,73.72259003387444,4266.013410163,55.78481855121199,16.684181028443323,26.455910513287563,375.237654347381,378.2849212195817,378.937753841647,380.26780640740367,2021,p99
Secondary school or above,44,62,30757,41.28595112990572,4177.464628648221,106.96654420132002,98.21612424271981,31.884340692091772,486.20324453352634,487.6468209196764,493.66123767885153,491.45948451478364,2021,p99
Secondary school or above,45,91,44788,69.69059696910783,4595.325961567086,31.58267839599893,143.3559212289006,150.06251674555685,395.8070997083553,394.9444223812266,449.2712307727538,456.7106371968412,2021,p99
Secondary school or above,46,67,37711,44.32072283080527,6214.473486957828,63.92034154490732,356.1790989366498,27.34834221668302,811.1419888747439,825.0667384485382,878.2257948080075,880.3600001786244,2021,p99
Secondary school or above,47,59,30342,46.76391864075354,4466.803413310482,34.75446575703645,183.00567969591106,6.393777602003823,464.7057918104571,464.0041628246997,471.08365562076176,471.72843747948747,2021,p99
Secondary school or above,48,76,45398,48.715476981755025,4526.9037255679405,93.11070972289528,133.25403468581584,298.6608514325154,465.46762762603134,471.57568258732005,469.15832128137845,476.77954353039735,2021,p99
Secondary school or above,49,46,26652,32.98324011140013,4624.789915703637,63.0024013207264,124.7085897243484,126.96983340837461,591.7082690459889,585.403568481979,576.7504401124647,559.0932981970072,2021,p99
Secondary school or above,50,70,42410,51.78384255801932,3718.946388430402,119.53029945767507,39.50404778747151,0,396.85763234316005,397.43837178546227,400.1848427612592,400.1848427612592,2021,p99
Secondary school or above,51,44,27364,33.780006313998825,4792.827199970765,60.672416313404476,120.24923256833796,10.198314086634507,739.8363944350289,739.3426086051516,741.7418371490598,743.94249733126,2021,p99
Secondary school or above,52,53,28935,33.21802951895618,3836.202845458211,27.834802142733714,175.21744139162493,81.81786763435287,582.7332742454785,580.5716015163212,625.2391239213416,613.7515040396576,2021,p99
Secondary school or above,53,53,22670,46.60046128144697,4882.391196147625,45.17512130569034,254.43684752242316,9.431554183208352,610.2835416617174,615.1340550226506,655.3468219131548,654.8942830894799,2021,p99
Secondary school or above,54,47,22550,36.340696391518804,3777.7087730968215,76.32283813747229,399.07908351810795,0,477.53944369830424,479.05101783723575,566.6432306364742,566.6432306364742,2021,p99
Secondary school or above,55,40,17543,34.70625505005653,3243.259419711566,55.808584620646414,160.61829029622453,39.21032130574398,420.2031282774861,424.90258549835033,442.2583614322334,446.737714819979,2021,p99
Secondary school or above,56,32,14992,24.776521265405677,2930.419001245108,28.176360725720386,271.8689967982924,0,383.30774619665306,389.2723324790996,387.89802677769234,387.89802677769234,2021,p99
Secondary school or above,57,35,20658,23.017584287461982,3680.9854939168035,13.802158969890598,641.8135024365056,25.641333462419723,501.84139428518506,501.73505734659244,794.939687545897,806.7408772008979,2021,p99
Secondary school or above,58,39,18845,31.297787676092675,4047.780083134342,42.41443353674715,377.1690103475723,0,500.07767185469396,495.02154202446565,528.7254340804506,528.7254340804506,2021,p99
Secondary school or above,59,29,14196,19.319799806002866,5025.0415610031,7.347140039447732,77.74020850943928,0.7326007326007326,723.5990690107931,724.003341280253,741.697935293019,741.4583020791243,2021,p99
Secondary school or above,60,36,16356,30.97076726409627,4292.8497493274635,148.58125458547323,547.9502934702862,52.60454878943507,534.0149998843899,537.1459845699636,544.1804533117074,557.7754772976247,2021,p99
At most primary school,14,75,64220,58.31646497457353,340.58346309560886,27.42292120834631,0,9.739956399875428,76.9750083321716,82.8871604523745,82.8871604523745,82.63485874927204,2021,p90
At most primary school,15,93,79701,71.43835285955588,650.9863740730982,41.68818458990477,1.5421596550440606,0,164.9292342300934,165.7696342397316,165.82993765020836,165.82993765020836,2021,p90
At most primary school,16,83,77104,65.23849061046228,623.0962077194439,145.23591512761985,6.649892785501833,0,86.18849206391667,113.08982667009477,113.42698697347689,113.42698697347689,2021,p90
At most primary school,17,85,83185,67.61043270468777,790.4440704453928,93.43271022419907,2.104045200456813,9.124241149245657,87.12994073084829,98.66833532240132,98.56396567520042,98.01970638485429,2021,p90
At most primary school,18,91,73470,70.3185772957471,892.028664761127,82.74418129848918,0.06794156344993421,57.71607458826732,85.86084788028451,90.93887637087934,90.93057006770458,117.27665393486177,2021,p90
At most primary school,19,75,63901,60.08185023900607,843.1532579041539,56.09458380933006,0.16822897920220342,0,93.82219044450007,109.9187939117512,109.89560267983572,109.89560267983572,2021,p90
At most primary school,20,103,83913,76.65951760884205,1159.3279706362541,50.74982422270685,0.059486213896138465,23.152550856243966,129.36238198426153,135.09849700005287,135.09264257693766,135.88675492898577,2021,p90
At most primary school,21,73,57657,53.50287915604648,1072.2296859011049,9.686594862722654,4.671158749154483,202.36340195755358,126.81912606065694,127.49082642039401,127.50909314946907,168.6336280855333,2021,p90
At most primary school,22,104,97321,80.5093092844007,1166.3209499148866,165.93119676123345,14.698339344368977,10.888955107325243,105.850129310662,119.76645729445138,118.75062958683831,120.37577998705663,2021,p90
At most primary school,23,74,61350,57.25242656626921,1005.3378755772887,75.94272208638957,4.812686769899484,0,109.64751769667981,114.20999146049328,114.59424613104183,114.59424613104183,2021,p90
At most primary school,24,102,93600,73.58421839176769,1498.5578133903134,136.17505341880343,17.673967236467234,5.696239316239316,123.6682397724103,135.70653095655902,138.68341621358368,138.7743482115429,2021,p90
At most primary school,25,86,66583,65.70187181520762,1163.9061747493104,66.07022813631107,1.7572428397639037,56.71516753525675,111.35942569629387,116.15951992515535,116.2118009702928,117.00568186866826,2021,p90
At most primary school,26,77,63132,59.710533109451575,1236.229365984498,98.76465184058797,11.168530486388308,7.191281758854464,123.82346972818176,131.84655723528306,131.50499442939793,134.80150915237863,2021,p90
At most primary school,27,81,69641,61.670572821048864,1088.4233569305438,69.84183167961402,4.8697366972520975,42.9847360032165,120.25447826882476,124.54614007375315,124.70851055793507,129.31153274682336,2021,p90
At most primary school,28,84,73315,66.68086800847352,1380.0122985291778,119.2366500716088,102.2517561208484,18.95655732114847,124.70958421509916,135.57806740613808,156.57116322638,156.5913215884484,2021,p90
At most primary school,29,92,79513,72.14991485493248,1423.008996432449,118.54709292820041,28.21454248571512,52.90782639316841,131.65660229167796,146.25004972316913,148.5498846064285,158.6578960122357,2021,p90
At most primary school,30,132,114418,99.47544388277265,1556.5364686209045,82.64292331626143,52.62423744515723,36.97125160959523,139.28312232969319,142.56744325050522,147.03243290601102,153.7336680494569,2021,p90
At most primary school,31,75,59626,59.92600793149968,1317.9533872248126,76.75762251366854,58.951184606267965,37.83584342400966,131.1300727250377,132.69731825298578,136.05990021358355,145.52054150395952,2021,p90
At most primary school,32,81,76549,60.79736204735012,1245.0035794066546,56.692510679434086,37.31275609957892,0,147.49548454392044,149.6707120427059,167.10496695238277,167.10496695238277,2021,p90
At most primary school,33,86,64703,63.845681066920335,1638.6709014007592,73.25904517564874,98.54424575882622,17.552859475861503,191.4505432006816,192.736636420508,238.7190519066387,238.4623061124137,2021,p90
At most primary school,34,81,72768,62.14213256683283,1685.0450243696862,169.75992194371153,305.34975882255935,10.15789907651715,163.808763899677,180.6817623543861,373.5446829570104,373.5219966746271,2021,p90
At most primary school,35,107,84021,78.64228461917843,1336.9421136779297,118.45649301960225,77.39707930160317,46.207416399868286,143.40065069557897,150.07465314511654,153.3298262210225,155.16616103002298,2021,p90
At most primary school,36,95,80955,71.80374703622599,1498.8086076626932,112.47877215737138,65.20031704856608,45.80935910897,166.500912224508,168.77926468320604,168.40704251842115,170.19380532653796,2021,p90
At most primary school,37,103,81646,75.87132134621413,1606.9118348316717,110.24891605222547,111.3738884942312,274.91785676375247,152.88559434827394,155.7676186833487,187.32528617612166,233.16627180513402,2021,p90
At most primary school,38,106,76264,78.12633749194181,1465.6765227805167,106.14438004825344,31.05614488268821,42.995384454001886,142.73157250209306,144.9256687478219,142.77895820398513,140.42152257592926,2021,p90
At most primary school,39,110,92673,83.27899735840376,1614.2887914135363,120.78059413205573,19.12504181368899,32.96213568137429,162.78423603612208,166.46121137571697,169.38209635204453,170.41279357909525,2021,p90
At most primary school,40,146,115919,102.39192668132735,1530.4403074560685,108.24489514229764,15.056663129714138,128.26010691373574,151.53870868438617,157.54389330836662,157.18475052562164,183.8447730545462,2021,p90
At most primary school,41,76,56410,53.359427975939084,1918.3151184778112,161.92731785144477,19.03445015659162,48.496129527861484,187.9532455046926,205.99364840000874,206.17780511394938,208.02619973517946,2021,p90
At most primary school,42,119,95351,88.36690265125301,1648.668314962612,100.07126301769253,42.058097625265255,44.14749015042666,140.23407737166414,145.19663178790339,150.8586460212775,149.86987220268767,2021,p90
At most primary school,43,85,64459,62.44044801115769,1622.233316268222,113.92815588203354,98.24474989269666,30.74483521825243,168.84478461693294,171.25203820941027,169.34599275622844,170.21912136517335,2021,p90
At most primary school,44,95,76044,72.94297949815214,1734.877040485333,160.66895481563304,150.39790559851315,12.061438114775656,186.59592056031522,203.79435388511536,217.04901798306398,216.9221338241789,2021,p90
At most primary school,45,116,84820,92.90438107835642,1762.4672954491866,117.71221410044801,28.839896250884227,150.7099033246876,157.4383772444209,162.82238570444846,162.59820727066906,180.98945211826387,2021,p90
At most primary school,46,87,66333,66.7098397443269,1485.194410524676,93.51974130523269,160.86295659777184,166.20424223237302,122.61046734897334,130.76461724970514,136.74044471603372,178.05361254768582,2021,p90
At most primary school,47,109,80927,75.95739363858183,1726.0711217105127,58.60592880002966,30.9068460876263,92.5684752925476,156.44867529237115,157.15392391573917,158.26911323119805,166.43543972288833,2021,p90
At most primary school,48,80,59349,58.93780185344236,1693.9814374856076,122.29001331109201,21.701573180115364,315.110549461659,159.21039136818982,173.6007922106144,176.8084513021522,350.1646408398903,2021,p90
At most primary school,49,68,56839,48.88333098121774,1700.8601371124287,88.14669505093333,66.41458036442114,113.36467918154788,186.72020308824455,193.29917836402745,212.88874142960114,232.7650025858056,2021,p90
At most primary school,50,106,84007,78.87393197754099,1461.7529967740784,90.16885497637102,52.59226413671876,97.81341634228895,140.33915845288112,142.6214033620015,157.11177002515677,179.72847878164566,2021,p90
At most primary school,51,73,49721,55.18693017929082,1675.7908194391368,54.603789143420286,122.35810824400153,93.80396613101104,190.145233889693,191.58480979511526,259.54363174338465,260.7154884816048,2021,p90
At most primary school,52,72,49538,50.45120987670565,1782.890060828724,116.71726755218216,83.57419220261887,189.79806747681914,264.3230498624206,269.01641215965094,277.2489725155139,287.88247273565037,2021,p90
At most primary school,53,70,53644,47.664672764538984,1783.6063554793327,65.2072925210648,185.57674980737204,64.1506971888748,242.6646085260296,242.8447811203125,304.34185519307584,305.1079079350848,2021,p90
At most primary school,54,75,53565,56.86793623747746,1677.8814368835372,53.31737141790348,73.71822396465353,201.10756401879337,176.90916512106006,180.9370694590692,191.18583485901976,231.54581120599258,2021,p90
At most primary school,55,76,52452,55.145046819562936,1273.6336205800858,38.89203462213071,25.652406009303743,3.260123541523679,130.75905697809756,132.27269927021868,129.88871485033397,129.92881809658493,2021,p90
At most primary school,56,84,56840,62.75561059958409,1599.2293572601454,94.90190007037297,61.77647783251231,76.8610720150129,164.01160615667993,166.53738716188184,174.55814968685027,185.30120331735574,2021,p90
At most primary school,57,74,60337,57.21075468730378,1124.6809033705135,78.46379501798233,71.33744634303993,65.12808613841148,146.5351970494668,148.274809313335,152.2184004907061,150.62564463650338,2021,p90
At most primary school,58,72,53594,51.66366226685432,1516.0792066276076,92.82484979661902,65.82064534587205,8.125909616748144,214.25580612558937,218.34705375278284,219.9809343609655,219.7988471088474,2021,p90
At most primary school,59,61,48610,44.44537258462177,1475.3418192415825,115.68957004731537,226.21950216004942,158.92580401837756,211.40411162871357,219.3216339778426,226.39395491681356,244.64631209513482,2021,p90
At most primary school,60,90,72318,66.37365619154747,1413.2522654571935,93.49892143034928,175.34857619587564,56.92095098500143,169.81395189482515,172.4900012478108,197.2055786240757,208.3620354517454,2021,p90
Secondary school or above,14,22,17535,17.31840585349929,319.4496720844026,15.149700598802395,265.6154357950765,0,196.5304954833707,211.53673976762144,288.5924730204409,288.5924730204409,2021,p90
Secondary school or above,15,40,31145,25.699071715040912,309.0842831915235,5.164231818911543,0,0,119.90802318938225,120.47830441714237,120.47830441714237,120.47830441714237,2021,p90
Secondary school or above,16,67,58198,48.88713662804125,678.027165881989,42.068971442317604,2.113474689851885,32.47534279528506,102.8225215767947,115.86584597541257,115.66239346114678,120.0445953533573,2021,p90
Secondary school or above,17,93,71856,64.7331223740839,639.1774173346694,58.71075484301937,10.862233726712685,0,87.83469241300217,95.23384950744668,95.40338523279605,95.40338523279605,2021,p90
Secondary school or above,18,120,84346,84.90300218687433,969.6931804709174,74.07476347426078,70.87141061816803,16.21890783202523,101.7792652742126,107.1004790758429,111.53944405832382,110.93513464654676,2021,p90
Secondary school or above,19,131,102841,89.94125846074365,1303.9215633842534,74.55805563928783,0.6096790190682705,0.8313804805476415,126.59498807161509,132.39169394883712,132.40989917295212,132.44996150446505,2021,p90
Secondary school or above,20,150,99057,108.42466826504727,1371.468335571102,70.08167014950988,0.6393625219149917,13.098492113968053,118.45173229698759,121.27302561981911,121.31676818642605,122.24103227067305,2021,p90
Secondary school or above,21,169,114492,119.92075953344664,1638.1058778488161,58.43198651434162,0,3.961848862802641,114.23844677651647,117.22031516370042,117.22031516370042,117.54712056436694,2021,p90
Secondary school or above,22,184,119412,132.9984886036958,1889.325718241606,82.46587445147891,66.93471622059202,19.006118871358545,129.18791269537175,133.06569812217214,133.3016890901664,133.2811025692682,2021,p90
Secondary school or above,23,176,117238,122.72406005222632,1913.358568325401,51.997287568876985,8.910648993216078,6.82344177371387,121.5004974176747,125.05464921864544,125.50979700736414,126.15264862659508,2021,p90
Secondary school or above,24,155,99613,112.42982766824957,2093.042054417261,40.953590394827984,18.354866667335926,11.584331362372382,140.41827689684806,142.26948662005444,142.20253940770212,141.19509997602083,2021,p90
Secondary school or above,25,200,129012,143.4838669944305,2137.154244695584,63.707391560474996,37.60011988548869,52.47528653665292,117.48562941895909,120.5566804290276,128.97732748835375,132.89258663635414,2021,p90
Secondary school or above,26,137,92422,93.5217625806138,2208.182245569237,54.50769297353444,51.12512893755456,118.68602713639609,139.59296802760707,141.59849300786348,148.30832669161623,156.45225708585536,2021,p90
Secondary school or above,27,149,96592,106.30124870390723,2270.743864226161,58.484915935067086,11.66090359450058,34.465504389597484,146.7056009443119,148.89702672480826,151.08277643227714,152.32416914213795,2021,p90
Secondary school or above,28,150,92720,109.65840323202164,2241.4685558671267,64.5350086281277,39.34282427379925,8.02461892436008,142.84528106208904,147.18675423410244,149.29499931445142,149.4480557834837,2021,p90
Secondary school or above,29,115,69419,85.30324470943043,2393.479654945572,56.90267794119765,63.82090397921798,84.96377072559386,180.1969418586912,181.172347531346,190.07671140741505,190.53957616232785,2021,p90
Secondary school or above,30,155,89854,105.07914397188985,2370.1259700922237,34.59907182763149,28.78510324155482,51.39559730229038,143.52300539891746,143.54206311487903,145.0055544507474,151.95040465658076,2021,p90
Secondary school or above,31,115,80340,80.18959809063121,2350.5133100987473,76.79347771969131,49.46836362127625,20.71197411003236,210.2048075580295,216.71125276150724,216.04128915212922,215.96554796406116,2021,p90
Secondary school or above,32,126,77362,89.97887827552664,2587.7900810475426,55.4515136630387,44.62095947191989,72.22538197047646,170.0585940212798,174.2310379745507,177.72160349425496,174.07158665407277,2021,p90
Secondary school or above,33,116,65485,81.9727797171848,3194.5188834593164,44.02896846606093,12.263877223791708,13.49443893003487,227.16941849325005,228.9013855733789,228.16205581201748,228.35314604064683,2021,p90
Secondary school or above,34,105,61688,76.25310437981175,2981.0034960878397,53.785403968356896,44.7791034452946,4.806445337829075,213.30419534307953,216.94073128952647,218.73644662110266,218.6327715076454,2021,p90
Secondary school or above,35,99,56018,70.88446601437334,3037.2180311090483,93.38525116926702,38.18718983183977,19.641008247349067,181.3767649943473,190.80473316406636,196.1180267960529,196.63916317589963,2021,p90
Secondary school or above,36,94,60315,61.21261348267202,2310.8296388405315,43.271408439028434,111.82161706595927,108.95161513166985,247.9612045581922,251.42862623060702,255.38996677890273,272.9776938482466,2021,p90
Secondary school or above,37,81,48656,60.8328495891905,3027.1012653458292,84.29782555080565,71.54177627973255,88.3042858708758,235.29167732558193,238.0110722561537,235.71492856717367,242.78958593793868,2021,p90
Secondary school or above,38,114,65091,73.9389582418114,3486.527169654791,74.2418921202624,135.60374450128796,99.46638808232578,286.691828475088,285.0474002985561,302.16860080537475,301.8039090125707,2021,p90
Secondary school or above,39,87,49291,63.32068409198054,2855.7320792166247,78.6404211722221,58.03456344295442,27.674423322716116,294.40654341288996,299.11145653836155,297.3534440751448,295.67836100561607,2021,p90
Secondary school or above,40,96,57075,68.2548989156446,2508.9712220762153,81.53438458169076,55.45802306906118,65.41203095342385,226.9034370222309,233.29659972742678,232.50131371000188,239.4407314228653,2021,p90
Secondary school or above,41,87,48311,57.685197418982476,3283.35132785494,90.52741611641241,72.76965908385255,240.9699654323032,336.5845517979093,339.41394840441905,360.28597301013315,387.06060242837555,2021,p90
Secondary school or above,42,93,60639,62.25287806833333,3584.1969304682902,84.04846715809957,115.19855208694075,25.874986944595616,301.05597545780586,300.28094871476213,321.6576155449978,323.16563512074595,2021,p90
Secondary school or above,43,72,41957,51.745114307421424,3309.8972757823485,50.973377505541386,7.320391511944768,16.24901685058512,322.01593570862735,320.9335534078878,320.2087272155997,323.30410178940986,2021,p90
Secondary school or above,44,42,22571,26.546345528080998,3279.408359546911,133.47569890567542,67.90128926498605,36.06397589827655,476.5772352237744,489.1726444594467,485.00184126883664,483.5477405195057,2021,p90
Secondary school or above,45,58,31123,42.74987363372046,3230.59740920434,41.401053882980435,42.959386948558944,215.94961925264275,329.7462212426328,329.4631146043919,330.0137080175865,373.605870766414,2021,p90
Secondary school or above,46,33,18674,23.972210192061855,2780.010379850773,39.68083967012959,268.85080861090285,0,447.9103507557863,446.9818620086538,549.4909430154833,549.4909430154833,2021,p90
Secondary school or above,47,39,19730,30.33776946615525,2974.944289575942,36.835783071464775,204.5932589964521,9.83274201723264,315.7205313106411,315.09664146799724,334.3816955152835,338.0124656914381,2021,p90
Secondary school or above,48,52,33114,32.81001247007702,3838.791498057217,36.8019568762457,159.65452678625354,400.4330092005395,517.9763851902323,521.8267074845655,516.6366356274301,547.171392649024,2021,p90
Secondary school or above,49,26,15431,17.362783190234143,3091.5233404618407,46.16680707666386,196.25429330568338,219.29881407556218,510.6269429457694,507.3144077334411,505.69567412449214,475.8306259113336,2021,p90
Secondary school or above,50,48,31696,35.27638378415428,2986.8343639575974,115.3640837960626,4.955409725727748,0,428.3211461105821,426.32073024963796,425.9233240781943,425.9233240781943,2021,p90
Secondary school or above,51,30,19743,23.18862977599208,3302.475696027284,71.77429975181077,119.35876006685913,0,448.4863633295148,447.1155398942031,457.81175518822977,457.81175518822977,2021,p90
Secondary school or above,52,34,20790,20.187426204639205,2296.102701619368,36.3011063011063,64.25765592432259,113.87205387205387,427.23954673492847,425.97265640002354,416.0811164817454,398.95847397234206,2021,p90
Secondary school or above,53,29,11530,25.881682535492164,3213.849233882625,82.7510841283608,33.49233882625036,18.54408788667245,470.9823867811223,506.0605797206548,500.55381403497205,501.16980628509106,2021,p90
Secondary school or above,54,31,14449,24.243978331410872,2801.7100029990543,109.11343345560246,176.42974138925416,0,337.90124244693317,341.72875780675486,360.7679994592068,360.7679994592068,2021,p90
Secondary school or above,55,29,12446,24.980618372358702,2785.7993197278915,72.27623332797685,215.84123413144786,55.268091488563925,414.7334563160738,426.6936669300731,467.488060373191,477.6772541756307,2021,p90
Secondary school or above,56,25,12722,19.67281645965043,2868.1516271026567,29.71388146517843,320.37887124665934,0,416.9262361602838,423.99009517058204,423.575937132137,423.575937132137,2021,p90
Secondary school or above,57,17,10437,12.211662106438604,3337.547666954106,2.922295678834914,1099.6055699275014,50.75200408802018,550.0701152704887,550.1700832591475,1305.1249620831547,1332.58071482623,2021,p90
Secondary school or above,58,24,11187,19.407830499932153,3250.7714013289233,61.303298471440065,31.96567444355055,0,483.031211636783,472.9485377756112,462.8235454678287,462.8235454678287,2021,p90
Secondary school or above,59,15,6246,12.838647596092775,3004.657380723663,0,55.09125840537944,1.665065642010887,734.9422832093884,734.9422832093884,755.4191857914935,754.9733467785959,2021,p90
Secondary school or above,60,23,10338,19.48473589176638,3208.097681692139,231.22412458889534,202.3868253047011,0,495.32731488677916,529.4270406959379,506.40909809322716,506.40909809322716,2021,p90
At most primary school,14,52,47261,40.807797793461475,153.61764104300232,30.712426736632743,0,13.235014070798332,42.4228814989719,60.24142637431689,60.24142637431689,60.56646030603907,2021,p50
At most primary school,15,64,54864,48.73244510113421,312.95002187226595,25.311132983377078,0.2717932827840965,0,55.41177860594947,59.52065450936052,59.49445409628143,59.49445409628143,2021,p50
At most primary school,16,46,44850,36.12266181334847,506.3783723522854,169.3340022296544,0.7655146785581569,0,98.92310840022454,157.08885030365107,156.99964429141846,156.99964429141846,2021,p50
At most primary school,17,57,58760,46.262010747751134,579.5306330837304,93.46238938053098,2.978641933287951,12.916950306330838,81.24636275819975,94.06602639578475,93.98525940331335,93.42967693661953,2021,p50
At most primary school,18,49,42228,37.69573504743412,702.2216065170029,76.13822582172966,0.11820750844621263,97.5655962868239,95.33901036129758,102.52109012129786,102.50304510830371,171.77040669909803,2021,p50
At most primary school,19,51,43050,41.52025306507458,561.2093999225707,25.185830429732867,0.2497096399535424,0,79.12859800088408,85.92594077747569,85.88416437094591,85.88416437094591,2021,p50
At most primary school,20,65,53823,46.88677718145326,765.1475391561229,76.3376251788269,0.09274226012423438,19.39691210077476,106.34421113540307,128.12942297031103,128.11936879600893,127.29868596686528,2021,p50
At most primary school,21,49,37397,39.577726709298965,646.5950120776176,12.343236088456294,7.201780891515362,310.5552138763359,93.57579610209466,96.136610835427,97.00244518638574,201.922970477158,2021,p50
At most primary school,22,61,56961,49.51205360962636,864.9565492178859,220.50016678077984,3.8047743192710803,0,99.83518913476888,136.16227246238208,135.65744245254876,135.65744245254876,2021,p50
At most primary school,23,48,43440,37.8431269682287,747.842011970534,103.1403314917127,6.565953038674033,0,91.9238515610913,108.97376496174397,110.15584015825586,110.15584015825586,2021,p50
At most primary school,24,53,48168,41.09156326576588,906.697869955157,125.66797458893872,1.1736699330122349,0,100.11064877001152,127.27503634744367,127.71624376834318,127.71624376834318,2021,p50
At most primary school,25,52,39312,40.710769944856985,897.3283984533984,67.06461131461131,2.97625407000407,96.05886243386243,83.37080666409564,87.68378498962946,88.10045512852798,97.2441589060932,2021,p50
At most primary school,26,48,45165,39.78965735902607,962.217513561386,91.02513007860068,8.42005240045758,0,91.5193225643332,100.946581609533,99.76207962137413,99.76207962137413,2021,p50
At most primary school,27,53,50653,44.26169526534119,809.7350798570667,72.08220638461691,6.192459808237749,53.5585256549464,101.18412604279682,109.92804799435794,110.63425536331886,120.59835780852984,2021,p50
At most primary school,28,48,41466,39.21786291589013,1036.1101866589495,85.70190035209569,70.65839081014164,33.51661602276564,115.22473814710455,121.56447502489587,123.98006376159285,126.86567222663699,2021,p50
At most primary school,29,56,53559,46.41097276875622,1073.285516906589,60.64218898784518,13.68237986768486,78.54627606938143,116.30896122995345,123.8016319729164,123.79412733459206,154.803213101944,2021,p50
At most primary school,30,90,79655,68.24429291615952,1081.0849664176762,78.80803464942565,8.077040570794885,25.24650053355094,102.243850284862,106.71872185136641,109.38329392726766,110.44514869337345,2021,p50
At most primary school,31,51,44619,42.18718340225715,1126.760557908813,91.62576480871378,78.77862196224329,50.56142002286022,138.76923929414022,143.2942990905848,151.3196784611508,168.40241849857523,2021,p50
At most primary school,32,52,50293,39.872888558814644,962.3873103612829,59.942437317320504,9.230989733495052,0,124.76597474122539,129.50540433127367,128.66730317284444,128.66730317284444,2021,p50
At most primary school,33,52,44414,39.432826278089344,1277.5932138514884,70.72454631422525,133.582691643776,21.394665345761847,143.58267790710934,144.6149277086045,259.17971596977185,258.25550104446376,2021,p50
At most primary school,34,57,52504,43.60413964017359,1205.638662451115,167.32601325613285,23.811233429833923,6.036111534359287,120.19133365310685,147.01453516937744,148.57353936510862,149.07511591629216,2021,p50
At most primary school,35,79,67442,59.52099953518269,1014.6701363146605,123.87626404910887,77.59971531093385,48.86915176497336,111.0811282851315,124.56471226672355,125.7997276313623,129.2928962600498,2021,p50
At most primary school,36,58,51843,43.71819488410435,1092.760867748137,100.81185502382192,101.15075002089642,52.79073356094362,136.6044286338785,139.32737530974148,144.37532499146266,153.600502370023,2021,p50
At most primary school,37,61,50775,46.48965543655915,1064.7019136714262,129.23613983259477,163.98685376661743,380.12361726571476,119.7589950638877,134.6890543647315,224.43924826582145,314.8727145323242,2021,p50
At most primary school,38,59,47076,46.14452095209036,912.6810405868524,148.06175121080807,39.90916284306228,69.65332653581443,87.75089517470903,105.7949063001612,101.02759990962659,99.3349028018945,2021,p50
At most primary school,39,62,57647,50.060229649907185,964.6835972961877,161.40978715284405,8.13239775414737,36.388710600725105,115.51378878850562,137.80481778362022,137.52999067862407,140.4313000220229,2021,p50
At most primary school,40,86,74045,63.19511957678998,987.9603394332274,138.1748261192518,18.729252481599026,188.1524748463772,87.1545633210679,106.47831618866589,106.90047397078887,192.45497564362594,2021,p50
At most primary school,41,40,27951,29.99089710724257,1326.0259024721834,107.14536152552681,34.73638390993763,0,184.99803927353096,196.63269663767974,200.23668893827292,200.23668893827292,2021,p50
At most primary school,42,64,50876,52.46730119306439,1043.5911824828995,91.15781507980188,18.517539376785386,13.079513588594493,106.43641030273616,105.01988672665857,105.0870779106569,104.85779012761192,2021,p50
At most primary school,43,47,42780,36.08647511101137,1295.264079788063,141.5612435717625,100.68285413744741,31.86725884369643,164.10052120264405,175.86583918896252,169.73607741486222,170.28670188062472,2021,p50
At most primary school,44,53,41407,43.2357085205461,1122.071582099645,214.20653512691092,165.7909089445424,14.635206607578429,131.97348213930255,194.16132109140048,222.50821616147385,221.63536989969165,2021,p50
At most primary school,45,50,41292,41.25332625546476,1071.1493025283348,123.11755303690788,31.293793793793792,146.50038748425845,133.3166499504349,136.0402384383566,134.41593750377572,184.86182144575002,2021,p50
At most primary school,46,44,33248,33.81872143925504,1225.7871601299325,122.39713666987488,167.52955064966315,277.9357956368303,127.04574300609735,142.61138430190695,163.04285401919896,286.6767738276203,2021,p50
At most primary school,47,47,36074,35.923064178148195,981.9598880079836,86.11664911016244,64.31940825340504,180.20589159320656,137.93242854832548,136.81953464999737,151.92335899890085,195.4642741090844,2021,p50
At most primary school,48,34,25857,25.11833709434642,1123.3462118575242,92.7810650887574,7.364543450516301,92.90118729937734,200.98982855313542,218.97897661748175,220.83985083409726,222.92537658790337,2021,p50
At most primary school,49,38,34769,28.19484177261024,1244.7620581552533,69.43325951278437,25.288954720200945,184.11041444965343,213.65851483599837,216.1287772631703,214.70076141247495,279.66530123650915,2021,p50
At most primary school,50,55,44918,43.131454406470866,879.8465203259273,81.94187185538091,39.05412826335396,64.1913041542366,100.6878988460858,107.27095412872222,106.3107263323323,110.09264411007948,2021,p50
At most primary school,51,34,25654,26.5538134487767,1059.7225254021466,78.44877991736182,30.870462046204622,88.46659390348483,117.45320089889361,136.5209645499253,136.46675270123112,139.5273415816935,2021,p50
At most primary school,52,28,21570,20.17593721111173,939.5915159944367,124.30458970792768,38.710477515067225,377.96708391284193,127.72328648090696,142.02406597124323,142.0877902821843,277.3551924269572,2021,p50
At most primary school,53,30,26290,21.716040233818998,993.4211487257512,66.79650057055915,84.82756434639279,126.88474705211107,187.17363785197983,185.18377551089463,184.65054369550074,214.27926515903783,2021,p50
At most primary school,54,29,20224,20.512662166364084,1042.556368670886,50.23116099683544,24.376153744725737,87.7254746835443,229.87131221687454,245.11872358320605,243.47838259879512,276.6831199331771,2021,p50
At most primary school,55,37,28354,28.03254420930724,1015.1957043097975,47.451329618395995,45.76309045167055,6.030895111800804,168.67235239076058,173.63972852672018,169.31046130825243,169.72490278527854,2021,p50
At most primary school,56,38,28094,29.76141242200322,1127.3233667924349,112.38164732683136,18.793158681569018,26.866353432524146,159.72431636883994,167.81462694996756,170.17525901051172,168.66848314112553,2021,p50
At most primary school,57,42,36415,33.1542853663973,888.9892260515355,72.68460799121242,61.575243718247975,58.22692114055564,162.32975498993898,167.8158906037541,173.65530703607166,177.16580003962318,2021,p50
At most primary school,58,32,28982,23.691024656813433,790.4354081843903,56.44796770409219,49.69952614266326,11.062038506659306,125.95327981981187,127.22990635633373,130.18919928924305,131.85569010097817,2021,p50
At most primary school,59,32,26477,22.902106359981726,916.146592640153,57.76900706273369,319.0289685387318,45.96631038259621,166.26830796672246,174.09697400493775,238.24270208081487,244.8216054994401,2021,p50
At most primary school,60,47,41605,37.18054866748846,842.2091094820335,98.98629972359092,96.69050194287546,41.73027280374955,117.09812426302231,127.23581207233262,143.90583001046184,148.20053922539114,2021,p50
Secondary school or above,14,15,12683,12.579787815165316,196.86194118110856,0,7.16707403611133,0,123.6727567868384,123.6727567868384,127.00375727260325,127.00375727260325,2021,p50
Secondary school or above,15,22,22262,15.261040510700198,220.75869194142484,4.341029557092804,0,0,133.49984332462967,133.90298014795172,133.90298014795172,133.90298014795172,2021,p50
Secondary school or above,16,28,25720,20.76399195176786,340.6802099533437,16.841368584758943,4.782270606531882,0,112.26313937797534,120.24460995533,119.89716096550545,119.89716096550545,2021,p50
Secondary school or above,17,34,28936,25.55381608781879,464.9338194636439,39.399018523638375,0,0,126.3463676431671,136.27833080743596,136.27833080743596,136.27833080743596,2021,p50
Secondary school or above,18,44,32045,32.72057130754284,566.0377594008426,29.809330628803245,11.552504290841005,42.68996723357778,115.62318704856025,120.06991643281617,119.867811953994,121.49879559700246,2021,p50
Secondary school or above,19,45,37814,31.632564844941214,556.5516739831809,56.538980271856985,0,0,120.60281492157495,132.34174486985842,132.34174486985842,132.34174486985842,2021,p50
Secondary school or above,20,57,46469,47.39363431320186,759.9189423773556,44.25100604704211,0,0,113.02662293227534,116.99857617115794,116.99857617115794,116.99857617115794,2021,p50
Secondary school or above,21,49,37464,35.49311822819974,628.455290412129,8.630285073670724,0,0,108.49535884213877,109.30341698533803,109.30341698533803,109.30341698533803,2021,p50
Secondary school or above,22,45,30198,36.568127043154455,667.8041592158421,31.305384462547188,23.06775283131333,52.251539837075306,116.93922626156349,123.06676852102702,123.42795530526479,125.33502800110834,2021,p50
Secondary school or above,23,48,37129,36.845055208009015,876.8954186754289,22.7223464138544,9.933834289459272,1.7407776490972915,116.30613038315138,118.89189961653946,119.5712841258172,119.56028154476368,2021,p50
Secondary school or above,24,40,31674,31.646511876152783,1118.0201637515522,19.192397550041044,24.373303024562734,36.432089410873274,178.03710795379777,178.30861115299544,175.7656722523835,173.07484794515702,2021,p50
Secondary school or above,25,53,37217,39.239515125912035,1105.185699187647,73.11443695085579,3.7948607715112272,141.27168587831724,147.19032091889395,171.74278935818884,171.6554960096251,219.27730113578482,2021,p50
Secondary school or above,26,35,24883,23.58767967469646,1167.8057308202388,88.14532009805892,5.774826186553068,10.384599927661455,193.51163087120105,215.03072181073566,214.11223169272378,216.88159012395795,2021,p50
Secondary school or above,27,42,33655,30.889556364161965,1241.58610904769,85.73733471995246,8.93131283117912,34.27425345416729,169.78250168604703,179.7782604249747,180.65299684742885,182.52600999199535,2021,p50
Secondary school or above,28,42,32786,34.1591138601965,1445.4913174322373,69.25321783688159,22.890613879908095,11.513328859879216,132.3986870759259,140.98869247382214,139.04320671743662,137.9982299723626,2021,p50
Secondary school or above,29,32,19951,22.948555741206377,1441.9730005179356,89.78231667585585,11.583379279234123,141.60693699563933,211.90822017182575,212.45717377503965,211.9858389316387,217.47687343660047,2021,p50
Secondary school or above,30,43,24312,32.909127959533144,1554.5883959910059,86.30696775255018,34.68232422946144,38.86969397828233,145.10817943434674,152.59914266385388,147.8500906945788,153.23100593677987,2021,p50
Secondary school or above,31,36,31593,25.458620067205384,1144.9028160246467,62.860696989839525,80.15409531647306,33.445172453813605,220.57798700343835,229.60407702852584,229.62949499974332,230.0991101879793,2021,p50
Secondary school or above,32,31,22719,22.204429761551648,1355.8797188843405,59.16259518464721,37.71292750561204,148.31198556274484,184.38673507469687,192.65334496135077,199.8956143546815,218.36841801985594,2021,p50
Secondary school or above,33,22,13953,14.598562385905502,1571.7936047206097,40.70020784060775,27.234286533362003,0,277.7274935706926,283.7167867317211,276.28615710468557,276.28615710468557,2021,p50
Secondary school or above,34,23,16334,17.72387564142866,1144.3804334516958,50.641300355087544,65.05652830496716,0,233.52893328462625,230.60242611952992,227.0813822735741,227.0813822735741,2021,p50
Secondary school or above,35,19,12141,15.614138092080948,1590.5670867309118,130.5180792356478,54.292891854048264,0,197.89917634395235,224.47951180270553,218.97403553790195,218.97403553790195,2021,p50
Secondary school or above,36,27,25804,18.408267915459025,1105.5092233762207,52.73310339482251,85.96438536660983,10.721851909264712,204.94710292516376,219.79138050358793,206.07972876254485,205.75699490978982,2021,p50
Secondary school or above,37,17,10841,13.120396967893525,2307.2856132583092,138.241398394982,47.95990529778926,108.97518679088645,423.7084958127609,444.7149129072224,435.9085050264052,422.91256343204844,2021,p50
Secondary school or above,38,19,11984,12.600903828258241,1617.7999833110814,123.1813251001335,113.90186915887851,511.68224299065423,335.36522495784055,343.03625219166736,409.01980463245354,538.3781657623524,2021,p50
Secondary school or above,39,22,13126,16.460634013649116,931.4536035349688,39.046167911016305,88.09741480014222,29.414901721773578,227.54268627530678,232.33929574382458,238.668533006818,245.81588825060467,2021,p50
Secondary school or above,40,24,17579,16.26296538947309,1213.6080929897414,121.36469651288469,157.10886095151412,138.48294366384133,264.9766682683912,301.24307790229284,311.37892993489527,356.48995790377904,2021,p50
Secondary school or above,41,19,13467,13.73360447647436,1834.6164698893592,152.95908517115913,50.73513031855647,864.4464245934506,185.52183414010983,201.90805419641157,194.61244988291568,711.5573533694969,2021,p50
Secondary school or above,42,15,12418,10.719576429749795,1984.3335480753744,147.5140924464487,17.085413646856715,0,233.5142883965427,217.05576103456463,218.3380632636392,218.3380632636392,2021,p50
Secondary school or above,43,16,12000,10.930732102482294,2152.0044444444443,93.63833333333334,25.595138888888886,22.23,401.8149120816857,415.24796277583283,412.1039612400051,410.3037762272899,2021,p50
Secondary school or above,44,10,4557,7.704737989735301,1337.3710774632434,76.66008338819398,234.07212347304514,0,376.1153345565442,367.95447295221464,434.02505067530706,434.02505067530706,2021,p50
Secondary school or above,45,9,6314,5.344696822429104,1662.4247703515996,10.40544821032626,0,365.8536585365854,256.74946762343393,249.24614372440132,249.24614372440132,544.9160734934056,2021,p50
Secondary school or above,46,8,5211,5.111076541015348,1437.506556642999,91.40088274803301,73.79005948954135,0,496.2704850521828,505.7098395685617,506.7605464964528,506.7605464964528,2021,p50
Secondary school or above,47,8,4986,5.357373657704019,1707.1399919775372,77.45687926193341,198.7665463297232,0,486.83926865624204,453.1518366135306,360.8859467834674,360.8859467834674,2021,p50
Secondary school or above,48,11,7404,8.256749107815526,1361.7774176121015,8.6709886547812,35.73743922204214,0,315.71032036554885,314.7498811052516,357.41561071522085,357.41561071522085,2021,p50
Secondary school or above,49,4,2927,2.999427935445631,1855.1417833959686,155.6200888281517,0,0,513.4843172670197,559.4813003139794,559.4813003139794,559.4813003139794,2021,p50
Secondary school or above,50,8,6617,5.886956061093552,1144.0308296811245,0,0,0,385.23298855373184,385.23298855373184,385.23298855373184,385.23298855373184,2021,p50
Secondary school or above,51,5,4670,4.141269020226211,1754.557458957887,188.98072805139185,450.6423982869379,0,513.1740042340645,571.2699468049451,935.0322616540163,935.0322616540163,2021,p50
Secondary school or above,52,5,6155,3.2705374274016537,1044.714865962632,48.708367181153534,166.9916057405903,384.63038180341186,664.7075192464745,640.1571005168041,613.9329253460386,563.612884552494,2021,p50
Secondary school or above,53,3,1080,2.907292658487829,613.8888888888889,0,0,0,534.0480197642136,534.0480197642136,534.0480197642136,534.0480197642136,2021,p50
Secondary school or above,54,5,2335,3.3082865760829003,1498.8865096359743,0,212.14846538187007,0,359.7403274525708,359.7403274525708,337.0352630931564,337.0352630931564,2021,p50
Secondary school or above,55,4,2140,3.4285680061210524,960.0467289719626,116.6822429906542,169.7196261682243,0,759.7351966131575,715.3810914649918,666.1530843037094,666.1530843037094,2021,p50
Secondary school or above,56,5,3301,4.279172738900428,1284.0957285671009,37.70069675855801,1139.0063617085732,0,393.54771097914596,416.46998181644994,925.7741545298951,925.7741545298951,2021,p50
Secondary school or above,57,3,1816,2.600307824287841,1421.3656387665199,0,0,0,622.438151753027,622.438151753027,622.438151753027,622.438151753027,2021,p50
Secondary school or above,58,4,1697,3.5319261925640664,1117.678255745433,164.93812610489098,210.72480848556276,0,664.263912065598,775.1312995689667,685.3219638651188,685.3219638651188,2021,p50
Secondary school or above,59,4,1908,3.642744357968088,567.4213836477987,0,0,0,97.0100007329635,97.0100007329635,97.0100007329635,97.0100007329635,2021,p50
Secondary school or above,60,4,1770,3.9435821910048716,1643.2203389830509,0,1119.09604519774,0,520.022451810284,520.022451810284,646.9216012974898,646.9216012974898,2021,p50
