education,age,n,weights_total,n_eff,avg_labor_income,avg_add_labor_income,avg_no_labor_income,avg_remittances,se_y1,se_y2,se_y3,se_y4,year,sample
At most primary school,14,48,49631,45.36102841399846,442.6391301135715,22.377445548145314,22.283972382852113,0,79.4155911907761,83.37132782212146,87.54254241597337,87.54254241597337,2019,general
At most primary school,15,66,65257,60.610278541983334,498.129396080114,61.34912729668848,16.248703842755052,0,71.71924043104224,78.77766989349846,78.35959626059476,78.35959626059476,2019,general
At most primary school,16,66,63423,59.52901687349857,466.45724737082764,18.379136906169688,16.216514513662236,0,72.04991195119747,74.6974391000315,79.118920501234,79.118920501234,2019,general
At most primary school,17,82,78692,74.90383732560426,829.4404767956082,69.46354140192142,23.221759094528878,0,81.3324208750151,91.0748076616122,92.99117662185137,92.99117662185137,2019,general
At most primary school,18,90,84873,82.08820739840732,971.8618995440246,44.62526362918714,0,0,97.96580315288571,98.71122106020354,98.71122106020354,98.71122106020354,2019,general
At most primary school,19,86,82783,78.04116425739606,967.2209189487374,103.17673918558158,43.16476007553886,0,100.6746261247325,118.7256003031198,124.22953839185088,124.22953839185088,2019,general
At most primary school,20,76,70438,69.36382478612464,1080.0704638594698,103.45992220108464,11.329112126976916,0,93.40856805939572,110.0315474560045,112.40683294192175,112.40683294192175,2019,general
At most primary school,21,62,57460,54.594457948803054,1164.2689378118112,82.457361642882,0,0,138.4470928797888,147.23516039242816,147.23516039242816,147.23516039242816,2019,general
At most primary school,22,78,71500,69.72759475649033,1252.1196829836829,44.68377622377622,19.874032634032634,0,102.12081950049829,106.33653312410024,105.81489921473222,105.81489921473222,2019,general
At most primary school,23,107,99732,95.18688266397015,1304.8548476583912,87.61699354269442,77.12344082140136,0,110.21399931217847,117.25207784982335,124.93421660231604,124.93421660231604,2019,general
At most primary school,24,81,69842,69.38199189025632,1274.4680039708676,107.72271698977693,34.63191918902666,84.93981653828165,132.31618640256417,142.12143299070436,144.3265478846727,144.35768632467904,2019,general
At most primary school,25,69,58047,61.619023374125824,1391.5965108733728,43.65858700708047,29.13595879201337,14.1221768566851,164.96675876673257,168.26378401778913,170.45173721664673,172.08883286257617,2019,general
At most primary school,26,59,53835,52.168981375187265,1367.3863100213616,47.26664809139036,41.19485464846289,0,230.69009654301485,230.5030826664994,229.49770054704715,229.49770054704715,2019,general
At most primary school,27,77,67248,66.19936690460784,1286.0673526845903,60.97475017844397,31.369966393052582,12.714132762312634,122.88658505249467,121.88211842769554,123.93408563594829,123.64301908047362,2019,general
At most primary school,28,74,65766,65.1656095780984,1468.5229044389705,72.06489675516224,15.47623392026275,0,149.59853003062713,151.2692762640483,150.67245169751772,150.67245169751772,2019,general
At most primary school,29,73,64720,63.083904510654214,1638.3470488257108,63.88550679851669,20.783065512978986,0,152.88914913300624,153.53704875284512,152.85451799228724,152.85451799228724,2019,general
At most primary school,30,122,108923,108.91867317188459,1454.2532522974946,47.203253674614174,79.69098965936182,0,100.99779886521343,102.91956962052697,109.49514918407183,109.49514918407183,2019,general
At most primary school,31,61,50032,51.766903111224345,1864.8084825711544,51.483050847457626,63.859296716767936,38.679245283018865,204.33232386853786,207.6831786118126,207.42615604691773,206.24181896892236,2019,general
At most primary school,32,87,73493,74.52097329100192,1566.5969344019159,48.14635407453771,117.07922976791441,0,156.57785245781403,159.95931884297977,160.01298695853433,160.01298695853433,2019,general
At most primary school,33,64,57536,55.599495545444846,1362.8060924175008,54.86982063403782,25.823832035595107,7.708217463848721,195.77617408330022,196.01682449993666,193.62244608707613,193.2601968528255,2019,general
At most primary school,34,81,69018,70.8182390800696,1639.3785823987946,20.957895041873133,29.787881422237678,23.286678837404736,169.88660799679363,168.84319675108932,167.62989765897353,167.30127027219908,2019,general
At most primary school,35,121,100744,107.70458521999039,1864.612139019032,67.35016477408084,36.98971320045528,47.72625003308716,183.93273892394367,185.7058432899118,186.33708550657354,186.66896516298272,2019,general
At most primary school,36,84,70090,73.1884342977785,1894.2230132686545,20.02025966614353,55.87411423407999,60.61449564845199,203.1866466370905,202.94578289160572,200.8716938861106,201.1385512533186,2019,general
At most primary school,37,91,76294,79.1170520504629,1929.8603559912967,76.68047290743702,77.07864751269213,0,190.2515441253776,201.63022660264556,216.09188446192047,216.09188446192047,2019,general
At most primary school,38,115,90296,97.13477619884262,1947.2890087416204,37.01946930096571,65.66179564986267,3.162930805351289,213.96783825527876,214.22086464041757,215.6769492740534,215.61670208089805,2019,general
At most primary school,39,87,78646,75.25221376333477,1829.5640507251906,93.87953614932736,48.02850748925565,95.05887139841823,190.414537401426,191.3571786308007,193.1413789706457,213.78579392344815,2019,general
At most primary school,40,154,134532,135.3536132950576,2195.8561123004192,32.29447269051229,69.33102657112558,51.4022686052389,235.22865176016276,235.2858933836103,236.31307049971295,239.5281450729039,2019,general
At most primary school,41,71,59123,61.69605514774763,2127.712554053978,75.45253116384487,90.18912549543607,41.15149772508161,219.5836520311752,225.97596499265646,223.25609361838258,226.80947443256466,2019,general
At most primary school,42,108,86924,93.15104742970148,1830.0296350835213,64.73770190051079,90.24786978663354,25.946037151227888,151.07388101507135,154.17314883812105,158.47905418832363,158.79610251529087,2019,general
At most primary school,43,87,72044,75.34894066867759,1842.4407167841875,59.90380878352118,61.02867691966021,6.017156182333019,166.60513179341976,172.51561220943591,171.02429557309432,170.7370352023386,2019,general
At most primary school,44,63,52805,56.47799029464312,2074.121162768677,62.037023009184736,85.48836442256099,40.14771328472683,275.34678730628656,279.3015312975978,274.63881510363774,281.1704254959599,2019,general
At most primary school,45,120,94947,104.44806685810562,2017.3168293890276,21.711481142110863,60.44389677047897,45.58802981312382,175.76961707007393,176.05983857659925,179.79622175630945,183.4627035471674,2019,general
At most primary school,46,77,58534,67.77260003721904,1921.4215470211045,67.04342775139236,72.88553091650438,0,188.12393463865564,187.20152358663856,189.7392941830155,189.7392941830155,2019,general
At most primary school,47,72,59660,62.37471574617413,2408.721812493016,51.43848474689909,63.67298022125377,45.79114984914516,285.47223055829113,285.45803113506906,282.13399206339074,280.0430925963123,2019,general
At most primary school,48,93,75697,80.60428654574459,2241.4857127759356,58.75080914699394,82.25050750580165,77.9079752169835,393.0448526979096,392.8361473987936,395.9578472314609,397.13789270761356,2019,general
At most primary school,49,83,67354,70.39984423323587,4153.717556987459,69.98233215547704,201.72848556383684,0,1710.5911448627055,1709.7725393668177,1795.0607928951977,1795.0607928951977,2019,general
At most primary school,50,124,106748,107.7284145549596,2015.2359669502005,29.552216434968337,51.59597057243852,0.6087545746368395,223.3687857558487,223.89616886664825,223.02897055837556,223.0228747478106,2019,general
At most primary school,51,42,34102,35.86578865965869,1768.4337135651867,42.65673567532696,47.05619416261021,7.719488593044396,253.5493469067211,251.82317673884546,252.61438051982887,251.30770283191228,2019,general
At most primary school,52,79,59760,66.51429764273271,1833.2844991075413,34.27225568942436,17.31892012494422,19.200133868808567,172.53318320550366,173.68165036076846,172.38838698191844,171.04850837730203,2019,general
At most primary school,53,81,67072,70.03580125062852,1574.0246998250636,58.560353053435115,68.81296715966921,0,152.05519898837335,153.69543069590858,155.67475481474747,155.67475481474747,2019,general
At most primary school,54,73,59823,64.75450539139379,3417.4139238531443,14.059642612373167,190.3949985791418,60.41990538755997,1302.813282343741,1302.779825784904,1372.5960907101378,1371.4536846970188,2019,general
At most primary school,55,79,64022,68.72822021889988,1690.7346485062428,35.96376245665552,82.03523788697635,67.48617662678454,208.02130914037883,207.76322530816932,208.20236479063908,206.2101591225502,2019,general
At most primary school,56,61,49325,54.8775425789717,2424.9805203581686,49.67095793208312,33.083797938841016,143.07653319817535,288.5137457078736,290.34309232939313,287.9168415373356,313.7812672150157,2019,general
At most primary school,57,67,53667,58.76177762123278,1856.8074794566494,63.707678834292956,126.35604747796597,48.82888926155738,181.50007715183645,185.88114876824025,197.57179513514234,200.37745527524353,2019,general
At most primary school,58,85,62841,73.56944752278231,1890.5471693109064,143.6474594611798,33.74044546288782,65.47821751192161,288.44891953629264,295.11975950674986,294.0319149620011,292.243791634668,2019,general
At most primary school,59,55,41402,45.94102226775607,1818.411316683574,19.014781894594464,110.93689515804388,256.0514387388693,246.8561352998791,248.6644113323305,285.8150763609053,297.8920984338941,2019,general
At most primary school,60,80,66936,67.43009042143241,1904.4312875981038,19.95422493127764,101.41940311142983,9.442318035138042,277.28528013846983,277.5738079001658,278.5080490935253,278.7222630810784,2019,general
Secondary school or above,14,35,32887,32.06627515870668,342.73340022906723,33.23957794873354,0,0,80.23667704270058,92.8780424741877,92.8780424741877,92.8780424741877,2019,general
Secondary school or above,15,61,55355,53.4328545328241,402.19250293559753,33.620178845632736,4.9801282630295365,0,77.92252926089864,84.30814986721951,84.92900155770991,84.92900155770991,2019,general
Secondary school or above,16,65,59248,58.04782631213791,514.3973917544333,23.438765865514448,3.9292465568458006,0,103.98890933188221,105.12501957246455,104.83647260039454,104.83647260039454,2019,general
Secondary school or above,17,115,99522,102.67409960352109,889.2467712331612,37.05502300998774,10.439316600014736,7.4053978014911275,100.77518168809362,102.72079065096692,102.58277575231551,102.0913777453284,2019,general
Secondary school or above,18,134,112115,115.29740056357689,1191.031909943659,64.2350532934933,4.3861808559663436,0,120.25637771226978,123.91391200771709,123.78324567622371,123.78324567622371,2019,general
Secondary school or above,19,186,145220,157.61674003009216,1549.3940940182713,79.25445530918606,34.32711288619566,8.28398292246247,111.45060861754598,114.50738406713597,116.06427908203085,117.12636904630797,2019,general
Secondary school or above,20,223,172439,188.08702718385928,1758.4477080784122,43.026067188976974,28.692445831086165,22.16629262135209,112.67089363921895,115.73082774192218,115.70871498204754,117.88865208842968,2019,general
Secondary school or above,21,169,124363,142.32741416395658,2118.0534229098153,43.6377379124016,29.75261934819842,27.395608018462084,121.8020754119121,123.668798719166,123.45522211597901,126.0024248848064,2019,general
Secondary school or above,22,189,141913,159.55246851107864,1858.3636594251407,63.71063961723028,13.157169063675163,13.840404567117412,115.08970026082524,117.26418396247661,117.10693487218113,117.316187882101,2019,general
Secondary school or above,23,185,130845,155.41328767815304,2380.8880169921154,35.959501700485305,6.774555135210874,24.33540958131122,135.74492166736,138.08038053595047,138.2327962718431,137.4632130811329,2019,general
Secondary school or above,24,190,139251,160.64432465026974,2703.16188752684,46.263516958585576,68.80190686841267,28.702367188266752,171.01401395628716,171.72051907741448,173.61609663035281,176.89382970337266,2019,general
Secondary school or above,25,218,157447,182.84023728085415,2698.0216617867177,43.52593571169981,50.914725801910066,19.092138941993177,134.10636085579347,133.23790502337783,133.989655563582,135.21008242733322,2019,general
Secondary school or above,26,170,123113,142.50551640128094,3304.2060004494515,75.94998091184522,52.65877689602235,2.616891257083601,255.28188820281247,255.444035700359,253.53680138738616,253.30395528353898,2019,general
Secondary school or above,27,161,110524,132.68913655630806,2987.6120148866607,78.48001339075675,70.8342381141954,5.770089151074275,213.4686169106021,215.36291412996243,213.6002113948187,213.7344427295265,2019,general
Secondary school or above,28,165,113907,137.6310186035705,3009.2738783978743,39.740665630733844,35.653436575451906,4.1802376792763685,173.60941778842843,176.4185920201172,184.60305646318122,185.41837238367256,2019,general
Secondary school or above,29,146,98399,121.93313618736589,3824.9513324999916,49.71026128314312,46.91032767948183,13.390786491732639,643.0983548373669,643.8118786899751,643.2351270640396,643.2391121367071,2019,general
Secondary school or above,30,190,131632,157.17405142915499,3648.0372813348326,37.4048103804546,108.98818929540943,33.92918641870265,244.4555771419638,246.58942734077536,250.68388910623946,253.224597997796,2019,general
Secondary school or above,31,123,83983,104.13421332153337,3717.594303807517,42.81104509245919,64.81619295968629,12.83593108129026,364.0805014313596,364.1939643510764,369.42955211191975,369.69098229037115,2019,general
Secondary school or above,32,128,82088,105.56918576094029,3931.9440052139166,26.372380859565343,33.27599649157002,13.592193743299873,313.4753707109556,313.37699279597916,312.990792419822,314.0812266290668,2019,general
Secondary school or above,33,132,89697,110.3971097809755,4130.177900784493,48.91635171744874,41.35682724431512,4.487329565091363,756.1747963496758,756.3567788382252,760.4815451846468,760.47178086097006,2019,general
Secondary school or above,34,124,83526,101.89481194993745,3536.9172872319195,38.64387136939396,71.74652204104112,44.10602686588607,238.3174561314471,241.38980938905163,243.55286728650572,247.63263785159955,2019,general
Secondary school or above,35,125,80405,104.08417842294479,3876.0842402006506,51.37590945836702,23.954356072383558,0,263.5590500382549,265.26575853397594,265.025683256948,265.025683256948,2019,general
Secondary school or above,36,124,78719,104.32194309816231,4418.793535656364,16.180337656728362,24.392078151399282,0,523.0312975143562,523.1759164130378,522.836349338766,522.836349338766,2019,general
Secondary school or above,37,103,66507,85.12385300399366,4834.833062685131,33.429187905032556,133.98933696202405,41.90536334521178,443.7016073935481,445.140731500706,448.3574712376853,454.26549525672596,2019,general
Secondary school or above,38,135,87985,110.72687250188679,4708.847021272566,27.05608910609763,135.1056051220852,32.88382489439488,784.2975838647535,786.3258661319569,787.4176757117411,786.9147104602994,2019,general
Secondary school or above,39,91,61124,76.88853458958121,5225.707321728508,134.35933512204699,194.71421482014705,51.66083153371289,937.4857355431279,939.6997129172923,974.5540891229026,974.1713544532681,2019,general
Secondary school or above,40,138,83097,116.01458882178072,4557.927845369468,100.37982117284619,268.6044622549551,12.881427729039556,292.28565312071396,295.87741896976587,325.64818268387364,326.545435392216,2019,general
Secondary school or above,41,62,39000,48.85030282370167,5224.15182051282,81.58707692307692,185.36952991452992,10.976410256410256,518.9576860288112,534.3777505474812,541.2744891789932,540.0731695054293,2019,general
Secondary school or above,42,113,69805,91.62637904127104,4364.372575985483,23.91304347826087,71.7852111835351,7.8389800157581835,280.89849545580176,280.9760496937158,278.0558861229054,280.77882098745437,2019,general
Secondary school or above,43,67,38072,53.24393393460682,4452.642348707712,43.27589829796176,28.396196679974786,55.28200952581074,373.52718328206555,372.17872966088106,372.9073308348884,371.14862133788745,2019,general
Secondary school or above,44,59,39373,50.27555223361605,5138.401061641226,95.89007695628985,35.7303333925956,5.211693292357707,654.8997071942445,690.0537389210317,696.4220373707961,696.2819029410548,2019,general
Secondary school or above,45,114,72098,99.20751508928564,5176.080745420585,42.93919387500347,91.21750025428352,6.981853403238185,368.6516084604695,368.04050392643103,363.9141932219356,363.5413404315691,2019,general
Secondary school or above,46,71,44060,58.85022668123813,5030.265093054925,2.4058102587380845,76.7379709487063,61.90649114843395,456.7056024091019,456.70273697485516,469.1404160819722,477.04609822069654,2019,general
Secondary school or above,47,62,32566,53.103713699584254,4564.113216237794,14.634281152121845,48.104362422976934,20.69643186145059,462.84339861784935,462.98137411548913,467.30977423936963,476.2869889533981,2019,general
Secondary school or above,48,68,40828,55.08734639048751,4545.386781130596,49.78299206426962,207.6230364782339,0,811.2682806861993,809.9292404182148,813.5881940187911,813.5881940187911,2019,general
Secondary school or above,49,44,28881,34.31401141071315,3329.6761769560153,39.300162736747346,65.03410546726221,52.30878432187251,511.97968410670285,512.5860735364512,528.6896636220686,527.6431392630217,2019,general
Secondary school or above,50,70,43264,58.05955695202088,5815.029346955128,40.5624075443787,45.938886834319526,2.661951429980276,905.1693204045464,903.6611456863726,902.9895213723963,902.8174878420757,2019,general
Secondary school or above,51,35,21008,30.368124345965477,6074.814951447068,74.762947448591,11.590822543792841,20.934881949733434,1260.3602445472427,1257.5687282084677,1257.6046547134122,1254.934919420253,2019,general
Secondary school or above,52,55,34285,45.0497099994531,3708.0336347285015,27.539740411258567,266.2009625200525,48.826017208691844,360.546895992498,363.49185138112887,355.23364942025086,363.1250197974456,2019,general
Secondary school or above,53,62,38617,51.599904493619825,4900.890216743921,29.636688505062537,466.2635626796489,9.607167827640676,701.6679868154777,702.0682337408978,838.9920442602703,837.9774647023352,2019,general
Secondary school or above,54,47,27457,40.05562345548183,6230.08959463889,12.128054776559711,217.8679389590997,34.31547510653021,1207.5834552625083,1206.4264189701664,1220.055740180444,1218.101261917237,2019,general
Secondary school or above,55,40,27957,33.84648588130105,4879.76957470401,63.02178345316021,192.25746682405122,11.711557034016526,990.1331175521526,989.0369922997658,998.7725881813254,1005.3117858544265,2019,general
Secondary school or above,56,39,26272,30.893634582137107,4219.804151441332,35.37606577344702,193.2995108861145,0,698.9700202535263,697.5117002832392,743.3708884406321,743.3708884406321,2019,general
Secondary school or above,57,33,19927,27.693554235307108,5299.7302738328235,11.316304511466853,368.4155500911661,0,629.2589815305723,629.0561073411513,623.5007176071858,623.5007176071858,2019,general
Secondary school or above,58,31,18207,26.944476446869746,5455.254114717783,19.77261492832427,665.5297413082881,6.590871642774757,629.6826181908883,626.3878300778466,782.3918506148813,781.522102480371,2019,general
Secondary school or above,59,31,17196,26.198147096476966,4916.084515778863,37.39241684112584,239.84841435992868,0,745.0143322586634,748.8007469032648,761.0311152650743,761.0311152650743,2019,general
Secondary school or above,60,33,19080,29.000651794202554,5476.1230258560445,30.766457023060795,115.23542976939203,31.446540880503143,580.8091011666612,579.7643579121285,601.0315370100286,606.1244963832152,2019,general
At most primary school,14,33,33241,30.804401581909016,490.7646179918374,21.07562949369754,4.268699297052836,0,103.18044627443234,108.50440960520812,107.9206510757586,107.9206510757586,2019,males
At most primary school,15,48,47158,43.973693971319896,556.020823614233,36.87094448449892,22.484873545669167,0,90.53167530099635,94.40829810704372,93.53393261753644,93.53393261753644,2019,males
At most primary school,16,44,40632,40.01971374462975,585.8475585745225,0,25.312561527859813,0,97.28080192226685,97.28080192226685,104.49373332210394,104.49373332210394,2019,males
At most primary school,17,64,61032,58.20284325248093,881.3995936557872,57.965165814654604,29.94112378205968,0,90.7225156558836,97.06318709272944,99.81472908708096,99.81472908708096,2019,males
At most primary school,18,62,58190,56.68599270712422,1111.2542533081285,38.36672967863894,0,0,104.17599464050025,105.37799213695432,105.37799213695432,105.37799213695432,2019,males
At most primary school,19,57,54703,51.739455578159394,1104.3200433857985,54.73886258523299,62.24536740824696,0,118.32186748637304,126.76766009648898,137.89829155910076,137.89829155910076,2019,males
At most primary school,20,46,43500,42.27929470830136,1257.848429118774,101.83356321839081,18.344827586206897,0,118.86417863843657,144.2150973981978,148.50994702618195,148.50994702618195,2019,males
At most primary school,21,42,39303,37.33328205641439,1219.7470464510766,91.97262295499071,0,0,142.85675413310818,160.19679501722624,160.19679501722624,160.19679501722624,2019,males
At most primary school,22,56,50765,50.595053840329136,1289.3488821038118,33.46971338520634,23.32302439344693,0,111.0329439818869,115.54508368368997,114.44342604428148,114.44342604428148,2019,males
At most primary school,23,70,63231,62.043651648806396,1525.7203217830918,72.12098495990891,99.3822913866089,0,137.8780822978934,150.28692612196164,159.1682861882059,159.1682861882059,2019,males
At most primary school,24,52,45173,45.04781687070603,1521.643666201787,107.24636397848272,42.703606136408915,47.897342808019545,179.46194007673984,189.48772883473399,191.80783453513533,195.12172795836753,2019,males
At most primary school,25,53,43264,47.14145673127657,1513.7761110083825,22.638914571005916,30.35445173816568,0,200.1826121605967,204.34837570744543,208.25713007044178,208.25713007044178,2019,males
At most primary school,26,33,30479,29.743938560641226,1826.362708750287,4.189770005577611,62.525837461858984,0,368.0838599830783,367.99076210128266,362.4208449321269,362.4208449321269,2019,males
At most primary school,27,52,46177,44.97226397793108,1517.7600753621932,52.760898282694846,45.684377503952184,0,145.12335510434735,142.23916303731392,144.36732955933135,144.36732955933135,2019,males
At most primary school,28,42,39259,37.5950785388971,1783.1949871367076,60.88540207340992,12.75656537354492,0,211.56479830388906,215.46749205948078,214.58084775665952,214.58084775665952,2019,males
At most primary school,29,45,41873,39.59951427163862,1902.1907752808092,43.866692140520144,12.688446811389998,0,202.47479290798412,204.7781329265711,203.76781942416417,203.76781942416417,2019,males
At most primary school,30,75,68177,67.92449963677714,1706.23892221717,45.5640465259545,110.41600050848038,0,121.05318877327034,123.8031695277277,133.36276190069475,133.36276190069475,2019,males
At most primary school,31,42,37015,36.79755394376137,1940.693826826962,66.03809266513575,41.695934080778066,21.104957449682562,241.3782706971727,246.06454675908833,247.8547825053957,246.1625770066087,2019,males
At most primary school,32,58,49173,50.110070444077856,1802.3763074587002,65.7783743111057,99.52708803611738,0,201.01310796625344,205.6463643374919,204.99256836824446,204.99256836824446,2019,males
At most primary school,33,43,37459,37.44503021177262,1569.750731911334,41.42529165220641,21.765129875330363,11.83961130836381,249.62873688349015,248.69123609003464,246.234670413581,245.32548362745928,2019,males
At most primary school,34,52,44530,45.01120240272709,2067.1617112059284,16.199236469795643,44.92476981810016,6.838086683134965,221.83482892778994,220.09635702067635,215.94716891563257,214.88207018078631,2019,males
At most primary school,35,77,63444,70.76082102457583,1986.0149370573524,61.030909148225206,48.25607359771347,27.772523800516993,160.88754462624945,164.1444122970055,165.7864415892968,167.43710239731394,2019,males
At most primary school,36,48,44547,42.29331876096756,2191.689649882895,14.13159135295306,61.462612521606395,0,292.776425165142,293.2179826586556,287.5854933379076,287.5854933379076,2019,males
At most primary school,37,56,49982,49.390941170339374,2260.581716084457,101.271257652755,109.93734411054646,0,266.07830755137803,284.1550883238489,306.8833007232631,306.8833007232631,2019,males
At most primary school,38,63,49496,54.101366827711374,2539.5017711868973,32.12344431873283,62.90525160282313,5.770163245514789,335.93559949474314,336.1086957121697,335.82088619670816,335.50339048415765,2019,males
At most primary school,39,59,54296,51.567105187528426,2223.8501792642796,69.91270075143657,69.56773979667011,0,246.43606930511987,247.50413771617303,248.3321219113346,248.3321219113346,2019,males
At most primary school,40,112,100804,98.82492701563407,2391.9183944420197,25.0853140748383,85.06449810192717,50.39482560215865,296.23962782858274,296.26717280476214,297.1156842557521,301.7870703053183,2019,males
At most primary school,41,45,39337,39.021340498158466,2396.6038589623,49.05559651218954,85.08660209641474,0,289.7246882188858,302.789779345734,293.9441406079465,293.9441406079465,2019,males
At most primary school,42,62,52194,54.56211102759196,2213.662074823415,41.26719546308005,93.59144090636217,0,208.03175240698675,210.94240308983973,217.62864893536258,217.62864893536258,2019,males
At most primary school,43,55,46004,48.744982362497986,2092.227610642553,39.734588296669855,36.611671448859525,2.0433005825580386,217.19927218410848,223.78042717273794,219.7327348407544,220.05653329936052,2019,males
At most primary school,44,30,27471,27.3856967099206,2740.2074187324815,65.05041680317426,83.67598861830052,0,475.49054080174096,483.6443617783423,476.5368720165413,476.5368720165413,2019,males
At most primary school,45,78,61596,68.70460426414435,2196.162348204429,24.187284888629133,34.535521787129035,30.791718076931403,187.41873334118085,188.1732032162865,187.65534441177067,187.25585616586798,2019,males
At most primary school,46,47,36300,41.37065404684172,2288.2967998163454,19.01818181818182,36.88062442607897,0,259.3226626222279,257.68344861215775,263.48160540165713,263.48160540165713,2019,males
At most primary school,47,46,37499,40.97716812544424,2714.1862005209027,65.0049334648924,46.399370649884,0,390.37409892543434,390.76765238742155,386.3535269347451,386.3535269347451,2019,males
At most primary school,48,57,45835,49.644015770316706,2690.5973673684593,29.093051161775936,79.61419584742373,128.6658666957565,613.8811130912655,613.4577455566306,621.0264158175152,621.1794569587155,2019,males
At most primary school,49,54,45255,45.681896337072644,5609.822612602659,67.00806540713734,200.06250690531434,0,2570.051197750801,2568.794169938237,2699.3839409154234,2699.3839409154234,2019,males
At most primary school,50,83,77744,73.60833343441475,2091.067675104617,19.874974274542087,64.9023290114564,0.8358630033614599,284.21386961896377,284.45428702797244,282.9343776806341,282.92144156838833,2019,males
At most primary school,51,23,20836,20.684870199179215,2021.3813431880717,67.59838740641197,39.15764382159084,0,369.1265091715264,363.5372902633793,363.8522027528969,363.8522027528969,2019,males
At most primary school,52,45,35190,38.0325523112786,2091.3004546746233,32.12418300653595,20.465435256228094,12.85024154589372,210.21570896325662,209.27185350320224,205.19687851452687,205.28088089855655,2019,males
At most primary school,53,54,46672,47.35164504410776,1711.9585547366016,28.534453205347962,43.231202148325906,0,195.69705418035335,199.1204510703613,197.24922762982914,197.24922762982914,2019,males
At most primary school,54,39,33563,34.64134673910974,4678.07266434268,11.055030837529422,293.9114501087507,86.39871286833716,2337.246720310708,2337.386457388098,2464.208818655864,2461.474765428766,2019,males
At most primary school,55,56,46867,49.308773803379566,1901.6106997816516,17.205965818166302,38.432728074480266,90.76749098512813,265.63912379146893,266.11260890879515,263.8869939113506,259.4882199584638,2019,males
At most primary school,56,43,35091,39.00313405243661,2786.253127582571,59.329172722350464,20.711863440768287,184.01441965176255,366.3549194662307,367.2670668178076,365.07566741062806,401.8472142665164,2019,males
At most primary school,57,49,40039,43.642648441339155,2045.462827909455,32.46334823547041,135.757636304603,65.44868752965859,224.3073253925279,226.94848907789506,235.3165078169195,238.46055071171574,2019,males
At most primary school,58,56,42886,49.15997570025092,2183.2623155963875,80.23014503567597,25.536888495079978,41.69892272536492,413.2581084461481,415.88004155966485,414.831647470673,411.7192336303586,2019,males
At most primary school,59,35,28475,29.378988643249222,1861.0840854550777,25.36611062335382,41.32780801872988,357.3192859233245,288.11378428244956,291.79430761053806,288.14813954900416,291.5672002233297,2019,males
At most primary school,60,52,44596,44.71145211581632,2375.952260292403,10.441653959996412,130.72044951714653,5.533007444613867,388.38291203463154,388.62028582602574,387.4300619114205,387.5460682610325,2019,males
Secondary school or above,14,23,22320,21.000854649476103,384.7595579450418,48.97625448028674,0,0,112.83367440381697,132.27048125812837,132.27048125812837,132.27048125812837,2019,males
Secondary school or above,15,46,42754,40.623890113126556,406.7798568554989,41.62335687888852,4.542849791832343,0,81.45466060550332,91.33210899311986,90.89547282992558,90.89547282992558,2019,males
Secondary school or above,16,48,43978,43.09312599769292,585.9217487531645,31.577152212469873,5.293555868843512,0,134.4122012782506,135.59868485079207,135.1154253291927,135.1154253291927,2019,males
Secondary school or above,17,83,72190,73.89945123724456,901.0391744008865,33.664357944313615,3.5209170245186314,10.209170245186314,125.78681787463175,127.14939431715798,126.81713745270656,126.04916682711455,2019,males
Secondary school or above,18,93,81313,80.9958567896404,1295.695394135419,65.17758537995155,6.047700449702589,0,150.33628341621247,155.25499925961049,154.99761351552058,154.99761351552058,2019,males
Secondary school or above,19,122,94715,104.20655653026004,1589.5213394569673,81.26349575040912,12.06285523236376,12.70126167977617,132.106866953536,138.2670116562936,138.04659616696682,140.09881516718667,2019,males
Secondary school or above,20,136,106657,114.56606739374364,1880.5911535732926,51.70773601357623,39.012129224210945,35.83762278456485,152.03544343046647,157.74916291268772,156.90638936514483,160.88042609504686,2019,males
Secondary school or above,21,111,81050,93.77014924052217,2274.656215299198,37.88180135718692,33.14157927205429,19.61752004935225,143.2400484564779,146.52684541734646,146.79577966378397,152.76476199014212,2019,males
Secondary school or above,22,118,88378,100.36604998375648,2004.7518952680532,57.01735726085678,13.263180127784441,0,144.61705963176593,148.66725632584092,148.56767049827533,148.56767049827533,2019,males
Secondary school or above,23,116,80487,99.07519826985072,2490.212907053313,38.865903810553256,11.013165687212428,35.1564020690712,178.3515845507597,181.55173495343598,181.77773058255787,180.40993302552437,2019,males
Secondary school or above,24,114,86110,96.11907544917445,2718.9770564781484,27.645871559633026,73.29657027832617,43.57798165137615,186.00190407380245,187.6231632761667,190.04642418959705,197.27946497898577,2019,males
Secondary school or above,25,142,104897,120.61434092286586,2716.409933871639,29.164590026406856,48.22035742998688,16.501901865639628,145.6251494204353,146.83713169838177,148.63503856205412,149.65066154943958,2019,males
Secondary school or above,26,111,84402,94.98358962168766,3540.70152760993,90.31089310679842,42.26890358048387,0,358.9486574223375,358.18724988582,356.82723592290927,356.82723592290927,2019,males
Secondary school or above,27,98,68196,79.72873401857576,3009.0495825757134,52.33958003401959,58.06523354253426,9.351477114982305,290.56468665218716,293.3391562670658,293.2403026112034,293.51167349185584,2019,males
Secondary school or above,28,94,68646,78.24190988715156,3207.7354810671172,36.62092474434053,33.19445658402043,4.3579863842515705,256.5650283591504,262.9850528670378,278.48018039156375,279.9356550819319,2019,males
Secondary school or above,29,92,66426,77.19307285433514,3786.3349868023565,60.53051515972661,50.756671584419756,12.47463342667028,943.7165504965484,945.3028195739877,944.470698397695,944.7220115805782,2019,males
Secondary school or above,30,102,72604,86.20658845918376,4061.052181468422,55.63701724422897,62.49977044423631,11.872624097845849,359.5204620832279,363.95584696862176,368.0155020971616,369.6016237793082,2019,males
Secondary school or above,31,72,50551,61.91678784569885,3807.4999818664983,54.32929121085636,69.9409177530283,7.7545449150363,249.57439788938763,252.10630948128895,273.39037378367584,272.5343105142003,2019,males
Secondary school or above,32,75,46719,61.971782610728816,3417.6430253216035,24.39084740683662,44.09683426443203,0,221.55377377722024,221.66851536360485,220.6307945419884,220.6307945419884,2019,males
Secondary school or above,33,89,60479,73.22031408565076,4472.041157536776,64.22807916797566,36.468581380864975,0,1121.53636523365,1121.5160524784392,1128.2778131976536,1128.2778131976536,2019,males
Secondary school or above,34,65,45768,54.60663397496371,4087.79843267494,41.07717182310785,66.99477072772825,54.14263240692187,349.6055734957135,358.17024698805085,363.3412137308916,372.3392096947741,2019,males
Secondary school or above,35,75,47464,61.02084924088767,4517.017932889488,66.08376875105343,15.137788639811225,0,375.4812570008176,378.7305063775552,378.1953232200731,378.1953232200731,2019,males
Secondary school or above,36,66,39163,54.44469597131621,5166.3031837023045,17.07989684140643,8.09233204810663,0,912.3642895024219,912.6599464456106,912.4080611561593,912.4080611561593,2019,males
Secondary school or above,37,62,42062,51.80035914519088,5053.971038784018,32.69875421996101,134.49730160239648,11.625695402025581,658.1064365765917,657.3227930711383,667.6088744252465,667.9451893243727,2019,males
Secondary school or above,38,75,52368,62.06613175510523,4238.509605102353,17.291666666666668,129.25132396374377,38.96972705978205,385.5222549389558,385.10030046072745,393.4128688030723,392.0825562002509,2019,males
Secondary school or above,39,48,30596,41.5763646494811,7162.956513923388,166.16485815139234,285.177528652983,7.852333638384103,1716.2059137807064,1720.3114914976566,1787.709621513497,1789.2536063657853,2019,males
Secondary school or above,40,87,54863,74.2472885033073,4867.488911774177,128.61126806773234,197.00283737066266,0,396.12523963660743,402.1648144122918,442.91187539642027,442.91187539642027,2019,males
Secondary school or above,41,30,18656,23.724816767231502,5304.597734419668,157.57718696397941,27.88021726700972,0,673.4122089883118,726.8163188094887,729.8466263873374,729.8466263873374,2019,males
Secondary school or above,42,67,43983,55.30456477919805,4584.444482337873,26.490916945183365,42.62555987540641,12.441170452220176,324.59334334529893,323.202002763981,318.8730364009128,324.9932795442423,2019,males
Secondary school or above,43,35,19520,28.364675411917514,4100.070013661202,59.50563524590164,13.017418032786885,64.74880464480874,393.80573910385465,399.2618322346221,401.7962475709973,396.3539122578035,2019,males
Secondary school or above,44,33,22783,28.237724481479763,5604.092744590264,148.9544836061976,24.57973050081201,9.006715533511828,984.067290652048,1056.4125553356741,1073.83854594731,1073.3974547632452,2019,males
Secondary school or above,45,76,47795,66.77138988957839,4973.791653589985,39.62736687938069,100.03346235659238,3.8869686508351644,333.3784295436022,334.89259730872226,330.13966673366633,330.20279512061836,2019,males
Secondary school or above,46,43,27548,35.398846943983614,5197.351979575045,0,34.54576254779536,12.436474517206332,595.4218611683053,595.4218611683053,595.2120485094604,596.3671627092634,2019,males
Secondary school or above,47,37,20542,31.589723987463938,4794.458394184273,11.493525460033103,0,0,622.6306210444019,623.1432257416791,623.1432257416791,623.1432257416791,2019,males
Secondary school or above,48,41,26464,32.66516206944866,3148.7552051844013,73.96236396614269,320.3156489318823,0,319.30909311530974,319.1265083109982,379.63483498272444,379.63483498272444,2019,males
Secondary school or above,49,23,13590,18.952780624925857,2863.62092224675,8.859455481972038,0,83.80426784400294,616.8098642895925,620.9906696544798,620.9906696544798,609.0390234150555,2019,males
Secondary school or above,50,42,26984,33.91150269704345,6278.12233175215,65.03453898606581,0,4.267961260994169,1418.050659377249,1414.7105589986495,1414.7105589986495,1414.364758961607,2019,males
Secondary school or above,51,21,13331,18.926470126219023,5163.873677893632,108.88305453454355,0,0,901.0374498850576,898.2357118041676,898.2357118041676,898.2357118041676,2019,males
Secondary school or above,52,30,18235,25.62944183173134,3064.5115528745087,41.8590622429394,482.0839045791061,0,356.8127847118005,370.37322850431354,369.69489866392723,369.69489866392723,2019,males
Secondary school or above,53,37,24085,31.393471962295397,5168.617922635112,34.78845754619058,428.21673240606185,0,730.3471338249836,731.5788329393456,782.4796111519863,782.4796111519863,2019,males
Secondary school or above,54,25,14977,21.19192501792915,8300.732456433198,12.352273486011885,229.15136542698804,29.912532549909862,2080.36871428162,2078.586885765226,2085.395501381011,2081.372899620293,2019,males
Secondary school or above,55,24,18140,19.998135466049014,5505.942006615215,97.12789415656009,185.36615214994487,0,1362.404594683921,1357.8618054216427,1377.4531730067563,1377.4531730067563,2019,males
Secondary school or above,56,30,19487,23.430336300324377,4453.963685191837,18.18648329655668,209.30097415370932,0,850.521975298964,850.8431208813778,924.2357471409092,924.2357471409092,2019,males
Secondary school or above,57,24,15534,20.03358696491416,5376.945742671988,14.516544354319556,350.2049268271748,0,741.0213534654996,740.6302464797341,751.4154479625541,751.4154479625541,2019,males
Secondary school or above,58,21,11845,18.6284002327753,5260.246798930632,30.39257070493879,963.2165470662727,10.130856901646265,799.1211666711838,793.6539327375319,1069.8730106705095,1068.3720793566126,2019,males
Secondary school or above,59,17,9214,13.583234429673338,5076.244048911077,69.78510961580204,251.39280804572752,0,1120.901416844593,1129.4258276907667,1192.6491934516782,1192.6491934516782,2019,males
Secondary school or above,60,21,12644,18.72075719241693,5658.173362859854,46.42708003796267,173.89212274596647,47.453337551407785,672.5152237593218,669.6198079617752,709.7974841977374,719.0659823054134,2019,males
At most primary school,14,15,16390,14.57376083854973,345.0345332519829,25.01769371568029,58.821232458816354,0,118.13890728436759,123.9621196011912,153.62617389141005,153.62617389141005,2019,females
At most primary school,15,18,18099,16.63903182956977,347.289905519642,125.12846013591911,0,0,99.97846796336803,144.23612156770716,144.23612156770716,144.23612156770716,2019,females
At most primary school,16,22,22791,19.736634751051245,253.6071256197622,51.14562766004124,0,0,78.84222149548863,103.27644413628083,103.27644413628083,103.27644413628083,2019,females
At most primary school,17,18,17660,16.701895660841128,649.8725934314836,109.20130237825595,0,0,180.17068303546046,231.8182455419772,231.8182455419772,231.8182455419772,2019,females
At most primary school,18,28,26683,25.411289842768415,667.8765506127497,58.273807293033016,0,0,204.6775905254054,206.57575268101428,206.57575268101428,206.57575268101428,2019,females
At most primary school,19,29,28080,26.303342246711793,700.136396011396,197.5391737891738,5.993589743589744,0,178.94041175838748,248.92655822246164,248.21121777608644,248.21121777608644,2019,females
At most primary school,20,30,26938,27.104158614357974,792.9911896453585,106.08619793600118,0,0,136.22924517343228,157.41405298530475,157.41405298530475,157.41405298530475,2019,females
At most primary school,21,20,18157,17.261183822009876,1044.1799306052762,61.86043949991739,0,0,316.1005413746469,316.5543702788356,316.5543702788356,316.5543702788356,2019,females
At most primary school,22,22,20735,19.209246642192472,1160.9723334137127,72.13889558717145,11.429949360983844,0,229.95257466247688,240.47296168897734,240.80642909674984,240.80642909674984,2019,females
At most primary school,23,37,36501,33.26393959834243,922.2476644475494,114.46086408591546,38.564240249125596,0,165.60719154765712,171.5936263589163,184.01773063087268,184.01773063087268,2019,females
At most primary school,24,29,24669,24.33602878960361,821.8486764765495,108.59499777048117,19.85133163079168,152.77068385423001,142.66907926863468,173.0490138249634,176.71823642029113,175.386204925072,2019,females
At most primary school,25,16,14783,14.591926992653526,1034.0250963945073,105.17486301833186,25.56991138469864,55.45220861800717,256.57219595365194,268.8795021148368,262.75781310589326,284.8478167593074,2019,females
At most primary school,26,26,23356,22.428370434729125,768.4335074499058,103.48090426442884,13.358451789690015,0,161.79692611106074,176.39062523069006,182.03082974745922,182.03082974745922,2019,females
At most primary school,27,25,21071,21.244176688763968,778.3138120323351,78.97536899055574,0,40.57709648331831,190.84277968418473,197.81495277519173,197.81495277519173,201.05539383032996,2019,females
At most primary school,28,32,26507,27.68910991084776,1002.468228518253,88.62262798506055,19.50428188780322,0,170.1861920394022,171.8394664387798,171.6231061270812,171.6231061270812,2019,females
At most primary school,29,28,22847,23.596275472428044,1154.7856027778994,100.57513021403248,35.61853489152478,0,193.87341884951087,196.29153923750061,197.70407461394407,197.70407461394407,2019,females
At most primary school,30,47,40746,40.99664438413144,1032.62592647131,49.94600697000933,28.281303686251412,0,159.52282646907506,162.7298975204257,166.87356435050447,166.87356435050447,2019,females
At most primary school,31,19,13017,15.23554843142239,1649.0217408004917,10.094491818391335,126.88279429464035,88.65329953138203,388.9067751683368,389.84561786969005,383.2689809804465,384.39942689240655,2019,females
At most primary school,32,29,24320,24.41461264735042,1089.870819627193,12.495888157894736,152.56818804824562,0,216.262878291639,216.06672276906042,224.11446382693643,224.11446382693643,2019,females
At most primary school,33,21,20077,18.266477053019088,976.6956550613472,79.95417642078,33.39642376849131,0,297.77002622216526,305.0055571064159,299.738866474203,299.738866474203,2019,females
At most primary school,34,29,24488,25.83683514851754,861.4799085266253,29.611238157464882,2.262332571055211,53.197484482195364,179.80825172494727,181.2233670567624,180.96237139371289,190.45360374380672,2019,females
At most primary school,35,44,37300,37.25056560328786,1658.1167202859694,78.09865951742627,17.8266309204647,81.66577301161752,427.0485634067928,429.30814183571044,429.0158123350413,428.750377839655,2019,females
At most primary school,36,36,25543,32.29610827461586,1375.4411058476555,30.290099048663038,46.127771470331076,166.3261950436519,224.7906460058252,223.26367738253632,227.0905555983903,239.15682469643548,2019,females
At most primary school,37,35,26312,30.1119935030038,1301.625519408128,29.968075402858013,14.660611128002433,0,193.33886171204082,193.58664004576295,193.49230419346654,193.49230419346654,2019,females
At most primary school,38,52,40800,43.062864891192696,1228.8536437908497,42.95901960784314,69.00586192810457,0,190.66391665754566,192.59075686653046,201.89053457569867,201.89053457569867,2019,females
At most primary school,39,28,24350,23.694592962401476,950.3788501026694,147.3211498973306,0,307.02258726899385,179.1067257616101,197.67724532899348,197.67724532899348,385.5177509797883,2019,females
At most primary school,40,42,33728,36.82355903996379,1609.8782218532574,53.840725806451616,22.30787476280835,54.41324715370019,314.1958442823857,316.0888489860719,317.78856558962553,318.08643297481564,2019,females
At most primary school,41,26,19786,23.025810429123748,1593.1235890697126,127.93288183564137,100.3335691903366,122.96573334681088,299.089150749658,299.96728487863805,314.15780669996457,341.5799908299758,2019,females
At most primary school,42,46,34730,38.67853617531294,1253.487407620693,100.0103656780881,85.22298205202034,64.93905365198195,180.43997682845702,193.61560953996468,198.4044729616558,204.4405969264635,2019,females
At most primary school,43,32,26040,26.626024065615592,1401.1505376344087,95.53609831029186,104.16538658474141,13.03763440860215,235.84885367952134,252.99264288556344,260.43597752059924,258.608163712749,2019,females
At most primary school,44,33,25334,29.421584088609723,1351.8485039867371,58.769440277887426,87.45361964158838,83.68200836820084,213.49484920942282,215.201444809944,207.0403538411745,248.53310724577915,2019,females
At most primary school,45,42,33351,35.77954046631973,1687.0068363767202,17.13891637432161,108.29410412481384,72.91535486192318,361.2317707026216,360.83154390763224,378.7835660881883,394.9123691227677,2019,females
At most primary school,46,30,22234,26.430292089166638,1322.448277412971,145.45111091121706,131.66839075290096,0,218.1628705118362,230.14010343595996,235.38598416672215,235.38598416672215,2019,females
At most primary school,47,26,22161,21.589740398617423,1891.8403952890212,28.48246920265331,92.90194485808402,123.27512296376517,364.22167005398086,360.14987567250273,358.0643912181367,352.7430739720641,2019,females
At most primary school,48,36,29862,30.99519176727005,1552.1469984149307,104.27231933561048,86.29696604380149,0,273.9715524202656,280.34231631111925,268.67394378418885,268.67394378418885,2019,females
At most primary school,49,29,22099,24.906658565825783,1171.8616226978597,76.07312548079099,205.1401270042385,0,234.82348019066623,239.4829647757116,265.001268020047,265.001268020047,2019,females
At most primary school,50,41,29004,35.54829922313949,1811.972268192893,55.49165632326576,15.928837401737692,0,332.5527193694546,335.999120889608,335.84755628697866,335.84755628697866,2019,females
At most primary school,51,19,13266,15.387874980894866,1371.1461505603295,3.482587064676617,59.46190763354942,19.843962008141112,299.5331825612976,298.94845283112625,304.2672024435089,299.3822566824823,2019,females
At most primary school,52,34,24570,28.567769204130407,1463.7451634784968,37.348799348799346,12.812372812372812,28.294668294668295,280.40827610165564,286.0565303866285,286.8555842140515,282.7906123957031,2019,females
At most primary school,53,27,20400,22.82641176442195,1258.4536764705883,127.25490196078431,127.34003267973857,0,218.6595478419462,221.36905621924896,246.2781720215038,246.2781720215038,2019,females
At most primary school,54,34,26260,30.31308582652251,1806.1614749936532,17.8998476770754,58.09025133282559,27.216298552932216,488.9977401979643,488.3444339005215,493.7663771911971,490.85115313095764,2019,females
At most primary school,55,23,17155,19.50013215699363,1114.626930923929,87.20955989507432,201.15612552219957,3.882250072865054,251.62341453994455,253.41292514823573,288.6419787646793,290.4278908873566,2019,females
At most primary school,56,18,14234,15.874537667548747,1534.3371973209687,25.860615427848813,63.5842583485551,42.15259238443164,352.8108725660998,359.84790981485736,356.6121271440871,356.45428449257315,2019,females
At most primary school,57,18,13628,15.12269188928625,1302.5389516681341,155.50337540358086,98.7342236571764,0,234.70214536975996,281.59162895655754,338.64876937000713,338.64876937000713,2019,females
At most primary school,58,29,19955,24.483160165965714,1261.4626409421198,279.939864695565,51.37100141986136,116.58314541050697,179.68180915214992,264.8191688477032,262.28898637225245,269.8139101632322,2019,females
At most primary school,59,20,12927,17.20519116847159,1724.4137077434827,5.02436760269204,264.2685851318945,32.98329078672546,469.30661657239546,468.7434549646293,636.477232722065,676.3292241420224,2019,females
At most primary school,60,28,22340,22.721729117523385,963.1622948373621,38.94359892569382,42.92748433303491,17.246239928379588,193.3017341899024,201.33762015277622,203.26378284062034,207.61101294368697,2019,females
Secondary school or above,14,12,10567,11.158644711431561,253.96422825778367,0,0,0,84.76145393631325,84.76145393631325,84.76145393631325,84.76145393631325,2019,females
Secondary school or above,15,15,12601,12.856592236955152,386.62804539322275,6.466153479882549,6.463772716451075,0,206.6355744152973,208.08246446945063,215.07041360849524,215.07041360849524,2019,females
Secondary school or above,16,17,15270,14.954703531516019,308.40537000654876,0,0,0,102.35841681033926,102.35841681033926,102.35841681033926,102.35841681033926,2019,females
Secondary school or above,17,32,27332,28.791396846243078,858.1003646519343,46.0105370993707,28.712376213473828,0,160.05778908774315,168.9042808753659,169.58619647707292,169.58619647707292,2019,females
Secondary school or above,18,41,30802,34.640232700260476,914.7348548795533,61.746899551977144,0,0,183.95114104182514,188.12221925635518,188.12221925635518,188.12221925635518,2019,females
Secondary school or above,19,64,50505,53.46339800175245,1474.1411081411081,75.48678348678348,76.08058608058609,0,205.10803960021164,204.53981424118132,212.80145270555738,212.80145270555738,2019,females
Secondary school or above,20,87,65782,73.59444741861266,1560.4079180728265,28.949864704630446,11.960414703110274,0,162.04431543308448,162.36285110403728,163.81521931129768,163.81521931129768,2019,females
Secondary school or above,21,58,43313,48.58802532927107,1825.0084635867597,54.408607115646575,23.41098515457253,41.95045367441646,221.11103146806923,222.53749442677383,220.6091093200819,218.69610473906644,2019,females
Secondary school or above,22,71,53535,59.21255065174489,1616.6993368824133,74.76021294480246,12.98216120295134,36.68877058622085,187.32114010290647,188.50412540693992,188.0130221889424,189.68284079128983,2019,females
Secondary school or above,23,69,50358,56.63804303764504,2206.154460727855,31.314210254577226,0,7.040258416405205,205.82970493631683,209.00828062538014,209.00828062538014,208.21459913725283,2019,females
Secondary school or above,24,76,53141,64.82416178580053,2677.5348914522997,76.43166293445739,61.51872690891528,4.597830927783318,328.82332903334054,329.03675690683156,332.1837089303777,333.3056556889675,2019,females
Secondary school or above,25,76,52550,62.262426725881795,2661.316151284491,72.19314938154139,56.2930542340628,24.262607040913416,277.9476503663331,271.73525528204823,271.2149609034392,274.4059334440113,2019,females
Secondary school or above,26,59,38711,47.78478828322032,2788.5723179458037,44.63873317661646,75.31192684249955,8.322526758113543,232.92736069324536,237.499508441842,228.21915894102094,226.12891242833177,2019,females
Secondary school or above,27,63,42328,53.117718540005065,2953.073261198261,120.59570497070497,91.4067914067914,0,308.4402536908142,310.785278995066,302.8481458015185,302.8481458015185,2019,females
Secondary school or above,28,71,45261,60.17133646336812,2708.273123292312,44.47228298093281,39.382897711790136,3.9106515543182874,205.63206431894997,203.6517224326468,205.17112619250523,205.51097948467896,2019,females
Secondary school or above,29,54,31973,45.95225813748188,3905.1793179662004,27.23047571388359,38.91929648974656,15.294154442811122,536.4478623419154,533.7875171215153,533.2438989276884,531.7078530767899,2019,females
Secondary school or above,30,88,59028,70.97360513927799,3140.0320328205826,14.979331842515416,166.1685979535136,61.05859366176504,311.68286514904713,311.37082868763264,322.6792095680827,330.7384864645751,2019,females
Secondary school or above,31,51,33432,42.241532824171756,3581.6520349764696,25.394831299353914,57.06733070112467,20.51926298157454,832.3750286915332,830.859436615376,830.2878671411064,831.7048332650044,2019,females
Secondary school or above,32,53,35369,43.725849369636904,4611.285447708446,28.989793321835506,18.982724985156494,31.54615623851395,668.3393897030294,667.8958409506178,668.1087168677739,670.2642332220657,2019,females
Secondary school or above,33,43,29218,37.2409899422591,3422.547402286262,17.222260250530496,51.475118077897186,13.77575467177767,299.7148202430483,301.14931523290585,294.1561239549162,294.8576545436364,2019,females
Secondary school or above,34,59,37758,47.350827743898186,2869.171954729241,35.69436940515917,77.50631212811413,31.94025107262037,290.83632642733636,288.147886962193,288.3623310218674,287.88796232372636,2019,females
Secondary school or above,35,50,32941,43.070498458767574,2952.5762474322783,30.18366169818767,36.657964239094134,0,302.13564755453024,300.0867867242846,301.8002310274499,301.8002310274499,2019,females
Secondary school or above,36,58,39556,50.10337309149214,3678.7106064819495,15.289715845889372,40.52988168672262,0,475.4997544083202,475.497775380084,475.47290390797673,475.47290390797673,2019,females
Secondary school or above,37,41,24445,33.55695303027487,4457.766932569714,34.68602986295766,133.11529283425375,94.00695438740028,462.8859027237303,475.467508819136,457.8779745555498,497.704262390513,2019,females
Secondary school or above,38,60,35617,49.30553761087735,5400.388414708332,41.412808490327656,143.71320811223103,23.935667424731633,1777.2956836828278,1782.2913434413829,1781.5022359111429,1780.9242515038384,2019,females
Secondary school or above,39,43,30528,35.73993034700482,3284.142978031097,102.48296645702307,104.04939727463312,95.56691125087352,423.5797927823914,417.01927600154363,409.76169419707117,410.47520589871976,2019,females
Secondary school or above,40,51,28234,42.00031949713343,3956.4031309768366,45.52178224835305,407.73742060399985,37.91202096762768,383.72040570130866,381.309081676349,429.7182692130703,436.3743679250844,2019,females
Secondary school or above,41,32,20344,25.135634830983008,5150.380734696553,11.902084152575698,329.79150281819375,21.042076287848996,794.7019880556046,792.0900395338643,808.438382846523,805.3725773193205,2019,females
Secondary school or above,42,46,25822,36.63319255301568,3989.520796220277,19.522112926961505,121.45328273048821,0,512.5788443804969,515.003714900799,512.6287454371845,512.6287454371845,2019,females
Secondary school or above,43,32,18552,24.958321712642544,4823.611084159838,26.199331608451917,44.57740405347133,45.321259163432515,653.2897121177118,646.6027712539442,645.8567703026853,645.8230641628866,2019,females
Secondary school or above,44,26,16590,22.10177857788612,4498.867992766727,23.0168776371308,51.04342475386779,0,791.728730560187,786.842132623,777.1860683009938,777.1860683009938,2019,females
Secondary school or above,45,38,24303,32.47971249113475,5573.908468090359,49.452330987943874,73.8797679298852,13.068345471752458,890.8078768331884,885.9819520422416,877.8704470685325,876.2119831628103,2019,females
Secondary school or above,46,28,16512,23.60876012121384,4751.503613533592,6.419573643410852,147.12986514857883,144.44040697674419,720.2038902135894,720.3005884703398,774.9037877279588,806.2004699071726,2019,females
Secondary school or above,47,25,12024,21.86166611676021,4170.587713461965,20,130.28664892437348,56.05455755156354,682.7952036642565,682.4898664650199,705.2417169354635,745.7991054617586,2019,females
Secondary school or above,48,27,14364,23.39382381133687,7118.518083402952,5.235310498468393,0,0,1948.4827281407058,1948.7541331864886,1948.7541331864886,1948.7541331864886,2019,females
Secondary school or above,49,21,15291,16.054769625431685,3743.8865563621302,66.35458766594729,122.83369302203911,24.31691844876071,817.3831517541774,813.6093096966134,851.100254796843,859.7472031974007,2019,females
Secondary school or above,50,28,16280,24.615359467776013,5047.455569205569,0,122.08230958230958,0,758.9058435288721,758.9058435288721,759.0182543910934,759.0182543910934,2019,females
Secondary school or above,51,14,7677,11.459338494051137,7656.651361208806,15.51387260648691,31.71811905692328,57.28800312622118,3067.929376070806,3066.088696106815,3064.6857284720113,3053.4668383663484,2019,females
Secondary school or above,52,25,16050,19.63645918438441,4439.16292834891,11.271028037383177,20.92834890965732,104.29906542056075,641.2905252073563,639.9895266800233,640.0635404497325,657.8274429432095,2019,females
Secondary school or above,53,25,14532,20.26139255262297,4457.164521974493,21.09826589595376,529.3214973850812,25.529865125240846,1423.2382885931193,1422.7380009965743,1816.6145948402457,1813.621152331985,2019,females
Secondary school or above,54,22,12480,18.91028014825136,3745.1522435897436,11.85897435897436,204.32692307692307,39.59935897435897,713.0777171838929,710.6117767407922,786.3616579591819,787.9594840390702,2019,females
Secondary school or above,55,16,9817,14.518879207810413,3722.7187531832537,0,204.9913415503718,33.35234796781094,1345.6749750152244,1345.6749750152244,1345.033264012429,1380.46949345262,2019,females
Secondary school or above,56,9,6785,7.504570518019211,3547.2814050601814,84.7457627118644,147.3421763694424,0,1198.2547044319613,1186.3477110002402,1131.6817651465608,1131.6817651465608,2019,females
Secondary school or above,57,9,4393,8.414347484670923,5026.690188936946,0,432.8097731239092,0,1212.042333458138,1212.042333458138,1102.2478044792613,1102.2478044792613,2019,females
Secondary school or above,58,10,6362,8.483271154184727,5818.3257361416745,0,111.28575919522163,0,1051.736631495887,1051.736631495887,1021.8590807697287,1021.8590807697287,2019,females
Secondary school or above,59,14,7982,12.648963660620693,4731.2047941201035,0,226.5221748935104,0,1007.1943572302907,1007.1943572302907,957.3165367250255,957.3165367250255,2019,females
Secondary school or above,60,12,6436,10.32124713825386,5118.4716179821835,0,0,0,1137.6528237765028,1137.6528237765028,1137.6528237765028,1137.6528237765028,2019,females
At most primary school,14,10,8133,9.034206842597744,721.7025287921637,50.416820361490224,0,0,266.313346327833,266.1504507056603,266.1504507056603,266.1504507056603,2019,urban
At most primary school,15,15,15226,13.227266700124085,390.415736240641,36.23801392355182,0,0,118.62077396687378,127.02021015387541,127.02021015387541,127.02021015387541,2019,urban
At most primary school,16,20,16353,16.485796706584,308.67302635602033,8.662630709961475,0,0,103.1116105957424,103.2037727509644,103.2037727509644,103.2037727509644,2019,urban
At most primary school,17,26,22512,22.430517994821408,794.9915600568586,153.31045664534471,55.09061833688699,0,165.18912870700973,201.5608592309791,207.79579960820138,207.79579960820138,2019,urban
At most primary school,18,27,22202,23.215829699115183,990.4864426628232,91.77911899828844,0,0,177.51062406818838,183.44471614503937,183.44471614503937,183.44471614503937,2019,urban
At most primary school,19,27,23474,23.3755982314544,1075.579790406407,108.96736815199796,18.57374116043282,0,175.4832908209792,180.30878969277165,187.3359885199855,187.3359885199855,2019,urban
At most primary school,20,24,18647,20.595144740594684,928.0826227632685,64.36102322089344,42.79508768166461,0,171.1147370369297,182.63942368979073,202.69724423914718,202.69724423914718,2019,urban
At most primary school,21,24,17158,20.642316708851563,1688.8567529238062,28.77957803939853,0,0,282.293725584885,280.2369444938952,280.2369444938952,280.2369444938952,2019,urban
At most primary school,22,34,24791,29.626875458104127,1640.706519839189,39.9657133637207,12.816479098597611,0,176.25926709266065,179.44315025374792,179.10619301306707,179.10619301306707,2019,urban
At most primary school,23,30,20289,25.71880367475101,1314.9643813560713,106.29227660308541,0,0,193.71156142393036,206.57478176435862,206.57478176435862,206.57478176435862,2019,urban
At most primary school,24,39,27454,30.966417890825237,1376.8429008523349,91.7225176659139,11.400888759379326,19.9120953837935,197.9324563195405,208.47615801735648,210.19195941067764,217.37217423918588,2019,urban
At most primary school,25,28,19168,23.78321716798562,1860.8509842793544,0,50.42779632721202,0,364.4938965741439,364.4938965741439,372.98114839235654,372.98114839235654,2019,urban
At most primary school,26,24,18127,19.98872348288411,1999.1161251172284,75.88128206542726,17.211893859987864,0,569.855404457777,563.8200962825741,564.4891207044133,564.4891207044133,2019,urban
At most primary school,27,36,24236,29.84411206170515,1447.163214501843,48.803432909721074,30.09985146063707,35.27809869615448,222.11131248479407,221.01990481710513,223.89846329091495,222.01300951895197,2019,urban
At most primary school,28,41,31911,34.579677479942205,1703.5184419165805,69.1407351696907,16.201309893140298,0,241.17862444595244,242.82469773011388,241.36836803179975,241.36836803179975,2019,urban
At most primary school,29,31,20818,24.7905236274377,1889.0743267044545,27.39168027668364,0,0,323.8015193898258,322.613385809213,322.613385809213,322.613385809213,2019,urban
At most primary school,30,55,43359,46.8637325395161,1310.151602512358,48.24742268041237,82.14672847621026,0,135.37951210896017,135.8030192041167,150.59538030197533,150.59538030197533,2019,urban
At most primary school,31,34,21473,28.466221091340575,2365.187879352365,44.404601126996695,84.77157360406092,90.12247939272575,362.96319671111803,365.7174991077963,361.72618933678655,353.8257259272234,2019,urban
At most primary school,32,45,30403,36.612972177437896,1743.9133364032057,40.8979377035161,186.24176342246926,0,254.53507398503493,259.36365452330494,263.06950768043725,263.06950768043725,2019,urban
At most primary school,33,32,23945,26.0336677351269,1492.5876244170668,73.86677803299227,34.048861975360204,0,286.05694136691824,284.43993592032143,279.71774806444745,279.71774806444745,2019,urban
At most primary school,34,42,28791,35.870687024043725,1898.2725388721012,14.597339446354763,4.508353304852211,10.576221735959153,241.76738151626512,239.93909330884443,239.83719752180298,238.2287117508248,2019,urban
At most primary school,35,62,43686,54.64008192863253,1970.3255123685694,38.924827175754245,34.689984586976756,2.447771215797586,309.8592301215814,310.74703156967576,312.0782006146816,311.908267065024,2019,urban
At most primary school,36,43,26371,38.41104154937594,1920.2091059623576,38.09563535702097,16.453364175293565,42.24337340260134,206.1856804938984,207.22457424605523,206.42820523508325,208.62704430383656,2019,urban
At most primary school,37,43,27770,36.398815713097775,2237.0100348097467,36.82120993878286,163.81646861121112,0,264.51844160662034,267.0879837674055,329.38231005943715,329.38231005943715,2019,urban
At most primary school,38,72,48156,58.697667670407604,2202.349371487111,24.410665337652627,39.90255627543815,0,340.0392015962924,339.78878769505155,340.36715286120716,340.36715286120716,2019,urban
At most primary school,39,47,35024,38.63867057937568,2254.474864854576,93.11671996345363,44.26250571037003,0,244.4154017213658,246.29026074337273,246.87266276319698,246.87266276319698,2019,urban
At most primary school,40,83,64287,69.85352289434474,2745.8562410233276,40.96224742171823,65.93764421007876,10.418124970833917,428.65617097129297,427.51996357458074,427.6071099786662,426.93144380160635,2019,urban
At most primary school,41,34,23316,27.463785456308283,2422.0348544633157,81.7421513124035,27.290701664093326,104.34894493051982,334.7130699558165,333.0260754514949,329.8240088524396,340.5304826907673,2019,urban
At most primary school,42,71,50624,59.94362581287828,2108.167298777918,55.86599241466498,99.87314975769068,44.55067425200168,205.3981686663574,206.77188332689923,211.58598874968447,211.19425729291603,2019,urban
At most primary school,43,44,29512,37.01567670118796,2174.453318424144,89.65031173759826,48.79258154874853,3.1851450257522362,203.67682718478966,211.8866026666435,214.39366460153056,215.01927768859926,2019,urban
At most primary school,44,30,22122,25.796739882279677,1573.5421601422413,35.62245728234337,170.84484901907604,0,273.30042747072724,274.3088399463446,258.5298802679951,258.5298802679951,2019,urban
At most primary school,45,76,50858,67.02283232430378,2171.2682567147745,27.367179204844863,49.11714971095993,1.480724107646126,214.74642066342406,215.2472720489052,215.4507889108001,215.58310642752355,2019,urban
At most primary school,46,35,20741,29.45726797105007,2462.1443999807148,39.29222313292512,69.83751988814426,0,329.41552901918845,326.40528207754795,333.24699805254835,333.24699805254835,2019,urban
At most primary school,47,37,25670,30.636679570714755,2859.528983248929,0.6603038566419945,57.275029216984805,41.93221659524737,532.9442595295109,532.9637045799401,527.1127989689616,527.0096339650962,2019,urban
At most primary school,48,58,40581,49.3623698852469,2807.814814814815,50.75182967398536,80.80177094370929,0,647.1473421460078,645.590277646522,653.8300830959298,653.8300830959298,2019,urban
At most primary school,49,40,23768,32.48177070605862,2123.2913160552002,72.06916863009089,77.88623359138337,0,314.5328841501644,331.90877606014385,332.83808987116055,332.83808987116055,2019,urban
At most primary school,50,69,48870,57.84234556939768,1920.3306254689312,41.40249641907101,28.207489257213012,1.3297183002523703,241.18282095056074,242.0518912460536,242.64560658846972,242.63285409806343,2019,urban
At most primary school,51,26,16570,22.59166799003075,1973.8758298129148,22.48038624019312,28.79883323274995,15.887145443572722,338.36727953660306,339.92911845335874,336.829503208281,333.18772020104916,2019,urban
At most primary school,52,53,33394,44.66802203072769,2205.009263141083,55.90405462059053,23.297598370964845,13.541354734383422,222.4534904316615,221.00332475780488,218.48990966698756,218.36074339061435,2019,urban
At most primary school,53,45,30922,38.558553895269725,1662.4724144621953,32.82323264989328,85.59493780048726,0,216.87132674278976,218.8188440737997,228.4589972871898,228.4589972871898,2019,urban
At most primary school,54,42,28585,36.97520165820047,5574.109218121393,10.363827182088508,250.7206576875984,0,2435.816979961822,2435.3454602307943,2571.529923975213,2571.529923975213,2019,urban
At most primary school,55,40,25160,34.43700279847813,2247.0574854266033,65.8891891891892,106.26099629040804,2.6470588235294117,377.60082491857855,376.130558836644,376.8095103019952,377.11370264369543,2019,urban
At most primary school,56,37,28436,32.61021536533692,2256.622227692596,21.230834153889436,39.81924321282881,176.18511745674496,365.41358885188794,365.79085045527444,362.7116349943409,415.3392746350163,2019,urban
At most primary school,57,35,22991,30.045511167123774,2069.8450118162177,59.107911791570615,270.69722935061543,36.536035840111346,247.48116593188848,256.7559084252891,287.94102218460705,297.3913186124931,2019,urban
At most primary school,58,48,28931,41.36000748529661,2092.7611097669164,184.06553523901698,65.89356284492989,19.725093037456936,238.06493663543404,260.89652172500195,255.6152451267193,257.87871636555144,2019,urban
At most primary school,59,31,18243,25.272257549224616,1884.0670211405286,8.691004768952475,141.2706243490654,23.371978293043906,314.2269812931968,312.6998379744061,432.64888487996296,460.29105656856206,2019,urban
At most primary school,60,47,32147,38.27412596182097,2140.280181665474,24.786138675459608,35.84471334805736,11.984975269854107,413.8653984831853,414.31752755176865,416.6051033185731,416.5831808881768,2019,urban
Secondary school or above,14,18,15236,16.07197475848665,416.9383915288352,8.132055657652927,0,0,136.86050653133452,140.4751717832852,140.4751717832852,140.4751717832852,2019,urban
Secondary school or above,15,28,19326,25.327700438762513,463.82800372555107,39.508692952499224,6.006157508020284,0,150.77650232454994,163.1772306283674,165.796573725065,165.796573725065,2019,urban
Secondary school or above,16,30,25080,26.310051558810773,494.31419457735245,55.37081339712919,9.282296650717702,0,104.89423099494519,110.84145869730172,109.32788594621553,109.32788594621553,2019,urban
Secondary school or above,17,51,38041,43.28617859681211,1059.3790690745948,19.828343103493598,0,19.373833495439133,168.8903387430538,170.44989792661804,170.44989792661804,168.1798802908868,2019,urban
Secondary school or above,18,66,42165,55.62907711045247,1479.124769753745,95.05865053954702,0.8775050397248904,0,208.39062497559775,215.0886409745341,215.2622317288921,215.2622317288921,2019,urban
Secondary school or above,19,114,71583,96.52538601435394,1823.1235442307066,66.48159479205957,54.61806574186608,16.805666149784166,165.12183044722954,167.55379572675804,171.28304236355393,173.3816507598211,2019,urban
Secondary school or above,20,141,89996,117.40144737832745,1967.9165222158024,43.83497044313081,25.778923507711454,8.189252855682474,147.40499916106734,150.73274508055917,151.6521638828104,150.81871407024244,2019,urban
Secondary school or above,21,117,74819,97.15544592931937,2407.536805490584,53.62808912174715,38.22725510899638,45.53656156858552,147.85607484676794,151.25664803845487,151.45486596017153,155.53350980058232,2019,urban
Secondary school or above,22,120,73665,100.8622547060424,2025.7548044073394,32.97413968641825,17.30446390189823,0,149.01932456365657,151.47409056967757,151.51873822934147,151.51873822934147,2019,urban
Secondary school or above,23,134,82443,113.40624847174702,2774.1566405476106,44.12346712273935,10.75187301125222,1.3366811008818213,163.84186422410156,167.07583182502017,167.11964513381497,166.94761824930202,2019,urban
Secondary school or above,24,135,85849,112.86387727073627,3113.98102870544,41.65759647753614,53.12913759430318,28.15214310397714,224.42930889785677,224.69790727537688,225.207962790892,230.49210067381125,2019,urban
Secondary school or above,25,148,89997,125.17585496288358,3024.8727827964635,51.064457704145696,43.771597942153626,33.40111337044568,161.92047955950827,158.4398700434513,158.2342873484997,160.3117930452111,2019,urban
Secondary school or above,26,131,86050,108.47626281571912,3654.2917857834595,83.49889599070308,53.06101104009297,3.7440247917877207,332.18327406345026,331.6679456606983,329.42552316209867,329.0499709669051,2019,urban
Secondary school or above,27,125,76046,101.80282397765075,3168.7531406429443,69.8218841227678,49.933811990987905,5.9087043806818675,252.05243666868202,253.0792656392667,252.1753053557835,252.43284578587657,2019,urban
Secondary school or above,28,127,78592,105.64329043339815,3138.3930425488597,36.35408184039088,44.522767372421285,3.80647309310532,213.49378200078016,217.71639474396494,229.3588738718997,230.5076239526615,2019,urban
Secondary school or above,29,112,65533,95.03033005127168,4194.070236878112,49.99069171257229,57.95502520358699,20.10651122335312,870.9159703224631,871.7684376543781,870.9215547544799,870.8330023614081,2019,urban
Secondary school or above,30,153,94996,128.10847887492858,3899.6534985683606,34.75567392311255,106.69010625008772,10.759049503838758,279.66266526213553,281.8062150132474,285.88509101677204,286.91842785343243,2019,urban
Secondary school or above,31,96,58350,81.39522402269479,4119.386882319338,30.068551842330763,92.75164238788919,18.474721508140533,476.003420822811,476.46647863427813,482.91094473449306,483.0805460068417,2019,urban
Secondary school or above,32,108,64220,88.50724915857981,4114.834545312987,22.199563998754282,42.534412955465584,17.37396449704142,377.7683470668006,377.5204779322676,376.7943419704108,378.078071922934,2019,urban
Secondary school or above,33,103,61962,87.28108442083943,3646.2927573889374,60.937348697588845,9.386398114973694,6.495916852264291,211.49485371349866,215.07890436826492,215.57810199280647,215.6904579421737,2019,urban
Secondary school or above,34,103,65552,82.96515156985582,3736.760032747539,46.104893824749816,78.05813196647954,37.80205028069319,270.01308956679765,273.8992143480303,276.9658147307609,282.9298292350369,2019,urban
Secondary school or above,35,104,60626,86.83521194149345,4032.997448839332,34.273743938244316,31.76937287632369,0,304.63265515154467,305.03188233323885,304.5246930157867,304.5246930157867,2019,urban
Secondary school or above,36,103,59945,86.35919779597016,4982.765512831207,21.247810492951874,31.44048711318709,0,636.0134980504065,635.9808455697057,635.2203548396237,635.2203548396237,2019,urban
Secondary school or above,37,84,47555,70.83380720770356,4997.127589107349,37.70244979497424,77.6762800967301,58.60582483440227,552.7083073397439,554.8102506393783,549.2417769608943,557.1817754871425,2019,urban
Secondary school or above,38,118,71020,97.67993517441435,5083.980428048437,28.889467755561814,167.37914202572045,27.747348164836197,918.3954218355176,920.7273681508576,921.2999975169073,921.1485188539762,2019,urban
Secondary school or above,39,79,50288,66.17977687930087,5422.172851044649,110.72482500795418,182.24119074132994,62.792647682681086,1094.3590464807871,1093.097335061379,1132.9491029468986,1132.3420301911376,2019,urban
Secondary school or above,40,124,71545,103.3997994579774,4741.258410790411,77.46260395555245,302.9928716192606,14.9613250401845,319.39299754014405,324.146090996875,358.393935077893,359.37777247659216,2019,urban
Secondary school or above,41,54,30305,43.88565011010919,5306.281559698619,104.99574327668701,218.99395039322445,14.125721828081176,543.6744815831522,564.3093317911847,564.6101028194948,562.873487716289,2019,urban
Secondary school or above,42,99,56039,81.62669411669451,4607.95209883593,29.787290993772196,89.41927348215826,9.764628205356983,311.0586434480121,310.86386442839057,306.2315931484853,309.5858780963033,2019,urban
Secondary school or above,43,60,30536,49.73745651793802,4594.874727098069,28.43692690594708,35.40411317788839,49.64402672255698,395.26856881066834,394.85888763336914,395.5362301713815,395.86209444872566,2019,urban
Secondary school or above,44,52,33413,43.862134553280264,5371.775007731522,105.71424295932721,30.88019633076946,6.141322239846766,735.6323128111648,778.0807898001741,786.7776336103011,786.5660941984879,2019,urban
Secondary school or above,45,95,56648,81.72306942563151,5325.137151061525,44.679953396412934,51.183625194181616,5.606552746787177,417.6168863075644,416.30319928792215,413.72158096808835,413.18002538704854,2019,urban
Secondary school or above,46,64,37646,52.57127678027065,5327.941680391011,2.815704191680391,89.81233065929979,72.45391276629655,510.30254115905564,510.2673021684873,523.8605610137502,532.3169852754854,2019,urban
Secondary school or above,47,58,29359,49.66336065761263,4754.952745892798,16.232841718042167,53.3589926995697,22.957185190231275,483.0063767523168,483.0310762853209,487.5177295538981,497.54035418584687,2019,urban
Secondary school or above,48,56,29113,47.81314105108078,4851.889539610025,21.308006732387593,75.45884427346317,0,994.6142039461407,993.7423409646042,996.1472363736076,996.1472363736076,2019,urban
Secondary school or above,49,37,21532,29.156346764217766,3226.058285342746,47.12186513096786,87.23063347575702,36.02684376741594,513.4549797840286,512.8979578013632,538.7025792891144,541.089294658214,2019,urban
Secondary school or above,50,65,38845,53.619700341251544,5998.572257261767,37.5001158450251,51.16488608572532,2.9647745312567038,982.0253736189717,981.0289666226201,980.1001563326229,979.8980449928222,2019,urban
Secondary school or above,51,30,16749,25.987186445595544,6113.460256333711,93.77395665412861,14.538181383963222,0,1395.637150199786,1391.7901321380184,1391.8132688958146,1391.8132688958146,2019,urban
Secondary school or above,52,48,27904,38.94300489732659,4091.2169999522175,33.83744266055046,118.89693233944953,59.991399082568805,383.49827741882245,386.5532064125239,377.72680263596374,387.2728286977162,2019,urban
Secondary school or above,53,54,31623,44.69465729850089,4999.838139961421,31.770546753944913,479.1638996932612,11.73196723903488,817.0875476609008,817.3586915699638,976.387718406467,975.1231352457305,2019,urban
Secondary school or above,54,43,24437,36.14022195269545,6376.068529961397,13.626877276261407,244.79273233211933,38.55628759667717,1316.3467244726235,1314.977927709774,1329.7455784047652,1327.3602063345486,2019,urban
Secondary school or above,55,35,23335,29.180043433351507,5349.236940218556,75.50460681379901,203.62331262052712,14.031283479751446,1143.608525320968,1141.166836314496,1150.0508372046245,1157.767390646738,2019,urban
Secondary school or above,56,32,17509,27.696652686967152,5122.378243569974,32.84025358387115,232.94580406267255,0,803.9134512582821,799.865442910105,865.7262430023266,865.7262430023266,2019,urban
Secondary school or above,57,31,18129,25.894333346700936,5449.824434147867,1.1749131226212146,190.65677459687058,0,666.8602830085259,666.5615229509892,675.2027688902576,675.2027688902576,2019,urban
Secondary school or above,58,26,14363,22.356148993622135,5328.15300888858,0,824.4308292139525,0,723.3318592257594,723.3318592257594,933.5802859559832,933.5802859559832,2019,urban
Secondary school or above,59,29,15143,25.20747943177697,5425.27526469876,31.592154790992538,272.3656695062625,0,752.2617212166068,758.2108783260841,764.8645049316137,764.8645049316137,2019,urban
Secondary school or above,60,30,16232,26.753569845996132,4768.202727123378,36.164613109906355,48.595367175948745,36.96402168555939,546.9333371431559,547.3272323401827,546.3656765395566,555.4932378623434,2019,urban
At most primary school,14,38,41498,36.65472836552747,387.94679261651163,16.882138898260155,26.651304480537213,0,75.76722010834148,81.20748250260127,87.98982837225716,87.98982837225716,2019,rural
At most primary school,15,51,50031,47.467260355803496,530.9100357778177,68.99122544022705,21.193693243522347,0,85.91107369126114,94.55865121863113,93.76718597815612,93.76718597815612,2019,rural
At most primary school,16,46,47070,43.14637650147726,521.274442319949,21.754833227108563,21.85043552156363,0,89.88823651955882,93.64478517346657,99.89325403711669,99.89325403711669,2019,rural
At most primary school,17,56,56180,52.53494101314948,843.244571021716,35.86507653969384,10.451524860567224,0,93.42112499171286,99.32266473484219,100.51308732514282,100.51308732514282,2019,rural
At most primary school,18,63,62671,59.04487086638432,965.2639179205693,27.920409758899652,0,0,117.8210264739622,117.62584343929645,117.62584343929645,117.62584343929645,2019,rural
At most primary school,19,59,59309,54.75638199526256,924.3333951564406,100.88485727292654,52.89767713725292,0,122.80381967186815,150.6883786288136,158.13848867879415,158.13848867879415,2019,rural
At most primary school,20,52,51791,49.08545243516527,1134.7926602434143,117.53721689096561,0,0,111.0841167427169,134.6993345554103,134.6993345554103,134.6993345554103,2019,rural
At most primary school,21,38,40302,35.14620320668159,940.9331794948141,105.30991017815494,0,0,135.95895830616382,159.17356213853378,159.17356213853378,159.17356213853378,2019,rural
At most primary school,22,44,46709,41.49907693100143,1045.875570018626,47.18790811192704,23.61985912779122,0,111.38268322727929,119.73803649209476,119.17526887452149,119.17526887452149,2019,rural
At most primary school,23,77,79443,71.32207383737817,1302.2729672008022,82.84750072378938,96.82004707777904,0,130.59633533089337,138.85853424387645,149.6767311908625,149.6767311908625,2019,rural
At most primary school,24,42,42388,39.08929949726612,1208.1614922462334,118.08577899405492,49.67826979333774,127.05718599603661,177.57347720791935,193.37398186152436,197.4671051398344,193.82237151290983,2019,rural
At most primary school,25,41,38879,38.52754306932799,1160.2461740271096,65.18300367807814,18.63872527585586,21.084647238869312,146.7904926420361,157.99812328831433,156.56591158323457,161.58267637335493,2019,rural
At most primary school,26,35,35708,32.597300285809624,1046.6916097233113,32.74056233897166,53.36969306597961,0,145.58939295958922,148.9211157473105,146.87187989054817,146.87187989054817,2019,rural
At most primary school,27,41,43012,38.041835751120736,1195.2945612077249,67.83293034501999,32.08563889147215,0,138.90397415016218,137.54875864080657,140.5517004712576,140.5517004712576,2019,rural
At most primary school,28,33,33855,31.041383509130803,1247.0211293260475,74.82114901787033,14.792792792792794,0,167.94848951494254,171.8610263123267,171.78736864338094,171.78736864338094,2019,rural
At most primary school,29,42,43902,39.401559637978856,1519.4540491701214,81.19060635050795,30.638239715730492,0,154.15908134160944,157.39346248828198,156.29630353889297,156.29630353889297,2019,rural
At most primary school,30,67,65564,62.47025685851538,1549.5510290199907,46.5127203953389,78.06695239257317,0,142.60842589905977,146.3859335605084,153.051464178445,153.051464178445,2019,rural
At most primary school,31,27,28559,25.363216118937274,1488.5821865844975,56.80521026646591,48.13573070952532,0,164.94391376974104,175.8562623754626,178.48785736517465,178.48785736517465,2019,rural
At most primary school,32,42,43090,39.31048440008911,1441.4878471416416,53.26061731260153,68.28023903457878,0,191.74103572016986,196.77301637092512,191.3551119700288,191.3551119700288,2019,rural
At most primary school,33,32,33591,30.076603779710585,1270.2926577555495,41.32803429490042,19.960703759935697,13.202941264029056,268.9784539880475,270.1788430526779,267.4421944239857,266.78400946609537,2019,rural
At most primary school,34,39,40227,36.64850286768755,1454.084727504744,25.510229447883262,47.88077659283566,32.38372237551893,231.84343180841972,230.85140997423258,228.8505892353994,229.6399717545501,2019,rural
At most primary school,35,59,57058,54.89586417023748,1783.6735427109256,89.11379648778436,38.75048196571909,82.39335413088436,211.70743640070762,216.3833548990542,216.8403212409982,218.29377259739437,2019,rural
At most primary school,36,41,43719,38.993000052613546,1878.5483809480243,9.117317413481553,79.65243944280519,71.69583018824767,317.0041966355413,316.07966669263084,312.40931114527615,312.0577666092188,2019,rural
At most primary school,37,48,48524,44.947639246270136,1754.0804000769378,99.49169483142363,27.439102299892838,0,258.7902487273904,281.5557070407525,279.15063037261393,279.15063037261393,2019,rural
At most primary school,38,43,42140,39.96697813719513,1655.815662078785,51.428334124347415,95.09848125296631,6.777408637873754,205.63534664123964,208.6645311648688,216.62774025927467,216.50802564665304,2019,rural
At most primary school,39,40,43622,37.72158548265234,1488.404169150123,94.4919994498189,51.05222135619641,171.38141304846178,275.49739582741364,276.5486489912954,280.8363723224844,335.094766514632,2019,rural
At most primary school,40,71,70245,66.1874364271726,1692.5055780957125,24.361876290127412,72.43659097919188,88.91024272190191,180.72011031738214,182.8880530297704,188.12164797410577,207.76256805470308,2019,rural
At most primary school,41,37,35807,34.7816178566407,1936.0623527988012,71.35699723517747,131.14591187942767,0,288.33723596640033,303.38657164660526,300.963324130627,300.963324130627,2019,rural
At most primary school,42,37,36300,34.35071699095759,1442.1386960514233,77.11019283746556,76.82444903581268,0,198.1871198377716,211.25418163605985,219.18787398054383,219.18787398054383,2019,rural
At most primary school,43,43,42532,39.88507938999766,1612.0646258503402,39.26337816232484,69.51902880968056,7.982225148123765,244.75564306691265,252.1517905310728,247.9868427559563,247.1162848620604,2019,rural
At most primary school,44,33,30683,30.968478645485764,2435.0313963215244,81.08154352573086,23.947571402187965,69.09363491184044,431.98178855332606,438.341513672202,438.58113050725126,449.8714632539411,2019,rural
At most primary school,45,44,44089,40.73570980390826,1839.7291841502415,15.187461725146862,73.50964337287456,96.46714600013608,288.6917671252465,288.7763254142994,301.4900957448005,314.56367173008204,2019,rural
At most primary school,46,42,37793,39.72943381828391,1624.6699609275088,82.27343687984548,74.55829562793815,0,210.5403909080174,211.75608232121644,213.6433869299897,213.6433869299897,2019,rural
At most primary school,47,35,33990,32.49394036384255,2068.262263410807,89.78729037952338,68.50485436893204,48.70550161812298,261.42937428337433,264.8042937898554,261.3225463118834,253.9159490058978,2019,rural
At most primary school,48,35,35116,32.68598382142036,1587.0204749971524,67.99464631507006,83.92470668641076,167.9405399248206,269.64587872306066,275.8229449910369,265.81031259324607,286.4752867357243,2019,rural
At most primary school,49,43,43586,40.37867031887287,5260.934803224277,68.84435369155233,269.26124023004326,0,2799.5880787448054,2797.3831356371993,2937.361119737578,2937.361119737578,2019,rural
At most primary school,50,55,57878,51.9462575826032,2095.3704573988966,19.54628701751961,71.3443219645922,0,371.0838878297276,371.86484902440344,369.29579062541654,369.29579062541654,2019,rural
At most primary school,51,16,17532,15.162657474158403,1574.2644307551905,61.72598676705453,64.31175374553199,0,370.66415828764593,364.29574599523744,372.128972816485,372.128972816485,2019,rural
At most primary school,52,26,26366,24.19981630632285,1362.4744873448128,6.874383675946294,9.746592834205668,26.36729120837442,235.4974207180649,239.76909663655874,238.0579237907743,233.27251185345466,2019,rural
At most primary school,53,36,36150,33.138015633023336,1498.3682618718303,80.57538035961272,54.45799907791609,0,211.53224311244554,214.68243542054657,210.00213708004745,210.00213708004745,2019,rural
At most primary school,54,31,31238,29.419942132887414,1443.8837687005143,17.441577565785263,135.19271400217684,115.70843203790255,363.8356480299554,368.2995215731831,363.35003289699443,367.1820438208452,2019,rural
At most primary school,55,39,38862,36.607000480997776,1330.5606333522037,16.589470433842827,66.3510198480092,109.46425814420256,199.10488083267774,197.37287653317665,195.82962872917005,194.597384586727,2019,rural
At most primary school,56,24,20889,22.333224827771733,2654.1650868878355,88.38623198812772,23.91489938883304,98.00612762698071,472.01419338355146,476.43584456417324,472.8019226282918,485.27006485113293,2019,rural
At most primary school,57,32,30676,29.948565015411297,1697.1404463858826,67.1551049680532,18.17544660320772,58.042117616377624,258.6145792507587,262.81361892699744,261.2982569725709,261.53508494204266,2019,rural
At most primary school,58,37,33910,34.38655650255048,1718.0242701268062,109.16396343261574,6.3083652806448445,104.51341787083456,524.1732999847077,527.1030071184865,526.5752887952885,522.4477510603025,2019,rural
At most primary school,59,24,23159,22.21550163116444,1766.6924593750448,27.147113433222504,87.0421578364063,439.33963757790343,376.16216749163453,381.8860934813854,374.39957611949467,379.04981561782563,2019,rural
At most primary school,60,33,34789,30.682744893603573,1686.493594718637,15.489263847767972,162.01411844740196,7.09275920549599,359.1541270777923,359.3168970438831,361.6257089612786,362.2907968482616,2019,rural
Secondary school or above,14,17,17651,16.15526048104292,278.68109455554924,54.91190300832814,0,0,89.02050773916332,125.50193593798033,125.50193593798033,125.50193593798033,2019,rural
Secondary school or above,15,33,36029,30.471699937114753,369.1311443559355,30.461572622054454,4.42976491159899,0,80.1550980123992,86.66817517306494,86.09953825930562,86.09953825930562,2019,rural
Secondary school or above,16,35,34168,31.927669587851202,529.138862873644,0,0,0,167.2173745230865,167.2173745230865,167.2173745230865,167.2173745230865,2019,rural
Secondary school or above,17,64,61481,59.965056719756575,783.9784323612173,47.713927880158096,16.898581133466706,0,123.28067054005425,127.1335099614377,127.02840916394977,127.02840916394977,2019,rural
Secondary school or above,18,68,69950,63.49538008732953,1017.3730760066715,45.65496783416726,6.501167500595663,0,135.00537460424513,138.05969666741223,137.69767356624527,137.69767356624527,2019,rural
Secondary school or above,19,72,73637,67.18176539287418,1283.299939794759,91.67103494167334,14.60214747115354,0,132.44670769740532,140.81269001881094,139.3263935523589,139.3263935523589,2019,rural
Secondary school or above,20,82,82443,76.27916203051201,1529.7884477760392,42.14305641473503,31.872889956293033,37.423836266673135,167.2810799415341,173.00577628937646,171.67419061642968,180.87146161333138,2019,rural
Secondary school or above,21,52,49544,48.084087368500356,1680.889342469993,28.550783142257387,16.954626190860647,0,193.93575372785403,193.52753584932032,190.93389028596548,190.93389028596548,2019,rural
Secondary school or above,22,69,68248,64.31433340206911,1677.6862960575156,96.88676591255421,8.68069393974915,28.77935372953542,173.70575882048243,178.55003354532985,177.83246130893167,178.9167068053025,2019,rural
Secondary school or above,23,51,48402,46.64338202355374,1711.0345991212484,22.053840750382214,0,63.509083646681276,200.78017250028546,202.5280394917617,202.5280394917617,202.84508988360562,2019,rural
Secondary school or above,24,55,53402,51.47018986066498,2042.7294608191953,53.66798996292274,93.997434553013,29.58690685742107,218.48868563283233,222.7493699723055,235.02378056966228,236.9980062981534,2019,rural
Secondary school or above,25,70,67450,64.18980684769343,2261.9116493699034,33.46745737583395,60.445638744749196,0,216.32646716226384,218.89615107878623,222.86454154007154,222.86454154007154,2019,rural
Secondary school or above,26,39,37063,36.0548409632931,2491.403965320311,58.42349512991393,51.724900844508,0,247.78771813260224,252.52521001121022,247.4704962295092,247.4704962295092,2019,rural
Secondary school or above,27,36,34478,33.71753167296448,2588.0801960670574,97.57671558675098,116.93302009010576,5.464354080863159,386.19780914106815,395.938173345705,389.33050909321105,389.1351347255838,2019,rural
Secondary school or above,28,38,35315,34.83184682635916,2721.9247817263677,47.277360894803905,15.915125772806643,5.012034546226816,274.461048928289,275.2941151824354,279.20854203699434,279.7716614003801,2019,rural
Secondary school or above,29,34,32866,31.569690822923786,3088.9484979411345,49.15109839956186,24.88780705490984,0,468.77118352843667,470.60619221893995,469.16179456824017,469.16179456824017,2019,rural
Secondary school or above,30,37,36636,33.72474854744752,2995.604314517597,44.27393820286058,114.94704662081013,94.00862539578557,467.9143473207167,474.51737066534764,486.91088093764347,506.1375286574937,2019,rural
Secondary school or above,31,27,25633,25.36701399807542,2802.9687447170963,71.81757890219639,1.2249834198104006,0,295.02343713132603,296.5748631604278,296.4681267421718,296.4681267421718,2019,rural
Secondary school or above,32,20,17868,18.527258504427756,3274.6107566599508,41.37004701141706,0,0,317.9404080313128,322.764208164558,322.764208164558,322.764208164558,2019,rural
Secondary school or above,33,29,27735,26.625588940804594,5211.212379063759,22.060573282855596,112.78108286761612,0,2737.1602271306597,2736.3452795791313,2750.1917687627993,2750.1917687627993,2019,rural
Secondary school or above,34,21,17974,19.374232966951777,2808.081654983124,11.433181261822632,48.72779199584585,67.09691777011238,475.7134727080308,476.1530262655286,472.8160248370073,472.0292102134148,2019,rural
Secondary school or above,35,21,19779,19.77259707344884,3395.1185600889835,103.79695636786491,0,0,483.3749763312104,503.7418204858691,503.7418204858691,503.7418204858691,2019,rural
Secondary school or above,36,21,18774,19.812839052863943,2618.04248783779,0,1.8866517524235644,0,461.44595790479843,461.44595790479843,461.5350027236108,461.5350027236108,2019,rural
Secondary school or above,37,19,18952,17.92738451611306,4427.598142676235,22.70657450401013,275.2919656676516,0,507.29583962433117,504.804709020311,613.7616741396213,613.7616741396213,2019,rural
Secondary school or above,38,17,16965,15.746652749459134,3138.438854504372,19.381078691423518,0,54.38648197268887,617.6895446981089,620.2732993853359,620.2732993853359,606.623965533508,2019,rural
Secondary school or above,39,12,10836,11.312727699448194,4313.944813584349,244.04300479881874,252.59936015749972,0,1120.542793624472,1237.4326955831884,1307.3787982719077,1307.3787982719077,2019,rural
Secondary school or above,40,14,11552,13.324220523033404,3422.5066799399815,242.31301939058173,55.62673130193906,0,603.4170454236765,614.0052125760769,610.003223317993,610.003223317993,2019,rural
Secondary school or above,41,8,8695,7.405539317677383,4937.902050987158,0,68.17711328349627,0,1452.5870373878715,1452.5870373878715,1526.6205202941314,1526.6205202941314,2019,rural
Secondary school or above,42,14,13766,12.884174384594152,3372.802557024553,0,0,0,525.2065430184914,525.2065430184914,525.2065430184914,525.2065430184914,2019,rural
Secondary school or above,43,7,7536,6.700291554545429,3876.3143356334044,103.40366242038216,0,78.12721160651098,987.3121557544197,976.6312916811212,976.6312916811212,943.1925564851983,2019,rural
Secondary school or above,44,7,5960,6.600562434754559,3830.0581655480987,40.81375838926174,62.92121085011186,0,1161.9911977339775,1144.7708162967656,1120.3720094068478,1120.3720094068478,2019,rural
Secondary school or above,45,19,15450,18.180288691125842,4629.559886731392,36.55663430420712,238.00319309600863,12.024444444444446,773.6929650754959,777.7819797302648,756.1229719480634,756.6392578370913,2019,rural
Secondary school or above,46,7,6414,6.823859242649979,3283.097521047708,0,0,0,290.8243779638089,290.8243779638089,290.8243779638089,290.8243779638089,2019,rural
Secondary school or above,47,4,3207,3.9325409252179178,2817.0418875376777,0,0,0,1433.614816351903,1433.614816351903,1433.614816351903,1433.614816351903,2019,rural
Secondary school or above,48,12,11715,10.950360140278894,3783.6953762981934,120.54630815194196,536.0648740930432,0,905.7466115987711,902.2239081464584,958.8304467675196,958.8304467675196,2019,rural
Secondary school or above,49,7,7349,6.424300259825411,3633.268562616229,16.38318138522248,0,100.01360729350932,1514.6986728246507,1523.5856424807628,1523.5856424807628,1499.9286998219338,2019,rural
Secondary school or above,50,5,4419,4.765789656725105,4201.60451082447,67.48133061778682,0,0,1523.370606690457,1477.0569691988676,1477.0569691988676,1477.0569691988676,2019,rural
Secondary school or above,51,5,4259,4.852649094763876,5922.837911872897,0,0,103.26367691946466,3168.7385593287463,3168.7385593287463,3168.7385593287463,3130.3763570521373,2019,rural
Secondary school or above,52,7,6381,6.6767361995342025,2032.3795643316096,0,910.3588779188215,0,716.4984866636231,716.4984866636231,920.9759040577554,920.9759040577554,2019,rural
Secondary school or above,53,8,6994,7.495180447455017,4453.502430654847,19.988561624249357,407.93537317700884,0,912.4636546635246,917.4075453551766,1109.3458821419927,1109.3458821419927,2019,rural
Secondary school or above,54,4,3020,3.9698997296059697,5048.868653421633,0,0,0,2814.7932226484695,2814.7932226484695,2814.7932226484695,2814.7932226484695,2019,rural
Secondary school or above,55,5,4622,4.820641293418276,2509.5789701427952,0,134.8749459108611,0,719.3278353399004,719.3278353399004,822.9256628804932,822.9256628804932,2019,rural
Secondary school or above,56,7,8763,6.811814955710881,2416.406938263152,40.442770740613945,114.08383734641866,0,873.3358393760477,891.9683591721143,855.9132996054536,855.9132996054536,2019,rural
Secondary school or above,57,2,1798,1.9638336259317082,3786.3503893214684,113.5706340378198,2160.734149054505,0,1765.0315032064022,1865.948112880868,656.9671289807707,656.9671289807707,2019,rural
Secondary school or above,58,5,3844,4.80501562505081,5930.163891779396,93.65244536940686,71.80020811654526,31.21748178980229,1325.756835096462,1264.4287469217297,1220.8769454466021,1202.9742401000947,2019,rural
Secondary school or above,59,2,2053,1.924369095651642,1160.2756941061862,80.17535314174378,0,0,304.81897564254444,202.87282994269682,202.87282994269682,202.87282994269682,2019,rural
Secondary school or above,60,3,2848,2.9988723408503217,9510.871020599252,0,495.04634831460675,0,345.1154598661823,345.1154598661823,824.3894930571455,824.3894930571455,2019,rural
At most primary school,14,24,24983,22.87761728489231,384.34802332252593,21.570267782091822,26.03370291798423,0,123.5296002242406,126.80179308556485,138.64612934996873,138.64612934996873,2019,indigenous
At most primary school,15,51,51543,46.984520657960644,426.35566420270453,61.01507479192131,7.987020545951924,0,78.15051579428417,88.32174876892267,88.09112896099641,88.09112896099641,2019,indigenous
At most primary school,16,44,43544,40.269707654672594,375.1965827668565,0,23.619786882234063,0,83.93982283104374,83.93982283104374,93.00390668491937,93.00390668491937,2019,indigenous
At most primary school,17,49,49331,45.678627469570436,672.7031683930996,47.272506132046786,34.1603994783537,0,93.28501593421021,105.2553032815062,111.2621025646392,111.2621025646392,2019,indigenous
At most primary school,18,54,52741,49.90892294176406,854.3818850609582,46.14019453556057,0,0,126.84613792652594,129.55021073887244,129.55021073887244,129.55021073887244,2019,indigenous
At most primary school,19,52,51567,47.306917875491735,724.6207070413249,108.69897415013477,55.5267903892024,0,125.56868580040951,158.93453534311666,169.611165149221,169.611165149221,2019,indigenous
At most primary school,20,37,33677,34.30857961995214,833.4753689461651,41.77925587196009,23.695697360216172,0,117.12664444244815,126.46136907999066,136.71295533337195,136.71295533337195,2019,indigenous
At most primary school,21,42,40375,37.72280597921079,1122.327281733746,105.11950464396284,0,0,169.37261992779312,184.4133727516639,184.4133727516639,184.4133727516639,2019,indigenous
At most primary school,22,45,40508,39.60306392775682,1124.0393584806293,45.083934037720944,5.8506961587834505,0,122.35881602486191,131.74669908692084,131.97039628481735,131.97039628481735,2019,indigenous
At most primary school,23,45,42421,40.97328903325587,958.855354659249,84.85005068244502,27.900685980999977,0,131.6927540957759,138.6420832267943,135.30808805608294,135.30808805608294,2019,indigenous
At most primary school,24,32,29296,28.344051635539326,1162.5008192244675,40.5202075368651,55.815213681048604,183.83738394320045,249.7319985010981,249.41117243724443,257.8722710980237,254.59072184475104,2019,indigenous
At most primary school,25,38,33623,35.120267359934815,1231.2467953484222,75.37251286321863,15.715085903498599,24.380632305267227,253.09110407329663,260.889449034516,259.9037552373635,263.56334124998216,2019,indigenous
At most primary school,26,25,23642,21.870765842824653,1420.4928517045935,6.466457998477286,20.38145390970871,0,483.99601299923046,483.4684116667895,482.31100695423635,482.31100695423635,2019,indigenous
At most primary school,27,37,34497,33.288336280829725,826.2387453981505,92.77415427428473,2.8002434994347336,0,116.54387777231008,123.04283524956054,123.19751287354983,123.19751287354983,2019,indigenous
At most primary school,28,33,27762,29.699708609173527,1213.780707441827,46.566169584323895,12.50810460341474,0,145.7190610502291,145.4073287911465,145.58226209360785,145.58226209360785,2019,indigenous
At most primary school,29,29,25889,25.350407872299424,1622.6136196840357,38.65734481826258,0,0,272.15681743714265,272.6108902675775,272.6108902675775,272.6108902675775,2019,indigenous
At most primary school,30,70,65791,62.773998124490674,1297.1139466897703,34.60382119134836,33.31940032324583,0,136.37799063512952,136.87688127153626,136.46111549079313,136.46111549079313,2019,indigenous
At most primary school,31,25,24319,22.547327450907805,1780.9130446701483,53.92080266458325,66.01868223748235,47.452609071096674,247.2236137165872,254.5894093818519,251.9118586260474,251.69689514412687,2019,indigenous
At most primary school,32,42,41336,38.137822167094185,1378.4267224695182,26.4466808592994,135.70706325398362,0,224.02196572792832,224.72001257763904,229.7893330036734,229.7893330036734,2019,indigenous
At most primary school,33,34,33403,30.69773319817928,1118.5783013501782,60.04221177738526,31.428314822021974,0,226.78411016770372,230.82448280932525,226.67124729085765,226.67124729085765,2019,indigenous
At most primary school,34,35,32575,31.962567765630986,1312.094029163469,20.21157329240215,35.1880276285495,41.50933742645178,197.3140325769349,196.3476039266009,195.91149809246826,196.87394061161206,2019,indigenous
At most primary school,35,53,48521,47.71675035501975,1392.0634364501968,23.866676284495373,29.997149000776293,96.89000638898621,194.51545556805195,195.40237412540546,196.04948554368832,202.96474716133972,2019,indigenous
At most primary school,36,41,41209,38.33146495333869,1663.2259943216288,9.672644325268752,65.11259676284307,76.06275328205004,308.6837734451639,307.8394871428522,304.8957327986392,306.022725087787,2019,indigenous
At most primary school,37,37,33804,33.601522102436924,1740.3617520609,8.270175127203881,4.1765274326509685,0,299.80005964676735,300.15765432403447,300.2544072611193,300.2544072611193,2019,indigenous
At most primary school,38,46,41112,39.54760146886578,1386.161137056496,10.214779139910489,13.68821755205293,0,345.4198827593601,346.63095030109804,346.69371505192817,346.69371505192817,2019,indigenous
At most primary school,39,40,38805,35.481247821488864,1456.1821414766139,25.616028862260016,36.41283339775802,192.65558562040974,234.67368758540937,235.75271148937875,237.09495681133362,312.08533244429503,2019,indigenous
At most primary school,40,77,71930,67.4762873616566,2295.4140924046524,20.20075072987627,60.152810602900956,96.13860697900736,412.83311415580926,412.93444383048876,413.200930584412,419.79381722024414,2019,indigenous
At most primary school,41,26,24490,23.750875470841546,1671.0409146590446,20.865659452837892,95.5583911800735,0,318.16946880067957,323.3232064054266,316.6735566164766,316.6735566164766,2019,indigenous
At most primary school,42,46,41512,40.833246623456745,1707.6253934605254,35.81253613412989,88.19981772338923,0,195.14312699166925,200.59723777678713,213.9939219657242,213.9939219657242,2019,indigenous
At most primary school,43,35,32983,31.80819712926388,1339.2193655317387,11.217900130370191,88.93824091198496,0,206.45796439690832,212.87809017725192,210.10329840344937,210.10329840344937,2019,indigenous
At most primary school,44,27,23335,25.114938239837088,1799.7004071137776,84.60424255410328,76.99644668237983,0,470.2050577952406,469.8348558493714,464.83020458303355,464.83020458303355,2019,indigenous
At most primary school,45,52,41179,46.44021931419127,1645.920809150295,6.969571869156609,36.294794272161376,21.83507774998583,237.09274955932636,237.42208830409263,241.44858377467173,240.23153712770207,2019,indigenous
At most primary school,46,17,12974,15.411773344818595,1524.1700323724372,15.099429628487744,39.96454447356251,0,377.7179536499664,376.01733567142355,375.70102796075855,375.70102796075855,2019,indigenous
At most primary school,47,23,22035,20.768479051302855,2323.551622418879,29.017472203312913,63.11776718856365,48.849557522123895,634.1629817804143,631.9816058383584,627.1169476457253,628.9264749324925,2019,indigenous
At most primary school,48,37,31583,34.075316533423745,2581.5388975081532,52.37152898711332,60.29430389766647,186.7270366969572,869.6199949063646,868.0566364591656,864.3179971251406,865.0492829024838,2019,indigenous
At most primary school,49,32,29532,29.214586661741176,1333.1540024380333,67.58092916158743,75.24477685222809,0,201.04151542332073,206.19077651146517,216.82307878192404,216.82307878192404,2019,indigenous
At most primary school,50,48,47356,43.92857489010661,1471.450305487513,5.845088267590168,22.00706703831968,1.372230199622716,268.8465880480737,268.19583103798874,268.2092388887157,268.2519433502374,2019,indigenous
At most primary school,51,12,10135,10.201593708749597,1569.2679329057721,106.77651702022693,77.9654990955435,25.974346324617663,397.6735573490896,381.1502944346454,382.55252448634883,372.1394208262877,2019,indigenous
At most primary school,52,26,23551,22.753306800575093,1481.4552672922594,46.79546516071505,24.27831797658981,0,253.0265629217208,250.52104093527794,249.3645489221914,249.3645489221914,2019,indigenous
At most primary school,53,31,25163,27.916017690028063,1532.066989892567,66.44676707864723,9.442435321702499,0,236.09502897542606,231.17864493978183,229.75810686500373,229.75810686500373,2019,indigenous
At most primary school,54,27,23818,24.939373407925284,1736.7985137291125,0,108.60133792369916,140.46099588546477,478.4278023104077,478.4278023104077,475.48645010945495,477.56215671575137,2019,indigenous
At most primary school,55,33,28360,30.045403027516013,1039.3253878702399,34.33638928067701,44.33474377056887,150,153.8716392448689,156.53649852493734,151.97729990005857,158.52991936213567,2019,indigenous
At most primary school,56,20,16818,18.577805796217696,2752.584274784953,7.016292068022357,24.882566298014034,69.03317873706743,656.332365253804,655.3548732076246,652.4116522472141,643.7118211640399,2019,indigenous
At most primary school,57,26,22477,23.41044637279675,1620.792039269772,53.078702673844376,21.355163055567914,0,321.562215665815,326.0323654703918,324.7920804736896,324.7920804736896,2019,indigenous
At most primary school,58,19,15726,17.084359781763048,2057.8066895586926,85.99771079740557,3.857730298020264,0,1071.6518554986005,1069.6502942900156,1069.2139957644656,1069.2139957644656,2019,indigenous
At most primary school,59,16,13546,13.53096071574367,1678.3301343570058,26.775431861804222,61.33736896500812,249.42172351001525,311.3095869193796,328.35370483009325,314.6516105463421,352.775642862983,2019,indigenous
At most primary school,60,29,28250,25.816494296295538,1874.286017699115,7.874548672566371,21.36495575221239,0,611.5415609361444,612.2294268644347,611.1616785639068,611.1616785639068,2019,indigenous
Secondary school or above,14,21,21758,19.725081827680132,357.2111407298465,44.54683334865337,0,0,111.82106386135045,131.5045360113605,131.5045360113605,131.5045360113605,2019,indigenous
Secondary school or above,15,30,30035,27.146430857057187,372.98471782919927,36.540702513733976,0,0,92.2073415458859,99.75999640117111,99.75999640117111,99.75999640117111,2019,indigenous
Secondary school or above,16,23,22181,21.1061615168223,237.44195482620262,0,0,0,98.45874887761568,98.45874887761568,98.45874887761568,98.45874887761568,2019,indigenous
Secondary school or above,17,46,41910,42.24448032438563,858.49343832021,37.329754235266044,2.8913147220233832,0,183.4455562696921,183.57279045829557,183.25931446628763,183.25931446628763,2019,indigenous
Secondary school or above,18,49,48396,44.991137015795566,747.6174339477092,45.86825357467559,4.697357908367082,0,145.34408449945417,148.34156354363625,147.88798081571412,147.88798081571412,2019,indigenous
Secondary school or above,19,66,57613,59.118543975785045,1116.7574621468534,85.36615000086786,17.25608803568639,0,152.03607159801834,155.79287050645158,154.35168177759385,154.35168177759385,2019,indigenous
Secondary school or above,20,61,55565,55.79573718848884,1069.1834188188006,29.475389183838747,40.75257206274933,0,174.13602360798714,181.41875721166767,183.51184373252758,183.51184373252758,2019,indigenous
Secondary school or above,21,35,31370,31.535860329103542,1186.8895441504621,87.32228243544787,47.38603761555626,0,222.56337063084408,248.78000818582908,244.13514748162947,244.13514748162947,2019,indigenous
Secondary school or above,22,50,45982,45.66885913490224,1232.9119945485916,69.28450263146449,9.473272149971729,0,182.1169449988735,185.37003083631691,184.96877773061937,184.96877773061937,2019,indigenous
Secondary school or above,23,47,38268,41.90726269971012,1606.7904689732065,13.483850736908122,0,2.879690603114874,186.4188293240218,187.77503415687448,187.77503415687448,187.32147262543603,2019,indigenous
Secondary school or above,24,40,34610,35.83959317099045,1833.2645092940384,39.373013579890205,22.642617740537418,12.915342386593471,320.68773495033867,324.56813842530397,325.5106244578516,329.3617603049751,2019,indigenous
Secondary school or above,25,50,44044,45.04169334709067,2277.2555323464417,34.36790482245028,51.299268912905276,0,280.52105627580664,281.42289947024165,282.5770254046208,282.5770254046208,2019,indigenous
Secondary school or above,26,31,25479,28.123258502389056,2576.3542198150108,18.76839750382668,68.49091408611012,0,366.8468900209888,365.6698587075399,362.3354528191171,362.3354528191171,2019,indigenous
Secondary school or above,27,29,25372,26.168967382166585,1785.3775158967892,117.18429765095381,83.49624257711913,7.425508434494718,239.51159847268366,281.8250336625845,273.3115644751259,273.7001378838736,2019,indigenous
Secondary school or above,28,33,28870,29.826177452745938,2540.4746795981987,16.62625562868029,12.94166955316938,7.400127006119385,483.91013959286914,482.18022594611466,484.0602537541764,489.7336672653028,2019,indigenous
Secondary school or above,29,31,24760,27.728256056562138,2745.0045907377494,105.5048465266559,61.11978998384491,0,488.9795635803611,515.2529534480141,511.7165930468471,511.7165930468471,2019,indigenous
Secondary school or above,30,33,28404,27.32431810724687,2590.796660094822,9.264540205604844,0,0,547.2337218505334,547.4827346463935,547.4827346463935,547.4827346463935,2019,indigenous
Secondary school or above,31,25,21077,22.332977539276893,2790.678124654046,54.58082269772738,15.372206670778574,0,318.1870459564614,330.83194924666606,329.9531284348448,329.9531284348448,2019,indigenous
Secondary school or above,32,22,17938,18.45085518997213,3434.779564797265,0,18.51711450551901,0,440.19852019708657,440.19852019708657,442.10102643473203,442.10102643473203,2019,indigenous
Secondary school or above,33,21,17036,18.80590062433777,3150.5216208812712,96.33716834937779,0,0,514.8885666708268,530.4434625285214,530.4434625285214,530.4434625285214,2019,indigenous
Secondary school or above,34,17,14387,15.661930334727543,2533.398484743171,14.28372836588587,25.06661106091147,0,479.4940004343062,480.7306667366747,481.1143522254841,481.1143522254841,2019,indigenous
Secondary school or above,35,19,16198,16.532531144145413,3221.67546404906,3.759723422644771,0,0,651.1398028134545,651.2177810435296,651.2177810435296,651.2177810435296,2019,indigenous
Secondary school or above,36,13,11339,11.303649553152452,6280.07405120969,0,37.3577916923891,0,3631.8394537392237,3631.8394537392237,3629.344077599813,3629.344077599813,2019,indigenous
Secondary school or above,37,11,9648,10.176385173361904,3898.328841901603,44.603544776119406,60.87617468214482,0,607.3414711845543,603.9589830137841,627.5883395901204,627.5883395901204,2019,indigenous
Secondary school or above,38,22,20278,19.018391257328396,3924.911184534964,0,196.09922083045666,45.50087122332906,773.7608042953522,773.7608042953522,754.5059579334899,743.6200145134585,2019,indigenous
Secondary school or above,39,13,10446,12.215798614648401,2918.560373986853,186.27225732337737,128.30269959793222,0,690.1305098102243,676.2396481102526,647.5996660971056,647.5996660971056,2019,indigenous
Secondary school or above,40,7,5594,6.445122561569131,4296.961685138839,31.748301751877012,0,0,1152.150561644421,1139.8747220224589,1139.8747220224589,1139.8747220224589,2019,indigenous
Secondary school or above,41,5,5909,4.868305558588114,2872.218931573306,40.97749196141479,0,0,962.6889807391589,941.1142759249441,941.1142759249441,941.1142759249441,2019,indigenous
Secondary school or above,42,9,7702,7.924641051488896,4576.463645806284,0,0,0,973.9844970692671,973.9844970692671,973.9844970692671,973.9844970692671,2019,indigenous
Secondary school or above,43,4,2927,2.6380355195825125,4787.620999886118,0,0,0,926.7897981683334,926.7897981683334,926.7897981683334,926.7897981683334,2019,indigenous
Secondary school or above,44,8,6170,7.38005083794204,3201.196650459211,0,0,0,460.6415126553161,460.6415126553161,460.6415126553161,460.6415126553161,2019,indigenous
Secondary school or above,45,13,9180,12.26912871138945,5379.693355119825,30.745098039215687,85.7516339869281,0,1368.6252403147657,1362.7217911654222,1367.9978639128444,1367.9978639128444,2019,indigenous
Secondary school or above,46,3,2250,2.6658234327064547,7537.55,0,19.885185185185183,0,1992.4994339048196,1992.4994339048196,2001.5056294595809,2001.5056294595809,2019,indigenous
Secondary school or above,47,5,3880,4.248886580829434,1453.206701030928,0,0,0,707.001682468868,707.001682468868,707.001682468868,707.001682468868,2019,indigenous
Secondary school or above,48,6,4924,4.931034033926544,1599.7516923910102,0,446.1481180611969,0,756.1154705294733,756.1154705294733,1268.7054124847464,1268.7054124847464,2019,indigenous
Secondary school or above,49,2,1984,1.4917915114397353,249.7983870967742,0,0,0,694.7238082000796,694.7238082000796,694.7238082000796,694.7238082000796,2019,indigenous
Secondary school or above,50,12,9606,10.841471828106569,3130.3532861406065,112.67874245263377,0,0,713.0668352510245,694.3810294735043,694.3810294735043,694.3810294735043,2019,indigenous
Secondary school or above,51,4,3043,3.8121952715657055,3546.4596341329834,0,0,0,814.5751113405861,814.5751113405861,814.5751113405861,814.5751113405861,2019,indigenous
Secondary school or above,52,6,5548,5.811277694391738,2231.847332372026,14.617880317231435,1119.1420331651045,0,786.777876769382,793.0697589557257,937.2880280652682,937.2880280652682,2019,indigenous
Secondary school or above,53,9,6545,8.635555073529279,3817.869875222817,0,0,0,1401.2423697378595,1401.2423697378595,1401.2423697378595,1401.2423697378595,2019,indigenous
Secondary school or above,54,7,4921,6.948763992584157,4023.7180789812373,0,0,100.42674253200569,885.8052778058232,885.8052778058232,885.8052778058232,894.8323430093396,2019,indigenous
Secondary school or above,55,6,5218,5.081682740528416,3261.5615178229205,111.07704101188195,165.17669605212726,0,1991.8010449948874,1977.1677372806305,1996.3556061282882,1996.3556061282882,2019,indigenous
Secondary school or above,56,1,557,1,1800,0,0,0,NA,NA,NA,NA,2019,indigenous
Secondary school or above,57,3,2652,2.932554332552498,4885.1274509803925,76.99849170437406,0,0,830.0098740724981,852.4770784394462,852.4770784394462,852.4770784394462,2019,indigenous
Secondary school or above,58,3,2198,2.9224373949727247,3742.8571428571427,0,0,0,717.6022572697563,717.6022572697563,717.6022572697563,717.6022572697563,2019,indigenous
Secondary school or above,59,3,2261,2.46082059107396,3741.264927023441,0,0,0,3174.9160295266415,3174.9160295266415,3174.9160295266415,3174.9160295266415,2019,indigenous
Secondary school or above,60,3,2727,2.97845141957011,6579.480748074808,0,517.012101210121,220.02200220022002,2597.0146993155226,2597.0146993155226,2976.9518871448845,3020.2876660079114,2019,indigenous
At most primary school,14,24,24648,22.483581302982373,501.7224926971762,23.195593962999027,18.483277885967762,0,100.74364276866089,109.41748144662076,108.31393595519174,108.31393595519174,2019,non-indigenous
At most primary school,15,15,13714,13.711782358664758,767.8853726119294,62.6046375966166,47.29959651937193,0,156.4938867876668,158.44605467415775,149.733376823868,149.733376823868,2019,non-indigenous
At most primary school,16,22,19879,19.288875300987023,666.3593742139947,58.63775843855325,0,0,129.157987175238,138.7001066344512,138.7001066344512,138.7001066344512,2019,non-indigenous
At most primary school,17,33,29361,29.325707473397618,1092.7832839480943,106.74789686999762,4.843159292939614,0,138.88616187025033,153.46758827296736,152.23493213934626,152.23493213934626,2019,non-indigenous
At most primary school,18,36,32132,32.245920465561106,1164.6918959292916,42.13867795344205,0,0,150.11243839013227,147.6701843777632,147.6701843777632,147.6701843777632,2019,non-indigenous
At most primary school,19,34,31216,30.834478642369742,1367.9822313343586,94.05433111225013,22.7434114983769,0,142.6093172021076,153.32289526898455,156.55509305070441,156.55509305070441,2019,non-indigenous
At most primary school,20,39,36761,35.1263112376732,1305.9778932383051,159.96599657245451,0,0,134.52400828737703,165.17854411052662,165.17854411052662,165.17854411052662,2019,non-indigenous
At most primary school,21,20,17085,16.909535730640528,1263.3847917276364,28.902546093064093,0,0,244.5411940118574,244.76825260641914,244.76825260641914,244.76825260641914,2019,non-indigenous
At most primary school,22,33,30992,30.125102355914173,1419.5266843056272,44.160751161590085,38.20319222164859,0,170.70060963009414,172.62921915649702,169.4257071419454,169.4257071419454,2019,non-indigenous
At most primary school,23,62,57311,54.223519731088516,1560.9600367585049,89.66505557397359,113.55760674216118,0,157.6986015453206,169.43446408877497,184.54184014221752,184.54184014221752,2019,non-indigenous
At most primary school,24,49,40546,41.073640170834636,1355.3684786004374,156.27904108913333,19.32619740541607,13.482628783768233,142.5617456569323,166.44740835583605,166.3342207284475,170.84890369098832,2019,non-indigenous
At most primary school,25,31,24424,26.521387414815973,1612.3399798012883,0,47.61163882519926,0,180.10290262092497,180.10290262092497,192.61262593359348,192.61262593359348,2019,non-indigenous
At most primary school,26,34,30193,30.389730552265565,1325.8023382903323,79.21438744079754,57.49235474006117,0,186.58698205269295,186.96943743649632,184.78961740675837,184.78961740675837,2019,non-indigenous
At most primary school,27,40,32751,32.93938237045888,1770.4100434592328,27.480076944215444,61.462779762450005,26.10607309700467,185.78462992540582,183.68239790380744,184.6659069381232,181.66534496705225,2019,non-indigenous
At most primary school,28,41,38004,35.731342220153344,1654.6126021822265,90.69176928744342,17.64445847805494,0,237.4236426403424,239.86525671128888,238.46930614227108,238.46930614227108,2019,non-indigenous
At most primary school,29,44,38831,37.73437668490939,1648.8366768818728,80.70536427081456,34.6393345522907,0,181.9403814147407,183.05451613944396,181.2603599424405,181.2603599424405,2019,non-indigenous
At most primary school,30,52,43132,46.53910905410183,1693.944248663019,66.42168227765927,150.42346749513123,0,143.08545710745491,148.95720714957096,171.0814501871743,171.0814501871743,2019,non-indigenous
At most primary school,31,36,25713,29.882381965633368,1944.1556281517778,49.177458872943646,61.81697973787578,30.381519075953797,314.9958880173943,318.373830787426,319.3368493858703,316.95514396811217,2019,non-indigenous
At most primary school,32,45,32157,37.362388040395516,1808.4790714307926,76.04005348757657,93.13420613448602,0,211.0500290764975,219.9524871110609,214.56287687349325,214.56287687349325,2019,non-indigenous
At most primary school,33,30,24133,25.110793466435386,1700.846986836835,47.71060373762069,18.066547880495587,18.37732565366925,333.29426345174363,329.8243705661075,327.6416388530766,325.7171986242692,2019,non-indigenous
At most primary school,34,46,36443,38.987738679464876,1931.925692176824,21.625003430013994,24.96089784046319,6.998143219091001,259.4639498031478,257.5785388301668,255.35646133215582,255.06386750186815,2019,non-indigenous
At most primary school,35,68,52223,60.74786058739689,2303.662664598612,107.75118242919787,43.486586369990235,2.047629077864798,287.00293580195716,288.249768493253,288.9551052638989,288.76852979059083,2019,non-indigenous
At most primary school,36,43,28881,36.55150420108301,2223.822270696998,34.78480662026938,42.69213900719043,38.57207160416883,235.54252004411657,235.16390576638867,233.03074700446732,233.40019965239114,2019,non-indigenous
At most primary school,37,54,42490,45.63241637305365,2080.620789205303,131.10602494704636,135.07778300776653,0,245.70360166511492,270.701764392317,301.4245395137333,301.4245395137333,2019,non-indigenous
At most primary school,38,69,49184,58.7145835822183,2416.3254649208416,59.42501626545218,109.1055526187378,5.806766428106702,254.98821813595944,253.10757624308323,253.4888165635644,253.11898850715704,2019,non-indigenous
At most primary school,39,47,39841,39.929462988117066,2193.2367745120187,160.36796265153987,59.34213498657162,0,286.56247593658117,283.350135344589,286.0232828449635,286.0232828449635,2019,non-indigenous
At most primary school,40,77,62602,68.70912644475939,2081.4635128803125,46.19021756493403,79.87684099549536,0,208.15345534533395,208.40057645839977,212.84637897492635,212.84637897492635,2019,non-indigenous
At most primary school,41,45,34633,38.192636909722616,2450.6383314565105,114.05249328674964,86.39236181291446,70.25091675569543,289.4338957943349,297.5933027625222,295.25561532303095,300.3746596348475,2019,non-indigenous
At most primary school,42,62,45412,52.998889265472954,1941.9217534278753,91.17876332246983,92.12003435215361,49.66381866760621,224.1646538165042,227.33466195729454,228.77375570721364,228.884647605282,2019,non-indigenous
At most primary school,43,52,39061,43.99184994348932,2267.359429268751,101.01405493970968,37.46191853767185,11.098026164204706,231.45241773869327,237.64154457834647,237.98600685517061,236.8426669985423,2019,non-indigenous
At most primary school,44,36,29470,31.364797774765826,2291.4136070580253,44.16779776043434,92.21245334238208,71.93756362402443,325.0387991882988,337.05331545932745,328.4624466606454,344.5580895810964,2019,non-indigenous
At most primary school,45,68,53768,58.0563992940208,2301.755839904776,33.00178544859396,78.93883598670833,63.77957149233745,247.70768751718091,247.64085246136622,252.88538202556455,260.95487113143656,2019,non-indigenous
At most primary school,46,60,45560,52.37341848804631,2034.5458040678957,81.83538191395961,82.26035264852209,0,215.816448427077,213.98107237643643,217.2232365114092,217.2232365114092,2019,non-indigenous
At most primary school,47,49,37625,42.02624656153024,2458.601550387597,64.56930232558139,63.99813953488372,44,282.2434165934784,283.4143465602466,278.52108013488686,272.3216153825934,2019,non-indigenous
At most primary school,48,56,44114,46.53884315624589,1998.0278596363967,63.31799428752777,97.96984328482266,0,258.89004886792,260.88435534676387,281.41929930836034,281.41929930836034,2019,non-indigenous
At most primary school,49,51,37822,41.35949073688574,6356.0570126734,71.8573845909788,300.4889129783371,0,2943.498076408348,2941.767407641488,3088.970449120076,3088.970449120076,2019,non-indigenous
At most primary school,50,76,59392,64.45622176621843,2448.821530396911,48.45501077586207,75.18857758620689,0,324.28728305689424,324.7596588883312,321.7376391603721,321.7376391603721,2019,non-indigenous
At most primary school,51,30,23967,25.693965304964294,1852.6555680727668,15.542203863645847,33.98548003504819,0,321.34994650614664,322.58821737859637,323.84619950113216,323.84619950113216,2019,non-indigenous
At most primary school,52,53,36209,44.72438354682133,2062.120706638313,26.126929768842,12.79239967963766,31.688254301416777,223.2858315838879,226.84923642906062,225.0680664894959,221.80019157077172,2019,non-indigenous
At most primary school,53,50,41909,42.26892174971577,1599.2169462406644,53.82519267937675,104.46021936417793,0,200.07615661376323,205.6372675277514,209.7765600886005,209.7765600886005,2019,non-indigenous
At most primary school,54,46,36005,39.86345101624338,4529.173341665509,23.360366615747814,244.50307827616535,7.47118455770032,2110.2621037171734,2109.8877732452083,2225.725847523244,2225.3913206252473,2019,non-indigenous
At most primary school,55,46,35662,38.69244686056139,2208.7641093227153,37.25792159721833,112.0163385863571,1.8675340698783018,330.16461923713706,328.747939524658,328.03590866191996,328.26390447853777,2019,non-indigenous
At most primary school,56,41,32507,36.30119580383954,2255.489643256324,71.73901005937182,37.32683216948144,181.38400959793276,281.79866415954217,287.7049671229663,283.93491139476436,346.92048342907935,2019,non-indigenous
At most primary school,57,41,31190,35.46129799471282,2026.8914502511489,71.3674254568772,202.02468739980762,84.01731324142354,211.05387325014786,218.27602221417993,242.2620480443703,246.14938308516614,2019,non-indigenous
At most primary school,58,66,47115,56.62610235503501,1834.7194453288055,162.8897378754112,43.71466977961725,87.33347483108706,183.6122413302363,202.5552609149621,200.12190880098046,195.63712318776,2019,non-indigenous
At most primary school,59,39,27856,32.67133707575735,1886.5309209266707,15.240881677197013,135.05648094964582,259.2753805284319,330.79400549942665,330.55257794048026,390.48892234591256,402.9854007156048,2019,non-indigenous
At most primary school,60,51,38686,42.11920871172019,1926.4445191197506,28.77526753864447,159.8782289889538,16.3374605800548,223.76903487953456,223.8799465062374,227.47628619623933,228.0469882479031,2019,non-indigenous
Secondary school or above,14,14,11129,12.73138211783257,314.4283703237787,11.133075748045647,0,0,106.09679230662101,114.9411935259288,114.9411935259288,114.9411935259288,2019,non-indigenous
Secondary school or above,15,31,25320,26.58481785756612,436.83925750394945,30.15580568720379,10.88763823064771,0,129.65793285121092,140.39736150544954,141.96169909310368,141.96169909310368,2019,non-indigenous
Secondary school or above,16,42,37067,36.97183196903818,680.1283261841171,37.46459114576308,6.280519060080395,0,148.76079723011887,149.573344519321,148.847005290594,148.847005290594,2019,non-indigenous
Secondary school or above,17,69,57612,60.470634523784234,911.6183636510912,36.855169062000975,15.93013029692888,12.792473790182601,113.99675301191319,118.91742603691641,118.7634633319097,117.45068691369144,2019,non-indigenous
Secondary school or above,18,85,63719,71.27765909708667,1527.8150826284154,78.18504684630958,4.149834952421307,0,166.1369003008517,171.52959283095268,171.46173613108022,171.46173613108022,2019,non-indigenous
Secondary school or above,19,120,87607,98.83762051337419,1833.9089646565533,75.23522092983437,45.5535326324761,13.73177942401863,147.79851628892806,152.5906953066614,155.7099078951782,157.54400956478565,2019,non-indigenous
Secondary school or above,20,162,116874,132.92964553747282,2086.142235798096,49.46841898112497,22.958741892978765,32.70473615460524,134.33957899467234,137.4692346882439,137.20646030791485,140.44794581538966,2019,non-indigenous
Secondary school or above,21,134,92993,111.63934730115815,2432.1696561389927,28.901315152753433,23.804211069650403,36.63716623831901,131.1344224344261,130.96746683756115,131.91599352272337,135.2401778274383,2019,non-indigenous
Secondary school or above,22,139,95931,115.14040163529965,2158.157453447443,61.038955082298735,14.922948091162745,20.47443822469622,136.26136160844217,139.37102554656326,139.0969704119765,139.06958855898336,2019,non-indigenous
Secondary school or above,23,138,92577,113.9455153566776,2700.8720839589387,45.25012692137356,9.57491241525073,33.20443162628587,165.23613752595986,168.166894544248,168.24213397950564,166.5539375459283,2019,non-indigenous
Secondary school or above,24,150,104641,125.44944631652452,2990.8803560108686,48.54255024321251,84.06908700541216,33.92392401958442,194.2333050945181,194.59067723332706,196.55144689351064,200.63958952826516,2019,non-indigenous
Secondary school or above,25,168,113403,139.01155754641752,2861.4408253455967,47.08277558794741,50.76537510765442,26.5072352583265,149.84733135478976,148.10892137176603,149.07834497929395,150.86364838463922,2019,non-indigenous
Secondary school or above,26,139,97634,114.46738892749808,3494.1494168698064,90.87233955384394,48.52715242640883,3.2998067613058297,304.22034978123105,304.1104210191544,301.9592515421298,301.6324057982984,2019,non-indigenous
Secondary school or above,27,132,85152,107.4804659940564,3345.8313603908305,66.9476348177377,67.06145089565327,5.276838281347864,252.70406186711418,252.86807641611372,251.3320091122589,251.5128580210592,2019,non-indigenous
Secondary school or above,28,132,85037,109.02335472317228,3168.430867347939,47.587991109752224,43.3640650540353,3.0870875814841385,170.07276712519365,175.06740326012667,188.13256930748105,188.1977108318456,2019,non-indigenous
Secondary school or above,29,115,73639,94.64089872216952,4188.06709080786,30.950175857901385,42.132610890062786,17.89323592118307,827.7437388839296,827.5115508966201,827.0318026432752,826.9581693115349,2019,non-indigenous
Secondary school or above,30,157,103228,132.02130940857958,3938.945393530179,45.14782810865269,138.97715090221,43.26507020059157,266.9859172071098,269.6248867006282,274.09292027011367,277.2233378107191,2019,non-indigenous
Secondary school or above,31,98,62906,82.71729601587637,4028.162648766943,38.867516612087876,81.38267149927405,17.13668012590214,458.0280895341593,457.52573945573914,464.0513572126551,464.2550919120678,2019,non-indigenous
Secondary school or above,32,106,64150,88.70886071474393,4070.9640478046244,33.74678098207327,37.402961808261885,17.392922837100546,371.6552884289356,371.38087684386613,370.67153113210026,371.99477793359347,2019,non-indigenous
Secondary school or above,33,111,72661,91.90642816907283,4359.866790070785,37.7981310469165,51.05329314671327,5.539422799025612,913.3502066147288,913.3232953013569,918.260859078961,918.2336630959267,2019,non-indigenous
Secondary school or above,34,107,69139,86.51521701473428,3745.7375624948777,43.71292613430914,81.46005390107851,53.28396418808487,264.1785667927795,267.7745574037118,269.9938572457496,274.71553121742124,2019,non-indigenous
Secondary school or above,35,106,64207,89.15023336813458,4041.1770393674624,63.38841559331537,29.99750805986886,0,285.2058990309622,287.1030049218681,286.5643112814252,286.5643112814252,2019,non-indigenous
Secondary school or above,36,111,67380,94.53517795640832,4105.569140199862,18.903235381418817,22.210151380231522,0,318.177478884123,318.68200390184273,318.33128837884806,318.33128837884806,2019,non-indigenous
Secondary school or above,37,92,56859,75.51025292481003,4993.741814547096,31.533090627693067,146.39539035157142,49.01598691500026,499.9434580694327,501.770617067423,504.5657178553355,511.27426248914304,2019,non-indigenous
Secondary school or above,38,113,67707,94.92555137567507,4943.632950310406,35.159289290619874,116.83823927609652,29.105065453596627,947.0382291639431,949.4939729299908,951.9624338453866,951.8640337545064,2019,non-indigenous
Secondary school or above,39,78,50678,64.75843144916279,5701.267861136325,123.6587868503098,208.4032847915598,62.309417630266914,1106.2036378399264,1109.6236364348213,1152.0577254306863,1151.1822276599048,2019,non-indigenous
Secondary school or above,40,131,77503,109.88416665991329,4576.763822045598,105.33349676786705,287.9917551578649,13.811181502651511,303.17389308826927,307.2128091671399,339.34993338692635,340.30875806914406,2019,non-indigenous
Secondary school or above,41,57,33091,45.69456527613033,5644.1322212484765,88.8386570366565,218.47063149093913,12.936447976791273,547.2199581328813,565.3952222027272,569.8190903620176,568.1440290519209,2019,non-indigenous
Secondary school or above,42,104,62103,84.40290983451304,4338.069089523319,26.878733716567638,80.68799682248309,8.811168542582484,294.1558381340913,294.2734738659609,290.9288171773696,294.1106037018762,2019,non-indigenous
Secondary school or above,43,63,35145,51.517593032582596,4424.744140939916,46.88006828851899,30.761132451273298,59.886090956513485,392.1575583897054,390.7805836833779,391.59390967235476,389.77726997428914,2019,non-indigenous
Secondary school or above,44,51,33203,42.93592990662741,5498.385135881295,113.70900219859651,42.36997911835275,6.18016444297202,756.2335224018658,797.3505554507022,804.5498867814644,804.310342872308,2019,non-indigenous
Secondary school or above,45,101,62918,86.95072179641642,5146.372811966899,44.718363584347884,92.01499305974973,8.000535087998136,376.86562999459164,376.50508696229224,370.8503736074302,370.3779498035013,2019,non-indigenous
Secondary school or above,46,68,41810,56.23027120724997,4895.3358646256875,2.5352786414733317,79.7974966116559,65.23798134417603,466.18949356688,466.199674489099,479.8787057848374,488.7203644398741,2019,non-indigenous
Secondary school or above,47,57,28686,50.09033914554679,4984.887018057589,16.613679146622047,54.61084384949685,23.495781914522762,472.63314339933044,472.49395104021335,476.60741063462257,486.7743896194296,2019,non-indigenous
Secondary school or above,48,62,35904,50.86659711871337,4949.361468545751,56.6104055258467,174.9108734402852,0,882.2972146594138,880.2533170767523,880.47871537322,880.47871537322,2019,non-indigenous
Secondary school or above,49,42,26897,33.38541746896193,3556.8568117881796,42.19905565676469,69.8312079414061,56.16723054615756,515.5474207067446,515.6351063261392,532.3517808334863,530.4299758253289,2019,non-indigenous
Secondary school or above,50,58,33658,47.74456833613065,6581.236437102621,19.98039099174045,59.04985441796898,3.421672905896567,1094.7381642698017,1094.8742323596011,1093.135555369198,1092.861734193078,2019,non-indigenous
Secondary school or above,51,31,17965,26.664311358396677,6503.080202245106,87.42666295574729,13.554133036459783,24.48093515168383,1436.6646053151683,1432.3542199237252,1432.2334845709615,1428.7996297474224,2019,non-indigenous
Secondary school or above,52,49,28737,39.71050472624707,3993.027948869634,30.034450360162857,101.53112711834916,58.25242718446602,385.56749413281455,388.7037090726633,384.4875285029302,393.8818764012491,2019,non-indigenous
Secondary school or above,53,53,32072,42.96603638089759,5121.904438970649,35.68470940384136,561.4149413818908,11.567722624095785,796.8689370968838,797.1416242096623,966.6571415469359,965.2863566307026,2019,non-indigenous
Secondary school or above,54,40,22536,33.116221227556444,6711.876700982133,14.776357827476039,265.4419595314164,19.879304224352147,1445.1693479935775,1443.582903841361,1457.5766130234144,1455.8335847751896,2019,non-indigenous
Secondary school or above,55,34,22739,29.155975086759618,5251.10558951581,51.99437090461322,198.47178855710453,14.39905009015348,1117.1002161975143,1117.2594442247919,1128.109037677236,1136.243939025939,2019,non-indigenous
Secondary school or above,56,38,25715,30.014346500613552,4272.218342083091,36.14232937973945,197.48647676453433,0,714.004279958581,712.4092169325874,759.1635585210585,759.1635585210585,2019,non-indigenous
Secondary school or above,57,30,17275,24.993224603716786,5363.378707187651,1.2329956584659914,424.97346840328026,0,705.9552354823529,705.6542411438925,697.2220460294358,697.2220460294358,2019,non-indigenous
Secondary school or above,58,28,16009,24.06518475324996,5690.362400316489,22.48735086513836,756.9054906615029,7.4957836217127864,693.892320696822,689.7327229371002,859.2297638364013,858.0917480199294,2019,non-indigenous
Secondary school or above,59,28,14935,24.219370351730692,5093.939694230554,43.05323066622029,276.1589108358442,0,766.2689252062257,770.4320257397935,782.2030425486181,782.2030425486181,2019,non-indigenous
Secondary school or above,60,30,16353,26.592438544529205,5292.12886524389,35.89702195315844,48.23579771295787,0,578.2979698718405,577.3990685583724,574.7747169231769,574.7747169231769,2019,non-indigenous
At most primary school,14,48,49631,45.36102841399846,442.6391301135715,22.377445548145314,22.283972382852113,0,79.4155911907761,83.37132782212146,87.54254241597337,87.54254241597337,2019,p99
At most primary school,15,66,65257,60.610278541983334,498.129396080114,61.34912729668848,16.248703842755052,0,71.71924043104224,78.77766989349846,78.35959626059476,78.35959626059476,2019,p99
At most primary school,16,66,63423,59.52901687349857,466.45724737082764,18.379136906169688,16.216514513662236,0,72.04991195119747,74.6974391000315,79.118920501234,79.118920501234,2019,p99
At most primary school,17,82,78692,74.90383732560426,829.4404767956082,69.46354140192142,23.221759094528878,0,81.3324208750151,91.0748076616122,92.99117662185137,92.99117662185137,2019,p99
At most primary school,18,90,84873,82.08820739840732,971.8618995440246,44.62526362918714,0,0,97.96580315288571,98.71122106020354,98.71122106020354,98.71122106020354,2019,p99
At most primary school,19,85,81589,77.05720182280925,944.789730641794,104.68666119207246,43.79644723349144,0,99.79015854132615,118.69321060551145,124.44332430742408,124.44332430742408,2019,p99
At most primary school,20,75,68964,68.57408309407788,1103.1553177503238,105.67121976683487,11.571254567600487,0,92.94587298327352,109.80759047550308,112.22725359724902,112.22725359724902,2019,p99
At most primary school,21,62,57460,54.594457948803054,1164.2689378118112,82.457361642882,0,0,138.4470928797888,147.23516039242816,147.23516039242816,147.23516039242816,2019,p99
At most primary school,22,78,71500,69.72759475649033,1252.1196829836829,44.68377622377622,19.874032634032634,0,102.12081950049829,106.33653312410024,105.81489921473222,105.81489921473222,2019,p99
At most primary school,23,107,99732,95.18688266397015,1304.8548476583912,87.61699354269442,77.12344082140136,0,110.21399931217847,117.25207784982335,124.93421660231604,124.93421660231604,2019,p99
At most primary school,24,81,69842,69.38199189025632,1274.4680039708676,107.72271698977693,34.63191918902666,84.93981653828165,132.31618640256417,142.12143299070436,144.3265478846727,144.35768632467904,2019,p99
At most primary school,25,69,58047,61.619023374125824,1391.5965108733728,43.65858700708047,29.13595879201337,14.1221768566851,164.96675876673257,168.26378401778913,170.45173721664673,172.08883286257617,2019,p99
At most primary school,26,59,53835,52.168981375187265,1367.3863100213616,47.26664809139036,41.19485464846289,0,230.69009654301485,230.5030826664994,229.49770054704715,229.49770054704715,2019,p99
At most primary school,27,77,67248,66.19936690460784,1286.0673526845903,60.97475017844397,31.369966393052582,12.714132762312634,122.88658505249467,121.88211842769554,123.93408563594829,123.64301908047362,2019,p99
At most primary school,28,73,65016,64.23214378026296,1396.6389401583199,72.89621016365203,15.654761904761905,0,125.72290860427694,128.4017553695595,127.81694890739598,127.81694890739598,2019,p99
At most primary school,29,73,64720,63.083904510654214,1638.3470488257108,63.88550679851669,20.783065512978986,0,152.88914913300624,153.53704875284512,152.85451799228724,152.85451799228724,2019,p99
At most primary school,30,122,108923,108.91867317188459,1454.2532522974946,47.203253674614174,79.69098965936182,0,100.99779886521343,102.91956962052697,109.49514918407183,109.49514918407183,2019,p99
At most primary school,31,61,50032,51.766903111224345,1864.8084825711544,51.483050847457626,63.859296716767936,38.679245283018865,204.33232386853786,207.6831786118126,207.42615604691773,206.24181896892236,2019,p99
At most primary school,32,87,73493,74.52097329100192,1566.5969344019159,48.14635407453771,117.07922976791441,0,156.57785245781403,159.95931884297977,160.01298695853433,160.01298695853433,2019,p99
At most primary school,33,64,57536,55.599495545444846,1362.8060924175008,54.86982063403782,25.823832035595107,7.708217463848721,195.77617408330022,196.01682449993666,193.62244608707613,193.2601968528255,2019,p99
At most primary school,34,81,69018,70.8182390800696,1639.3785823987946,20.957895041873133,29.787881422237678,23.286678837404736,169.88660799679363,168.84319675108932,167.62989765897353,167.30127027219908,2019,p99
At most primary school,35,121,100744,107.70458521999039,1864.612139019032,67.35016477408084,36.98971320045528,47.72625003308716,183.93273892394367,185.7058432899118,186.33708550657354,186.66896516298272,2019,p99
At most primary school,36,84,70090,73.1884342977785,1894.2230132686545,20.02025966614353,55.87411423407999,60.61449564845199,203.1866466370905,202.94578289160572,200.8716938861106,201.1385512533186,2019,p99
At most primary school,37,91,76294,79.1170520504629,1929.8603559912967,76.68047290743702,77.07864751269213,0,190.2515441253776,201.63022660264556,216.09188446192047,216.09188446192047,2019,p99
At most primary school,38,115,90296,97.13477619884262,1947.2890087416204,37.01946930096571,65.66179564986267,3.162930805351289,213.96783825527876,214.22086464041757,215.6769492740534,215.61670208089805,2019,p99
At most primary school,39,86,77894,74.33141132202547,1739.744109516351,94.78586283924308,48.4921816827997,95.97658356227694,159.88018482067577,161.74241662043295,164.25357859380395,189.20344835841692,2019,p99
At most primary school,40,153,133780,134.41311208189688,2144.118063238152,32.4760053819704,69.72074799421937,51.69120944834803,229.01168469100222,229.12610389409443,230.31071775097155,233.73462351882006,2019,p99
At most primary school,41,71,59123,61.69605514774763,2127.712554053978,75.45253116384487,90.18912549543607,41.15149772508161,219.5836520311752,225.97596499265646,223.25609361838258,226.80947443256466,2019,p99
At most primary school,42,108,86924,93.15104742970148,1830.0296350835213,64.73770190051079,90.24786978663354,25.946037151227888,151.07388101507135,154.17314883812105,158.47905418832363,158.79610251529087,2019,p99
At most primary school,43,87,72044,75.34894066867759,1842.4407167841875,59.90380878352118,61.02867691966021,6.017156182333019,166.60513179341976,172.51561220943591,171.02429557309432,170.7370352023386,2019,p99
At most primary school,44,63,52805,56.47799029464312,2074.121162768677,62.037023009184736,85.48836442256099,40.14771328472683,275.34678730628656,279.3015312975978,274.63881510363774,281.1704254959599,2019,p99
At most primary school,45,120,94947,104.44806685810562,2017.3168293890276,21.711481142110863,60.44389677047897,45.58802981312382,175.76961707007393,176.05983857659925,179.79622175630945,183.4627035471674,2019,p99
At most primary school,46,77,58534,67.77260003721904,1921.4215470211045,67.04342775139236,72.88553091650438,0,188.12393463865564,187.20152358663856,189.7392941830155,189.7392941830155,2019,p99
At most primary school,47,71,58971,61.453574992823214,2395.971635775777,52.039477031083074,64.41691678960845,46.32616031608757,288.91167058984394,288.9343535016128,285.605206188926,283.5138345893427,2019,p99
At most primary school,48,93,75697,80.60428654574459,2241.4857127759356,58.75080914699394,82.25050750580165,77.9079752169835,393.0448526979096,392.8361473987936,395.9578472314609,397.13789270761356,2019,p99
At most primary school,49,82,65890,69.69063242225046,2044.4981079577074,71.53725906814388,95.11641245510194,0,205.78787345773168,209.40056192333293,209.65737544983037,209.65737544983037,2019,p99
At most primary school,50,124,106748,107.7284145549596,2015.2359669502005,29.552216434968337,51.59597057243852,0.6087545746368395,223.3687857558487,223.89616886664825,223.02897055837556,223.0228747478106,2019,p99
At most primary school,51,42,34102,35.86578865965869,1768.4337135651867,42.65673567532696,47.05619416261021,7.719488593044396,253.5493469067211,251.82317673884546,252.61438051982887,251.30770283191228,2019,p99
At most primary school,52,79,59760,66.51429764273271,1833.2844991075413,34.27225568942436,17.31892012494422,19.200133868808567,172.53318320550366,173.68165036076846,172.38838698191844,171.04850837730203,2019,p99
At most primary school,53,81,67072,70.03580125062852,1574.0246998250636,58.560353053435115,68.81296715966921,0,152.05519898837335,153.69543069590858,155.67475481474747,155.67475481474747,2019,p99
At most primary school,54,70,56698,61.976648839299635,1769.9792085552695,14.834562065681329,110.18378073300646,63.75004409326608,266.32630035490024,267.6470161524011,266.2818621999041,266.56161779182366,2019,p99
At most primary school,55,79,64022,68.72822021889988,1690.7346485062428,35.96376245665552,82.03523788697635,67.48617662678454,208.02130914037883,207.76322530816932,208.20236479063908,206.2101591225502,2019,p99
At most primary school,56,61,49325,54.8775425789717,2424.9805203581686,49.67095793208312,33.083797938841016,143.07653319817535,288.5137457078736,290.34309232939313,287.9168415373356,313.7812672150157,2019,p99
At most primary school,57,67,53667,58.76177762123278,1856.8074794566494,63.707678834292956,126.35604747796597,48.82888926155738,181.50007715183645,185.88114876824025,197.57179513514234,200.37745527524353,2019,p99
At most primary school,58,85,62841,73.56944752278231,1890.5471693109064,143.6474594611798,33.74044546288782,65.47821751192161,288.44891953629264,295.11975950674986,294.0319149620011,292.243791634668,2019,p99
At most primary school,59,55,41402,45.94102226775607,1818.411316683574,19.014781894594464,110.93689515804388,256.0514387388693,246.8561352998791,248.6644113323305,285.8150763609053,297.8920984338941,2019,p99
At most primary school,60,79,66372,66.61747050399687,1903.6191868056812,12.05110588802507,102.28122049458608,9.52255469173748,280.1777355677456,280.2263910458957,281.21712999625987,281.4377615706765,2019,p99
Secondary school or above,14,34,32135,31.13865321369359,350.7537990768114,34.01742648202894,0,0,81.84146273991702,94.80291043711337,94.80291043711337,94.80291043711337,2019,p99
Secondary school or above,15,61,55355,53.4328545328241,402.19250293559753,33.620178845632736,4.9801282630295365,0,77.92252926089864,84.30814986721951,84.92900155770991,84.92900155770991,2019,p99
Secondary school or above,16,65,59248,58.04782631213791,514.3973917544333,23.438765865514448,3.9292465568458006,0,103.98890933188221,105.12501957246455,104.83647260039454,104.83647260039454,2019,p99
Secondary school or above,17,114,98247,101.77527049601784,874.8319762096214,37.53590440420572,10.574792784173223,7.501501318106405,101.08533099575611,103.11858240038411,102.99220088496968,102.50195190314578,2019,p99
Secondary school or above,18,134,112115,115.29740056357689,1191.031909943659,64.2350532934933,4.3861808559663436,0,120.25637771226978,123.91391200771709,123.78324567622371,123.78324567622371,2019,p99
Secondary school or above,19,184,143643,156.21657397928757,1546.1290166129456,78.0221242942573,34.528773881544296,8.374929512750361,112.50578305911733,115.59857938209126,117.1743708498124,118.24947797634073,2019,p99
Secondary school or above,20,221,171275,186.38200857442519,1742.089085778232,43.31847613487082,28.88744222254659,22.316936700238408,112.62564354750359,115.76799189367422,115.76702773144571,117.99665895857058,2019,p99
Secondary school or above,21,169,124363,142.32741416395658,2118.0534229098153,43.6377379124016,29.75261934819842,27.395608018462084,121.8020754119121,123.668798719166,123.45522211597901,126.0024248848064,2019,p99
Secondary school or above,22,189,141913,159.55246851107864,1858.3636594251407,63.71063961723028,13.157169063675163,13.840404567117412,115.08970026082524,117.26418396247661,117.10693487218113,117.316187882101,2019,p99
Secondary school or above,23,183,129451,153.476713603702,2325.5433915793105,36.346733513066724,6.847507293622041,24.59746673773603,129.59492242291986,132.19584430250157,132.3774252765983,131.62168803973555,2019,p99
Secondary school or above,24,184,134007,155.77249956413672,2532.1893333930316,48.07391404926609,71.49428263697668,28.00226853821069,137.75141444188614,139.07063359607525,142.11727787720778,146.1757522287823,2019,p99
Secondary school or above,25,215,154992,180.09004985257255,2642.6474694392828,44.21536595437184,51.72119098620144,19.39454939609786,131.86411390476863,131.0566318149167,131.96362371367073,133.28504161275265,2019,p99
Secondary school or above,26,164,117618,137.4191266528894,2982.742338190866,79.49829107789624,55.11894437926168,2.7391499033594635,175.77448470911455,177.0852382686643,174.81735076988204,174.48678000259204,2019,p99
Secondary school or above,27,159,109478,130.97432534701807,2885.594977986445,78.70827928898957,71.51101895662447,5.825219069889231,186.70928793813218,189.15042297389422,187.39286784742245,187.57350974876243,2019,p99
Secondary school or above,28,164,113556,136.96310806128477,2982.513998966736,39.863503469653736,35.763640846806865,4.193158735190861,169.3302158409626,172.27754325523196,180.75397114023932,181.59773493317886,2019,p99
Secondary school or above,29,141,95658,117.50290820069088,3130.8869740812756,51.134667252085556,48.254503892338676,13.77448828116833,203.39630421943613,207.2659409685312,206.7359949531787,207.14407624036022,2019,p99
Secondary school or above,30,180,125150,148.61537636760346,3416.366054734319,39.342149420695165,104.13370621920363,35.68650952190705,228.06388082398624,230.872458153321,235.60822674425918,238.84913101841514,2019,p99
Secondary school or above,31,118,81279,99.92958542343862,3256.2036001509205,44.23528832785836,43.391179353420526,13.262958451752604,202.2345489333926,203.46940208899022,205.32088351959516,206.14030541702243,2019,p99
Secondary school or above,32,126,81177,103.91580836229137,3848.6055512439893,26.668342018059302,33.649432721090946,13.744730650307353,300.6718296574009,300.63815581512915,300.3147246220937,301.5187519305895,2019,p99
Secondary school or above,33,128,87529,106.89624827148612,3436.035300681298,50.127957591198346,37.78842821617216,4.5984759336905485,194.07840551215486,196.50552584833252,194.04969935966375,194.16500459801694,2019,p99
Secondary school or above,34,122,82733,100.43651040643266,3440.294521734576,39.01427483591795,72.43421609273204,44.52878536980407,219.08900134782323,222.67789415577317,225.38792691972472,230.0824212786545,2019,p99
Secondary school or above,35,123,79388,102.33441618350618,3830.397373238609,52.03406056330932,24.26122335869401,0,264.11286100999445,265.9550353516275,265.7487562751937,265.7487562751937,2019,p99
Secondary school or above,36,119,76334,100.06291980671298,3871.002545829294,16.685880472659626,25.15419079309351,0,285.98687420959243,286.5932319792038,286.4112167859478,286.4112167859478,2019,p99
Secondary school or above,37,102,65821,84.13886630732311,4520.4454885219,33.77759377706203,135.38580139064027,42.34210966105042,293.2950742276097,295.9478265736566,302.56261496481375,311.9527242385449,2019,p99
Secondary school or above,38,125,82511,102.14021645687289,3549.165202215462,13.241022409133327,125.69758375650925,35.065425620018345,219.76879549821047,219.69350793259957,222.51904537804648,222.30192459626397,2019,p99
Secondary school or above,39,88,58703,74.47033963310257,4037.443588913684,139.90051615760694,159.30551533425324,53.79140191585893,330.82482301983674,344.13619608539494,363.87553392349395,365.2196480557622,2019,p99
Secondary school or above,40,134,79845,113.29310449890035,4402.607929947607,104.46818210282422,181.08700189951364,13.406074268895987,282.422885828129,286.8793231500521,313.8298192405246,314.9124877300214,2019,p99
Secondary school or above,41,60,37036,47.24082415815734,5001.145399071174,85.91359758073226,195.19958058825648,11.558483637541851,514.0161655380788,531.7258779694863,540.9445123743054,539.731122533862,2019,p99
Secondary school or above,42,113,69805,91.62637904127104,4364.372575985483,23.91304347826087,71.7852111835351,7.8389800157581835,280.89849545580176,280.9760496937158,278.0558861229054,280.77882098745437,2019,p99
Secondary school or above,43,67,38072,53.24393393460682,4452.642348707712,43.27589829796176,28.396196679974786,55.28200952581074,373.52718328206555,372.17872966088106,372.9073308348884,371.14862133788745,2019,p99
Secondary school or above,44,57,38382,48.66983930585171,5017.306680214684,98.36590068261164,36.652868966355754,5.346256057526966,662.1437753718018,699.3311328241886,706.1220071240473,705.9941394523536,2019,p99
Secondary school or above,45,110,69667,95.62911731311921,4760.176787431639,44.43753857637045,94.40049569140817,7.225482174726437,286.79242828104475,286.62917546435074,282.37573772436974,281.9707859012725,2019,p99
Secondary school or above,46,69,43281,57.32002163983897,4888.661229330807,2.4491116194172964,78.11915159076732,63.02072502945865,435.0217780060435,435.03278509962564,449.09399411711763,458.0607631119602,2019,p99
Secondary school or above,47,61,31905,52.10991130510182,4410.058329415452,14.937470615890927,49.10097685838166,21.12521548346654,447.25440228883207,447.50350099593805,452.4863057940423,462.26015155588624,2019,p99
Secondary school or above,48,66,39592,53.217785433314134,3600.063602916414,51.33713881592241,214.1047012864552,0,297.33462640471487,296.5574886913677,319.38103829642967,319.38103829642967,2019,p99
Secondary school or above,49,42,27066,33.235547039177355,3066.813628414493,41.93556491539201,69.39518214734353,55.816522574447646,502.77690859388747,504.13315740375054,523.2137291199124,522.8895995256049,2019,p99
Secondary school or above,50,66,41104,54.44011412473746,4780.268984364863,42.69394706111327,48.35295834955235,2.8018359932528867,468.56949304792107,467.05799010914694,467.5959647122119,467.33807396356474,2019,p99
Secondary school or above,51,33,19243,28.97170796627389,4434.077110291188,81.6203294704568,6.7193265083406954,22.85506417918204,670.5202961657525,671.6368473675673,670.4307823358131,666.682224029081,2019,p99
Secondary school or above,52,55,34285,45.0497099994531,3708.0336347285015,27.539740411258567,266.2009625200525,48.826017208691844,360.546895992498,363.49185138112887,355.23364942025086,363.1250197974456,2019,p99
Secondary school or above,53,57,35694,47.130820245237096,3761.986444967408,32.063652154423714,317.21577856222336,10.3939037373228,334.4289422853821,337.7735630690974,383.8309319621955,381.9505485138757,2019,p99
Secondary school or above,54,46,26893,39.08756636728842,5312.147027107426,12.382404343137619,222.43706540735508,35.03513925556836,670.5718546515955,668.8342310544093,701.8934971449459,699.5318268083272,2019,p99
Secondary school or above,55,34,24322,28.945779431437963,3167.364334073404,72.44058876737111,156.59863498067594,0,549.4309565847037,554.7943364113465,553.9570322182959,553.9570322182959,2019,p99
Secondary school or above,56,37,24633,29.226813696469762,3927.971068620685,37.72987455851906,206.16103397880892,0,703.1084489144192,702.0243814254645,756.0481006976996,756.0481006976996,2019,p99
Secondary school or above,57,31,18869,25.905029148319592,5122.050726941898,11.950818803328211,389.0729061776812,0,651.1738887402604,651.0827106063776,649.0310710684494,649.0310710684494,2019,p99
Secondary school or above,58,29,16483,25.548175631307895,5022.666484660964,21.8406843414427,358.5087666080204,7.280228113814233,582.3817195125589,578.8825621250962,585.6932278648358,584.7100783380531,2019,p99
Secondary school or above,59,29,16228,24.368084421647055,4555.3974200969515,14.481143702243036,240.35206638731412,0,721.6487505087498,720.8820000949789,734.2041603741635,734.2041603741635,2019,p99
Secondary school or above,60,31,18137,27.205563750149384,5205.736560621933,32.36610244252081,121.22688426972488,33.08154601091691,566.911915718412,566.2968541228281,592.7720606436936,599.1250592552351,2019,p99
At most primary school,14,47,48804,44.42139818080864,410.60068846815835,22.75663880009835,22.661581700953473,0,71.65062625771593,76.39515917745396,81.30041223959698,81.30041223959698,2019,p90
At most primary school,15,66,65257,60.610278541983334,498.129396080114,61.34912729668848,16.248703842755052,0,71.71924043104224,78.77766989349846,78.35959626059476,78.35959626059476,2019,p90
At most primary school,16,65,62554,58.563387388811215,465.99127154138824,18.634459826709723,16.44179428973367,0,73.15273608009204,75.84236720491484,80.33201022641948,80.33201022641948,2019,p90
At most primary school,17,81,78295,74.29159894847108,817.6739255380293,59.67462800945143,23.339506567043443,0,79.55878679203401,84.55595011100992,86.72305464545863,86.72305464545863,2019,p90
At most primary school,18,90,84873,82.08820739840732,971.8618995440246,44.62526362918714,0,0,97.96580315288571,98.71122106020354,98.71122106020354,98.71122106020354,2019,p90
At most primary school,19,84,80958,76.22121287014376,944.359412699589,105.50260628968107,44.13780396419543,0,100.73185381257707,119.81410183479238,125.61601971181777,125.61601971181777,2019,p90
At most primary school,20,74,68374,67.74579139582501,1100.0761010520569,103.13145347646767,11.67110305086729,0,93.83500116637471,110.71307110031368,113.17217756944356,113.17217756944356,2019,p90
At most primary school,21,60,55467,52.833794433017914,1103.5731726371837,85.42015973461697,0,0,127.23541076586909,138.10562062603978,138.10562062603978,138.10562062603978,2019,p90
At most primary school,22,78,71500,69.72759475649033,1252.1196829836829,44.68377622377622,19.874032634032634,0,102.12081950049829,106.33653312410024,105.81489921473222,105.81489921473222,2019,p90
At most primary school,23,107,99732,95.18688266397015,1304.8548476583912,87.61699354269442,77.12344082140136,0,110.21399931217847,117.25207784982335,124.93421660231604,124.93421660231604,2019,p90
At most primary school,24,80,69060,68.4322250038289,1220.958504681919,108.94251375615407,35.02407326962062,85.90163143160537,119.00793680706194,130.74228906172993,133.39962986993748,133.9241544680808,2019,p90
At most primary school,25,66,55974,58.89784766699314,1311.698336132252,45.275485046628795,30.21501054060814,14.645192410762139,130.93178496887188,135.86660783553728,139.08823874845774,141.39778750748306,2019,p90
At most primary school,26,55,50566,48.82921681493043,1100.7720998299253,50.32235098682909,43.85802713285607,0,124.87997801394499,126.70666912731247,126.52562343269348,126.52562343269348,2019,p90
At most primary school,27,76,66935,65.67875340237212,1268.9107691541544,61.259878987077016,31.51665795174423,12.773586315081795,119.64983358263984,118.74052415482024,120.94018104797723,120.6654074385399,2019,p90
At most primary school,28,72,64608,63.589359638546455,1389.0397061251444,73.35655027241208,15.753621842496285,0,126.18395989774794,128.96418405112394,128.3861225196641,128.3861225196641,2019,p90
At most primary school,29,72,64407,62.56752147444187,1607.4311953669633,64.19597248746254,20.88406539661838,0,143.09330709060617,144.01740772849027,143.35216112758445,143.35216112758445,2019,p90
At most primary school,30,121,108237,108.01771417027128,1445.723985328492,47.50242523351534,80.19606665619582,0,101.21112211094126,103.19310315437865,109.9009040962085,109.9009040962085,2019,p90
At most primary school,31,59,48167,50.019743037533914,1756.970498474059,53.4764465297818,66.33189389692805,40.17688458903399,173.00440550262607,177.90111646244515,178.373593002968,177.36496300138228,2019,p90
At most primary school,32,83,71072,71.27814419155625,1493.5472502063635,49.78641377757767,121.06742223848117,0,132.2360482642213,136.91823340035103,137.8562370079381,137.8562370079381,2019,p90
At most primary school,33,63,57185,55.03707573980274,1349.6880533939552,55.20661012503279,25.982338025706042,7.7555302964064,196.0686864464957,196.3803474155646,193.98199852494915,193.62374975834064,2019,p90
At most primary school,34,79,68098,69.447418264153,1608.5161238215512,21.24103497900085,29.097770859643454,23.60128050750389,169.24155377572794,168.2153000512,166.93369054434638,166.65690448956755,2019,p90
At most primary school,35,118,97970,104.87186617845374,1669.8896124664013,69.25717056241707,38.037069170834606,49.077608791807016,131.19364912779452,134.768365128257,136.20362949130072,137.3418150815375,2019,p90
At most primary school,36,82,69067,71.63853903860333,1865.184038687072,20.31679383786758,56.70170510760083,61.51229965106346,204.5389984224991,204.331522572879,202.30729579077772,202.70010833075781,2019,p90
At most primary school,37,89,75007,77.34112817102162,1912.7456904022292,56.231551721839296,78.40119366636891,0,191.511494484606,197.63385321528904,213.125515955625,213.125515955625,2019,p90
At most primary school,38,108,85621,92.01898648989676,1901.0904840323442,39.04077270763014,69.24700131976968,3.3356302776188085,200.4781168916838,200.87538650165735,202.7625784704197,202.69851725200152,2019,p90
At most primary school,39,84,76114,72.37915243291704,1726.8186886337162,97.00252253199149,43.963659773497646,98.22108941850382,163.2160848094159,165.231097143878,167.227935232403,193.06943343404782,2019,p90
At most primary school,40,150,130448,132.03875893311303,1818.4927927858866,33.30553170612045,71.50160728157324,53.01154483012388,117.21151970350867,118.14646722742245,121.98498932615067,129.61523594860896,2019,p90
At most primary school,41,69,57160,60.373164149955265,1974.6734196407745,64.61651504548635,93.28641824119431,42.56473058082575,192.43569611513826,194.48501522788237,192.46438266621774,197.39068424189009,2019,p90
At most primary school,42,106,85778,91.51332887806088,1784.1275851616965,65.60260206579775,91.45358755547267,26.292677998243523,146.19972994126758,149.72073957359157,154.580116653385,154.997278328126,2019,p90
At most primary school,43,86,71386,74.44678422492123,1813.3359342167932,60.45597175916846,61.59120836018267,6.072619281091531,164.6038601288854,170.84957906969768,169.45086095520435,169.1683237161971,2019,p90
At most primary school,44,61,51053,54.708859843633185,1827.5393806436448,64.16596478169745,88.42209240070775,41.52547352751063,203.83187761992468,210.89706399858957,206.19926554275668,216.2617247646101,2019,p90
At most primary school,45,111,88229,97.0263186546157,1959.9205589998753,23.364653345271964,65.04626218892504,49.05922844718479,179.11859445749695,179.52541722354175,183.965269531924,188.2492360625946,2019,p90
At most primary school,46,73,55825,64.25981132454018,1857.0003313927452,55.69834303627407,67.23657262277952,0,171.7313922991224,171.22713826078333,170.43576869309226,170.43576869309226,2019,p90
At most primary school,47,65,55922,56.92644711569302,2110.6468831586853,54.87679267551232,67.92907978970709,48.8519723901148,216.61233826244734,217.92888983265817,214.46369305533534,212.42200171425787,2019,p90
At most primary school,48,85,70430,74.42868339303521,1664.078053859624,59.94121823086753,88.4014861091391,83.73420417435752,172.60191969135406,175.07974372126827,186.82088519127197,193.09588859530436,2019,p90
At most primary school,49,75,61197,64.06344037250841,1930.7101709778801,64.89190646600323,102.41058249042709,0,204.49408277745786,207.67201022579778,208.8855694406208,208.8855694406208,2019,p90
At most primary school,50,118,102051,102.5625908583743,1691.4641600768243,30.91238694378301,53.97072705477327,0.6367731167096191,152.69256746597122,154.17841642986315,153.90370948147705,153.9070364396954,2019,p90
At most primary school,51,38,31995,32.88486686123417,1688.4698598739385,45.4658540396937,50.1550346408293,8.227848101265822,263.7450263064041,262.2379551731956,263.5749733371869,262.1877482698443,2019,p90
At most primary school,52,69,52882,58.462865444921846,1691.8337367472234,25.691728754585682,19.571473595300226,21.69736394236224,169.2628283759923,169.30444382093265,167.8951751200106,166.45290674295774,2019,p90
At most primary school,53,77,65127,67.2453061313596,1506.372523428583,57.4707878452869,70.86804755836033,0,149.03586243650201,150.54738656792705,153.18808814417764,153.18808814417764,2019,p90
At most primary school,54,60,49145,52.77314311968169,1417.0980499881305,6.028080170922779,113.65550920744735,73.54766507274392,217.997245798191,218.08948477959694,216.47917203847,219.24781930039273,2019,p90
At most primary school,55,73,60088,63.48951121255956,1524.8693083477567,38.31833311143656,85.21601650911995,71.90454000798829,186.51068400667305,186.71981628593625,188.47173696300212,186.90129210360854,2019,p90
At most primary school,56,56,46014,50.621752197096235,2123.2417561321918,53.24509931759899,35.464387650135464,140.33229017255618,221.492997079235,225.68858170116548,222.99525239135835,264.61728584297623,2019,p90
At most primary school,57,62,50001,54.374590339191876,1790.7955907548514,63.65872682546349,135.6202875942481,52.40895182096358,190.74949536195246,195.8413073887944,209.458730433056,212.78593786363473,2019,p90
At most primary school,58,79,59542,68.47968850098613,1751.7802503554915,122.66383393235027,33.479728594941385,69.10612116937064,292.3853671287402,297.89837414662617,296.2895483718531,294.82477214904696,2019,p90
At most primary school,59,49,37055,40.64771982711932,1573.1268474789729,14.876534880582918,67.69691899428777,274.58282732874557,214.06633706520418,214.09103609567558,210.96015701156185,223.4636332254686,2019,p90
At most primary school,60,76,64171,63.912321970612624,1716.2009214962106,12.4644465568559,105.78936227683326,9.849168627573203,229.03629826300178,229.2623448698829,231.9144143710421,232.32653085367545,2019,p90
Secondary school or above,14,34,32135,31.13865321369359,350.7537990768114,34.01742648202894,0,0,81.84146273991702,94.80291043711337,94.80291043711337,94.80291043711337,2019,p90
Secondary school or above,15,59,54298,51.94188846543293,403.9369037533611,34.27465100003683,5.077074662050167,0,79.43515127451475,85.98939296994371,86.62528221271937,86.62528221271937,2019,p90
Secondary school or above,16,65,59248,58.04782631213791,514.3973917544333,23.438765865514448,3.9292465568458006,0,103.98890933188221,105.12501957246455,104.83647260039454,104.83647260039454,2019,p90
Secondary school or above,17,108,94357,96.60183029585143,768.3132906585274,37.045370242801276,11.010753485874568,7.810761257776318,81.8476635418785,84.65736694996822,84.63379065842524,84.08147551892084,2019,p90
Secondary school or above,18,118,103393,103.5124007277862,1035.081098333543,63.57889799115994,4.75618916818998,0,104.61104603829457,108.13130022427376,108.01741618961157,108.01741618961157,2019,p90
Secondary school or above,19,166,132681,141.52377235100937,1383.4900525822586,80.717148649769,37.38151405752645,9.06685961064508,101.47780062497091,105.70999282972448,108.15528554234139,109.6378611109138,2019,p90
Secondary school or above,20,190,152410,162.17364736118975,1520.6401176650702,44.666307985040355,28.634582157776176,25.07928176191413,104.23408372996315,108.91924983953983,108.7868114271973,112.14460647527603,2019,p90
Secondary school or above,21,138,106450,118.16298805596401,1837.7264991388759,44.564584311883515,28.145843118835135,17.069046500704555,115.56569612627848,118.42773039232577,117.55925192562043,116.97306690250763,2019,p90
Secondary school or above,22,165,129070,141.48447748327348,1668.057369386121,65.70208414038893,14.46636192247101,15.217582190542599,107.7968447484544,110.48878916914934,110.45672300938807,110.91403720551833,2019,p90
Secondary school or above,23,150,110230,127.56134830496245,2054.313252593063,39.80922616347637,8.041519247633737,28.886570504097495,123.13758353036133,126.95151064747485,127.35230037055719,126.71635679523068,2019,p90
Secondary school or above,24,140,104784,119.19623593164732,2173.201519315926,50.53477630172545,87.73605066931339,15.078637959993893,134.53819739588715,136.51768564706015,143.52734013532088,144.13135916794295,2019,p90
Secondary school or above,25,176,132740,149.63014325743168,2394.434146326151,44.87929787554618,60.3915235297072,22.645773692933556,126.09227956373006,124.62193112356822,126.74346023773938,128.95478537872953,2019,p90
Secondary school or above,26,124,92832,104.57445706780209,2444.299638055843,87.5406109962082,66.20971216821786,3.4704986786165692,133.53620309616696,137.80093072411478,135.21626854609988,134.6310613422041,2019,p90
Secondary school or above,27,122,87637,102.15278116816856,2406.69026400569,56.75542293780025,83.47824929348715,7.276987269456203,152.72452472621094,157.55907136138683,156.64887340121933,157.21905834878555,2019,p90
Secondary school or above,28,131,93192,111.4024973557657,2554.178463101268,36.34925744699116,18.387307923426903,2.8169442298337484,146.3789989232431,146.07116240168497,146.80817129384695,146.9956705677142,2019,p90
Secondary school or above,29,108,77426,91.12662834823298,2502.552200380578,30.854493322656474,54.12871645183788,17.018055950197606,152.54840525063295,152.9339780319688,153.60226701398426,155.25949169751922,2019,p90
Secondary school or above,30,140,101675,115.76097926134081,2803.1317932956313,30.209687730513892,119.26825670027047,1.5742971887550203,185.70768971767095,188.1440377529956,198.9250960637695,198.9294591566877,2019,p90
Secondary school or above,31,88,63881,75.90763077219667,2734.951144837015,48.1786446674285,30.357618071100955,12.022354064588844,183.91576525807736,186.11063853541225,187.14698447550512,188.0811089089189,2019,p90
Secondary school or above,32,89,58058,73.45622553534047,3108.207579776545,27.54755589238348,30.616969237658893,19.217954459333768,165.72187621972986,166.50830972258714,167.16095423079767,172.55240181373887,2019,p90
Secondary school or above,33,101,71736,85.0205708643855,2965.7467171294747,56.63056206088993,46.10771904390171,5.610850897736143,166.6539189593085,171.46184437221942,168.60790868878794,168.99180256519577,2019,p90
Secondary school or above,34,98,68470,80.18400615920541,3144.8198724502213,23.933810427924637,64.19064310403583,53.80458595005112,217.57562881258048,216.28620505496605,221.4407262548108,229.58079755988675,2019,p90
Secondary school or above,35,100,65996,83.76127113175541,3410.1081126128856,54.024183283835384,29.18434450572762,0,222.67663135326154,225.8447648174548,226.13621858772683,226.13621858772683,2019,p90
Secondary school or above,36,91,61046,76.37518811412615,3318.5974538326286,20.86459391278708,31.45365789732333,0,226.75947551463332,228.68120842302463,229.30026342357291,229.30026342357291,2019,p90
Secondary school or above,37,77,50428,62.72841406769592,3890.5906969672933,28.570932815102722,176.7119226091325,55.266915205838025,255.27311021405353,255.84775529794726,275.5642073449274,295.18022915975314,2019,p90
Secondary school or above,38,105,70872,85.78787978056324,3286.912095044587,15.415537871091546,126.18006170749145,40.82406780298755,221.0343546508325,221.1452102981252,225.97291990038474,226.22299763672194,2019,p90
Secondary school or above,39,64,43498,54.58476922244292,3705.965814520208,132.97347004459976,172.76759851027634,16.993884776311553,346.5427037435093,349.76260075585293,362.9001645139381,361.56921037886053,2019,p90
Secondary school or above,40,98,61138,83.04558877517803,3588.2811726476716,121.54080931662796,62.78787333573228,0,210.4158541304247,219.8291004669793,228.73547841326032,228.73547841326032,2019,p90
Secondary school or above,41,43,26795,34.025547594520425,3574.188754120794,109.85989923493189,244.6692168936991,15.976114946818436,399.5774036264025,448.44247759563166,476.12672294585656,474.8329842184212,2019,p90
Secondary school or above,42,80,52871,64.96563044507064,3667.513848171335,22.219174973047608,87.71601318933504,0,241.95247864338558,241.5314216818907,238.1971157729656,238.1971157729656,2019,p90
Secondary school or above,43,47,29244,37.25565187450207,3910.4368816395386,53.0775543701272,8.68896183832581,53.25867414398395,343.44675614222365,343.74369702469016,345.3658384957112,340.4563797696411,2019,p90
Secondary school or above,44,41,26770,35.95180311637555,3037.908790935126,17.330220395965632,31.632813472792925,7.665296974224878,278.68190806366107,275.9784027857179,270.52878933624066,271.5477477185574,2019,p90
Secondary school or above,45,79,49781,68.49318708985484,3945.623673355966,62.18898776641691,132.11063123146045,10.111843206578145,278.91372651848815,281.23638969847553,278.191649376997,277.7934547538477,2019,p90
Secondary school or above,46,50,32726,41.28759606192466,3738.428772230031,0,46.84578011367109,0,324.2803854899943,324.2803854899943,327.5297759214633,327.5297759214633,2019,p90
Secondary school or above,47,42,22763,35.25642808001699,3326.2965924233768,20.936607652769847,46.61365666505587,0,374.22968182151436,376.6098907401605,377.29352865643443,377.29352865643443,2019,p90
Secondary school or above,48,46,28455,36.63855425939182,3034.3115328296144,52.88842031277456,220.69934985064137,0,260.7618065599936,263.14108038316556,305.6552944986801,305.6552944986801,2019,p90
Secondary school or above,49,34,22135,26.552629386956443,2284.550320006024,37.80076801445674,16.896318048339733,55.93629997741134,428.76302715549633,430.9219195565407,429.49126282309516,425.6160689141517,2019,p90
Secondary school or above,50,41,26220,33.42844189421244,3280.4768497330283,66.92951945080091,0,4.392321383168064,326.55641935854334,330.34299854771467,330.34299854771467,330.02456072508784,2019,p90
Secondary school or above,51,23,12173,19.71769506365454,3197.444480955119,129.02489115255074,10.62186806867658,36.12913825679783,413.4286876456033,437.247526938291,434.40669652198807,425.93286491342946,2019,p90
Secondary school or above,52,36,24291,29.452436789358057,2794.944005324331,31.42316084146392,365.71158042073193,0,300.53908218137815,311.9913131516238,324.63048037805106,324.63048037805106,2019,p90
Secondary school or above,53,35,24787,29.387389749224283,3060.3834267963043,9.634082381893734,382.01476580465567,14.967523298503247,346.88395147998057,344.65275719420583,443.99434673629537,440.9694616602672,2019,p90
Secondary school or above,54,26,13713,21.641612013012608,2601.0293152483046,24.283526580616932,50.46306424560636,0,352.51826773867856,349.5884090732851,352.0237229875985,352.0237229875985,2019,p90
Secondary school or above,55,22,16673,18.8983886986398,2669.0338871228932,96.14946320398249,193.5699634139027,0,430.1641229851493,451.63440689313126,463.84621062729224,463.84621062729224,2019,p90
Secondary school or above,56,23,17237,17.989273491426744,2411.1474154435227,53.918895399431456,93.74928448492584,0,449.60935813189445,456.1889484199059,444.53946622856733,444.53946622856733,2019,p90
Secondary school or above,57,16,9682,13.141734727437745,2986.584228465193,23.290642429250155,624.7727742202025,0,446.43803425968196,454.9759823361209,519.2363856112466,519.2363856112466,2019,p90
Secondary school or above,58,16,9596,14.294760457801347,3653.574406002501,37.51563151313047,367.8303459774906,12.505210504376823,469.88007171254486,464.3080244378528,418.9445042308918,417.59857905983114,2019,p90
Secondary school or above,59,16,9982,13.13745232349144,3104.405196019502,16.489681426567824,258.5086489013558,0,831.9099064037424,828.2918623748891,809.2217411676743,809.2217411676743,2019,p90
Secondary school or above,60,18,10305,15.46072942455957,4651.079799450105,56.964968461911695,213.36166909267345,0,727.9395793781455,729.3462713874712,802.560013533842,802.560013533842,2019,p90
At most primary school,14,38,38679,36.00146167761684,355.03906512577885,28.713643062126735,28.59370287063609,0,75.66171466117164,83.12910880949012,90.53986458100562,90.53986458100562,2019,p50
At most primary school,15,47,50352,43.94602391294287,378.60660946933587,65.45718144264379,21.058580923630966,0,65.48448956490918,78.196066803742,78.14905307242475,78.14905307242475,2019,p50
At most primary school,16,47,47858,43.798902107456335,380.9576246395587,24.356638388566175,21.49065986877847,0,71.58790024524,76.96006853199557,85.04472534017738,85.04472534017738,2019,p50
At most primary school,17,61,59436,56.05267822317433,645.0740292078875,28.280755770913252,30.74511519393409,0,75.92280300904068,77.94395408206951,83.3661603425904,83.3661603425904,2019,p50
At most primary school,18,55,54039,51.19375584576358,748.9119339736117,55.29932086085975,0,0,100.23196236420934,101.552322461645,101.552322461645,101.552322461645,2019,p50
At most primary school,19,56,55993,51.61133644313419,741.5151893986748,109.05291732895184,18.819465528429152,0,95.99789376036473,124.61625076923512,126.43260334191763,126.43260334191763,2019,p50
At most primary school,20,43,41958,39.91209016326544,892.0333825889381,68.80428047094713,19.01901901901902,0,111.88761528842642,125.60243006514041,132.46974332251142,132.46974332251142,2019,p50
At most primary school,21,38,37143,35.034435924870515,840.3865331287187,69.74127022588375,0,0,112.14481609164078,131.64737064772694,131.64737064772694,131.64737064772694,2019,p50
At most primary school,22,51,49540,45.976334757390276,1043.4988359574754,53.5149374243036,23.899744314358767,0,97.74205550830418,106.25776806305649,106.03814981901407,106.03814981901407,2019,p50
At most primary school,23,65,65121,59.63780307261044,993.660119879404,89.79610263970147,72.67049031802337,0,113.81396630679153,130.60512620135998,141.3639845011888,141.3639845011888,2019,p50
At most primary school,24,44,43370,39.91908400899505,953.9031204365538,130.2912151256629,9.190204442394895,124.18030896933364,117.92396523166883,141.90165699444464,140.97255817759327,142.55290018347168,2019,p50
At most primary school,25,38,35469,34.89143553279783,893.5519091789074,63.13259466012575,20.43065775747836,23.111731371056415,119.33630159910653,131.66289056274508,130.8099065306454,139.32394870481076,2019,p50
At most primary school,26,39,37584,34.90635284293532,802.8753991060025,29.676458067262665,59.00715730097914,0,94.32659800134809,97.77587428417262,102.73979010187401,102.73979010187401,2019,p50
At most primary school,27,55,52745,48.67454982075761,1045.3602047587449,54.25405251682624,26.164897146648972,16.210067304957818,102.0896054138536,102.21482213891058,105.63962131692192,105.852209906649,2019,p50
At most primary school,28,47,46049,42.44939475427346,1173.3392545621693,85.67330452344243,22.10276010336815,0,111.58500391025285,118.69748464661966,118.26852065504954,118.26852065504954,2019,p50
At most primary school,29,47,46781,42.67167509095113,1350.8729184925503,55.39065005023407,27.91688933541395,0,126.55171832445201,127.97280294444138,127.63838782077222,127.63838782077222,2019,p50
At most primary school,30,76,72324,69.80429690636066,1196.5637178990837,57.169127813727115,65.02820640451303,0,107.45723498812532,111.04472353818504,113.40783791659712,113.40783791659712,2019,p50
At most primary school,31,38,35537,34.0279751175769,1380.6092804682444,45.65101162169007,54.73614354991511,54.455919182823536,133.9604227658468,143.05211181818672,144.4789001438306,146.40328099804125,2019,p50
At most primary school,32,53,50149,47.005205721235704,1176.7225767213704,40.13439948952123,160.5715733780002,0,115.85111483103819,122.11921351560134,134.23030589078977,134.23030589078977,2019,p50
At most primary school,33,43,41850,39.060844747157766,851.4577060931899,70.1741935483871,19.48148148148148,10.5973715651135,120.18158121514202,127.9595139451852,126.643761455958,126.65384784509958,2019,p50
At most primary school,34,57,49639,51.52396069932795,1205.4595714391237,29.13982956949173,39.91820947239066,27.24000617793805,132.31782643902008,131.62347042469494,130.92863641259143,131.91773151812941,2019,p50
At most primary school,35,68,61139,61.68537244304287,1177.4772076743159,42.86879078820393,46.775789594203374,76.89363581347422,110.54823748172473,114.66424810965708,119.05640682135804,127.82274525178569,2019,p50
At most primary school,36,45,41475,40.469381486541295,1091.2588426763111,19.22603978300181,82.01245730359653,102.43447860156721,142.30832804227774,142.00537883927038,143.6538289798348,157.7839344471097,2019,p50
At most primary school,37,49,44787,44.88142967825511,1172.6044239027694,19.39536026078996,31.144937891203547,0,145.74026856415793,149.80563077630083,147.92081494998254,147.92081494998254,2019,p50
At most primary school,38,52,42851,45.06568870321225,1092.9776667989079,49.74773050803949,136.30111704899923,6.664955310261138,131.69243226462052,139.85390934920122,165.73728406344577,166.07852280858168,2019,p50
At most primary school,39,50,48763,44.356409939433135,1224.0628345261775,98.52552139942169,38.06164509976826,153.31296269712692,128.37622040542885,136.31484433251836,140.2874699531292,216.79109699499486,2019,p50
At most primary school,40,91,86511,83.05016187070856,1248.2280615567192,33.38581220885205,66.52304331241113,36.24105605067564,97.13411880445467,99.18742449335471,107.94851770776354,108.80629526146254,2019,p50
At most primary school,41,34,31649,31.5882418647188,1346.6113621283453,72.40291952352365,133.85104321358233,76.87446680779803,133.2303505411654,139.2286055712225,138.74914806371117,169.7401121815274,2019,p50
At most primary school,42,54,50449,48.46101853225794,1310.0882871811136,64.82507086364447,72.18093189822065,34.83385861629236,141.61055741862432,152.24480886297044,157.3823103054084,157.15903057960202,2019,p50
At most primary school,43,46,44541,42.2257579291077,1154.9705439931747,5.144698143283716,84.17974450506276,7.622190790507622,140.31902407157304,139.71219840983784,141.81672707195116,141.06757958936197,2019,p50
At most primary school,44,28,24345,25.376066751992983,1222.0530567536114,45.935510371739575,138.25137605257754,0,256.4991647496341,284.54061599733683,279.69422162441674,279.69422162441674,2019,p50
At most primary school,45,61,53393,55.00069674704943,1387.0260208891302,27.745959208135897,52.85212168886059,31.926282471485028,154.64395164718465,156.47787548189166,155.70205932728882,157.31944098489,2019,p50
At most primary school,46,34,27661,30.38005139266319,1022.106684501645,53.72184664328839,124.93456491088536,0,114.45179788247678,118.48831904394481,137.80087327024194,137.80087327024194,2019,p50
At most primary school,47,26,24030,23.637650415316113,1313.748508808434,77.51144402829796,85.8689138576779,68.8930503537245,212.17327937349347,216.6536242149112,210.64178490359976,203.37235396887868,2019,p50
At most primary school,48,40,36021,35.780341666308864,1006.38913411621,53.49879237111685,95.54889277551058,163.72116265511784,110.40143508484127,112.9314848827057,102.50810447896212,161.73296000414942,2019,p50
At most primary school,49,35,31282,30.983113288882233,1217.2245061057477,86.97301962790102,78.956868166997,0,130.53125249420106,134.6531601670937,151.0522556277528,151.0522556277528,2019,p50
At most primary school,50,57,57688,52.309440138835214,947.1383534415014,19.153030092913603,89.95400545462951,1.126461886932002,96.14393165211169,99.5143568092956,109.92058617283558,110.08055715149186,2019,p50
At most primary school,51,17,15547,15.629896661026452,808.5999656954182,79.46098925837782,61.4750112561909,0,211.63080157206355,217.54196107078783,223.15952055952116,223.15952055952116,2019,p50
At most primary school,52,29,26397,26.593344656851045,1131.4935788157745,41.75019888623707,39.20819285019762,43.467060650831534,184.98198517885825,185.5036624157636,184.15137293834707,182.9968494184052,2019,p50
At most primary school,53,33,31618,29.57341259193972,946.7677167014571,108.24214055284965,41.73635271048137,0,135.62116048197478,154.31143204374484,151.8969143938278,151.8969143938278,2019,p50
At most primary school,54,25,23194,22.704422790889932,830.7416716967031,0,195.53979477451065,155.83771665085797,158.2365973500278,158.2365973500278,170.7057273201231,204.8847159230874,2019,p50
At most primary school,55,40,36332,37.02741671137024,978.2632940658373,19.469888803258836,34.606774560534326,117.08686557304856,147.7481919541125,149.80902302246315,147.352610129071,153.8080648881732,2019,p50
At most primary school,56,21,19458,19.188711122986348,997.1674375578168,7.1847055195806355,76.526792750197,255.47332716620414,207.7085170950444,209.3173265938956,214.29200870147747,426.77148461589655,2019,p50
At most primary school,57,30,26740,26.786853954119,1228.4265270506107,35.73298429319372,162.5710545998504,66.58563949139865,198.77382835812804,203.83936293818095,237.0277924766772,241.15706717257171,2019,p50
At most primary school,58,37,29303,33.532557105930195,1034.8213834760945,110.94085929768283,21.119851209773742,111.55171825410368,126.94524479803351,146.0326737380282,144.31358442705627,142.8876788488325,2019,p50
At most primary school,59,20,16160,16.86332809118116,860.3225660066006,34.11200495049505,153.84958745874587,629.6204620462046,175.91676825560901,184.4763824770529,197.19230027727795,322.70719995947763,2019,p50
At most primary school,60,31,31218,27.55492031789152,817.9055139129134,6.034979819334999,183.41125312319815,0,141.54118836149516,141.24234760857257,185.4231542570303,185.4231542570303,2019,p50
Secondary school or above,14,20,19589,18.513228241250914,308.1831640206238,52.38654346827301,0,0,102.02218845281689,130.42440997883625,130.42440997883625,130.42440997883625,2019,p50
Secondary school or above,15,28,28143,25.080318227407048,255.75986923924245,39.440180506697935,6.901360906797428,0,89.47199236510922,100.28869170120942,99.729939949093,99.729939949093,2019,p50
Secondary school or above,16,36,35546,32.49967606248367,273.2301806110392,23.663422044674505,0,0,72.3493381959225,78.06534075113595,78.06534075113595,78.06534075113595,2019,p50
Secondary school or above,17,48,45491,43.347519430735424,522.8400782572377,43.884724450990305,5.587368930118045,16.201006792552374,94.06386040955195,100.02503456958907,99.35453307448623,98.07399998818995,2019,p50
Secondary school or above,18,51,48283,46.90714861909165,550.8148485664382,46.852204709732206,7.956699735586714,0,97.3649202199816,103.28220283796271,102.80692813662411,102.80692813662411,2019,p50
Secondary school or above,19,54,47186,48.27316411741393,792.5412551745574,67.98457169499427,32.71432910891649,0,101.00475112462146,103.65904273040285,103.19953081050936,103.19953081050936,2019,p50
Secondary school or above,20,56,51190,51.30856799653413,551.0673178355147,18.39226411408478,51.96223220681122,74.66953180959823,84.84644880415267,87.50577704635417,92.55830595197553,135.85430430238503,2019,p50
Secondary school or above,21,36,32159,32.4776881353801,964.5227359888886,55.18517366833546,46.223452221773066,56.500513075655334,148.4550612876536,155.91185169810595,151.2981775880031,155.42911249669353,2019,p50
Secondary school or above,22,41,34004,37.891485439853355,917.4376347880641,27.032113868956593,21.102615378582914,0,152.38444065737767,154.53601002140329,154.2986125976841,154.2986125976841,2019,p50
Secondary school or above,23,34,30429,30.19968032679387,807.7968056787932,33.49436392914654,0,104.6425011228324,118.71220254381463,127.68818658613276,127.68818658613276,150.11004282134004,2019,p50
Secondary school or above,24,41,35782,37.47655574719941,1104.3862463435992,31.34369235928679,126.02130493916869,0,157.6521645693719,158.34859960089432,198.35631720586102,198.35631720586102,2019,p50
Secondary school or above,25,42,35899,37.17435296058104,1368.389156615319,47.21858547591855,29.938438396612717,0,173.15676550573153,171.89327333646995,170.81788638183824,170.81788638183824,2019,p50
Secondary school or above,26,33,29149,29.175018202963603,1448.3246194838016,85.33809050053175,170.71700572918454,11.052637597630566,181.11532374741472,186.01389150648285,196.6940725052841,193.7470752139849,2019,p50
Secondary school or above,27,28,23824,25.12454312109127,1294.7827680770092,16.414120214909335,52.23514103425118,0,158.60169922959233,160.04800621529716,162.05943683482587,162.05943683482587,2019,p50
Secondary school or above,28,23,20088,20.97036070594009,1213.897351652728,61.76821983273596,0,0,191.25797474502812,211.8015122592038,211.8015122592038,211.8015122592038,2019,p50
Secondary school or above,29,21,19486,19.715712433960622,1743.185740189538,46.7361182387355,81.29101235074755,25.094939956892127,228.16406558891708,229.00182247833897,213.20634536835885,211.25563628075855,2019,p50
Secondary school or above,30,32,29986,27.649653177064877,1492.910902865782,18.29020209431068,155.07236710464883,0,195.52686609671068,201.8406118421846,279.1377264333513,279.1377264333513,2019,p50
Secondary school or above,31,25,19348,23.107368726700972,1658.769140651919,85.4093446351044,48.81512301013024,20.260492040520983,244.607731560932,252.7414963071764,253.41378235462201,254.48515592133,2019,p50
Secondary school or above,32,13,10310,11.824362506652143,2453.436016812156,71.69738118331716,75.07274490785645,0,433.9149871089609,455.66754288234966,442.34235257449484,442.34235257449484,2019,p50
Secondary school or above,33,29,24264,25.49889739263546,1923.6670513243214,37.84207055720409,136.31649082316736,0,224.25034438840567,229.22303515404994,232.39255942679077,232.39255942679077,2019,p50
Secondary school or above,34,25,18545,20.61302122244928,1573.7408465893773,21.598705850633593,18.269075222431923,133.62092208142357,246.720252275678,247.01139760508596,252.56641639824755,378.2669246500518,2019,p50
Secondary school or above,35,23,14752,18.50608599581477,1782.694436912509,8.331073752711497,65.82158351409979,0,269.50832145466865,271.2224695036981,279.1579585987547,279.1579585987547,2019,p50
Secondary school or above,36,15,11933,13.745478335617063,1797.4681974356827,24.1724629179586,35.4981982736948,0,341.08889979348925,350.70486662521444,365.9441630540016,365.9441630540016,2019,p50
Secondary school or above,37,13,10015,10.935536302900811,1568.603161923781,42.96904643035447,234.81477783325013,0,331.31836940802225,355.36540293790506,341.12637432178644,341.12637432178644,2019,p50
Secondary school or above,38,14,11950,11.985786851452705,1854.9178242677824,63.910460251046025,31.297071129707113,84.51324965132495,326.7342471015669,346.43411326885536,355.0882530200574,336.30083864207046,2019,p50
Secondary school or above,39,10,7643,9.472925544172131,1737.5005451611496,364.3333769462253,310.82951720528587,0,300.5947915222219,330.9587210611978,418.07935488964904,418.07935488964904,2019,p50
Secondary school or above,40,20,16637,18.307164232510903,1993.1510087956563,179.82809400733305,0,0,244.19381561366325,308.48167248543604,308.48167248543604,308.48167248543604,2019,p50
Secondary school or above,41,5,3790,3.9826598570422496,2167.3023746701847,0,771.1816182937555,51.187335092348285,646.4460731583952,646.4460731583952,959.6523058902413,981.7796027751872,2019,p50
Secondary school or above,42,9,7179,7.5119918772953875,1765.084273575707,11.73561777406324,337.8511398987788,0,236.39775933407986,232.97328430018277,298.52339069025646,298.52339069025646,2019,p50
Secondary school or above,43,11,7791,9.37610295293187,1741.9941813203268,50.14118855089205,0,75.57010225473839,342.00106053852153,322.4528565809275,322.4528565809275,318.1409078496846,2019,p50
Secondary school or above,44,10,6314,9.083343776159278,1415.4714391299756,60.47671840354767,134.11631559497414,0,347.8560103500644,337.56624842616026,331.7497506470502,331.7497506470502,2019,p50
Secondary school or above,45,10,6355,8.874900589791784,2232.970102281668,161.90401258851298,258.8512981904013,49.97639653815893,434.6003015553671,451.0739568169898,423.06651282407233,415.82347725125175,2019,p50
Secondary school or above,46,7,6172,6.520205600790088,2105.6525437459495,0,0,0,440.79829042494435,440.79829042494435,440.79829042494435,440.79829042494435,2019,p50
Secondary school or above,47,8,5489,6.739437642054066,1254.1523046092184,0,62.3793040626708,0,460.61270497714844,460.61270497714844,472.0252106038603,472.0252106038603,2019,p50
Secondary school or above,48,8,6189,6.194049115816658,1765.7329670921529,0,1014.7035062207142,0,436.98081451118884,436.98081451118884,1146.7405994092464,1146.7405994092464,2019,p50
Secondary school or above,49,7,5531,5.574821463162888,890.3498463207377,0,0,205.91213162176822,538.5839749061885,538.5839749061885,538.5839749061885,566.7976741545585,2019,p50
Secondary school or above,50,7,5590,6.211965549624397,1732.9772808586763,184.2933810375671,0,0,365.8775743310962,384.44193667693605,384.44193667693605,384.44193667693605,2019,p50
Secondary school or above,51,1,805,1,1800,0,0,0,NA,NA,NA,NA,2019,p50
Secondary school or above,52,6,4398,5.298432308202236,1312.6793997271486,0,1683.174170077308,0,369.639358248729,369.639358248729,980.718657367185,980.718657367185,2019,p50
Secondary school or above,53,3,2655,2.8247884020987275,1848.1920903954801,0,0,0,886.8443647782676,886.8443647782676,886.8443647782676,886.8443647782676,2019,p50
Secondary school or above,54,4,2732,3.7774109144647277,1481.5300146412885,0,0,0,256.3528759305528,256.3528759305528,256.3528759305528,256.3528759305528,2019,p50
Secondary school or above,55,6,5195,5.106634095852424,899.3412897016362,0,280.0769971126083,0,106.57817701884504,106.57817701884504,223.71631493255688,223.71631493255688,2019,p50
Secondary school or above,56,5,3536,4.397907851185891,1121.370757918552,0,0,0,476.81926813300646,476.81926813300646,476.81926813300646,476.81926813300646,2019,p50
Secondary school or above,57,2,901,1.8227113415255702,1488.978912319645,0,2110.247872733999,0,1188.91802508289,1188.91802508289,2023.4302365213937,2023.4302365213937,2019,p50
Secondary school or above,58,2,1291,1.9737092348666159,2278.853601859024,278.853601859024,213.78776142525174,92.95120061967467,251.65955245179762,503.31910490359525,696.2580951166401,780.1446126005727,2019,p50
Secondary school or above,59,5,3198,3.901478847288017,1243.0456535334583,0,241.5051073587659,0,241.8227623042068,241.8227623042068,570.358072070423,570.358072070423,2019,p50
Secondary school or above,60,1,331,1,1000,0,0,0,NA,NA,NA,NA,2019,p50
