education,age,n,weights_total,n_eff,avg_labor_income,avg_add_labor_income,avg_no_labor_income,avg_remittances,se_y1,se_y2,se_y3,se_y4,year,sample
At most primary school,15,188,77080,151.2909134642636,746.740295796575,80.77204203425013,36.25186710776682,21.769590036325894,72.89235465322808,83.30335779891718,83.56687796282486,85.28199504891293,2024,general
At most primary school,16,207,85576,164.28137715778178,1123.3312708391761,97.23300925493129,28.853135419588046,6.264217381820448,81.97279082006736,88.14504053694746,90.27447519588564,90.66876550119892,2024,general
At most primary school,17,176,68962,140.4974988928906,1352.3368425123015,102.3984223195383,53.35833502508628,85.08513867540577,98.34862814980342,104.48117295029891,112.90769225179397,163.59677734556874,2024,general
At most primary school,18,170,67156,135.14998788425535,1355.3891436853494,99.06525105723986,33.4064714991959,9.718664998908014,108.31924151747421,115.871951296161,119.09607803254156,119.31392647667585,2024,general
At most primary school,19,149,56905,118.38875397533708,1516.7155903113378,164.03110447236622,41.94677532729989,12.43124505755206,119.77520534675924,135.38121139849636,134.98165833895314,135.7268332721677,2024,general
At most primary school,20,170,63956,137.58101362675555,1760.7980799299519,205.6029145037213,72.24092214439094,25.157660474909832,139.89783946087886,157.90162403259654,160.67272206609834,161.2978522270776,2024,general
At most primary school,21,160,69924,105.95185070752295,1709.0706803100509,199.63943710314055,60.44508323322464,73.99438437923078,147.7896585775011,163.87089061007643,169.57025558138938,171.1472456921497,2024,general
At most primary school,22,183,70294,141.05464780002833,1942.3777064898854,159.67588983412526,60.250213389478475,54.15730123955577,135.2774308615759,144.68297823560724,141.79838655513947,143.97944809720403,2024,general
At most primary school,23,176,72656,127.80926553646053,1905.2896044373485,137.65277471922485,76.65525444101887,56.59454598840197,134.48774588659305,150.6028979207205,153.50599590493294,151.9779315863249,2024,general
At most primary school,24,189,81847,122.30466056001283,2144.5566035814795,106.1102422813298,63.3815126598002,167.22258197205355,146.89733257337627,151.38407552659223,152.83908411649972,179.71626079906122,2024,general
At most primary school,25,182,74590,115.32743981316669,2145.9402455646423,117.65055637484917,100.77615408678554,131.95782276444564,198.94666853744593,201.82202806830222,206.18068273492892,209.88925104797755,2024,general
At most primary school,26,175,71090,130.60486335636216,1888.8457530360577,93.01132367421579,45.69713860364796,128.56191681905565,182.2204623683637,189.49094200984416,189.8785222154951,198.4745130151595,2024,general
At most primary school,27,193,75783,144.15717384659652,1884.204561049312,104.72803927002099,44.4829205318695,87.02980879616801,138.3934556867737,143.2845809029294,143.9755344748915,144.633329345987,2024,general
At most primary school,28,169,66584,128.2758476858852,1698.9157905803197,124.10290760543073,66.45596414554048,43.308842965276945,131.86650793586304,150.88972074354987,151.0248142425571,156.3143655512685,2024,general
At most primary school,29,180,68424,135.08117362624324,2037.5005042090495,146.58090728399392,102.23961987022098,43.66292041778713,145.46727815712558,153.35564614363162,157.4963151160667,159.04698326297463,2024,general
At most primary school,30,232,90241,178.36276002124993,1963.9924101387767,141.39182854799924,50.340731116307076,219.51905083794136,127.77171215668488,133.21605540900356,133.37464529370155,158.16583082801483,2024,general
At most primary school,31,178,69316,136.61910523802484,1966.4824018504626,87.9585521380345,94.25197886009964,159.4766480081559,141.33389983086647,152.2641626434386,155.61700854460793,166.43166419138757,2024,general
At most primary school,32,210,78232,157.64353766532395,2320.5779902512186,107.63787197054914,87.1432246395337,206.19056140709685,176.95210130374787,190.71362674743023,190.51798829326322,211.25787898929906,2024,general
At most primary school,33,231,93538,175.3309096747447,1935.4708906184294,63.69748123757189,91.11044441831127,121.17374756783339,162.49233935209676,164.47131101116497,164.58356368786602,169.4197782639132,2024,general
At most primary school,34,243,92838,189.47969288743994,2149.4725471610045,66.78127490898123,120.87509514782022,47.1425134822666,117.86091313250995,121.05977893251661,133.6715536078483,136.0120939296124,2024,general
At most primary school,35,194,73690,153.6139453280588,2323.4286312027866,123.30255122811779,89.81770479938481,46.411996200298546,144.38395445707158,151.6160535882575,152.37256980668985,159.0446099866332,2024,general
At most primary school,36,204,74505,149.07433576528015,2353.6528532760667,119.50141601234816,111.11571930295506,87.35306355278169,187.3664382382337,193.8065346462314,198.68887632079515,203.56872738791532,2024,general
At most primary school,37,192,72635,145.75323010054979,1999.662130286134,111.5190335237833,107.15287166425736,56.70980473141965,141.4394265852364,149.10324014872884,155.1885819977557,157.54227383586695,2024,general
At most primary school,38,224,86770,145.31001386393137,2162.651442510852,59.03808920133687,145.4650993046752,81.02247320502478,148.62545586361117,152.19073212474217,157.51325697201315,162.6414718687744,2024,general
At most primary school,39,233,82308,179.69628859344309,2167.2086552947467,77.44860766875638,130.65289319790705,99.28892290745331,133.6313402216181,138.8074744509895,138.2296171204955,146.44930412043817,2024,general
At most primary school,40,289,105272,214.91112670955297,1966.0217713795373,52.74393950908124,81.78477341236669,116.90438419839401,121.38652542666073,122.5750547037993,124.0964064048994,133.19030615805315,2024,general
At most primary school,41,196,72894,148.81517845940132,2222.0567170594745,61.97979257552062,57.58804451212263,105.4215710483716,185.67286902211842,186.32343206873568,185.96678698665733,188.46417048521735,2024,general
At most primary school,42,243,93049,187.89819511864934,2078.3253303814836,127.61640640952616,145.70303907976802,72.5225418865329,133.0459633859625,138.81757746367757,141.6226992858133,146.15700712995343,2024,general
At most primary school,43,219,80571,163.5729641381184,2298.370078357391,48.314889972819,138.17797346439787,162.873589753137,202.38192864435766,203.6852918164209,207.61708826228772,214.06365742945587,2024,general
At most primary school,44,207,70463,162.50483277517483,2300.575604690878,105.95745284759377,89.78896252879763,133.99585598115323,162.40403607697166,167.88279543051533,171.4268715064697,174.39774245724274,2024,general
At most primary school,45,238,80984,175.59176486797247,2216.5073862326713,57.22006816161217,129.66769670552208,89.66771214066976,307.95277771356183,309.4522681270581,309.30163071197074,313.9617530182273,2024,general
At most primary school,46,242,83151,180.97852215109137,2488.0425671368957,39.0397469663624,154.52705519677053,248.9786973898891,197.61047489416785,198.51841156360504,214.85041161343597,245.96531264170815,2024,general
At most primary school,47,198,67076,154.2746426801604,2262.774349245632,56.47414872681734,95.51014272367662,47.76562406822112,157.05790923974624,160.6751326871719,167.12040413791863,170.91405397809064,2024,general
At most primary school,48,217,77003,170.04559008979595,2214.278203446619,61.99418204485539,124.26216619265917,125.77653684488482,139.93058546840194,144.48847011025185,148.66959186384926,157.67697794937726,2024,general
At most primary school,49,194,70089,139.5333344543413,2388.1742094574993,35.49818088430424,179.59902172000363,112.7903094636819,211.97645810468075,213.38591975668803,223.2065391795612,233.1367289479885,2024,general
At most primary school,50,237,79517,193.43560692774415,2534.0014881513807,35.45272080184112,121.64608930585075,157.66054219013964,188.37063768426427,189.38499728528046,196.75536012992544,207.42812207454725,2024,general
At most primary school,51,169,61519,129.73137470502604,2446.0656490948595,51.62177538646597,116.27676002535802,59.97794719246629,227.40310344264776,227.48147617880988,233.71138331268648,236.78074278238827,2024,general
At most primary school,52,219,83029,164.1512406669215,2010.098416416754,42.21777933011357,126.27312043583164,123.26677024493449,155.53514412417627,157.73154219613664,170.36032426054007,174.4107343057668,2024,general
At most primary school,53,187,63554,143.39026029498888,2209.2058197228603,49.42793529911571,202.415733077383,59.41493323263157,208.39624933945623,211.0919466577004,220.4584884366982,241.61198302377986,2024,general
At most primary school,54,178,59294,139.80724773679714,2232.7870526528823,36.348298310115695,161.90631991994695,277.41705175340957,345.60349547547713,346.0247824457888,351.96651581471974,388.9049041733011,2024,general
At most primary school,55,165,62866,121.07148170908415,2291.5077704959754,41.32058664460917,154.89040976044285,127.0533833868864,187.630015510622,189.20351532871155,194.22292459318084,210.01935584195078,2024,general
At most primary school,56,184,64445,141.25194885751657,2152.769653709882,35.64264101171542,136.63130059223627,49.086818217084335,302.70416530966486,303.13940147685014,307.614720647791,317.52050481343764,2024,general
At most primary school,57,157,53042,115.00171734905138,2256.2067983861843,30.602993853927078,133.85862461194273,136.66905471136081,179.58359546080308,180.3962741421645,185.35740747029993,193.12944968587004,2024,general
At most primary school,58,157,56255,121.68478863347094,1929.843939797944,75.26122122478002,151.3968328741149,51.135010221313664,157.04974188997156,160.79912674185906,166.64061225089736,167.50239872964227,2024,general
At most primary school,59,133,52884,74.76415250348342,2090.2365176612966,19.620679222449134,281.2277658018808,187.09706779618284,201.55185388075438,203.03113330131143,231.48344588217915,240.87959694818448,2024,general
At most primary school,60,168,57681,124.9398183292481,2017.9245996659788,28.39326641355039,218.1241627803494,108.34361979392405,186.0667458975237,187.52678968665265,195.40491335152328,199.79870859450386,2024,general
Secondary school or above,15,176,59730,116.18762883012235,790.7807146046097,58.01402980077013,31.71048189073051,9.047379876109158,95.55837839047638,105.70296668060813,107.59750588434336,108.40824811346498,2024,general
Secondary school or above,16,240,81635,174.01652835957526,937.2597292827832,97.56685245299198,55.35878197668484,33.8562707988812,85.46625348714372,93.92859535007256,96.54759843387791,100.20470311060609,2024,general
Secondary school or above,17,253,82164,185.39458702039622,1128.8640645538192,97.23212112360645,152.69552865813088,17.182018077665806,87.63365133631606,95.12845109371862,125.27246658258434,125.3396372910331,2024,general
Secondary school or above,18,318,104298,249.72022715711103,1638.6691818954662,129.92145582849145,86.6629345720915,20.615464022959852,92.37672164486459,97.1737872231511,102.28778512021414,103.50042405732718,2024,general
Secondary school or above,19,346,113046,252.19710167282045,2422.4207999398477,149.37466164216337,128.3286965777943,26.41718120647052,131.0170012697976,138.2544005883146,143.85934075283774,144.84545599319068,2024,general
Secondary school or above,20,385,120765,297.660410013027,2531.7258145986007,142.8255123587132,155.5026552947184,57.818076429429055,102.89200733693309,108.68358717199257,118.78052050779588,120.73471132625951,2024,general
Secondary school or above,21,362,113377,268.3034981318507,3016.2554332007376,133.0885452957831,120.30988795493501,125.5604752286619,128.39490385294624,135.06492820321034,137.08631685947583,145.29757929006993,2024,general
Secondary school or above,22,417,128537,311.1527772878606,2928.83057148266,210.28105526035304,171.01168275801263,61.169294963058626,122.92626475025668,135.6458513414801,143.2425323192331,145.67119001887787,2024,general
Secondary school or above,23,411,125649,288.25048270819855,3376.4636944981658,101.73273165723563,85.2558980440221,137.32270053880254,161.3497631655527,163.99204594618615,166.91353623911903,170.65044456200013,2024,general
Secondary school or above,24,477,156357,359.83835047380813,3178.2398453539017,108.6170750270215,120.06621598862432,95.50674418158445,130.68659103008343,134.83333872220362,140.02060363343017,144.06000255021837,2024,general
Secondary school or above,25,432,138672,302.8126984056998,3459.761363745625,129.57674945194415,133.10570086246682,92.52166983962155,163.44330597382245,171.45238003205682,177.37226365660027,180.3726129923337,2024,general
Secondary school or above,26,378,115001,291.738680035691,3802.2067822598647,121.5438300536517,154.84631293061219,90.94657437761411,152.98786163371938,156.59816119449368,169.0067411143419,174.19739057497665,2024,general
Secondary school or above,27,390,125235,299.26337106514296,3632.026775661756,119.78096378807841,129.84286874010195,143.19183934203696,179.0057872505259,183.0607670831873,188.6943663055598,204.55802300512457,2024,general
Secondary school or above,28,373,121014,274.07202850183705,3879.8303385007794,146.4146545027848,195.0857648701803,135.33848700701296,197.2212458900053,205.65294998157754,215.3052274035584,221.38708627607002,2024,general
Secondary school or above,29,361,106463,282.17223821619,3933.1047171317737,154.88756657242422,192.68865083017886,290.7739527660627,195.59189798148827,199.22146596964032,200.5592505924195,206.07472455419395,2024,general
Secondary school or above,30,419,130172,314.3276691311903,3940.976853061078,161.93609992932429,355.98034267482,191.42077149207717,207.29713281311928,216.01108910443696,254.00121516597508,272.52496582474845,2024,general
Secondary school or above,31,313,97988,189.4868208882517,4359.214728674259,147.92814426256277,148.883451715176,129.007238981644,271.5362399606336,278.2616179171239,284.3928981296138,286.4828985144551,2024,general
Secondary school or above,32,374,112910,275.8324161398078,4232.252177250317,113.19461518023205,234.28867977445162,186.24923980751632,213.40926729668314,218.11415863034975,233.7469513440641,240.83035205617313,2024,general
Secondary school or above,33,324,98431,251.93317187967767,4573.96071020986,82.93742824923042,261.19024071007436,88.71410429641068,336.2609405765459,348.53011521219685,394.12071497900797,398.2932068370271,2024,general
Secondary school or above,34,325,101065,237.13017992567342,4203.800016491037,77.77816256864394,188.3810089216511,166.22338758884547,235.37345453748804,241.21308055000287,249.57139729235243,255.05741309319876,2024,general
Secondary school or above,35,333,101966,256.2995292223511,5125.558110056293,178.68029539258185,290.3269513040295,134.43680573262984,313.17770763760655,330.138374379042,359.63391827636235,365.04961727704216,2024,general
Secondary school or above,36,337,100878,245.88789196559185,4969.588966375226,104.34777652213565,157.70175360336248,80.90317016594302,298.42654304536933,311.88223106294976,314.82419695865576,315.72526028320954,2024,general
Secondary school or above,37,283,88606,181.83893338150858,5380.494929801594,100.34952486287611,271.3020008050621,196.6389033097834,337.54336020979184,343.49411385379045,369.8043756500066,375.27552799952707,2024,general
Secondary school or above,38,261,80705,206.53481570137157,4992.306580550565,55.30388451768788,195.9744852652665,293.2300766164839,298.71430166934346,299.82159826661723,307.22779567891286,330.6684368415568,2024,general
Secondary school or above,39,230,70129,169.7237215228446,5809.5441662270005,74.54212950419941,207.51021332116528,90.21731380741205,374.1241434626755,373.9607595167621,384.78021319662327,393.1176195883405,2024,general
Secondary school or above,40,298,85222,229.13184318964312,5401.780010834448,78.14654666635376,221.1619456634828,154.33891874555084,428.08917537608676,429.28654695313344,441.6741490926851,444.31143351032216,2024,general
Secondary school or above,41,232,66063,178.91187694684095,5155.172421274642,155.76648048075322,235.59102674719585,91.60485697995348,322.08370329690086,357.5752518207266,371.2122596084632,374.14052819628927,2024,general
Secondary school or above,42,215,64987,165.20840446493875,6106.763370622843,152.99444504285472,363.4842353086002,80.48337872702746,484.95196369467754,497.3012388568696,515.6335015548087,520.1724165719559,2024,general
Secondary school or above,43,226,66203,173.03443793520043,5080.411816685045,100.36104104043623,319.2625963576676,133.71579334269845,346.8442905981324,356.21019517441255,383.3421863410807,387.66219450939207,2024,general
Secondary school or above,44,196,56218,144.84666352022748,5405.962194789332,43.31130598740617,340.7277028709666,107.14243362149726,385.0420277736867,387.4887123665074,419.63562595881797,429.68635642914154,2024,general
Secondary school or above,45,205,60032,112.75724347064835,5179.196453558102,83.93438499466951,182.36038001954515,71.81500421997157,417.63292915655023,429.05480911284855,436.80401990083686,439.09763970865674,2024,general
Secondary school or above,46,160,50258,122.08151590140164,5767.25366276679,128.80854789287278,352.8736718532373,289.44781593643467,611.4278997250635,633.1176797371348,646.9295690131977,655.7966540973363,2024,general
Secondary school or above,47,158,42867,128.32329398698582,5503.887030427446,87.80040590664147,416.41822380852403,55.57110753415603,417.3098058597029,420.28171304104103,458.96142028927767,458.386025457966,2024,general
Secondary school or above,48,155,43436,122.49867293749529,6110.007173389201,96.99580992724928,247.26962273996992,31.364367498541917,492.8971735927606,505.00369442917093,523.5537316922517,523.3077790285104,2024,general
Secondary school or above,49,143,41224,115.64215796819296,5751.9607449543955,44.477682903163206,292.5104045378097,57.77168639627401,498.6525386041611,498.58358276558533,500.037094305129,506.7091697209161,2024,general
Secondary school or above,50,136,40144,107.18077304680865,5619.7643275873515,80.49696094061379,389.29898199814005,53.00405207918162,442.2711686486885,447.5709572209818,477.0270208246723,481.0048363349049,2024,general
Secondary school or above,51,112,30496,87.17582669332792,6084.96932384575,103.45160020986359,229.81914294770897,246.07872070654076,600.8143195518601,607.6788536781925,612.6620569538696,623.37279242213,2024,general
Secondary school or above,52,129,30521,109.1380099920882,4802.626645042212,63.898692703384555,270.651764358966,234.7340082784531,352.8110846814797,365.8264906057427,367.1709393794501,395.7843954118228,2024,general
Secondary school or above,53,99,23682,82.90108639353296,5493.047532584523,105.63837513723503,456.7493525321622,52.707428989668664,460.3882178657622,466.35555848781286,523.2565312708036,525.4184532178036,2024,general
Secondary school or above,54,98,25379,77.76225534257081,5451.510691253924,49.84593561606052,491.6289123553594,68.66897828913669,584.8384931188176,584.1060335101143,590.683625631184,593.6849255932187,2024,general
Secondary school or above,55,96,24424,77.44174860255274,5706.756158559886,39.58606288896168,187.95610874549624,254.72966481056883,808.996739039819,812.3281243194602,814.3797915225499,819.3585847290589,2024,general
Secondary school or above,56,92,25881,70.46031901982984,6216.4767074945585,80.16436768285615,340.6620686990456,95.97205156936234,865.7571819328606,877.4822675958228,914.8014961125585,911.3240692946855,2024,general
Secondary school or above,57,70,19637,51.61108659570091,7396.21689073348,44.91001680501095,1072.615470794928,184.49919369896963,1425.277435978967,1430.3280140245304,1578.7519879112094,1615.8383448893744,2024,general
Secondary school or above,58,84,19917,66.26568875746307,6144.553597429332,23.035848772405483,404.6066174624693,267.18080032133355,807.8178010900256,807.4625534184438,812.0850868491934,817.2760922160378,2024,general
Secondary school or above,59,68,17267,53.50342654239271,6500.684484855505,505.6639833207853,503.6766182120036,22.884500299222022,944.7100027743958,1133.3258229159765,1143.943990391918,1143.955295298191,2024,general
Secondary school or above,60,95,23528,75.48637277396611,6221.48269437833,173.37818769126147,648.029100079338,85.58851864445201,808.5259045999067,841.4838479260382,868.9555012453637,873.6043304148589,2024,general
At most primary school,15,127,53408,100.62850032755956,841.9180397443579,84.37657279808269,48.20343238216497,9.781306171360097,85.01493841100904,100.8483253166413,100.85570510250461,101.91712503433583,2024,males
At most primary school,16,139,55688,113.08670239801239,1348.3931936263948,131.23760953885935,39.616367080879186,9.626251017574102,105.49453504423386,112.90626770446353,116.04388459881032,116.53006912414433,2024,males
At most primary school,17,113,44336,87.67277243563011,1650.5298929387704,121.35465535907615,76.30166982437147,129.73147479850834,122.27145527975352,131.29949092753506,145.83393061962653,235.11015060792926,2024,males
At most primary school,18,105,40516,81.33901483018934,1710.5197535130153,113.0026409319775,46.112934807648,3.8256491262711028,151.04729217314707,162.41528809146683,168.04009939628588,169.275772547143,2024,males
At most primary school,19,96,37387,76.0663031545698,1803.740444539546,203.59376253778052,56.273738197769276,4.2991770758106655,149.8109980941599,173.640283879359,172.0366628354079,172.87702259657905,2024,males
At most primary school,20,99,37505,79.3549350066663,2083.365551259832,304.2367684308759,113.14033684397636,12.038394880682576,179.49756708311503,214.31176856662196,217.58842967312546,219.84093185569353,2024,males
At most primary school,21,95,38395,75.07096006686527,2255.405606198724,251.91165516343273,83.68770673264748,13.759170030819986,193.49713792389804,215.70992891392595,224.16522881069207,228.17550218898123,2024,males
At most primary school,22,101,39931,79.03425713011552,2529.1052023073134,202.30064361022764,50.53444692093862,54.76780780179143,185.42981453330776,200.63256672180268,196.12775636242492,198.53346116970957,2024,males
At most primary school,23,102,41823,82.0131763503587,2476.5352258326757,194.6077517155632,71.22034127951925,5.205269827606819,168.31956226501413,191.254735437576,196.19523154685888,196.53347719500417,2024,males
At most primary school,24,108,47077,63.86111692614258,2713.7717639894922,141.48320836077065,67.84682541368396,101.38284087771099,193.26883150252263,198.9431086185089,201.6989868159231,206.2082889508074,2024,males
At most primary school,25,114,47671,67.0037597774691,2555.416654430017,138.11877241929056,115.36271178144644,37.776999293770494,283.3294419830628,285.98137793939094,291.46201306004286,293.20656254061043,2024,males
At most primary school,26,90,37213,67.85975827490905,2683.1166662187943,127.65229892779405,44.9392125511694,11.751269717571816,295.7012632137066,307.74724493614104,307.4427885156983,310.5898128476407,2024,males
At most primary school,27,112,43563,81.76446369993128,2535.4881436081077,119.6231894038519,53.79890426891322,5.249102831913934,195.49983895457953,200.0969254751764,199.34258523858793,200.57909316260864,2024,males
At most primary school,28,78,29758,60.860443561561624,2445.6796995765844,212.21547146985685,43.75161581199454,13.578085444810359,207.33117296232788,247.51739344275086,249.02052526974302,258.35053162257935,2024,males
At most primary school,29,108,43643,81.43683736233112,2564.996872350663,195.65818115161653,127.78514500225312,20.720963270169328,189.6041979876313,198.27517555459062,200.73807146234412,205.1247411319083,2024,males
At most primary school,30,121,48249,95.9154304018532,2510.615066288075,160.55959709009514,40.99967529551562,46.99859755297174,184.74177564101683,189.45979110377272,189.55209652716837,201.53882287453249,2024,males
At most primary school,31,90,33707,70.03781990503214,2452.1778809545,146.75423502536566,92.06989646067582,23.707241819206693,207.66395340938183,231.95021908340328,238.66208206846034,239.7158509746935,2024,males
At most primary school,32,116,40446,85.99478231669218,3087.8638967182583,167.81006774464717,100.27963210206201,113.66595790271802,248.74997271317682,275.695918922088,274.34687528680354,299.21369572309345,2024,males
At most primary school,33,108,43619,87.712054102719,2676.0224558105415,83.21041289346385,73.90214126871318,13.784130768701713,275.63368505511073,278.29398849185264,276.85258566550226,277.5534686774223,2024,males
At most primary school,34,145,56956,115.09886254581622,2693.4177552262563,48.586628274457475,133.05896218133296,10.769131727415314,154.65920615072622,156.7813979390893,181.33038722450672,185.0315982825375,2024,males
At most primary school,35,111,42695,89.34392103227185,2764.2317016044035,179.20330249443728,131.20618144201117,33.21231994378733,190.7921061844717,203.43048338917765,202.46480397959775,213.10581081828846,2024,males
At most primary school,36,101,39629,77.09242819030743,3016.98330767872,157.41308132932954,92.89358802896868,46.21825767325276,236.6976981421543,250.3054187935435,254.25229569353885,255.88708634661322,2024,males
At most primary school,37,103,40554,78.03017022311917,2671.170131183114,176.35387384721605,106.52828327661882,20.097072216468575,201.5530569114849,212.54056809876386,223.95038772656224,225.17187638491973,2024,males
At most primary school,38,114,46487,68.68517027701908,2696.820548397043,90.15014950416246,181.7286194706764,91.28652454808154,234.8094723621833,241.90259866833205,250.7935692972196,257.1979299741053,2024,males
At most primary school,39,118,44078,88.61806526392937,2712.9998865647262,104.44507464041018,110.78073717803288,23.08029704917041,191.84188096244932,201.44617573404184,199.69938513386634,208.38386838873663,2024,males
At most primary school,40,143,52955,102.75891923271236,2393.013451672804,71.24162024360307,104.05992509363296,96.77399049507444,194.2960331652107,195.75995091761328,197.4641291336413,218.90121292949246,2024,males
At most primary school,41,98,36724,72.67318871536706,3175.2281160367424,55.926914279490255,47.95905493228769,32.975710706894674,306.189021872355,305.37818992009954,303.55947925382645,303.0594359548222,2024,males
At most primary school,42,120,47013,93.27903360986872,2600.566446160282,113.77193542211728,149.8108679159665,29.113578513744425,190.4259088303578,201.34240424244862,205.42405586770826,206.24851444625656,2024,males
At most primary school,43,99,38393,76.73295267288715,3211.5868148707664,53.227281014768316,178.0516196528881,85.83373705276136,352.00661518916786,354.2551731716,360.14627488563303,359.2323996300918,2024,males
At most primary school,44,104,37610,85.65798455177973,3040.087268456971,152.8936718957724,89.3571434902065,126.80935921297527,247.85246798281045,256.25951677282063,262.58282564994704,269.4299359350872,2024,males
At most primary school,45,119,43638,85.86984246602769,3094.7991887804205,77.52325954443376,96.49647860427456,78.07568327298839,570.2252813374537,572.1881470706871,570.5996934304179,572.4160179345104,2024,males
At most primary school,46,126,43631,95.63053421838664,2971.341947239348,55.807292979762096,177.90439519302024,76.48753562069781,244.46746972688246,246.44360765935133,291.1563690912486,294.8642032090849,2024,males
At most primary school,47,114,41134,87.89209403008039,2659.283737297613,84.06646569747654,131.14214113223449,25.800886533443546,217.23139154999382,223.20667755522928,233.1688570920247,234.93613140166437,2024,males
At most primary school,48,124,47420,97.92521846887924,2736.036176718684,73.7463095740194,158.35921024884016,87.07345705047098,190.7810735560681,197.4182106803779,203.22354617088004,202.86249576012915,2024,males
At most primary school,49,104,39752,77.7550282491658,3052.2184586100493,34.84207083920306,238.81618115650366,82.85419601529483,317.0476220203413,320.13541755057315,329.2121259155028,346.2837793154972,2024,males
At most primary school,50,123,43354,98.93357362155005,3194.2163045316847,25.351985975919177,184.66817748458428,190.19544524918885,298.03036604174906,299.35873551489647,310.73584347203087,331.77666920011467,2024,males
At most primary school,51,92,35253,72.77456908947377,2987.48975500903,62.21598161858565,154.51675507521819,74.8721149027506,342.44210630242833,341.225819707615,351.7251212101997,356.41370132832634,2024,males
At most primary school,52,123,45918,93.13816558964326,2500.498491876824,35.09778300448626,144.64530068092398,131.16497524572787,223.61469620970075,223.65523585622125,244.15415196153214,244.17180362131495,2024,males
At most primary school,53,100,34364,78.0960745774728,2978.8871105420403,86.07539867302991,268.14664086447056,86.42280681333179,333.0858712661468,336.51504273367874,352.0419570707839,394.69732807188683,2024,males
At most primary school,54,98,35228,77.17816852812891,2693.2262168350935,44.453843533552856,192.54144430566595,377.7847167026229,584.1216363498261,583.9593453687523,592.2131302299366,653.7585851977119,2024,males
At most primary school,55,86,33363,60.93012649946227,2505.267182207835,38.50553007823037,188.0394199162745,80.88315399294628,253.45937561116904,255.31822953266288,260.9461663250076,261.2342300320855,2024,males
At most primary school,56,98,37324,74.95696955987697,2960.4668845782876,51.26433394062801,180.20045189868895,51.14001714714393,516.3883734993017,516.1617862061519,521.1965254519886,539.6766387321818,2024,males
At most primary school,57,83,29689,59.97425997574866,2827.0699585705142,39.531274209303106,155.31647523774237,147.8735109524291,270.53213888516837,271.77016442893694,279.0900995207388,287.8050222450342,2024,males
At most primary school,58,79,29505,63.310942684997116,2549.5880076823137,126.52499576342993,182.98260181890078,17.612833982940742,191.3442805592141,194.04456707848763,199.3127116135268,198.269439317476,2024,males
At most primary school,59,73,32052,36.43587251109961,2505.5631785847995,23.499001622363657,271.06349317775283,263.3993094554682,296.68006605393776,297.10971443921187,340.80809631191255,355.5517853106111,2024,males
At most primary school,60,97,34511,70.62910008126138,2546.507108844523,31.411434035524906,231.92386968406208,108.97733089932677,284.72510609305056,286.21085015640926,293.2436970214558,298.4883087872556,2024,males
Secondary school or above,15,105,33085,80.00588413333452,1038.9358848420734,91.98026295904488,38.521056873709135,0.7858546168958742,129.7143082466206,146.47651909809332,149.8635251753816,149.79139453201847,2024,males
Secondary school or above,16,132,44065,96.72284769193332,1071.2079957638339,85.78690570747759,50.2126687847498,37.942584817882675,119.39366953861652,128.64747937750482,131.2283406996311,137.28614709937256,2024,males
Secondary school or above,17,151,48796,112.01002941648554,1291.9188560537748,90.97303057627674,209.07600008197394,18.409637401972837,113.58168108637437,121.62898669747673,181.40174873655116,181.54209500953073,2024,males
Secondary school or above,18,174,58941,133.4610103154448,1896.805322271424,124.04782748850546,129.66038071970274,12.316836610621921,145.0017408357172,151.52095357700372,160.66995752406356,160.65741663074536,2024,males
Secondary school or above,19,197,66140,143.3203848620373,2758.656336306824,201.81165709101904,179.5921530087693,17.13799012196351,156.03531398486948,169.33838742897166,178.74392927670755,179.68836267614375,2024,males
Secondary school or above,20,205,63369,162.42070233604403,3193.9636849248054,187.48217582729725,189.85187289263416,16.003092994997555,132.09979831789582,142.99291473719902,163.67500382120244,164.06627924588437,2024,males
Secondary school or above,21,210,68595,152.94122737792125,3338.2667079719126,174.65551425030978,122.10207255144934,165.1087299851787,184.08536638720412,194.98195020597072,195.469206526261,209.43481823396183,2024,males
Secondary school or above,22,227,67363,177.64457346480208,3445.3794392569607,221.0369936018289,215.97983314282322,67.71450697464978,175.99141638577188,194.712694121031,206.47937432472128,210.7836601410477,2024,males
Secondary school or above,23,232,71975,172.3452860738778,3833.0448755354873,125.19904133379646,108.19164061595461,93.06564779437305,214.50644806542178,218.83100726067,222.79880447904915,231.7390235140161,2024,males
Secondary school or above,24,243,80047,183.16347215337436,3769.1615852769833,137.35742751133708,140.5744177379123,52.029199511953394,192.71974322776347,200.21331369739534,211.26943748014662,213.2112326248663,2024,males
Secondary school or above,25,230,71881,169.0059953240463,4012.261021688624,188.94387946745314,179.1413238547043,65.57354052763132,241.76678096617,258.1881230227387,269.559052797614,271.08055172457676,2024,males
Secondary school or above,26,204,63819,162.66888884353517,4312.720091195412,184.39715445243579,130.38423771395145,90.10535002637668,202.0578075082036,209.059064717111,232.03158191319542,241.26799920036558,2024,males
Secondary school or above,27,215,69150,168.12196236929447,4241.912141479875,143.36397686189443,73.27857315015666,89.84304651723308,263.89803504673824,270.28130020485077,280.4163920699834,308.7486802202308,2024,males
Secondary school or above,28,223,74359,165.38736193880237,4521.534885936246,206.68607700480104,222.50613577374628,142.2360888841073,279.96197765123225,292.3114718732803,308.1637550057882,314.9501842449241,2024,males
Secondary school or above,29,191,58369,151.84178409876174,4835.391703358518,142.01571039421611,164.3391497769935,109.01791476068918,292.4608540190511,295.88331387092995,296.77717815982777,310.84141112365046,2024,males
Secondary school or above,30,230,70117,178.22016210428532,4785.512533812532,221.80830611691886,309.61074584860546,117.56989983408684,311.1531793093289,325.54959464997313,384.69347306394116,390.5962181708291,2024,males
Secondary school or above,31,165,52843,89.56874195070347,5111.972490837638,152.81585072762712,169.7110623292899,74.52453494313343,407.2017556383796,420.17799583654465,433.17651464936534,434.17872997177307,2024,males
Secondary school or above,32,198,59457,153.32193672178803,5035.637298103391,151.96861597456984,295.9066580329762,73.10075628885862,305.4840632933134,311.76870463428406,343.2866419103144,349.6490335558268,2024,males
Secondary school or above,33,173,53361,133.07824631490698,5137.421787447762,125.54609171492288,273.7692009769932,68.93271615349538,505.84722831257693,533.2089446270061,625.146647396575,629.7243036272721,2024,males
Secondary school or above,34,166,51792,125.61884319692807,5131.21703158789,125.8595922150139,152.03345433014107,154.7887061064772,366.6109365923578,376.8189585238252,387.2473258012833,397.0222661914089,2024,males
Secondary school or above,35,173,54938,133.34801827666712,6127.12334662104,225.463613527977,351.5446199958741,73.79682551239578,500.1826380379083,530.763080182149,588.917130404312,593.559955417871,2024,males
Secondary school or above,36,175,55860,126.03512652913045,5702.016881489438,125.34246330110992,143.48191908342284,50.15986394557823,442.8335933727277,467.45499640399066,474.1202840841373,476.89525294115265,2024,males
Secondary school or above,37,147,46544,98.2897279040888,5703.6164543227915,150.03222756961156,317.7152443565945,102.90083934914634,405.3674457196092,422.57238585955514,462.86175442351106,481.3668341064197,2024,males
Secondary school or above,38,122,37869,95.49258662203256,5377.442798419112,59.311574110750215,137.98522538223878,373.9835573512196,487.47970585097204,488.868297802766,490.1784497628979,536.1256320183118,2024,males
Secondary school or above,39,119,39514,86.8646444636172,6005.3752066778015,126.38824214202562,184.45725987413743,96.51979888984495,530.49206961296,529.4536298657162,547.9357158225026,567.474765284495,2024,males
Secondary school or above,40,158,46434,120.8013490922403,6457.582263714807,98.3826506439247,251.0958564844726,230.0329499935392,725.2106488973965,726.930166133694,748.3302462272756,750.3855829631219,2024,males
Secondary school or above,41,123,35096,94.074839850492,5583.788444552086,229.71555162981537,203.47062343286984,35.823645619633766,441.1431634189846,525.8987319903218,529.3415543523948,527.0119176835477,2024,males
Secondary school or above,42,102,30870,77.17193762152296,6075.373296620235,239.18237771298996,367.81827016520896,48.07061872367995,713.6324640094563,750.120219395466,761.3637871578159,763.2762016048259,2024,males
Secondary school or above,43,120,37634,88.70106635329319,6105.773484969266,104.37476749747569,380.94769136064906,123.14263697720146,545.670953778937,566.2614231777266,618.2216626751448,619.2243046254989,2024,males
Secondary school or above,44,109,31581,81.35682327470494,5860.835544578492,43.738323675627754,511.14372565783225,76.25365462356058,542.0069646378778,547.0188393430235,612.2991718087094,633.9840653548695,2024,males
Secondary school or above,45,112,34154,53.290033982400566,5733.420892623607,142.02579492885167,168.2045538833909,44.32804356737132,662.628792991794,687.2472450197782,698.114341499763,698.840221882429,2024,males
Secondary school or above,46,86,27586,65.25025783281869,7034.84319642814,165.04495033712752,205.41095724884605,224.85808018560138,984.6296588768342,1023.1008439628682,1047.129133210826,1053.1796960071495,2024,males
Secondary school or above,47,88,24508,69.09028568431286,6286.119617403841,92.33189162722377,430.6117730264948,13.158968500081606,596.8758285524606,601.5702136767028,664.9474672178824,664.2974605671732,2024,males
Secondary school or above,48,88,25756,67.17761271264794,6839.251947766216,135.01436558471812,312.83920898690275,29.422270538903557,762.2852595858069,786.094935289544,811.2264063206519,811.4309548965633,2024,males
Secondary school or above,49,81,23005,63.51385530391612,6134.430884590306,74.8093023255814,346.1537346953561,28.9792074186771,712.1980670857548,711.8477538641062,699.4321678833661,717.8662575227954,2024,males
Secondary school or above,50,78,22706,62.10824873539789,6294.87133356822,96.62952523562053,509.848057782084,21.961302445755894,649.9550103333232,658.2894237368906,711.059759589497,717.567250492025,2024,males
Secondary school or above,51,60,17421,46.841769030847466,5799.371744829038,142.07680385741347,215.13563610967606,269.62669575033965,741.7583413061254,758.1012219579393,762.9242249757478,749.9215325655186,2024,males
Secondary school or above,52,70,17224,60.43252703986598,4500.922907957888,110.65501625638643,157.30231072921504,5.718764514630747,402.93626297446434,440.22863798637354,437.81859943412576,437.1665285528171,2024,males
Secondary school or above,53,60,14927,52.543139123387,6030.693843371073,144.70074361894552,564.7230856836604,12.653804068689848,551.5895065851454,560.3383218952112,667.9107678324767,669.273152421367,2024,males
Secondary school or above,54,57,14562,42.740858212038766,5991.023428558348,65.50473836011537,641.7655541821179,15.922721237925195,804.2383703069314,803.3606521548231,810.4082071973904,810.4444877773551,2024,males
Secondary school or above,55,51,13090,42.772694866920155,5726.372192513369,48.29946524064171,128.375350140056,64.36394194041253,1073.241473760041,1083.8345287327322,1088.4990805415334,1090.8220920403335,2024,males
Secondary school or above,56,53,14920,40.47530386515311,5914.075670241287,102.56434316353888,318.5332886505809,11.56166219839142,964.4789480987804,1000.1091845030002,1002.8502125784196,1002.3590553507713,2024,males
Secondary school or above,57,43,12165,31.24579174697845,8511.463652555145,70.9042334566379,1134.2855185641868,201.4933552541444,2207.762628467365,2215.4763202303043,2458.5258094511864,2527.271578679294,2024,males
Secondary school or above,58,46,10306,39.06610740402631,6492.041593893525,17.484960217349116,162.9034866420855,485.64331457403455,1214.4897605479978,1214.777375611802,1221.4444859585624,1230.8286322792587,2024,males
Secondary school or above,59,28,6800,23.22623680715593,5412.853186274509,190.58823529411765,923.6790441176471,0,1305.4958249187885,1491.8226602196564,1539.4436226706168,1539.4436226706168,2024,males
Secondary school or above,60,58,14580,44.872466566723226,6950.900331504344,264.52139917695473,662.007430269776,115.24417009602195,1062.3606154783427,1122.479103735066,1139.7821481349742,1149.2584773809288,2024,males
At most primary school,15,61,23672,51.292405850716584,532.0033513574406,72.63961642446773,9.287132477188239,48.81716796214938,134.44318769010826,143.67795374665903,143.87081323346607,151.39890175684533,2024,females
At most primary school,16,68,29888,52.072764207216004,703.9907878301213,33.874866167023555,8.798837883654532,0,103.49065791246598,109.46754350554912,109.21952295032938,109.21952295032938,2024,females
At most primary school,17,63,24626,53.062632188490156,815.4779501340047,68.2701210103143,12.051761011397168,4.705054278675655,138.4040181363984,143.17071813716657,143.90876254061283,144.24967913873428,2024,females
At most primary school,18,65,26640,53.81219942030287,815.2813438438438,77.86828078078078,14.081581581581581,18.68118118118118,114.84894031796847,122.70169993056815,122.12167649143616,120.8556036206797,2024,females
At most primary school,19,53,19518,42.440408771224256,966.9154968063668,88.2482836356184,14.503279024490213,28.00833418724596,171.7706615381858,179.9332226064376,179.2162341482761,183.0766314790579,2024,females
At most primary school,20,71,26451,58.280881860862166,1303.428112358701,65.74949907375903,14.249445515607475,43.75953020049651,210.0367571489123,209.86561080913413,210.2999666735319,210.21606192766959,2024,females
At most primary school,21,65,31529,37.49828756769203,1043.761616289765,135.98401471661012,32.14096546036982,147.34688699292715,157.0756249573431,172.45956787223793,174.84531142242278,186.51866917282473,2024,females
At most primary school,22,82,30363,62.05602182427028,1170.7604211265905,103.61920758818299,73.02761584823634,53.3544116194052,149.07473954661867,154.13325321264088,151.58430293814538,157.01687565824537,2024,females
At most primary school,23,74,30833,47.59300723526695,1130.4313154736808,60.396977264619075,84.02736786343637,126.30082487378242,163.68415703672488,179.22212419563806,183.66943678962483,186.11078317869396,2024,females
At most primary school,24,81,34770,60.241696711452555,1373.865142364107,58.21685360943342,57.33568210142844,256.3665995590068,181.4250963908896,184.21349105858863,184.90635305705436,280.5551905307927,2024,females
At most primary school,25,68,26919,50.58166376320301,1420.7962993920032,81.40328392585162,74.94474163230431,298.7431430092748,216.90054052315517,221.69551215854162,227.56987338573995,258.16912651439793,2024,females
At most primary school,26,85,33877,62.753122411091084,1016.3598926508645,54.959116804911886,46.52970058348339,256.8753628322067,136.73532806034422,140.90705871283723,144.12498644363635,199.68458405921126,2024,females
At most primary school,27,81,32220,62.42833506182708,1003.6376241464928,84.58907510862818,31.887259466170082,197.60128284709293,122.81311796409712,135.5956783511426,139.14998450354568,157.79016508706184,2024,females
At most primary school,28,91,36826,67.76919379024962,1095.4779910932493,52.90175419540542,84.80267564582995,67.33338764278861,128.7905446877133,137.2375581273572,138.75264653595445,149.87762723683196,2024,females
At most primary school,29,72,24781,54.48639995954098,1108.5015132561236,60.148581574593436,57.250178227943444,84.06709441373096,161.10994828667518,168.63675586042228,178.9056281177155,182.08044747079734,2024,females
At most primary school,30,111,41992,82.45407554567849,1335.920478900743,119.36797485235283,61.07364696450118,417.74584047755127,147.10524385888777,158.9928355358064,160.46027153077154,241.26677196644118,2024,females
At most primary school,31,88,35609,66.92526901643515,1506.7296001947075,32.30335027661546,96.31750868226197,287.994140058225,175.06666645247165,176.69922229819488,179.69826717128961,222.1244912486841,2024,females
At most primary school,32,94,37786,72.10902631876657,1499.277885107359,43.22976763880803,73.0820608161753,305.22856789992767,212.8242735830156,217.48391646803623,217.3144196255001,267.5124866705913,2024,females
At most primary school,33,123,49919,88.33308895486233,1288.380229304807,46.64716841282878,106.14698311264249,215.01031671307518,150.21745971357947,152.1777516548294,156.44593543519184,181.53551101993148,2024,females
At most primary school,34,98,35882,74.4108633840191,1286.0607175371124,95.66189175631236,101.53547275328391,104.87849060810434,129.27927492005918,145.76802379418086,146.24164846528484,156.04333020982756,2024,females
At most primary school,35,83,30995,64.27312145350955,1716.2311125450342,46.30037102758509,32.80589611227617,64.59428940151638,198.68790566831618,198.6395461805313,198.27642319977062,208.4462053025614,2024,females
At most primary school,36,103,34876,72.12049529798482,1599.9218469243415,76.42304163321482,131.82121420652217,134.09383721374778,270.213233381574,272.2338867159308,284.7358061371948,301.08396195892465,2024,females
At most primary school,37,89,32081,68.06687578970899,1150.8003283355674,29.560487515975186,107.94242178651955,102.99242542314765,139.76624966855516,141.11854648943338,147.55212317834668,163.7496584322226,2024,females
At most primary school,38,110,40283,79.73822917476942,1546.2147514667065,23.13444877491746,103.61662074158662,69.17765144932933,153.3054373684405,152.6509831515147,155.33375273400935,164.28532096854798,2024,females
At most primary school,39,115,38230,92.64145489765299,1537.9283546952654,46.32252157991106,153.56487052053362,187.15509634667364,162.2630816664982,165.12927298625178,167.2542301185008,189.77963869858138,2024,females
At most primary school,40,146,52317,112.74338188811564,1533.8229750049377,34.02068161400692,59.23797873221578,137.2802658154456,136.5180559362422,137.59936168358934,139.2503079650888,143.21956374628033,2024,females
At most primary school,41,98,36170,76.29354544644478,1254.2860105059442,68.125380149295,67.36451709519861,178.97705280619297,145.24032943331875,151.1426142360769,154.53902430243312,177.26804479326614,2024,females
At most primary school,42,123,46036,94.6797191890324,1545.0009412923218,141.75469198018942,141.5080317577548,116.85275291800619,169.97875914037544,176.72669093891975,180.67095884534132,196.21763241695584,2024,females
At most primary school,43,120,42178,86.87707898903258,1467.104248660439,43.8433306463085,101.88253749980244,232.99998419397159,178.2289480329929,179.5063570531357,182.14698258331782,215.4167585325505,2024,females
At most primary school,44,103,32853,76.87647223106028,1453.9852271228401,52.22503272151706,90.2833074605059,142.22293245670107,155.71427804520582,157.40731232433941,161.5499827665968,162.78760168567968,2024,females
At most primary school,45,119,37346,91.91522959436858,1190.2422526285725,33.496224495260535,168.42755359788643,103.21274924579161,136.92124367277032,138.3881519271157,149.57942747148834,180.99734495150136,2024,females
At most primary school,46,116,39520,85.35771498926191,1954.4688006072874,20.527985829959515,128.71792763157896,439.41295546558706,307.9701929077421,307.90365276774867,307.7038785995142,400.63410672132665,2024,females
At most primary school,47,84,25942,67.89237373748583,1634.0634877804332,12.723382931154113,39.01154498496646,82.59322077454836,198.2706466503719,198.2728448117523,201.33214815396883,218.25792989143065,2024,females
At most primary school,48,93,29583,73.50009032622506,1377.9274921407566,43.15613697055741,69.60638993115415,187.81554721743345,158.65812633692067,163.72240321321013,164.618455114581,215.8772312460423,2024,females
At most primary school,49,90,30337,61.83652337819761,1518.0457527112108,36.357912779773876,102.00398852885915,152.01700893298613,219.7151360576289,219.5894546196186,238.63870506106798,252.65138968149463,2024,females
At most primary school,50,114,36163,95.53143412360987,1742.5031846546653,47.56198324254072,46.09208076394842,118.65608494870447,190.67731730899382,193.5368141588545,197.93675423632894,200.93262212787963,2024,females
At most primary school,51,77,26266,57.03818608214293,1719.3914693266327,37.40272595751161,64.95282240666006,39.98769004289449,245.36017585651072,247.33187486394507,248.34396972700569,250.4762020178925,2024,females
At most primary school,52,96,37111,71.1424378485413,1403.3190069431346,51.027458166042415,103.54094473336747,113.49420207844933,187.4236370917461,197.3636336675544,210.27202358754772,226.16873822996678,2024,females
At most primary school,53,87,29190,65.30298436449051,1303.0966084275437,6.284618019869819,125.03385862738381,27.61984697955921,170.79328807480405,170.52578666978272,170.52667758864834,171.2852003507135,2024,females
At most primary school,54,80,24066,63.873475515947405,1558.7925842821132,24.483337488573092,117.06238399955679,130.49807473891244,179.9844058645054,184.0749042309589,193.71159808066722,209.88725949378855,2024,females
At most primary school,55,79,29503,60.55278784969211,2049.781327322645,44.50394875097448,117.40437695601578,179.2642556124236,276.21196179781566,278.94910953267674,286.64303015454817,332.0432675981152,2024,females
At most primary school,56,86,27121,67.99676123862216,1041.2143480451803,14.144021238154936,76.6713063677593,46.26119980826666,137.33148329832906,138.86462498207135,146.12020488318757,148.98739217195867,2024,females
At most primary school,57,74,23353,55.8342223159113,1530.4603691174582,19.252344452532864,106.57895488088612,122.42467063475071,187.24094720867762,187.0338014349563,191.57853139562795,207.6579123356204,2024,females
At most primary school,58,78,26750,58.38260133412378,1246.2720249221184,18.717757009345796,116.55802492211838,88.10965732087227,222.96244567645005,225.96914328036112,235.13004390586315,242.7246615184241,2024,females
At most primary school,59,60,20832,47.11142086500802,1451.2172139016898,13.653513824884792,296.86645945340507,69.69886072708654,215.1414962304194,219.40946913669757,257.0973977938812,257.2999634427275,2024,females
At most primary school,60,71,23170,54.96707395387774,1230.6172637030643,23.8977988778593,197.56992519062007,107.39972665803481,151.48488769714453,155.61567043350053,180.58614831513063,191.12203692397762,2024,females
Secondary school or above,15,71,26645,41.70220286441392,482.6473384625008,15.83828110339651,23.25381560017514,19.30568586976919,114.73698921433204,117.16318788599781,116.643675284481,122.84402365233316,2024,females
Secondary school or above,16,108,37570,77.46307578765652,780.1548487268211,111.38328453553368,61.394541300683166,29.063525862833824,119.93845540980796,136.30682607865774,141.73389855742167,145.62096576130875,2024,females
Secondary school or above,17,102,33368,73.46255256876,890.4193988252217,106.38515943418844,70.24703058818828,15.386797730360424,133.78207284889098,149.46422854481938,149.5133727663321,149.3972192507639,2024,females
Secondary school or above,18,144,45357,117.35200133708638,1303.2236663212589,137.5541812730119,30.78815287607205,31.399453226624335,95.54980118300239,104.00256674091376,104.88298858807354,111.1626749880894,2024,females
Secondary school or above,19,149,46906,109.19111698799915,1948.3104862206683,75.43565855114484,56.04444705012863,39.501343111755425,217.57832182619134,221.41041999788803,224.64130631091732,227.33811693781848,2024,females
Secondary school or above,20,180,57396,135.72198764869657,1800.5711765628266,93.52158687016517,117.57883534276488,103.98459822984181,135.66106560439633,138.0683091845519,143.02388260985745,153.2760653314726,2024,females
Secondary school or above,21,152,44782,116.97225344705862,2523.0134298750986,69.41818141217453,117.5647023357599,64.98228454885147,157.24090944422284,160.42740894984559,168.88359850008612,172.29525920402634,2024,females
Secondary school or above,22,190,61174,135.81330755163506,2360.022231667048,198.43693399156504,121.49408517779885,53.961901025490135,154.19692036417794,171.6657111540987,179.0268170374781,180.89159701281693,2024,females
Secondary school or above,23,179,53674,116.57703323028116,2764.2039317608774,70.26521220702762,54.49985095204382,196.66989603905057,233.0914884788109,234.54358170689738,237.78003256423716,238.65462861242685,2024,females
Secondary school or above,24,234,76310,176.68742517688113,2558.379898877386,78.46927008255798,98.55370091294283,141.11344078976106,163.73027574205756,166.69522091349157,168.7892628669397,181.80631821347544,2024,females
Secondary school or above,25,202,66791,135.4613083897151,2865.1568824142973,65.68537677231963,83.5618009911515,121.52345874943231,202.04329449023047,202.81208687428844,204.24335223080774,214.91518873784986,2024,females
Secondary school or above,26,174,51182,129.07794432159898,3165.6460995402026,43.171818217342036,185.34815299649614,91.99549971995364,222.30223976209152,221.58201390511329,233.14821568661014,237.8739249928374,2024,females
Secondary school or above,27,175,56085,131.2493029201434,2880.0686220320345,90.70428813408219,199.58381623131558,208.96823274196905,214.03568916943246,217.4958692177269,225.0130229030215,239.50716377389134,2024,females
Secondary school or above,28,150,46655,108.83205150326435,2857.078040938806,50.35372414532205,151.38302432751044,124.34505054835137,221.95752143175818,226.49835519948672,230.99295838191586,245.2363703963968,2024,females
Secondary school or above,29,170,48094,130.45256844658294,2838.049427510015,170.5094190543519,227.09485590718177,511.3610984045134,214.6701233605406,224.95396445693916,231.20652040903684,240.7595419247606,2024,females
Secondary school or above,30,189,60055,137.01937500814438,2954.9422459967254,92.03252018982599,410.11899925068695,277.6450919990009,232.41094479060516,237.7829866257214,288.6451699396341,356.80449217533055,2024,females
Secondary school or above,31,148,45145,104.53795475182565,3478.0988038542473,142.20699966773728,124.50437479233581,192.7801823753092,333.77983223793154,339.2465231621989,341.8008564332732,350.2578280100594,2024,females
Secondary school or above,32,176,53453,123.35849668782191,3338.6284492919012,70.06540325145455,165.74958686447283,312.1068976484014,272.88692825947794,278.39394343935686,283.4843072806046,306.4137255276631,2024,females
Secondary school or above,33,151,45070,119.06226660763096,3906.8462983507134,32.49054803638784,246.2972764588418,112.13444271873381,423.0707553047997,423.3687213514109,441.6003130910786,450.86290456044276,2024,females
Secondary school or above,34,159,49273,111.77652696575875,3228.9703522551226,27.23864997057212,226.58677165993547,178.2426481034238,257.9777998221765,260.70332392521743,278.9873820948063,285.1109918107316,2024,females
Secondary school or above,35,160,47028,123.33313874839354,3955.531934875677,124.02813217657565,218.81261340761534,205.2762893028267,326.8644546426945,338.20287909219917,348.4422962886612,367.3447649719033,2024,females
Secondary school or above,36,162,45018,121.87614029964415,4060.7653105424497,78.29679239415346,175.3462503887334,119.05060198142965,374.5200178528727,384.7880711308128,385.8303795214329,386.10998699067693,2024,females
Secondary school or above,37,136,42062,83.7088192224292,5022.942549094194,45.372783034568016,219.9431018496505,300.36541296181827,554.9265593585537,554.1605492455633,588.2711436226017,586.5684037937806,2024,females
Secondary school or above,38,139,42836,111.082497263684,4651.828397842936,51.76090204500887,247.2396660130109,221.8402745354375,362.3686303075742,364.097028245213,384.7604180277947,404.90459732036396,2024,females
Secondary school or above,39,111,30615,85.18878028700551,5556.790034841309,7.625673689367957,237.26407262235287,82.08285698731558,520.3493898761883,520.4265459809781,531.6958568961753,532.6206865616007,2024,females
Secondary school or above,40,140,38788,108.64024126149886,4137.855038929566,53.92144477673507,185.32737788319412,63.72386648791723,354.10384007678465,354.6672973334315,363.8257053377262,367.3067103874205,2024,females
Secondary school or above,41,109,30967,84.85872387208934,4669.406672156381,71.95737397875158,271.9942196531792,154.82368327574514,468.43141735445454,472.7794787444624,514.6195728229342,528.4229404466944,2024,females
Secondary school or above,42,113,34117,88.07915836205125,6135.165972975349,75.00923293372806,359.5626813611982,109.81133550233999,664.5736083765004,665.5198956313357,704.384323768665,714.6972351449552,2024,females
Secondary school or above,43,106,28569,87.18128189168914,3729.7008704073182,95.07375126885785,238.0046991494277,147.64383305914336,346.5449112407308,345.78759598835467,353.90732319696576,373.9087217297062,2024,females
Secondary school or above,44,87,24637,63.48984440546146,4822.881654963402,42.76393229695174,122.27949831554166,146.7372921486653,533.6830702851129,534.5379489907766,537.2588136925405,539.1680538066046,2024,females
Secondary school or above,45,93,25878,66.49171255029293,4447.726421413298,7.264858180694026,201.0433572919082,108.09252389417009,461.9573187051258,462.06133326991403,474.34013877437775,483.0991044985754,2024,females
Secondary school or above,46,74,22672,56.939911407532,4224.922819630676,84.71815455187014,532.2979151964244,368.03693248647375,601.1710431169868,615.2165792992632,641.3239517152678,675.2504532842438,2024,females
Secondary school or above,47,70,18359,59.906230532418846,4459.660425404434,81.7511847050493,397.4708135882492,112.18839079833687,544.7821709274681,547.9900064926491,588.9646950635961,590.8033234381828,2024,females
Secondary school or above,48,67,17680,56.55761493639353,5047.652625377074,41.61085972850679,151.7486802413273,34.19358974358974,512.5566636309071,509.8872919001181,534.8629916147698,533.2234537024984,2024,females
Secondary school or above,49,62,18219,52.16614188610143,5269.018456007465,6.178165651243208,224.77535814259838,94.12774210073732,685.5171448363053,684.8414366844116,707.6471388726292,704.2482666912507,2024,females
Secondary school or above,50,58,17438,45.15182927336289,4740.708261650801,59.49076728982681,232.33216729747295,93.4247811293344,539.1397403341829,543.7227612975677,551.2608111926179,558.2013154060248,2024,females
Secondary school or above,51,52,13075,40.809718623921036,6465.496698534098,51.987762906309754,249.38330146590184,214.7036328871893,985.9055222556275,988.884077710434,998.3771111984194,1046.278212260035,2024,females
Secondary school or above,52,59,13297,48.757677305135665,5193.432478503923,3.333834699556291,417.4766864706325,531.3842721415858,616.0810793476829,615.7126289419068,619.061397317572,695.5941851701177,2024,females
Secondary school or above,53,39,8755,30.362229398946887,4576.377460498762,39.03826384922901,272.65752903102987,120.99760137064534,802.0118611717238,805.6029518184048,810.5682089260195,822.822667334178,2024,females
Secondary school or above,54,41,10817,35.22710211803696,4725.210933407291,28.76583156143108,289.5128193276016,139.6767433977381,843.2266229649593,840.9878421506583,843.6738904237183,858.4886644487111,2024,females
Secondary school or above,55,45,11334,34.74736688920999,5684.100972001646,29.52267513675666,256.76783718604787,474.5891418151873,1244.1549828177067,1241.6075507428252,1242.3289866036446,1253.9129069737767,2024,females
Secondary school or above,56,39,10961,29.986230548768877,6628.10187634948,49.67375239485448,370.78353556548973,210.8706018307332,1583.1801056743743,1579.1757788680989,1691.3445261381703,1679.3140834008937,2024,females
Secondary school or above,57,27,7472,20.4114940360375,5580.507996520342,2.5894004282655247,972.211812990721,156.83137044967881,1131.627638815303,1131.3369044482579,1194.3795928505021,1166.1013600629326,2024,females
Secondary school or above,58,38,9611,28.269801202206832,5771.937710262547,28.988138591197586,663.7880206707592,32.92061179898033,1009.406130513352,1007.6312467342066,1018.2571686615208,1018.2794878139009,2024,females
Secondary school or above,59,40,10467,30.58850649486623,7207.405878793668,710.3563580777683,230.81748988885704,37.75166395974651,1318.2983584442227,1613.2148272611973,1624.528807188407,1624.044684719124,2024,females
Secondary school or above,60,37,8948,30.842478470624673,5032.959097004918,24.8681269557443,625.2526076590673,37.26717329757115,1228.9783373373427,1237.8873526609225,1320.4775189834722,1318.1929237944971,2024,females
At most primary school,15,84,22370,73.03957256653908,1035.98459246014,135.91551184622261,19.03746461034123,56.832066756072116,147.65919031731127,169.15226347780836,170.35274986352147,174.14488304029086,2024,urban
At most primary school,16,100,27015,84.62210463519258,1242.2707569868592,40.39811215991116,22.340597816028133,4.975013881177124,112.30011411760155,114.78477338843027,114.20619390349123,114.48845392014648,2024,urban
At most primary school,17,99,27490,82.52876985080391,1231.3840790590518,97.16405965805748,62.55059415545046,8.863829271250152,101.74083653612499,115.70492338776506,122.26817876642363,122.82060567828998,2024,urban
At most primary school,18,93,24558,81.44603736526054,1627.7811032385916,114.04149360697126,65.14560767706382,18.283247821483833,139.96190153507803,153.43363078711624,163.25522297115714,164.36399346648903,2024,urban
At most primary school,19,94,26976,81.06479684467539,1743.1313266113086,160.82184163701066,31.645644894226965,15.398873072360617,172.06223781275483,184.13248411732047,185.9965020548952,187.17851362584193,2024,urban
At most primary school,20,100,28290,85.31124823130793,2163.3089313067044,141.31530576175328,46.4004212324732,12.35359962295275,184.64172370931843,193.39078816461702,196.1978242671384,196.21595964291103,2024,urban
At most primary school,21,84,24081,73.7636786224138,1988.4911583129162,231.2557618039118,38.70201957283058,26.879420843541936,171.68689613346436,199.62958150332815,210.67986351674995,212.9681301103261,2024,urban
At most primary school,22,114,29405,94.67139603554631,2118.123782803378,154.35725216799864,52.5036331689622,3.6955166354928295,177.15924765960509,191.98322988170494,189.65143541037062,190.29872236274323,2024,urban
At most primary school,23,103,32312,63.49051587680449,1999.3502723446397,162.2392609556821,58.459447470496,40.05013617231988,212.37604373752956,233.12421956735344,237.87178209854716,235.69960739865908,2024,urban
At most primary school,24,110,32420,81.80950103708021,2441.992617725684,108.7910240592227,54.70296113510179,54.15689903351841,205.93768332415885,209.75804881935758,208.82650405668593,214.2227511137381,2024,urban
At most primary school,25,99,25977,84.05838966980646,2278.4387310569605,61.26323285983755,122.34980303088628,99.09727836162759,161.89353470055377,161.63592113997657,175.74368972347756,170.93523214695017,2024,urban
At most primary school,26,103,26784,87.53827677455993,2201.239630002987,65.38007765830346,57.01504007367582,44.540272799681404,289.03534314746133,296.7113809236188,295.1338867471151,299.84780948645454,2024,urban
At most primary school,27,105,26602,88.12437521123084,1954.31863205774,86.5322156228855,51.453869383254386,28.864997619226628,179.4644460286766,183.5245933900055,186.41540454281548,186.05133293222994,2024,urban
At most primary school,28,101,27791,80.51687457537427,1785.2837309440706,102.77931704508654,59.799716335024534,47.83992419608266,174.87232881192588,181.57650319136815,182.30264047776006,186.64458514241102,2024,urban
At most primary school,29,113,29054,96.69481624506523,2522.4108613845483,137.78694844083432,55.65044113260366,42.54118767352746,198.52447928941442,210.80651857449487,210.5448718179829,215.94836199544667,2024,urban
At most primary school,30,138,37598,116.43553546227048,2194.3844818873345,135.17753603915102,71.40886261680585,30.48633792577619,150.54185844092353,156.58149119658208,156.40956481403862,157.0910204185758,2024,urban
At most primary school,31,105,27337,91.05932277428714,2203.434411237517,123.29278999158649,99.52930704417699,70.9215836899928,210.7563972250905,234.2948911520088,244.8813735093227,244.89819164064227,2024,urban
At most primary school,32,130,32737,108.47082517432123,2398.1042347598536,95.57778660231543,92.24926433902516,232.95964810459114,183.8331803127252,189.16819000118343,190.73650796743496,230.0773867053865,2024,urban
At most primary school,33,140,40000,114.01340142023643,2340.7311458333334,75.8515,104.85472916666666,45.245,217.37248947446344,220.76162501441507,220.95962678554858,218.54573151923654,2024,urban
At most primary school,34,146,38242,126.12986545692897,2397.2216062618763,74.21107682652581,96.84830596377455,47.10440527866395,152.6824031642351,156.07802811336578,181.6992695728901,186.35260214532798,2024,urban
At most primary school,35,122,34163,102.06366551544745,2367.067782884017,40.15411410004976,67.01030110548449,56.29189473992331,195.1547432979993,194.53555939614645,197.6011083963171,210.22723645907243,2024,urban
At most primary school,36,137,35648,112.45067630753853,2573.0810798174743,136.2370960502693,94.72645730475763,70.33466113105925,259.39597184750755,263.4141294629507,267.77077944200136,272.3389296505323,2024,urban
At most primary school,37,109,27069,90.13213958467644,2377.0561404805003,85.63522849015479,115.672663686628,75.14253697341361,197.84557765224497,198.96918041878408,199.6632575595915,206.30141913937024,2024,urban
At most primary school,38,145,39734,122.62258182472293,2361.8572087716648,64.04036845019378,107.27789802184527,66.91917920840254,182.9438792941032,186.77135592577412,193.5826639250894,194.7202082356787,2024,urban
At most primary school,39,156,40124,136.0696582908627,2136.878239956136,80.62406539726847,100.52682517528994,168.18903067158476,131.64214468551785,138.31727076085457,139.35867870446452,157.4664195769345,2024,urban
At most primary school,40,196,51979,165.76290141106207,2062.781979260855,66.55303103176283,53.19269961587052,86.31242104183099,129.9298853513025,132.0787775027939,134.18715533581207,134.9255310672135,2024,urban
At most primary school,41,126,34090,100.91673879999777,2690.625550014667,65.56541507773541,57.630512369218735,39.75457123301066,246.46792238615348,246.78985395035104,247.15035478403144,246.57675760933245,2024,urban
At most primary school,42,154,43079,122.46928623407258,2267.3006182440013,138.17913600594258,177.2147392000743,47.891083822744264,172.63366689428116,178.24362776867545,180.04668778683046,186.8945503379541,2024,urban
At most primary school,43,156,41767,130.8434563844342,2169.3725648638083,79.90803744583044,151.79709260101677,125.74651439334085,157.12689336606437,162.27110023936882,170.70516981712117,170.59683097456502,2024,urban
At most primary school,44,141,35576,122.56345624103884,2546.3088833295856,91.47813132448842,103.93646934262799,67.97091672288434,175.90064790884304,180.1942410036211,186.45010406657764,183.8227090472651,2024,urban
At most primary school,45,171,44328,140.80855692717893,2537.596361216387,64.24494676051255,115.84959468808277,50.55457799434519,443.77573370612885,445.1644609070662,443.9080147250236,444.0008627276668,2024,urban
At most primary school,46,164,40369,137.57263751239154,2665.85969844848,40.07614753895316,99.42102851197701,127.88443277432351,224.951056257713,226.71703679877618,229.22342539748863,239.2460268586925,2024,urban
At most primary school,47,141,36707,120.26836075513748,2629.019042689405,71.30574549813387,95.20888386411312,36.80842891001716,197.07636141192697,202.11531135621317,212.70075628494774,214.63900146995545,2024,urban
At most primary school,48,141,36097,118.76310823675996,2580.337456482995,54.37814776851262,97.13650026317977,101.8661938665263,183.65100061002744,185.45828151563236,193.69500306466765,203.3894085394371,2024,urban
At most primary school,49,120,28391,104.17633644899915,3048.7920291641717,53.984995244972,105.82529087856481,122.77822784215654,283.8955510536302,284.36623862307636,288.6674349282059,312.1535229685397,2024,urban
At most primary school,50,171,45935,148.43416939267695,2678.8872972678787,54.34927615108305,139.596567613657,196.24251659954282,184.51517461616132,186.89186992646157,202.66119599064484,226.35453569228423,2024,urban
At most primary school,51,115,29763,99.31171528814413,2661.8060007391728,33.93928703423714,91.17147688965045,68.04253603467393,220.255083384635,220.16756380694633,218.952581449309,227.33767108347,2024,urban
At most primary school,52,145,38874,122.91342586183646,2375.458054655211,66.1503832896023,206.11459673132,80.03592804102142,206.11745865971687,209.97406719317476,232.59123811378927,241.16333607690856,2024,urban
At most primary school,53,126,32166,105.9803881520117,2483.1360028187114,32.699589628800595,162.13552094343925,13.505979398536757,192.31267725023528,196.40768527013242,203.8558520147031,203.18716680891282,2024,urban
At most primary school,54,126,31898,106.59541088081913,2791.920198758543,42.180575584676156,259.9167136915585,309.1071540535457,520.3833987896855,520.9321917222987,528.353371128166,584.4656489127523,2024,urban
At most primary school,55,109,30138,90.98062289989596,2607.8571404870927,29.360276063441503,192.61449001260866,101.48649545424381,221.7771768350806,222.90499468488878,227.75479234493537,232.80592245576435,2024,urban
At most primary school,56,128,34874,106.7842821994511,1795.4091108944583,39.70579801571371,48.057650398577735,48.18011508095812,157.0277812335984,159.56811472102282,160.2336492336852,161.13554317883649,2024,urban
At most primary school,57,112,28135,93.33621961168659,2337.62638469285,40.31434156744269,146.21316865114625,42.05734257449204,188.75708191564095,190.79028234764462,199.58084126872257,200.86818648611774,2024,urban
At most primary school,58,108,30171,86.59591469454816,2263.832642824788,45.2523946836366,157.2066056809519,66.25346635289958,186.66670704291516,189.95193035619224,199.64706827000083,201.4942159145307,2024,urban
At most primary school,59,87,22656,75.00848819622543,2158.5360169491523,25.203478107344633,329.7925678260358,80.46468926553672,226.4325358474928,230.05201945873284,263.7381109184175,265.28914590109207,2024,urban
At most primary school,60,125,33593,105.75334878524039,2031.4780559441945,42.905129044741464,230.92270711160063,125.14263884340984,208.86181631906413,211.35416304666694,221.04844371400915,228.96203656061024,2024,urban
Secondary school or above,15,137,38755,85.36537197038757,934.6318432030276,83.71508192491291,29.761976949210858,1.45529609082699,120.06353909328465,135.509352404621,138.59818397929783,138.47600701367728,2024,urban
Secondary school or above,16,171,43347,144.28408276681438,1091.761352188925,104.92894548642352,43.61137064464284,47.394437139056144,88.82143787086768,98.04439302504521,99.11574315773314,105.11697206474415,2024,urban
Secondary school or above,17,198,50215,161.33731530287255,1191.17835640081,85.22791994423977,205.0714510936307,21.128680009293372,91.9882751368461,100.17729538314452,150.79530946703863,151.01069162990402,2024,urban
Secondary school or above,18,252,68498,210.25388169546872,1653.9623225009004,118.76003678939531,62.02650564006735,26.383033081257846,95.87844856271707,101.60307099200928,103.11013717206362,104.90659766038574,2024,urban
Secondary school or above,19,275,71509,230.75962580162272,2676.499194740056,156.01543861611825,163.58663478256815,29.34395204333254,146.90842780794495,154.7652099129604,162.74252146108336,164.22501761737132,2024,urban
Secondary school or above,20,327,87341,272.86061916174714,2749.893221205772,123.65381664968342,135.38625235189278,56.02714265541575,109.90979483362342,115.5713874309865,126.63219401167672,129.16566681614668,2024,urban
Secondary school or above,21,294,74384,245.4929037512502,3198.6844964418874,124.64979027747903,95.54434869505987,149.5814960206496,140.07080809291978,146.57367228752113,149.1916214695238,161.58429387443314,2024,urban
Secondary school or above,22,351,90975,288.1899237072995,3290.386219657415,125.7334542456719,161.06030044884128,62.596878263259136,135.63509326710516,140.49707652868494,148.82325855254223,152.07252040609848,2024,urban
Secondary school or above,23,351,90718,259.14689846108774,3708.7893747657577,93.08842787539407,75.50178391645906,96.78692945905627,181.74022705064428,184.1014514107624,185.81824569881636,191.57812694624366,2024,urban
Secondary school or above,24,390,106864,319.0369932030084,3533.299578592105,107.74067974247642,111.88427580850427,87.9551080501073,134.7082207124031,139.6457928060092,147.36548718087758,152.85621420154092,2024,urban
Secondary school or above,25,372,102524,275.61300482103854,3753.818116571079,121.31164410284421,152.87536739365092,62.82267241491424,185.61013948886276,194.6572021247548,200.98365697711944,200.72443514304757,2024,urban
Secondary school or above,26,315,80527,270.28805361480494,4029.799046696553,102.59474461981695,166.4912803573129,94.29235328937291,162.48591292240366,166.58237661758244,181.36351738102366,188.22364615639108,2024,urban
Secondary school or above,27,314,82059,263.88407174555476,4187.569422610561,75.26371269452467,157.0024819540412,149.25963839026392,213.43285334822684,217.31455743503201,224.99530696524783,247.46284882361445,2024,urban
Secondary school or above,28,302,79791,250.7860025283418,4075.9358918925695,122.94529458209573,229.31677235945574,183.51257242880357,183.69907521370357,190.3498718172923,204.14115185658784,214.41869828450086,2024,urban
Secondary school or above,29,309,79487,249.61915885681216,4497.262971722839,104.02763973983167,203.46209652731474,223.23022213275968,216.25786640448217,219.62917235572814,221.51150402331785,229.01313966798733,2024,urban
Secondary school or above,30,332,82270,279.7733928873473,4589.533747619626,156.98645921964265,349.00071715084476,105.64464162716258,250.38118988758038,259.46999735140054,304.54411364616664,307.88364425653634,2024,urban
Secondary school or above,31,256,64147,207.80434900408298,4562.508194719421,97.59962274151557,144.005305522212,96.46470346755629,263.9122672451286,266.8302223038266,271.49717906297985,274.95143116596785,2024,urban
Secondary school or above,32,317,79277,264.64941618814873,4651.324293300705,96.48490735017722,255.05197808527905,186.05251207790405,232.77883910284467,237.544799625417,257.1614850693822,266.2563255667221,2024,urban
Secondary school or above,33,278,72607,229.71279014615834,5036.131401471851,97.66983899624003,246.01636664968024,88.35988265594226,388.3095616179953,403.4713952660395,453.8675455251098,456.88915634876247,2024,urban
Secondary school or above,34,280,74350,232.17364026155684,4547.091670029142,86.08675184936114,204.21314727639543,116.32526339385788,252.0334739294222,258.89825067311017,266.0162314960387,267.6226297855895,2024,urban
Secondary school or above,35,283,74378,231.98165260261547,5271.022604130254,155.80084164672348,307.25859797251877,152.76572373551318,322.59089188686664,331.26301756410754,373.8220911736389,381.55381850210586,2024,urban
Secondary school or above,36,291,73357,240.1214825852616,5298.216308600407,100.96371171122047,157.92413584706753,35.733286075857336,325.20754339347445,340.86966137300624,345.53001374727666,346.17067439705085,2024,urban
Secondary school or above,37,235,62921,147.20532175725066,5890.186963282,114.2572432097392,330.89885994606993,139.24370771814392,418.3094130494065,424.7300350159276,460.319135325982,468.8759895705752,2024,urban
Secondary school or above,38,214,55477,182.43482242954866,5167.037455462024,59.06159309263298,237.5927186041062,93.76197943892663,338.81593858794537,340.31198956436185,349.6745039719502,350.45903121185796,2024,urban
Secondary school or above,39,195,50570,156.07576982816758,6117.835999604508,59.59076527585525,242.570001977457,109.15529628897238,400.60352716553393,400.85042022840184,415.17327098366025,427.2996361471703,2024,urban
Secondary school or above,40,263,67225,211.87269023192115,5607.644222139581,95.07928597991818,242.907226974092,127.04970868972356,480.34343923288037,481.69139779050766,496.67254941095234,501.1848183917629,2024,urban
Secondary school or above,41,211,53071,180.0634029082812,5294.342355837777,162.45597407246896,260.57200103006664,94.79298172887891,342.40194904199245,384.0021794022316,399.71334315489804,401.6254085996656,2024,urban
Secondary school or above,42,190,50800,155.00097121865298,6506.377857611549,144.34153543307087,285.41207349081367,92.66896325459317,552.6467027053797,567.0106628936031,588.0407583326534,593.5368274048246,2024,urban
Secondary school or above,43,198,50491,162.34847657072152,5428.909033293062,122.06615040304213,346.42135066975635,98.69323245726962,390.3272317016451,401.71415847142407,431.8145719602745,434.09266356393823,2024,urban
Secondary school or above,44,176,44382,140.58842467689303,5735.3079777086805,53.19893199945924,377.5626004536374,83.34084388565935,381.15503089293867,384.0497420857481,417.9917282902058,430.01827786269985,2024,urban
Secondary school or above,45,182,45314,150.83740143656166,5522.415037295317,96.55181621573907,174.48838475232085,75.2901605096291,388.15064419734796,398.4969870409168,403.7757662346479,405.1472029986542,2024,urban
Secondary school or above,46,136,36590,112.26565413915148,5490.756361027603,144.91691719048922,274.73968297349,239.63929124533112,583.1878269558616,603.739258028887,629.9451925406876,644.2243993068995,2024,urban
Secondary school or above,47,152,39294,130.18617378634883,5499.581157428615,81.50710032065965,450.00763475339744,60.624183505539435,420.04877424106814,423.0808262686417,464.39391452414327,463.75664887905384,2024,urban
Secondary school or above,48,142,37614,113.47298873621702,6284.576511848425,112.00909235922795,222.52982045692207,25.164637280445223,539.7541422337381,553.2110606228521,572.7886053674753,572.2132609022785,2024,urban
Secondary school or above,49,129,33221,111.93168052364035,6023.771883748232,47.801932512567355,328.3750915585523,50.53771208974243,527.2021092847812,527.1533826572696,529.5831337539997,537.5297746458505,2024,urban
Secondary school or above,50,120,31359,100.0591552448577,5815.049427596543,41.685640485984884,490.2545786961744,67.85275891025438,480.41825956555067,486.3792663910487,521.3615592017674,526.0078221636174,2024,urban
Secondary school or above,51,101,24184,83.81811224687215,6586.386019682434,130.4523652001323,171.32158658617269,183.58901201896572,652.9639735373714,660.0188124483832,666.0538304883078,683.3058631006509,2024,urban
Secondary school or above,52,127,29372,110.73513244866504,4764.264191520269,66.39833855372464,275.9528632711426,31.469313178083436,354.68267121080544,367.99796851096056,369.6449958226301,368.9877044862447,2024,urban
Secondary school or above,53,97,22576,82.86562124530333,5557.443819395228,110.81360737065911,479.1255389203874,55.28957004488542,460.49976374466735,466.564386457915,525.1962750694623,527.337119685749,2024,urban
Secondary school or above,54,94,22956,80.11488621233492,5720.463923738165,55.10716152639833,514.0435398152988,75.91697159783935,593.6005211717509,592.5072226091879,596.6804381632537,599.3865933804801,2024,urban
Secondary school or above,55,90,21128,77.81767621018662,5987.508633882368,43.854127224536164,192.65540199419414,287.56424334216837,853.5068061783375,857.0106802525603,859.856777498884,864.5174387328726,2024,urban
Secondary school or above,56,86,22194,70.81435926395129,6171.080427142471,93.48175182481752,370.38013276861614,99.62989997296566,925.8396529763469,938.6144662220358,976.9590198826751,972.0106231290426,2024,urban
Secondary school or above,57,64,15859,52.49054751038769,5819.598403640414,55.60867646131534,603.2042793786914,139.20659142022407,733.9139769186928,748.0486737277345,824.960117125918,815.691090798254,2024,urban
Secondary school or above,58,81,18630,63.90799361577231,6193.982841295401,24.627214170692433,432.5577026301664,175.38593666129898,835.8383110958758,835.4339595930446,839.8569054707615,846.0834830441892,2024,urban
Secondary school or above,59,66,16336,52.04639974474602,6764.484512732615,534.4821253672869,515.792370633366,24.18870388507999,971.0827327684173,1167.5995654522078,1177.347041266865,1177.2360662584965,2024,urban
Secondary school or above,60,91,21317,74.77699492622014,6392.178957326703,191.36097949992964,355.9327610201561,19.830026113743333,835.8188263242251,870.780917301387,908.6962813243255,907.50631809575,2024,urban
At most primary school,15,104,54710,92.32648177048166,628.4731615183086,58.22480350941327,43.29054712727716,7.433132273198074,68.98554800918781,78.1835868693357,78.46077705552823,79.08035117331336,2024,rural
At most primary school,16,107,58561,95.38499428158542,1068.4628393185453,123.45173408924028,31.857459173625223,6.858944803993556,108.31249213993232,119.28498322631621,123.48684812037024,124.11280721173769,2024,rural
At most primary school,17,77,41472,69.65352553772988,1432.5112123842594,105.86805555555556,47.26518293467078,135.60895704732508,155.87803478292685,161.52316709590437,176.31079319885734,279.20477411543766,2024,rural
At most primary school,18,77,42598,69.88610356204724,1198.3535612000564,90.43135827973144,15.108670986118284,4.781132134529007,147.83221158574725,155.82419462127152,155.7528768716017,155.2442118152641,2024,rural
At most primary school,19,55,29929,48.7473476425391,1312.6395803401383,166.92371946941094,51.23152572198648,9.75642353570116,143.09258515936094,180.67373274630887,176.79515730234993,177.44619020610634,2024,rural
At most primary school,20,70,35666,62.51110258670009,1441.529533262304,256.5953569225593,92.73741097964448,35.31374418213424,192.6518299193235,236.57500624039608,242.24479223509826,244.2486226587353,2024,rural
At most primary school,21,76,45843,54.892288928442554,1562.2931018185257,183.03160787906552,71.86655905299973,98.74353772658857,206.91224044418772,223.74938289555476,229.5367850945284,232.3099123520467,2024,rural
At most primary school,22,69,40889,64.55872616484264,1815.9913098062234,163.50074592188608,65.82110510569264,90.44649335192025,188.30672863352,199.17475405244517,193.7354543056766,199.75931980121075,2024,rural
At most primary school,23,73,40344,65.47618627335109,1829.955272159429,117.96115903232203,91.22849742216934,69.84516491506379,169.86442499459483,194.51120688790755,198.28034094221516,196.2866516323696,2024,rural
At most primary school,24,79,49427,58.271554291845796,1949.4633230150864,104.35187245837295,69.07392046182585,241.3842636615615,186.42954111400581,194.80687586323594,199.90114990006916,264.9606631162337,2024,rural
At most primary school,25,83,48613,58.76538405062545,2075.1379260691583,147.78186904737416,89.24798922099026,149.5172896138893,315.9232085953882,321.7730544579416,324.3887308498219,333.57226586737397,2024,rural
At most primary school,26,72,44306,64.36098949979899,1699.9964414150077,109.71504988037738,38.85520584119532,179.3549406400939,196.23387684692327,209.56577116973074,212.29840741715495,233.16281559829298,2024,rural
At most primary school,27,88,49181,76.04144481749188,1846.2798641751897,114.57015920782416,40.712334709203425,118.49115173203745,189.79059671883522,197.9129564803481,197.66847227716707,199.38546326920203,2024,rural
At most primary school,28,68,38793,60.269617453130955,1637.0424775947552,139.37896012167144,71.22444770963834,40.062812019350574,185.86339204670327,228.34404073766657,228.15438548781253,237.687379327756,2024,rural
At most primary school,29,67,39370,59.777132663385885,1679.6497163660995,153.07061214122427,136.62117940902547,44.49072898145796,177.22962311212436,186.81508404391914,202.62291293774064,200.6344890775987,2024,rural
At most primary school,30,94,52643,82.685696391435,1799.444775816981,145.83011986398952,35.29372376194366,354.52754085696733,192.60151767449278,201.38070347555043,201.5381667235805,261.0700407703962,2024,rural
At most primary school,31,73,41979,65.36055477508842,1812.1776999610918,64.94866480859477,90.8153481502656,217.14428642892875,167.59595425508783,171.48645321922345,168.31025370969252,202.80356955330492,2024,rural
At most primary school,32,80,45495,71.51244856165069,2264.7921529838445,116.31599076821628,83.46905337582885,186.92823387185405,287.13072909732676,315.62615889696934,314.1167401806827,335.0603148501617,2024,rural
At most primary school,33,91,53538,79.91176231643728,1632.68762996999,54.61681422540999,80.8416374039623,177.90261122940714,220.53662791572887,222.21524301343334,221.89112469411364,239.98594456231942,2024,rural
At most primary school,34,97,54596,87.94674340528483,1975.9356668376195,61.57703861088724,137.7047616430996,47.16920653527731,163.904524952758,169.03807518021313,178.47173665721746,180.14622160262059,2024,rural
At most primary school,35,72,39527,65.3316932638367,2285.7115178654253,195.1673539605839,109.53003643079414,37.87284640878387,201.09319600731428,224.1479378117332,222.6409731513853,227.58538067375977,2024,rural
At most primary school,36,67,38857,58.21587751406395,2152.3460766399876,104.14784980827136,126.15147635346699,102.96600355148365,229.09170119412735,246.3246299019289,257.44746442381285,268.0146063864812,2024,rural
At most primary school,37,83,45566,73.97362551009036,1775.4669307524618,126.89560198393539,102.09159241539744,45.759630718810804,181.67687794723886,199.92149597397355,213.41130999343088,213.86871866063248,2024,rural
At most primary school,38,79,47036,56.81759699208868,1994.3709357371658,54.812377753210306,177.72401281288091,92.9363324545738,206.49893559561255,212.358055597724,220.41769834507397,236.064880308613,2024,rural
At most primary school,39,77,42184,68.78952689235481,2196.0579248056133,74.42821923003983,159.30779442442633,33.75346102787787,242.85525732161727,250.64235985730653,247.7509316533528,251.62606842720095,2024,rural
At most primary school,40,93,53293,80.53234197937506,1871.6472973311068,39.27532696601805,109.671876856873,146.74206743850036,209.634142053175,210.42810554939103,212.77411284271417,239.5850102220246,2024,rural
At most primary school,41,70,38804,62.247101598816826,1810.41071367213,58.829759818575404,57.55073574889187,163.11119128612168,251.63098502765547,253.1735735825399,251.47289561752183,263.5123041907776,2024,rural
At most primary school,42,89,49970,80.74226528503561,1915.4102528183575,118.51030618371023,118.53688879994662,93.75725435261157,193.3869967720296,203.90938561646496,209.50136441877285,215.64533714163431,2024,rural
At most primary school,43,63,38804,57.135121384826704,2437.217597842147,14.30934955159262,123.51892416589354,202.83561832113526,429.14737577585294,428.42054971481593,431.7117933496619,450.0124373389598,2024,rural
At most primary school,44,66,34887,60.17323429829966,2049.9892223464326,120.72273339639408,75.3620498562024,201.3247532509722,280.13256928793885,292.38170656283535,295.0870514845716,309.44190222799637,2024,rural
At most primary school,45,67,36656,57.43275264088217,1828.2153717445074,48.72490178961152,146.37788947693875,136.9671177069693,230.8967831391092,236.06531205323103,242.60400596116102,282.0528151855643,2024,rural
At most primary school,46,78,42782,69.43965240025355,2320.254717716173,38.0618016923005,206.52497935268724,363.2429760179515,321.650656542693,322.1577149754376,369.5764985266672,448.8216487769618,2024,rural
At most primary school,47,57,30369,51.35111608185589,1820.0945124962955,38.547202739635814,95.8742742050556,61.00958213968191,218.03468149312442,221.17812301364168,224.86686905472828,239.27362677818454,2024,rural
At most primary school,48,76,40906,70.01706368507577,1891.2536873156341,68.71485845597223,148.19887873009665,146.87592692188596,190.45106153323775,203.41357063037506,206.82514073538832,223.76497342728896,2024,rural
At most primary school,49,74,41698,63.297513784599836,1938.3780437111293,22.91102690776536,229.8294882248549,105.9898156586247,262.7792091013461,265.58848352247827,292.4465187096818,293.8145424123253,2024,rural
At most primary school,50,66,33582,61.05051335991711,2335.820032557124,9.605145613721637,97.09260169138228,104.88634784507573,392.14463832122027,391.67068229786213,392.47496477656216,389.6099457910758,2024,rural
At most primary school,51,54,31756,49.7929532088899,2243.865117353151,68.19451442247134,139.80644077759584,52.41949028005206,413.473354534357,414.11048433596414,433.04346570956994,433.2834205175656,2024,rural
At most primary school,52,74,44155,65.64084857874688,1688.4363039293398,21.1475484090137,55.98079681425283,161.32714301891065,202.11673002699325,202.4590656429958,205.6182628704171,207.73627599646295,2024,rural
At most primary school,53,61,31388,53.526420372155016,1928.4858544666752,66.57091882247992,243.6943524064398,106.46181130793084,399.57693471990194,403.6821713233801,424.02167666699705,484.464332293688,2024,rural
At most primary school,54,52,27396,48.105263076933724,1581.7712439772229,29.55759964958388,47.789823331873265,240.5192972210055,195.54862765786208,195.58955479942605,194.78869193300488,217.25055418724224,2024,rural
At most primary school,55,56,32728,47.27023145123914,2000.1933818137375,52.33439256905402,120.15170496211195,150.59698117819605,289.1005498368445,293.1219344336704,301.1104471763254,344.9277936645338,2024,rural
At most primary school,56,56,29571,48.54461163352107,2574.216056271347,30.850833586960196,241.08896103164136,50.15612142527025,719.3516471199295,719.1715584766868,728.29521207214475,754.5993388954246,2024,rural
At most primary school,57,45,24907,38.812399611424695,2164.235061093936,19.633034889790018,119.90290547503379,243.5426453072095,329.1857613350039,328.64314420659264,331.7198568045274,358.02135281601426,2024,rural
At most primary school,58,49,26084,43.90982795286994,1543.5238524254971,109.97201349486275,144.67674947605173,33.647702295149,250.45112623201726,261.1756081461118,266.25587084445783,265.27600173846486,2024,rural
At most primary school,59,46,30228,29.89564680699363,2039.0457853645626,15.436350403599311,244.82826353050152,267.0184376516254,287.734595580548,286.8037117328279,324.20133741345495,352.1685295936721,2024,rural
At most primary school,60,43,24088,36.35846153344858,1999.0230197608769,8.155097974094986,200.27537916528283,84.91579486327909,332.1765729621852,332.4687613232457,344.1725676008563,343.74393098589314,2024,rural
Secondary school or above,15,39,20975,33.55388783339052,524.9904648390942,10.526817640047677,35.31068732618196,23.075089392133492,140.13962577068358,141.44818013343496,141.8852290282084,149.8669645148918,2024,rural
Secondary school or above,16,69,38288,58.00283895101567,762.3437804708177,89.23200480568325,68.65838078074941,18.529304220643542,154.30234775277563,169.20530598727197,177.236810262658,180.00454790875273,2024,rural
Secondary school or above,17,55,31949,49.10991824544649,1030.9232161674336,116.0994084321888,70.37505086231181,10.978956044529301,176.2007597380641,190.83733446251895,186.24827877776437,185.59214672003753,2024,rural
Secondary school or above,18,66,35800,60.325881386525644,1609.40802141527,151.27717877094972,133.80109404096834,9.580074487895718,205.3459436436217,213.69107301627906,236.64904055783828,237.79796815427935,2024,rural
Secondary school or above,19,71,41537,60.5107029044375,1985.0061591673286,137.94207573970195,67.62956320068051,21.378529985314298,220.59673883016083,234.58000586238893,234.12034019373922,233.93157191818278,2024,rural
Secondary school or above,20,58,33424,53.10032265243286,1961.6276976623583,192.92349808520822,208.06927656773576,62.498005425243335,210.85821451256558,231.76153653615492,256.5396701209335,258.30432148797985,2024,rural
Secondary school or above,21,68,38993,59.9277104924433,2668.249292608075,149.18652065755393,167.5532360509151,79.7373887620855,242.92031134866104,260.22597331897,263.8150094148285,262.61983038233626,2024,rural
Secondary school or above,22,66,37562,57.87181458756241,2053.14437019683,415.054975773388,195.11388726194912,57.7116944429654,194.79409489855195,301.2815574079315,318.8021907144656,320.4065646113136,2024,rural
Secondary school or above,23,60,34931,53.019815620885446,2513.3930391342933,124.182531275944,110.58794480547365,242.5966429055376,267.56308997951965,280.268325475287,301.1387250377871,303.316077080033,2024,rural
Secondary school or above,24,87,49493,76.20263352905604,2411.604092161181,110.50936496070152,137.73244869644864,111.81204075997279,283.4095529517976,290.86985061033795,293.9139289105504,298.4961467673878,2024,rural
Secondary school or above,25,60,36148,51.511089953200475,2625.749121666482,153.01847958393273,77.03440254878095,176.7548227656671,249.96789732473331,268.2345458945406,279.58934377247357,328.7843650906495,2024,rural
Secondary school or above,26,63,34474,55.68884130186842,3270.5794028349865,165.80654986366537,127.64510935777687,83.13124867049565,322.5330709976546,330.941497441526,348.2927928793233,351.4641533168495,2024,rural
Secondary school or above,27,76,43176,69.32445266478813,2576.179219937002,204.38910505836577,78.22412914582175,131.6595639552838,218.44244167065565,240.6477696029714,239.34873814449577,241.09450218078499,2024,rural
Secondary school or above,28,71,41223,60.59096102988134,3500.249565372082,191.84181161002354,128.82842507014692,42.09300633141693,495.7652645393038,521.6516804623736,530.471119825197,529.2481552572829,2024,rural
Secondary school or above,29,52,26976,48.98065918923754,2270.766076018189,304.75051897983394,160.94380807631472,489.79710359826015,305.8996642728416,342.8718566484035,338.44224347518923,361.7516491613001,2024,rural
Secondary school or above,30,87,47902,77.21862918823106,2827.103200283913,170.4369337397186,367.96760399704954,338.73825727527037,245.94745123736655,270.14803457004194,336.6043386355855,464.37906623412687,2024,rural
Secondary school or above,31,57,33841,37.09751168054346,3973.8636466613475,243.32791584173046,158.13017739822502,190.69294642593303,593.4011771195732,627.6451098689624,647.3307538291041,646.4383922502698,2024,rural
Secondary school or above,32,57,33633,50.339299993747524,3244.449122389716,152.58139327446258,185.34710453027284,186.71295057433673,375.4968964225205,391.0652401783353,400.0551963793995,403.6998334366564,2024,rural
Secondary school or above,33,46,25824,43.00268793005656,3274.517270755886,41.51564436183395,303.8532469795539,89.7100371747212,460.24081732921115,464.5658477826005,573.5539219295209,601.8353155022135,2024,rural
Secondary school or above,34,45,26715,37.04692294192002,3248.391652629609,54.65468837731611,144.3188907604966,305.0938923201697,452.5009226074333,457.6444592750064,491.0027826433221,551.6990172018584,2024,rural
Secondary school or above,35,50,27588,45.52296622809137,4733.38186892852,240.3639263447876,244.67877035909333,85.02154318302644,786.3768542949293,878.4615906654752,884.4061031950425,884.5584477591809,2024,rural
Secondary school or above,36,46,27521,39.91450752286096,4093.635478361978,113.36797354747284,157.1089955549096,201.30312609764664,543.093459494798,560.416174421297,551.5120767911028,562.9236029649427,2024,rural
Secondary school or above,37,48,25685,40.52096172351751,4131.893316462267,66.27954058789176,125.30651807150736,337.2409318019597,396.4101255133489,411.0790248979985,407.02310922187604,414.20913885441064,2024,rural
Secondary school or above,38,47,25228,43.396568050952304,4608.069037048782,47.04058982083399,104.45495415147191,731.8653876644997,546.3156800497925,546.7702316792994,552.3927090250103,734.7325415443421,2024,rural
Secondary school or above,39,35,19559,30.381226599363632,5012.452391908243,113.19903880566491,116.86276138861905,41.25296112616528,813.6016622132871,812.1385030201076,813.7697406847348,807.6565351774298,2024,rural
Secondary school or above,40,35,17997,31.242009916857935,4632.806203811747,14.896927265655387,139.93582263710618,256.2735270693264,715.4889139820128,714.5449160998642,712.9342829207623,694.1452685706822,2024,rural
Secondary school or above,41,21,12992,19.286554080303482,4586.677378386699,128.44057881773398,133.54628489326765,78.58169129720854,648.4984516262036,634.8318043560088,627.0389004590153,662.2817924976824,2024,rural
Secondary school or above,42,25,14187,22.578323926211066,4675.846620145203,183.978289983788,643.0405770541105,36.849933037287656,521.2012788597175,537.3048341950713,597.5101054845497,590.7958485240194,2024,rural
Secondary school or above,43,28,15712,25.644831464199115,3960.5051871181263,30.61099796334012,231.9870958503055,246.26188051595383,516.021553919955,511.5032566542434,559.0259465588749,619.3488849405096,2024,rural
Secondary school or above,44,20,11836,17.940742269931846,4170.998986143967,6.235214599526867,202.60617325673087,196.3923622845556,1173.2851125760799,1173.6439992155238,1247.02727754677,1265.8871120547954,2024,rural
Secondary school or above,45,23,14718,11.806165467625899,4122.489910313901,45.08764777823074,206.59679757213388,61.11564071205327,888.1183941237948,915.964555147008,973.483728275485,991.0755772011036,2024,rural
Secondary school or above,46,24,13668,21.31496278608709,6507.452394888304,85.68554287386597,562.0427275387767,422.7880206809092,1780.2711911682754,1845.9407660261008,1816.1125220387153,1807.5161545234778,2024,rural
Secondary school or above,47,6,3573,5.189895859207275,5551.240787386882,157.01091519731318,47.019311502938706,0,1913.6978415160577,1923.5337208146973,1911.447800479513,1911.447800479513,2024,rural
Secondary school or above,48,13,5822,11.555060567817751,4982.172907362877,0,407.1052330241612,71.41875644108553,817.57421052641,817.57421052641,910.7213431329741,928.3383146206422,2024,rural
Secondary school or above,49,14,8003,13.245119884986185,4623.654129701362,30.678495564163438,143.63363738598025,87.80040818026573,1187.579487611753,1185.6584084995948,1158.6723255194543,1164.1862031599555,2024,rural
Secondary school or above,50,16,8785,14.81971979412678,4922.673211914247,219.0381331815595,28.927148548662494,0,957.6413947158115,975.3502031562442,977.8464963597056,977.8464963597056,2024,rural
Secondary school or above,51,11,6312,10.796041368254532,4163.825253485425,0,453.94856358259403,485.50380228136885,1027.897933097065,1027.897933097065,1079.8925536512086,1038.4567637438142,2024,rural
Secondary school or above,52,2,1149,1.7731267149367211,5783.289817232376,0,135.13925152306354,5430.809399477806,2177.2032417890364,2177.2032417890364,2074.317112984982,6322.518560378225,2024,rural
Secondary school or above,53,2,1106,1.9906005799780637,4178.571428571428,0,0,0,3959.314772708499,3959.314772708499,3959.314772708499,3959.314772708499,2024,rural
Secondary school or above,54,4,2423,3.443200578976106,2903.3924886504333,0,279.2681249140184,0,1232.935749249153,1232.935749249153,1421.5671484804868,1421.5671484804868,2024,rural
Secondary school or above,55,6,3296,5.524099124065767,3907.078276699029,12.226941747572816,157.83272653721681,44.25364077669903,1352.042790646456,1351.5165891461297,1297.7925469347922,1271.5673671159013,2024,rural
Secondary school or above,56,6,3687,5.329741349736355,6489.740891420305,0,161.77334779857154,73.95353042220412,1089.703345045507,1089.703345045507,1265.0426967430951,1349.573067799923,2024,rural
Secondary school or above,57,6,3778,5.32584826429234,14014.425622022234,0,3043.0739368272452,374.625022057526,9169.712631316012,9169.712631316012,9832.195733907374,10183.140701418743,2024,rural
Secondary school or above,58,3,1287,2.982165008777063,5429.039368039368,0,0,1595.9595959595958,3359.760981378147,3359.760981378147,3359.760981378147,3385.4601952596163,2024,rural
Secondary school or above,59,2,931,1.9474055517485425,1871.858216970999,0,291.08485499462944,0,1368.1085733367624,1368.1085733367624,1621.4620128435702,1621.4620128435702,2024,rural
Secondary school or above,60,4,2211,3.8908799312323654,4575.742198100407,0,3464.228855721393,719.58842152872,2512.6682807115517,2512.6682807115517,1865.4352612574157,2365.7108075004244,2024,rural
At most primary school,15,188,77080,151.2909134642636,746.740295796575,80.77204203425013,36.25186710776682,21.769590036325894,72.89235465322808,83.30335779891718,83.56687796282486,85.28199504891293,2024,indigenous
At most primary school,16,207,85576,164.28137715778178,1123.3312708391761,97.23300925493129,28.853135419588046,6.264217381820448,81.97279082006736,88.14504053694746,90.27447519588564,90.66876550119892,2024,indigenous
At most primary school,17,176,68962,140.4974988928906,1352.3368425123015,102.3984223195383,53.35833502508628,85.08513867540577,98.34862814980342,104.48117295029891,112.90769225179397,163.59677734556874,2024,indigenous
At most primary school,18,170,67156,135.14998788425535,1355.3891436853494,99.06525105723986,33.4064714991959,9.718664998908014,108.31924151747421,115.871951296161,119.09607803254156,119.31392647667585,2024,indigenous
At most primary school,19,149,56905,118.38875397533708,1516.7155903113378,164.03110447236622,41.94677532729989,12.43124505755206,119.77520534675924,135.38121139849636,134.98165833895314,135.7268332721677,2024,indigenous
At most primary school,20,170,63956,137.58101362675555,1760.7980799299519,205.6029145037213,72.24092214439094,25.157660474909832,139.89783946087886,157.90162403259654,160.67272206609834,161.2978522270776,2024,indigenous
At most primary school,21,160,69924,105.95185070752295,1709.0706803100509,199.63943710314055,60.44508323322464,73.99438437923078,147.7896585775011,163.87089061007643,169.57025558138938,171.1472456921497,2024,indigenous
At most primary school,22,183,70294,141.05464780002833,1942.3777064898854,159.67588983412526,60.250213389478475,54.15730123955577,135.2774308615759,144.68297823560724,141.79838655513947,143.97944809720403,2024,indigenous
At most primary school,23,176,72656,127.80926553646053,1905.2896044373485,137.65277471922485,76.65525444101887,56.59454598840197,134.48774588659305,150.6028979207205,153.50599590493294,151.9779315863249,2024,indigenous
At most primary school,24,189,81847,122.30466056001283,2144.5566035814795,106.1102422813298,63.3815126598002,167.22258197205355,146.89733257337627,151.38407552659223,152.83908411649972,179.71626079906122,2024,indigenous
At most primary school,25,182,74590,115.32743981316669,2145.9402455646423,117.65055637484917,100.77615408678554,131.95782276444564,198.94666853744593,201.82202806830222,206.18068273492892,209.88925104797755,2024,indigenous
At most primary school,26,175,71090,130.60486335636216,1888.8457530360577,93.01132367421579,45.69713860364796,128.56191681905565,182.2204623683637,189.49094200984416,189.8785222154951,198.4745130151595,2024,indigenous
At most primary school,27,193,75783,144.15717384659652,1884.204561049312,104.72803927002099,44.4829205318695,87.02980879616801,138.3934556867737,143.2845809029294,143.9755344748915,144.633329345987,2024,indigenous
At most primary school,28,169,66584,128.2758476858852,1698.9157905803197,124.10290760543073,66.45596414554048,43.308842965276945,131.86650793586304,150.88972074354987,151.0248142425571,156.3143655512685,2024,indigenous
At most primary school,29,180,68424,135.08117362624324,2037.5005042090495,146.58090728399392,102.23961987022098,43.66292041778713,145.46727815712558,153.35564614363162,157.4963151160667,159.04698326297463,2024,indigenous
At most primary school,30,232,90241,178.36276002124993,1963.9924101387767,141.39182854799924,50.340731116307076,219.51905083794136,127.77171215668488,133.21605540900356,133.37464529370155,158.16583082801483,2024,indigenous
At most primary school,31,178,69316,136.61910523802484,1966.4824018504626,87.9585521380345,94.25197886009964,159.4766480081559,141.33389983086647,152.2641626434386,155.61700854460793,166.43166419138757,2024,indigenous
At most primary school,32,210,78232,157.64353766532395,2320.5779902512186,107.63787197054914,87.1432246395337,206.19056140709685,176.95210130374787,190.71362674743023,190.51798829326322,211.25787898929906,2024,indigenous
At most primary school,33,231,93538,175.3309096747447,1935.4708906184294,63.69748123757189,91.11044441831127,121.17374756783339,162.49233935209676,164.47131101116497,164.58356368786602,169.4197782639132,2024,indigenous
At most primary school,34,243,92838,189.47969288743994,2149.4725471610045,66.78127490898123,120.87509514782022,47.1425134822666,117.86091313250995,121.05977893251661,133.6715536078483,136.0120939296124,2024,indigenous
At most primary school,35,194,73690,153.6139453280588,2323.4286312027866,123.30255122811779,89.81770479938481,46.411996200298546,144.38395445707158,151.6160535882575,152.37256980668985,159.0446099866332,2024,indigenous
At most primary school,36,204,74505,149.07433576528015,2353.6528532760667,119.50141601234816,111.11571930295506,87.35306355278169,187.3664382382337,193.8065346462314,198.68887632079515,203.56872738791532,2024,indigenous
At most primary school,37,192,72635,145.75323010054979,1999.662130286134,111.5190335237833,107.15287166425736,56.70980473141965,141.4394265852364,149.10324014872884,155.1885819977557,157.54227383586695,2024,indigenous
At most primary school,38,224,86770,145.31001386393137,2162.651442510852,59.03808920133687,145.4650993046752,81.02247320502478,148.62545586361117,152.19073212474217,157.51325697201315,162.6414718687744,2024,indigenous
At most primary school,39,233,82308,179.69628859344309,2167.2086552947467,77.44860766875638,130.65289319790705,99.28892290745331,133.6313402216181,138.8074744509895,138.2296171204955,146.44930412043817,2024,indigenous
At most primary school,40,289,105272,214.91112670955297,1966.0217713795373,52.74393950908124,81.78477341236669,116.90438419839401,121.38652542666073,122.5750547037993,124.0964064048994,133.19030615805315,2024,indigenous
At most primary school,41,196,72894,148.81517845940132,2222.0567170594745,61.97979257552062,57.58804451212263,105.4215710483716,185.67286902211842,186.32343206873568,185.96678698665733,188.46417048521735,2024,indigenous
At most primary school,42,243,93049,187.89819511864934,2078.3253303814836,127.61640640952616,145.70303907976802,72.5225418865329,133.0459633859625,138.81757746367757,141.6226992858133,146.15700712995343,2024,indigenous
At most primary school,43,219,80571,163.5729641381184,2298.370078357391,48.314889972819,138.17797346439787,162.873589753137,202.38192864435766,203.6852918164209,207.61708826228772,214.06365742945587,2024,indigenous
At most primary school,44,207,70463,162.50483277517483,2300.575604690878,105.95745284759377,89.78896252879763,133.99585598115323,162.40403607697166,167.88279543051533,171.4268715064697,174.39774245724274,2024,indigenous
At most primary school,45,238,80984,175.59176486797247,2216.5073862326713,57.22006816161217,129.66769670552208,89.66771214066976,307.95277771356183,309.4522681270581,309.30163071197074,313.9617530182273,2024,indigenous
At most primary school,46,242,83151,180.97852215109137,2488.0425671368957,39.0397469663624,154.52705519677053,248.9786973898891,197.61047489416785,198.51841156360504,214.85041161343597,245.96531264170815,2024,indigenous
At most primary school,47,198,67076,154.2746426801604,2262.774349245632,56.47414872681734,95.51014272367662,47.76562406822112,157.05790923974624,160.6751326871719,167.12040413791863,170.91405397809064,2024,indigenous
At most primary school,48,217,77003,170.04559008979595,2214.278203446619,61.99418204485539,124.26216619265917,125.77653684488482,139.93058546840194,144.48847011025185,148.66959186384926,157.67697794937726,2024,indigenous
At most primary school,49,194,70089,139.5333344543413,2388.1742094574993,35.49818088430424,179.59902172000363,112.7903094636819,211.97645810468075,213.38591975668803,223.2065391795612,233.1367289479885,2024,indigenous
At most primary school,50,237,79517,193.43560692774415,2534.0014881513807,35.45272080184112,121.64608930585075,157.66054219013964,188.37063768426427,189.38499728528046,196.75536012992544,207.42812207454725,2024,indigenous
At most primary school,51,169,61519,129.73137470502604,2446.0656490948595,51.62177538646597,116.27676002535802,59.97794719246629,227.40310344264776,227.48147617880988,233.71138331268648,236.78074278238827,2024,indigenous
At most primary school,52,219,83029,164.1512406669215,2010.098416416754,42.21777933011357,126.27312043583164,123.26677024493449,155.53514412417627,157.73154219613664,170.36032426054007,174.4107343057668,2024,indigenous
At most primary school,53,187,63554,143.39026029498888,2209.2058197228603,49.42793529911571,202.415733077383,59.41493323263157,208.39624933945623,211.0919466577004,220.4584884366982,241.61198302377986,2024,indigenous
At most primary school,54,178,59294,139.80724773679714,2232.7870526528823,36.348298310115695,161.90631991994695,277.41705175340957,345.60349547547713,346.0247824457888,351.96651581471974,388.9049041733011,2024,indigenous
At most primary school,55,165,62866,121.07148170908415,2291.5077704959754,41.32058664460917,154.89040976044285,127.0533833868864,187.630015510622,189.20351532871155,194.22292459318084,210.01935584195078,2024,indigenous
At most primary school,56,184,64445,141.25194885751657,2152.769653709882,35.64264101171542,136.63130059223627,49.086818217084335,302.70416530966486,303.13940147685014,307.614720647791,317.52050481343764,2024,indigenous
At most primary school,57,157,53042,115.00171734905138,2256.2067983861843,30.602993853927078,133.85862461194273,136.66905471136081,179.58359546080308,180.3962741421645,185.35740747029993,193.12944968587004,2024,indigenous
At most primary school,58,157,56255,121.68478863347094,1929.843939797944,75.26122122478002,151.3968328741149,51.135010221313664,157.04974188997156,160.79912674185906,166.64061225089736,167.50239872964227,2024,indigenous
At most primary school,59,133,52884,74.76415250348342,2090.2365176612966,19.620679222449134,281.2277658018808,187.09706779618284,201.55185388075438,203.03113330131143,231.48344588217915,240.87959694818448,2024,indigenous
At most primary school,60,168,57681,124.9398183292481,2017.9245996659788,28.39326641355039,218.1241627803494,108.34361979392405,186.0667458975237,187.52678968665265,195.40491335152328,199.79870859450386,2024,indigenous
Secondary school or above,15,176,59730,116.18762883012235,790.7807146046097,58.01402980077013,31.71048189073051,9.047379876109158,95.55837839047638,105.70296668060813,107.59750588434336,108.40824811346498,2024,indigenous
Secondary school or above,16,240,81635,174.01652835957526,937.2597292827832,97.56685245299198,55.35878197668484,33.8562707988812,85.46625348714372,93.92859535007256,96.54759843387791,100.20470311060609,2024,indigenous
Secondary school or above,17,253,82164,185.39458702039622,1128.8640645538192,97.23212112360645,152.69552865813088,17.182018077665806,87.63365133631606,95.12845109371862,125.27246658258434,125.3396372910331,2024,indigenous
Secondary school or above,18,318,104298,249.72022715711103,1638.6691818954662,129.92145582849145,86.6629345720915,20.615464022959852,92.37672164486459,97.1737872231511,102.28778512021414,103.50042405732718,2024,indigenous
Secondary school or above,19,346,113046,252.19710167282045,2422.4207999398477,149.37466164216337,128.3286965777943,26.41718120647052,131.0170012697976,138.2544005883146,143.85934075283774,144.84545599319068,2024,indigenous
Secondary school or above,20,385,120765,297.660410013027,2531.7258145986007,142.8255123587132,155.5026552947184,57.818076429429055,102.89200733693309,108.68358717199257,118.78052050779588,120.73471132625951,2024,indigenous
Secondary school or above,21,362,113377,268.3034981318507,3016.2554332007376,133.0885452957831,120.30988795493501,125.5604752286619,128.39490385294624,135.06492820321034,137.08631685947583,145.29757929006993,2024,indigenous
Secondary school or above,22,417,128537,311.1527772878606,2928.83057148266,210.28105526035304,171.01168275801263,61.169294963058626,122.92626475025668,135.6458513414801,143.2425323192331,145.67119001887787,2024,indigenous
Secondary school or above,23,411,125649,288.25048270819855,3376.4636944981658,101.73273165723563,85.2558980440221,137.32270053880254,161.3497631655527,163.99204594618615,166.91353623911903,170.65044456200013,2024,indigenous
Secondary school or above,24,477,156357,359.83835047380813,3178.2398453539017,108.6170750270215,120.06621598862432,95.50674418158445,130.68659103008343,134.83333872220362,140.02060363343017,144.06000255021837,2024,indigenous
Secondary school or above,25,432,138672,302.8126984056998,3459.761363745625,129.57674945194415,133.10570086246682,92.52166983962155,163.44330597382245,171.45238003205682,177.37226365660027,180.3726129923337,2024,indigenous
Secondary school or above,26,378,115001,291.738680035691,3802.2067822598647,121.5438300536517,154.84631293061219,90.94657437761411,152.98786163371938,156.59816119449368,169.0067411143419,174.19739057497665,2024,indigenous
Secondary school or above,27,390,125235,299.26337106514296,3632.026775661756,119.78096378807841,129.84286874010195,143.19183934203696,179.0057872505259,183.0607670831873,188.6943663055598,204.55802300512457,2024,indigenous
Secondary school or above,28,373,121014,274.07202850183705,3879.8303385007794,146.4146545027848,195.0857648701803,135.33848700701296,197.2212458900053,205.65294998157754,215.3052274035584,221.38708627607002,2024,indigenous
Secondary school or above,29,361,106463,282.17223821619,3933.1047171317737,154.88756657242422,192.68865083017886,290.7739527660627,195.59189798148827,199.22146596964032,200.5592505924195,206.07472455419395,2024,indigenous
Secondary school or above,30,419,130172,314.3276691311903,3940.976853061078,161.93609992932429,355.98034267482,191.42077149207717,207.29713281311928,216.01108910443696,254.00121516597508,272.52496582474845,2024,indigenous
Secondary school or above,31,313,97988,189.4868208882517,4359.214728674259,147.92814426256277,148.883451715176,129.007238981644,271.5362399606336,278.2616179171239,284.3928981296138,286.4828985144551,2024,indigenous
Secondary school or above,32,374,112910,275.8324161398078,4232.252177250317,113.19461518023205,234.28867977445162,186.24923980751632,213.40926729668314,218.11415863034975,233.7469513440641,240.83035205617313,2024,indigenous
Secondary school or above,33,324,98431,251.93317187967767,4573.96071020986,82.93742824923042,261.19024071007436,88.71410429641068,336.2609405765459,348.53011521219685,394.12071497900797,398.2932068370271,2024,indigenous
Secondary school or above,34,325,101065,237.13017992567342,4203.800016491037,77.77816256864394,188.3810089216511,166.22338758884547,235.37345453748804,241.21308055000287,249.57139729235243,255.05741309319876,2024,indigenous
Secondary school or above,35,333,101966,256.2995292223511,5125.558110056293,178.68029539258185,290.3269513040295,134.43680573262984,313.17770763760655,330.138374379042,359.63391827636235,365.04961727704216,2024,indigenous
Secondary school or above,36,337,100878,245.88789196559185,4969.588966375226,104.34777652213565,157.70175360336248,80.90317016594302,298.42654304536933,311.88223106294976,314.82419695865576,315.72526028320954,2024,indigenous
Secondary school or above,37,283,88606,181.83893338150858,5380.494929801594,100.34952486287611,271.3020008050621,196.6389033097834,337.54336020979184,343.49411385379045,369.8043756500066,375.27552799952707,2024,indigenous
Secondary school or above,38,261,80705,206.53481570137157,4992.306580550565,55.30388451768788,195.9744852652665,293.2300766164839,298.71430166934346,299.82159826661723,307.22779567891286,330.6684368415568,2024,indigenous
Secondary school or above,39,230,70129,169.7237215228446,5809.5441662270005,74.54212950419941,207.51021332116528,90.21731380741205,374.1241434626755,373.9607595167621,384.78021319662327,393.1176195883405,2024,indigenous
Secondary school or above,40,298,85222,229.13184318964312,5401.780010834448,78.14654666635376,221.1619456634828,154.33891874555084,428.08917537608676,429.28654695313344,441.6741490926851,444.31143351032216,2024,indigenous
Secondary school or above,41,232,66063,178.91187694684095,5155.172421274642,155.76648048075322,235.59102674719585,91.60485697995348,322.08370329690086,357.5752518207266,371.2122596084632,374.14052819628927,2024,indigenous
Secondary school or above,42,215,64987,165.20840446493875,6106.763370622843,152.99444504285472,363.4842353086002,80.48337872702746,484.95196369467754,497.3012388568696,515.6335015548087,520.1724165719559,2024,indigenous
Secondary school or above,43,226,66203,173.03443793520043,5080.411816685045,100.36104104043623,319.2625963576676,133.71579334269845,346.8442905981324,356.21019517441255,383.3421863410807,387.66219450939207,2024,indigenous
Secondary school or above,44,196,56218,144.84666352022748,5405.962194789332,43.31130598740617,340.7277028709666,107.14243362149726,385.0420277736867,387.4887123665074,419.63562595881797,429.68635642914154,2024,indigenous
Secondary school or above,45,205,60032,112.75724347064835,5179.196453558102,83.93438499466951,182.36038001954515,71.81500421997157,417.63292915655023,429.05480911284855,436.80401990083686,439.09763970865674,2024,indigenous
Secondary school or above,46,160,50258,122.08151590140164,5767.25366276679,128.80854789287278,352.8736718532373,289.44781593643467,611.4278997250635,633.1176797371348,646.9295690131977,655.7966540973363,2024,indigenous
Secondary school or above,47,158,42867,128.32329398698582,5503.887030427446,87.80040590664147,416.41822380852403,55.57110753415603,417.3098058597029,420.28171304104103,458.96142028927767,458.386025457966,2024,indigenous
Secondary school or above,48,155,43436,122.49867293749529,6110.007173389201,96.99580992724928,247.26962273996992,31.364367498541917,492.8971735927606,505.00369442917093,523.5537316922517,523.3077790285104,2024,indigenous
Secondary school or above,49,143,41224,115.64215796819296,5751.9607449543955,44.477682903163206,292.5104045378097,57.77168639627401,498.6525386041611,498.58358276558533,500.037094305129,506.7091697209161,2024,indigenous
Secondary school or above,50,136,40144,107.18077304680865,5619.7643275873515,80.49696094061379,389.29898199814005,53.00405207918162,442.2711686486885,447.5709572209818,477.0270208246723,481.0048363349049,2024,indigenous
Secondary school or above,51,112,30496,87.17582669332792,6084.96932384575,103.45160020986359,229.81914294770897,246.07872070654076,600.8143195518601,607.6788536781925,612.6620569538696,623.37279242213,2024,indigenous
Secondary school or above,52,129,30521,109.1380099920882,4802.626645042212,63.898692703384555,270.651764358966,234.7340082784531,352.8110846814797,365.8264906057427,367.1709393794501,395.7843954118228,2024,indigenous
Secondary school or above,53,99,23682,82.90108639353296,5493.047532584523,105.63837513723503,456.7493525321622,52.707428989668664,460.3882178657622,466.35555848781286,523.2565312708036,525.4184532178036,2024,indigenous
Secondary school or above,54,98,25379,77.76225534257081,5451.510691253924,49.84593561606052,491.6289123553594,68.66897828913669,584.8384931188176,584.1060335101143,590.683625631184,593.6849255932187,2024,indigenous
Secondary school or above,55,96,24424,77.44174860255274,5706.756158559886,39.58606288896168,187.95610874549624,254.72966481056883,808.996739039819,812.3281243194602,814.3797915225499,819.3585847290589,2024,indigenous
Secondary school or above,56,92,25881,70.46031901982984,6216.4767074945585,80.16436768285615,340.6620686990456,95.97205156936234,865.7571819328606,877.4822675958228,914.8014961125585,911.3240692946855,2024,indigenous
Secondary school or above,57,70,19637,51.61108659570091,7396.21689073348,44.91001680501095,1072.615470794928,184.49919369896963,1425.277435978967,1430.3280140245304,1578.7519879112094,1615.8383448893744,2024,indigenous
Secondary school or above,58,84,19917,66.26568875746307,6144.553597429332,23.035848772405483,404.6066174624693,267.18080032133355,807.8178010900256,807.4625534184438,812.0850868491934,817.2760922160378,2024,indigenous
Secondary school or above,59,68,17267,53.50342654239271,6500.684484855505,505.6639833207853,503.6766182120036,22.884500299222022,944.7100027743958,1133.3258229159765,1143.943990391918,1143.955295298191,2024,indigenous
Secondary school or above,60,95,23528,75.48637277396611,6221.48269437833,173.37818769126147,648.029100079338,85.58851864445201,808.5259045999067,841.4838479260382,868.9555012453637,873.6043304148589,2024,indigenous
At most primary school,15,188,77080,151.2909134642636,746.740295796575,80.77204203425013,36.25186710776682,21.769590036325894,72.89235465322808,83.30335779891718,83.56687796282486,85.28199504891293,2024,p99
At most primary school,16,207,85576,164.28137715778178,1123.3312708391761,97.23300925493129,28.853135419588046,6.264217381820448,81.97279082006736,88.14504053694746,90.27447519588564,90.66876550119892,2024,p99
At most primary school,17,176,68962,140.4974988928906,1352.3368425123015,102.3984223195383,53.35833502508628,85.08513867540577,98.34862814980342,104.48117295029891,112.90769225179397,163.59677734556874,2024,p99
At most primary school,18,170,67156,135.14998788425535,1355.3891436853494,99.06525105723986,33.4064714991959,9.718664998908014,108.31924151747421,115.871951296161,119.09607803254156,119.31392647667585,2024,p99
At most primary school,19,148,56702,117.7229554791985,1509.615192879734,161.03823498289302,42.09694984303905,12.475750414447463,119.82698998953828,135.10717657771812,134.7299000866846,135.4912133143527,2024,p99
At most primary school,20,170,63956,137.58101362675555,1760.7980799299519,205.6029145037213,72.24092214439094,25.157660474909832,139.89783946087886,157.90162403259654,160.67272206609834,161.2978522270776,2024,p99
At most primary school,21,160,69924,105.95185070752295,1709.0706803100509,199.63943710314055,60.44508323322464,73.99438437923078,147.7896585775011,163.87089061007643,169.57025558138938,171.1472456921497,2024,p99
At most primary school,22,183,70294,141.05464780002833,1942.3777064898854,159.67588983412526,60.250213389478475,54.15730123955577,135.2774308615759,144.68297823560724,141.79838655513947,143.97944809720403,2024,p99
At most primary school,23,176,72656,127.80926553646053,1905.2896044373485,137.65277471922485,76.65525444101887,56.59454598840197,134.48774588659305,150.6028979207205,153.50599590493294,151.9779315863249,2024,p99
At most primary school,24,189,81847,122.30466056001283,2144.5566035814795,106.1102422813298,63.3815126598002,167.22258197205355,146.89733257337627,151.38407552659223,152.83908411649972,179.71626079906122,2024,p99
At most primary school,25,182,74590,115.32743981316669,2145.9402455646423,117.65055637484917,100.77615408678554,131.95782276444564,198.94666853744593,201.82202806830222,206.18068273492892,209.88925104797755,2024,p99
At most primary school,26,175,71090,130.60486335636216,1888.8457530360577,93.01132367421579,45.69713860364796,128.56191681905565,182.2204623683637,189.49094200984416,189.8785222154951,198.4745130151595,2024,p99
At most primary school,27,193,75783,144.15717384659652,1884.204561049312,104.72803927002099,44.4829205318695,87.02980879616801,138.3934556867737,143.2845809029294,143.9755344748915,144.633329345987,2024,p99
At most primary school,28,169,66584,128.2758476858852,1698.9157905803197,124.10290760543073,66.45596414554048,43.308842965276945,131.86650793586304,150.88972074354987,151.0248142425571,156.3143655512685,2024,p99
At most primary school,29,180,68424,135.08117362624324,2037.5005042090495,146.58090728399392,102.23961987022098,43.66292041778713,145.46727815712558,153.35564614363162,157.4963151160667,159.04698326297463,2024,p99
At most primary school,30,232,90241,178.36276002124993,1963.9924101387767,141.39182854799924,50.340731116307076,219.51905083794136,127.77171215668488,133.21605540900356,133.37464529370155,158.16583082801483,2024,p99
At most primary school,31,178,69316,136.61910523802484,1966.4824018504626,87.9585521380345,94.25197886009964,159.4766480081559,141.33389983086647,152.2641626434386,155.61700854460793,166.43166419138757,2024,p99
At most primary school,32,209,78046,157.03475582054435,2287.5004142855923,107.89439561284371,87.35090523537401,206.6819567947108,168.9965584835779,183.56713005399115,183.46244721585686,205.2546032175507,2024,p99
At most primary school,33,231,93538,175.3309096747447,1935.4708906184294,63.69748123757189,91.11044441831127,121.17374756783339,162.49233935209676,164.47131101116497,164.58356368786602,169.4197782639132,2024,p99
At most primary school,34,241,91786,187.68876930201236,2154.058487496278,67.54668467958076,122.26049815149733,47.682834709723345,118.86018827360414,122.08439551754654,134.82318336010397,137.1797216933721,2024,p99
At most primary school,35,194,73690,153.6139453280588,2323.4286312027866,123.30255122811779,89.81770479938481,46.411996200298546,144.38395445707158,151.6160535882575,152.37256980668985,159.0446099866332,2024,p99
At most primary school,36,204,74505,149.07433576528015,2353.6528532760667,119.50141601234816,111.11571930295506,87.35306355278169,187.3664382382337,193.8065346462314,198.68887632079515,203.56872738791532,2024,p99
At most primary school,37,192,72635,145.75323010054979,1999.662130286134,111.5190335237833,107.15287166425736,56.70980473141965,141.4394265852364,149.10324014872884,155.1885819977557,157.54227383586695,2024,p99
At most primary school,38,224,86770,145.31001386393137,2162.651442510852,59.03808920133687,145.4650993046752,81.02247320502478,148.62545586361117,152.19073212474217,157.51325697201315,162.6414718687744,2024,p99
At most primary school,39,233,82308,179.69628859344309,2167.2086552947467,77.44860766875638,130.65289319790705,99.28892290745331,133.6313402216181,138.8074744509895,138.2296171204955,146.44930412043817,2024,p99
At most primary school,40,289,105272,214.91112670955297,1966.0217713795373,52.74393950908124,81.78477341236669,116.90438419839401,121.38652542666073,122.5750547037993,124.0964064048994,133.19030615805315,2024,p99
At most primary school,41,196,72894,148.81517845940132,2222.0567170594745,61.97979257552062,57.58804451212263,105.4215710483716,185.67286902211842,186.32343206873568,185.96678698665733,188.46417048521735,2024,p99
At most primary school,42,242,92851,187.25870508446877,2042.240726181373,127.88854185738441,146.01374334507258,68.83878471960453,120.47650563321383,127.0503458608522,130.34089561594206,132.69035485207152,2024,p99
At most primary school,43,218,79925,162.67102183056943,2132.750281513919,48.70539881138568,139.29480763215514,164.19002815139194,142.6840170623031,144.89619871624086,151.38688911055624,161.26266190707693,2024,p99
At most primary school,44,207,70463,162.50483277517483,2300.575604690878,105.95745284759377,89.78896252879763,133.99585598115323,162.40403607697166,167.88279543051533,171.4268715064697,174.39774245724274,2024,p99
At most primary school,45,237,80612,174.62931499341045,1968.3128339039679,57.484121470748775,130.26607390959163,90.08150151342232,136.2535166972385,140.2301519116956,141.21583328129765,152.09338341963897,2024,p99
At most primary school,46,242,83151,180.97852215109137,2488.0425671368957,39.0397469663624,154.52705519677053,248.9786973898891,197.61047489416785,198.51841156360504,214.85041161343597,245.96531264170815,2024,p99
At most primary school,47,198,67076,154.2746426801604,2262.774349245632,56.47414872681734,95.51014272367662,47.76562406822112,157.05790923974624,160.6751326871719,167.12040413791863,170.91405397809064,2024,p99
At most primary school,48,216,76805,169.36264193073953,2204.5187748193475,62.15400039059957,124.5825087342404,126.10078336913828,139.60897770846637,144.23167697632312,148.49451392978605,157.61343624453653,2024,p99
At most primary school,49,193,69838,138.78409192505794,2345.722130740666,35.62576247887969,180.24450633370563,94.02751128802848,204.1772800609142,205.70668502357327,216.22106272492883,217.80942862399303,2024,p99
At most primary school,50,237,79517,193.43560692774415,2534.0014881513807,35.45272080184112,121.64608930585075,157.66054219013964,188.37063768426427,189.38499728528046,196.75536012992544,207.42812207454725,2024,p99
At most primary school,51,169,61519,129.73137470502604,2446.0656490948595,51.62177538646597,116.27676002535802,59.97794719246629,227.40310344264776,227.48147617880988,233.71138331268648,236.78074278238827,2024,p99
At most primary school,52,219,83029,164.1512406669215,2010.098416416754,42.21777933011357,126.27312043583164,123.26677024493449,155.53514412417627,157.73154219613664,170.36032426054007,174.4107343057668,2024,p99
At most primary school,53,187,63554,143.39026029498888,2209.2058197228603,49.42793529911571,202.415733077383,59.41493323263157,208.39624933945623,211.0919466577004,220.4584884366982,241.61198302377986,2024,p99
At most primary school,54,178,59294,139.80724773679714,2232.7870526528823,36.348298310115695,161.90631991994695,277.41705175340957,345.60349547547713,346.0247824457888,351.96651581471974,388.9049041733011,2024,p99
At most primary school,55,165,62866,121.07148170908415,2291.5077704959754,41.32058664460917,154.89040976044285,127.0533833868864,187.630015510622,189.20351532871155,194.22292459318084,210.01935584195078,2024,p99
At most primary school,56,183,63765,140.4963221770995,1823.80993230351,36.02273974751039,138.0883582947803,35.39141117122769,139.9607924128304,141.5159468904162,153.14463510021395,153.397611759401,2024,p99
At most primary school,57,157,53042,115.00171734905138,2256.2067983861843,30.602993853927078,133.85862461194273,136.66905471136081,179.58359546080308,180.3962741421645,185.35740747029993,193.12944968587004,2024,p99
At most primary school,58,157,56255,121.68478863347094,1929.843939797944,75.26122122478002,151.3968328741149,51.135010221313664,157.04974188997156,160.79912674185906,166.64061225089736,167.50239872964227,2024,p99
At most primary school,59,133,52884,74.76415250348342,2090.2365176612966,19.620679222449134,281.2277658018808,187.09706779618284,201.55185388075438,203.03113330131143,231.48344588217915,240.87959694818448,2024,p99
At most primary school,60,166,57204,123.43386278073463,1940.0690307204623,28.630025872316622,219.94300806470412,109.24705148824091,161.20210228048242,163.03144038865887,173.0150597103194,178.44084852524455,2024,p99
Secondary school or above,15,176,59730,116.18762883012235,790.7807146046097,58.01402980077013,31.71048189073051,9.047379876109158,95.55837839047638,105.70296668060813,107.59750588434336,108.40824811346498,2024,p99
Secondary school or above,16,239,81438,173.35334704341636,939.5269775780348,97.8028684397947,55.49269587498056,33.938169732393554,85.6619237439925,94.14290443860246,96.76373297109849,100.43019977059467,2024,p99
Secondary school or above,17,252,81791,184.41976236371383,1134.012140700077,97.67553887347019,153.3918819511519,17.260375020886567,87.88544825987715,95.40156232103355,125.70227235616906,125.76514193501347,2024,p99
Secondary school or above,18,316,103961,248.44220389796655,1641.3775518383495,130.34260924769865,83.65897548119005,20.682291115578597,92.65134843569594,97.45841468355964,102.63080836032412,103.84943450107873,2024,p99
Secondary school or above,19,346,113046,252.19710167282045,2422.4207999398477,149.37466164216337,128.3286965777943,26.41718120647052,131.0170012697976,138.2544005883146,143.85934075283774,144.84545599319068,2024,p99
Secondary school or above,20,384,120586,296.97287460839607,2533.2573267211783,143.03752508583085,155.73348619795556,57.90390260892641,103.06193760512254,108.85865516343232,118.96929344774134,120.92454519049016,2024,p99
Secondary school or above,21,362,113377,268.3034981318507,3016.2554332007376,133.0885452957831,120.30988795493501,125.5604752286619,128.39490385294624,135.06492820321034,137.08631685947583,145.29757929006993,2024,p99
Secondary school or above,22,413,127682,308.2618865150594,2906.5342948366515,211.6891652699676,172.15683233867475,61.57890436135608,122.32180517607105,135.40488011476944,143.2135703187146,145.70852821716744,2024,p99
Secondary school or above,23,408,124684,285.582889855432,3339.5318304674215,102.52009880979115,85.91574166158716,138.38551859099803,160.42449749623867,163.20773168821765,166.2580529640167,170.17302535456056,2024,p99
Secondary school or above,24,475,155627,358.32614263475824,3123.4403252648963,109.12656544172927,120.62941092055577,95.9547379310788,123.98363239827228,128.515162953122,134.13091518673664,138.48326196606675,2024,p99
Secondary school or above,25,428,137962,300.34175271139765,3365.06908544865,122.48058885780142,132.92090394456446,92.99781823980517,131.73725412054418,136.36982368347086,143.94645568362785,147.8904471358779,2024,p99
Secondary school or above,26,373,114033,288.20565037573715,3728.388994121585,122.57558776845299,155.09674830969982,91.71859900204326,147.06843152038294,151.1050768680708,164.23222245042965,169.81454478011577,2024,p99
Secondary school or above,27,386,124293,296.10977919290735,3545.2488816747523,120.68876766994119,128.22689129717682,144.27707111422205,162.71876352142223,167.46077216688317,173.03883176420024,190.7362589155562,2024,p99
Secondary school or above,28,365,118504,267.6141687346143,3610.115638150048,130.92176635387835,189.51632082742634,138.20505355656067,153.50609810599138,161.06518136634094,170.46745857461414,179.2678925144563,2024,p99
Secondary school or above,29,352,104112,275.21376749737436,3713.4788577045233,158.38515252804672,195.27251261462015,287.0530518416065,175.77792101434017,180.69896041271446,182.98361366959773,187.43062528646874,2024,p99
Secondary school or above,30,412,128315,310.0613269211673,3785.4901784670537,161.19106106067102,351.9464326072556,194.19105066957619,174.56561457272392,185.0428736157219,225.08625996085667,246.76802113720237,2024,p99
Secondary school or above,31,305,96486,184.8790474092601,4199.400339600218,149.44844847957216,143.39774682337335,129.7925225766778,250.82562719844657,258.503900982053,264.72414907013416,267.4418770709466,2024,p99
Secondary school or above,32,370,111860,272.5760472570366,4108.551332022171,114.25714285714285,233.19805858513618,187.12022468561892,192.32773370469505,197.90780138244614,215.0315554594089,222.88526550554894,2024,p99
Secondary school or above,33,315,96255,244.8772498284344,4130.313438262948,55.32090800477897,173.07929371634376,86.71983793049712,260.9248836162823,264.03324047897445,272.93830829369375,278.36284631714017,2024,p99
Secondary school or above,34,321,100057,234.29730662562397,4165.493530354365,78.56171981970277,183.2328239570112,166.44979028620352,228.13243804214108,234.33993246354822,242.91595628084775,248.50585702079272,2024,p99
Secondary school or above,35,322,98794,247.08024921848985,4700.9220018422175,165.3816527319473,236.9490513931345,95.74788617392419,254.11085936071703,275.1099402790413,281.52432227599377,285.7686773783951,2024,p99
Secondary school or above,36,329,98495,241.25387873838486,4596.530152968848,83.29757855728717,161.2616968712456,82.86055129702015,232.45358495047418,235.66617056863433,240.70633366509898,242.48997934998036,2024,p99
Secondary school or above,37,276,83152,203.52740854350282,4646.6677540327755,68.94085530113527,228.91694427073313,196.8513886216407,244.33602214320288,245.8557881017735,265.34953418016244,269.07124471070097,2024,p99
Secondary school or above,38,256,79180,202.46990146281473,4756.66712027448,56.369032583985856,199.7489370211333,282.8466784541551,252.14143129008428,253.7636949236981,263.68994828592787,290.944797737415,2024,p99
Secondary school or above,39,223,68538,164.4275766183443,5527.781576157266,76.27250576322623,211.62105328430943,92.31156438763898,328.7108643234396,328.9132252189084,342.7455683922152,353.03868074179263,2024,p99
Secondary school or above,40,293,83857,224.70177547405083,4936.5131543381385,79.41859355808101,203.03349750169932,156.85120304009604,313.1865198307846,315.40398176277023,322.53109301539143,327.2954228630334,2024,p99
Secondary school or above,41,223,63693,171.26363381414637,4702.261614306125,103.9894650903553,207.96633853013674,84.99665060001361,260.5743025505786,263.370969324048,273.08908689593903,276.5073066798486,2024,p99
Secondary school or above,42,207,62903,158.48024019317285,5571.7866847898085,141.21584026199068,343.1328129553969,83.14982327286987,370.520303759315,377.272771978635,394.04913363925994,401.16940544510135,2024,p99
Secondary school or above,43,220,65181,168.93250354510468,4791.617626302143,96.19155888986054,323.1784057726434,135.81237886296108,291.2600700959443,300.0906554185823,334.2811204000767,340.1107149619778,2024,p99
Secondary school or above,44,190,54930,140.19113410647336,5189.146853571212,44.32687056253413,333.75259421081375,100.80708780872625,373.82179752260123,376.66917592951984,409.47835144274524,418.76782921785593,2024,p99
Secondary school or above,45,195,58122,106.95707414855546,4886.703305116824,76.72738377894773,168.99725290480944,74.17498250805775,370.3595659266105,375.7572179771881,380.85783115205646,384.2888829489645,2024,p99
Secondary school or above,46,157,49751,120.13200556114113,5655.175381734371,130.1212035938976,356.4697192016241,292.39750624778065,606.9810649336042,629.5908664187326,644.3516734073373,653.8868183626188,2024,p99
Secondary school or above,47,151,41715,123.33207613337409,5202.756610332015,88.24020136641496,400.44588277597984,57.10575732150705,393.1348350031428,396.8567697320383,437.9017918979422,437.59383100592765,2024,p99
Secondary school or above,48,152,42691,120.17586820518979,5861.934714967245,62.84298798341571,251.58472121368283,31.911706604826936,468.05840712978556,470.13049483251166,491.93114745746425,491.8107986014155,2024,p99
Secondary school or above,49,135,39448,109.09782135925488,5059.304795764889,38.94742445751369,301.75037813492867,43.47275738524978,384.5679611297634,383.92682053926984,390.27397780824236,389.0571825386893,2024,p99
Secondary school or above,50,131,38946,103.81347874973,5354.7339435799995,77.73506906999435,388.273121758332,39.613687327752956,417.8889346996295,422.15322411266607,454.0294942583047,459.4290409481942,2024,p99
Secondary school or above,51,108,29098,84.15662772989286,5440.1857344147365,97.0396590830985,228.69613031823494,207.08181547414486,505.551036993575,513.8687194104874,519.401910922305,518.2266216222407,2024,p99
Secondary school or above,52,126,30085,106.89722217071555,4715.149337986815,64.82472993185974,274.5741233172677,238.13583734973133,351.98029311183967,365.63144653492674,367.6219870774005,397.65022251364076,2024,p99
Secondary school or above,53,96,22973,80.17816333894179,5394.939058895225,83.90406128933967,466.63785748487356,54.334102352036446,465.7022349956236,467.51884827069824,528.6309726241391,531.0536622753673,2024,p99
Secondary school or above,54,94,24232,74.2470938561741,4717.851319192253,52.2053482997689,490.62053620556844,71.91936282601519,440.72541899878786,440.84379028577206,443.8377760148721,449.8093072230848,2024,p99
Secondary school or above,55,92,23222,74.07577673197012,4445.721661212069,31.827146671260014,196.30910343639653,267.91479344299944,443.78189481773546,442.4121554099061,453.9736476070477,473.53465516898945,2024,p99
Secondary school or above,56,88,24681,66.81481026085615,5174.54250908256,45.813945950326165,300.72424131923344,100.63825074618802,606.604390674008,606.5522427759752,629.814928235053,626.9334550718012,2024,p99
Secondary school or above,57,64,18179,48.883119605179175,5077.710238003558,42.90103966114748,847.6548031611566,121.44107670022187,573.9992117825433,584.7188746434623,655.3688980960059,646.4326259804997,2024,p99
Secondary school or above,58,80,18650,67.31007035169655,5392.28435210009,24.600804289544236,413.3270777479893,285.3319034852547,737.3002846010651,737.2693887368442,744.0799566946177,754.2232717912215,2024,p99
Secondary school or above,59,64,15848,53.38928443733794,4926.9667465926295,30.495961635537608,497.9671988053172,24.933535251556453,620.9048866820373,623.624286824525,642.5978415104743,644.1389072474332,2024,p99
Secondary school or above,60,86,20609,72.05385392232355,4300.438069128375,108.93386384589257,613.5181393242435,97.71103239684928,477.7063830804767,496.59643421342645,528.575404055789,542.7946067967949,2024,p99
At most primary school,15,188,77080,151.2909134642636,746.740295796575,80.77204203425013,36.25186710776682,21.769590036325894,72.89235465322808,83.30335779891718,83.56687796282486,85.28199504891293,2024,p90
At most primary school,16,205,85125,162.92659272612718,1129.282782183064,97.74815859030836,28.20937934410181,6.297405775819873,82.28092739780864,88.4706679880359,90.66792931229973,91.06339238128767,2024,p90
At most primary school,17,174,67998,138.54238615664408,1297.9161642009078,102.34639254095708,42.08502455954587,16.117748561232194,89.74740578121836,96.34468313467102,99.79016223506848,101.15470300849607,2024,p90
At most primary school,18,166,65741,131.93424218889731,1358.9421112142093,101.19751753091678,34.12550767405424,9.927848171866364,109.70049106624903,117.47014644087133,120.78478042736164,121.00551355609953,2024,p90
At most primary school,19,145,55492,115.3901780666927,1436.921850597083,134.73635839400274,42.48626678920685,12.74778346428314,112.52036560616857,122.17063750923393,121.84973000949167,122.81612036035948,2024,p90
At most primary school,20,167,62724,134.95016643841683,1730.6406160321408,191.6481729481538,73.65984976510852,25.65179729183938,140.42695328976723,156.42260079726756,159.47910322549757,160.18457818304353,2024,p90
At most primary school,21,155,68450,102.55909249326244,1673.6859252495738,202.06848794740688,61.74670562454346,75.58777696615535,143.9161857200444,161.68135121606392,167.88782169877607,169.70406038759572,2024,p90
At most primary school,22,176,68431,136.14900189660128,1861.0300667825986,136.74003010331575,59.084749601788666,55.631706877487304,123.38102715837894,129.6004288074467,126.2827189590916,129.2170234495486,2024,p90
At most primary school,23,168,70363,122.16257673018352,1829.8980287935422,131.0212753862115,75.75663582659448,56.46338748110987,132.91089456213678,149.11002820335403,152.1690930926056,150.53399336476542,2024,p90
At most primary school,24,181,80132,118.05708604428901,2095.712324664304,108.38123346478311,64.73801560758083,162.01600692191218,142.65524689029522,147.83579280440188,149.58179222440265,177.4742808947396,2024,p90
At most primary school,25,180,73806,113.79702915382062,2022.8664731412982,118.9002926591334,101.8466430010207,133.35953716500015,162.61289001396946,166.97753369384745,172.98017984061644,178.287943221285,2024,p90
At most primary school,26,167,68424,124.56781019936304,1756.0841651564754,83.34641353910908,46.72497344986165,131.41587746989362,134.8356873794801,141.29090909318163,142.2158566823757,153.3316860338694,2024,p90
At most primary school,27,190,75101,142.19005134553726,1871.9614152940705,105.67908549819576,44.88687456447539,87.8201355507916,138.05406428025253,143.12981402015208,143.8619876330946,144.58064604609746,2024,p90
At most primary school,28,166,64854,126.2144969999595,1698.1378326703057,127.4133900761711,67.9907266064288,44.46411940666729,133.20215815282197,152.82133094342254,152.9344601333678,158.37354303707073,2024,p90
At most primary school,29,174,66847,131.0125111730986,1938.917595404431,150.03892470866307,103.31718326925666,35.79205748450441,134.41510514333123,144.15030040087967,148.94228313479886,148.4987083020425,2024,p90
At most primary school,30,228,88837,176.13813227144735,1906.5552538169156,143.62641692087757,51.00462551264301,222.98837946651358,123.30131444757372,129.44992967559196,129.69521147287017,156.17435131436588,2024,p90
At most primary school,31,176,68833,135.21887487477295,1926.8885442544517,88.57575581479813,94.91334340602134,160.5956929573509,135.75340251348513,147.46583894354148,151.16612474097286,162.74342536945284,2024,p90
At most primary school,32,207,77539,155.65567589509314,2257.602720351479,107.60683011129883,87.92206180115812,208.03337675234397,166.72360781415443,181.59358082398242,181.5797534965919,204.08689582381115,2024,p90
At most primary school,33,221,90384,167.65150315410102,1729.7719858234495,65.92024030801912,94.01550145305954,124.6918702425208,110.86212895354822,114.6854477198012,115.85102407314818,124.2062690536783,2024,p90
At most primary school,34,236,89194,184.7958414876935,2101.4661374830894,69.50960826961455,117.40665011099401,49.06850983997429,117.7762789886306,121.33549809868703,133.32496958582914,135.92202668275056,2024,p90
At most primary school,35,190,72141,149.92475798265804,2242.8135988319173,125.950083863545,87.85318565956484,42.54769594728842,130.63599042977825,139.42996299365706,138.89946526012568,144.37508424642934,2024,p90
At most primary school,36,200,73429,146.01481707736662,2226.100212450122,121.25254327309374,112.7439658263992,88.63310136322161,155.64897185048844,164.2612370635021,170.7673870219083,177.04872348084075,2024,p90
At most primary school,37,187,71529,142.44653278940214,1943.0236990125215,113.10915852311649,108.80969723235796,57.58666648026208,131.42597159764472,140.26856508578174,147.251482219381,149.97014162036604,2024,p90
At most primary school,38,216,84860,140.3737316652273,2080.668591405452,60.366898420928585,148.70323670359022,82.8460994579307,135.2450666491541,139.6321707371158,146.32018939367904,152.44271874327947,2024,p90
At most primary school,39,230,81825,177.97881146594798,2145.4263366941645,77.48817598533455,131.42411650880945,99.87500967511967,132.77979672931139,138.05067654699113,137.57584531546047,146.03793529869628,2024,p90
At most primary school,40,284,104093,212.03607217946555,1958.1918628854328,53.34133899493722,82.32298681627647,118.22849118896885,121.57436703914027,122.80622329275994,124.40259982158825,133.72076377219906,2024,p90
At most primary school,41,187,70444,142.005465529209,2161.4504760282402,59.91503889614445,59.59092210360949,107.34673404879526,188.3764306961764,188.82225440263764,188.57873695394426,191.46494257234338,2024,p90
At most primary school,42,234,90677,181.55582836453348,1973.9409203362852,123.59053563748249,149.51445331598237,70.4892089504505,118.4209251649316,124.39463406214738,128.39788507335862,131.11867965151345,2024,p90
At most primary school,43,210,77351,156.74213410552025,2020.8106714845314,46.468112888004036,143.7721662723602,167.12675121631696,133.8029416397094,136.32844236667725,144.37862238710315,155.67684184189432,2024,p90
At most primary school,44,197,66449,154.92243600726047,2114.3518437699086,103.3902692290328,94.96079198583375,142.0901744194796,145.14616304910814,149.29852322709763,154.43759495260355,159.14030784190265,2024,p90
At most primary school,45,226,76994,165.48958875024692,1868.181340970292,60.18533911733382,134.17128282723328,70.80616671428943,129.38362398825365,134.2665639340725,136.08464633808038,141.38749992003255,2024,p90
At most primary school,46,221,76607,165.17384373530732,2039.478365771622,39.05757959455402,110.25064071603553,270.24720543379414,136.27579418231264,138.314681249643,138.2396525682153,194.31659756998258,2024,p90
At most primary school,47,188,64416,146.8752152464577,2139.7502781400067,53.06383507203179,95.631597739692,49.73806197218082,150.89685176049005,154.43092448592466,161.89265577288282,166.42646739657056,2024,p90
At most primary school,48,210,75217,165.14673722497702,2187.943569937647,62.63661140433678,127.21272562496954,128.76305445134298,140.17766750142852,144.83504261284216,149.35531213578577,158.90108586849595,2024,p90
At most primary school,49,177,64928,126.9092840148518,2065.4574631386563,34.53104977821587,167.4638509836537,93.05220141284704,185.6092144473414,187.86571814115064,199.08648690792245,200.7623192806192,2024,p90
At most primary school,50,219,73835,178.59491904746227,2239.4079546737094,25.80962957946773,123.53212681429314,165.7180650549649,141.40357610074125,141.77071568824078,153.03558456467823,169.69162025330093,2024,p90
At most primary school,51,157,58688,121.68872573976215,2178.671380861505,51.01417666303163,111.63179298436933,62.871171846601236,163.74486002070768,164.39256045648938,171.8641816966108,177.29777459091878,2024,p90
At most primary school,52,211,80788,159.85695010608308,1877.1106032661614,43.388869634104076,86.91780235513525,120.62661946493705,135.09009292394768,138.0142026860754,139.6330485813333,141.64258992396466,2024,p90
At most primary school,53,168,57976,129.7485077759937,1857.6664826824892,53.205516075617496,219.87209362494826,17.59446437606366,153.17741225981592,158.33691977693462,176.21279390308973,176.0062187267142,2024,p90
At most primary school,54,169,57291,133.5957340081679,1762.186407987293,37.55521809708331,163.4935097426588,248.57598342962535,123.62485221317799,125.94291217958182,144.43781126970603,169.6330070039367,2024,p90
At most primary school,55,144,56589,105.33326727352441,2071.046510805987,44.258778207778896,162.75820094600246,133.6273480711799,187.50780705827276,189.90039021888637,197.13751023365825,216.9332899289343,2024,p90
At most primary school,56,171,59376,132.85644231630172,1666.3026082367737,37.422359202371325,143.3119021153328,37.20386463666576,128.81610725783932,130.9967056312992,146.31651222825457,146.96440816747375,2024,p90
At most primary school,57,146,50314,107.1502411865862,2024.2756687999365,32.262272926024565,125.2271567887003,143.61609094884128,155.11303567514406,156.62615628408128,160.0268415541368,171.7866762750015,2024,p90
At most primary school,58,145,52577,111.56694444243769,1704.1171836861492,79.93457215132092,155.63070353957053,54.7121364855355,139.77874458999273,145.72561204731468,154.39083423757464,156.15901078476674,2024,p90
At most primary school,59,121,47396,68.93327291800804,1888.6718851098547,21.8925647733986,148.7264220609334,201.23955608068192,186.5201596741442,188.79634924735765,193.6080844003255,211.8254728234944,2024,p90
At most primary school,60,152,53769,113.6272980833766,1776.314322999002,25.52682772601313,203.90095594115567,101.61930356401147,145.61750985615237,147.70858531603352,158.1105028454146,164.19079840544748,2024,p90
Secondary school or above,15,166,56957,108.76090208155723,780.9413022104394,57.2350720719139,32.63976186713954,9.48785926225047,96.12265930096865,106.66298003385181,108.79638857362079,109.70245945680426,2024,p90
Secondary school or above,16,229,79336,166.66607254164796,920.6312981076267,98.5992487647474,56.742388911297105,34.837358408120735,86.0867364186029,95.03087423366402,97.85929702371844,101.761772969766,2024,p90
Secondary school or above,17,235,76943,171.78365406084734,1068.6819723691565,89.3399009656499,96.90066022900069,16.163047104133362,84.67162165494575,91.58605188035912,96.92279724082009,97.31093768276305,2024,p90
Secondary school or above,18,294,98834,232.04479522143762,1559.50147047912,134.3465609000951,80.91019200545021,20.72314857909896,89.9985182343471,95.8079126991736,100.81612701141472,102.353522635321,2024,p90
Secondary school or above,19,299,99503,215.7493301610871,2224.688562991401,149.28954905882236,122.49182604209588,21.608561215909738,117.39410558646725,124.2712995206739,132.1205098827448,132.62652466538717,2024,p90
Secondary school or above,20,322,103344,247.66549000628672,2359.0317265637095,143.41212842545286,130.7478082907571,45.193721938380556,108.08953733872963,113.79519258273515,117.9414090581346,118.37694386814543,2024,p90
Secondary school or above,21,297,96101,221.68460627924125,2731.1869812315517,126.94623365001405,122.97407154972373,129.14853470133852,121.44268444847366,128.27500987939754,131.37692547508865,143.05260278883813,2024,p90
Secondary school or above,22,343,108778,258.82162439399997,2556.903139881226,220.40650683042526,156.21883101362408,60.06714593024325,106.7903031714651,125.14181528904226,129.2785914651139,130.57920694506404,2024,p90
Secondary school or above,23,337,106697,233.04661100160166,2810.737347348098,114.99747884195432,93.75507277617928,139.89015623682016,121.19720344750318,127.7334558488097,134.7655439073202,138.19174031147367,2024,p90
Secondary school or above,24,392,132036,294.41948783336136,2728.0331689842164,108.40835075282499,91.30915684611269,91.90787361022751,112.43733517714317,118.86934258838023,119.4849099003671,122.88940255744401,2024,p90
Secondary school or above,25,334,113684,231.6297726581901,2943.03228979745,125.4926550789909,113.85372685103738,83.966887747323,125.47312356585539,131.19769055380854,135.41316457443887,138.64709374240064,2024,p90
Secondary school or above,26,300,94080,230.7304798501477,3319.243243339002,116.2202380952381,134.06800949546485,71.58213222789115,142.5251903382817,146.68794219403756,155.21823975853835,157.71253404579468,2024,p90
Secondary school or above,27,323,107741,247.98069909008413,2973.9246773899135,124.61838111768036,102.75364067532323,100.00541421866637,119.70084291984358,126.74392740263785,128.60098279111736,132.4580916358267,2024,p90
Secondary school or above,28,308,104449,227.0110752238062,3220.0333687573197,141.47170389376635,168.48151171065945,135.59872920436447,134.25381058663757,146.2806332003059,150.10480476933495,161.78833811291184,2024,p90
Secondary school or above,29,287,86282,223.05984528578517,3084.2316126190863,161.81538443707842,193.41543041035982,329.2923282569559,141.02571951853022,146.84627728803372,151.99310886878231,162.04787266895278,2024,p90
Secondary school or above,30,328,106030,244.27216033821026,3169.504594611588,149.05263604640197,244.67098148322802,204.03171429469649,141.52544330231137,154.20925728028593,171.46564480482132,211.9519928326286,2024,p90
Secondary school or above,31,240,77047,144.08504948244953,3260.36984351543,98.67617168741158,136.5665329820326,120.19429698755305,184.6441674236792,191.3419624488837,199.40693123256446,201.8601490343558,2024,p90
Secondary school or above,32,312,97269,230.66658240085687,3494.2922376776432,105.31501300517122,151.98618093465888,157.26115206283606,165.91584265413252,170.68082280972226,171.64344831623873,174.11614242571022,2024,p90
Secondary school or above,33,263,79378,204.6291954905151,3223.629994036971,47.398699891657635,190.4041096609472,79.59952799684213,171.9896912360911,174.6247549083954,194.23759453256056,201.55204457629398,2024,p90
Secondary school or above,34,257,80989,192.42576814830167,3231.644059687118,61.56922545036981,153.73972597101664,172.3503603370005,161.9125529228006,166.78559325544222,174.61343862370748,187.14682912218154,2024,p90
Secondary school or above,35,257,81685,197.61868061310952,3677.3482544734857,119.06892330293199,235.44269143661626,89.9187121258493,165.98373170692824,180.32330176930282,192.08553644317962,194.75716070367724,2024,p90
Secondary school or above,36,255,77909,192.43468252605754,3609.3897356745265,83.62820726745305,158.66304491992796,104.75490636511827,179.6861761464058,184.65759945207333,189.69213283265583,196.01375710409346,2024,p90
Secondary school or above,37,215,66521,156.0136186740933,3725.2036913155243,76.60287728687182,168.41761874696212,218.0394662337207,187.62797770821422,192.5643020343977,200.11586041234196,207.5839899931419,2024,p90
Secondary school or above,38,211,65281,167.0144871516569,3789.2782483928454,61.29624239824758,186.06977272611226,285.09137421301756,194.6245274099415,197.9044760526337,212.38734966410328,254.85686799317153,2024,p90
Secondary school or above,39,167,51090,122.2075755370987,4011.82108207738,98.09874730867098,149.8636474848307,43.52678280159196,229.02280463545748,233.9802310207904,238.63341271078022,239.3511859030538,2024,p90
Secondary school or above,40,232,67897,174.85973617132422,3864.017359628064,77.22432508063685,143.56486049948208,172.6480305953626,218.9933653603704,224.24115586220776,224.59754274362166,236.3975519279642,2024,p90
Secondary school or above,41,174,51299,133.62036093410606,3965.559794862798,107.95025244156807,139.57582019142674,83.35168976653216,232.58412456447954,237.8059039986218,242.28371990145016,249.16881125984577,2024,p90
Secondary school or above,42,157,48017,117.09370391969443,4021.639787297554,132.4580877605848,341.418490673442,53.65058208551138,240.56192926219447,246.26298621068506,266.5672126886693,267.8580815557564,2024,p90
Secondary school or above,43,165,51471,126.15626804922833,3969.137446329001,74.89774824658545,253.31772583914565,112.75384844540291,249.0788220282218,253.35688321004454,268.33048918338676,276.7089459357263,2024,p90
Secondary school or above,44,144,43185,104.50699912430042,3903.510030488981,37.81463471112655,212.39311489328855,99.19725213229901,241.95974208869487,244.01181036248354,246.4449858690578,252.9606464837585,2024,p90
Secondary school or above,45,148,41872,113.10006950122069,3917.356292192077,87.15487676729079,196.52293497643612,64.12905203158833,255.0457230931676,266.18160516325406,278.92855758828193,280.2750539815365,2024,p90
Secondary school or above,46,114,36116,87.62467270874626,3333.9521080222985,26.944013733525306,258.2440377302765,294.2776977886071,297.3030043533366,298.76862466393055,331.0637791683909,371.2583657904336,2024,p90
Secondary school or above,47,108,29628,92.40014551297112,3653.1137887583814,88.4227757526664,325.15019576076685,69.6694568201251,249.50813999551005,256.408342523403,324.9086065573006,326.19598614055,2024,p90
Secondary school or above,48,102,29611,80.45165764701575,4422.451141467698,72.55242984026206,169.02119707766258,26.678464084293,315.01117057049646,319.155626591804,342.92586678474044,342.00316199695004,2024,p90
Secondary school or above,49,100,29459,82.12262050435092,3813.183158514093,42.70946060626633,286.3295512407074,49.416703440940516,312.62730252893414,312.41258800763427,312.0228904314547,311.7627223348974,2024,p90
Secondary school or above,50,89,27106,72.63053008946363,4128.314801151037,83.75083007452224,479.3533412036695,19.45970141912,366.818362801089,371.42952214576076,420.323321543461,420.3540452752348,2024,p90
Secondary school or above,51,69,18205,52.29283889748019,3611.3518355763067,47.55067289206262,197.6367298361256,258.01519729012176,399.71405109642944,418.51124011380955,430.01455531880424,437.36372483749096,2024,p90
Secondary school or above,52,83,19466,72.47279266239215,3229.8038545840614,27.82287064625501,291.0628360560293,32.0944210418165,247.4976595853272,249.10048134242206,248.75932244270504,249.75462868156117,2024,p90
Secondary school or above,53,55,13986,45.01270382007455,3664.187127603794,73.89103389103389,200.45045045045046,56.95929262595929,372.8603610668802,379.5789840041163,372.3262783460642,370.2563176077387,2024,p90
Secondary school or above,54,67,17612,51.90219082407313,3568.6553202362024,32.91392232568703,487.51018245135896,94.22268907563026,315.8137697380682,318.9097369980338,330.5449745927635,353.54093246051553,2024,p90
Secondary school or above,55,60,15373,49.85588909434006,3181.357471974674,43.03584206075587,146.91060083696524,276.66254688956826,331.3565510269774,329.5340766042051,329.8884112638638,379.90561222799204,2024,p90
Secondary school or above,56,59,16530,43.18150426772318,3559.341641459972,57.30030248033878,323.0923573301069,93.94595684613834,358.3894712757286,359.8401136895941,377.04818569116077,364.9786249964066,2024,p90
Secondary school or above,57,42,11662,30.559788565704483,3682.1616718115815,25.887326359115075,974.3583147544732,189.30520779740468,457.1347735339411,457.6775167734289,514.2261936448549,501.08734776772206,2024,p90
Secondary school or above,58,52,12717,44.57765996770008,3257.348889937354,24.449162538334512,449.24510497758905,189.70197373594402,417.81604351091227,416.66993249398797,473.22741679987973,484.59210596324044,2024,p90
Secondary school or above,59,36,8812,28.59273311603478,3225.2748051898925,37.38084430322288,560.5996557724316,22.807535179300952,543.9468126497868,543.4365885349522,640.3057104646109,639.944593696829,2024,p90
Secondary school or above,60,51,12295,42.9886669440306,2696.5016741222717,35.11980479869866,667.7215941439609,156.5251457231937,368.4516780205234,374.284833297566,422.81499762738343,484.84423279365006,2024,p90
At most primary school,15,120,51972,99.52546902368834,571.55531504143255,58.677345493727394,26.008286513250727,22.235049642114983,62.65390339880899,71.9709848265135,72.00869512751385,75.4251586038533,2024,p50
At most primary school,16,122,53586,102.91021944646815,830.983322758432,87.43543089612959,17.04702254320158,10.003856728747557,75.75797810409294,84.29136336368514,84.10971818653798,85.54684760147461,2024,p50
At most primary school,17,98,42278,79.18590760253774,1025.1860305596292,119.91674156771843,32.551563460901654,20.159610199157953,92.39106881929511,106.54309786856437,111.29765287389826,114.9552966302603,2024,p50
At most primary school,18,101,43950,81.78530969053895,998.6754645430412,77.49877133105802,27.904417899127793,5.894577171027683,104.7357090836261,111.30485341124655,115.30934585487896,115.50011256239975,2024,p50
At most primary school,19,82,31774,68.32986012503657,1038.440339061287,157.73777302196766,49.5260800234993,9.934747487463545,112.60606265446684,137.51157797335654,135.30692031567756,136.06610908504646,2024,p50
At most primary school,20,85,36720,68.93963137735551,1003.0762708787217,209.06072984749454,79.59766476034858,24.300108932461875,116.15494176108383,165.95296692745444,174.69914197302452,174.05401475432524,2024,p50
At most primary school,21,79,38740,49.70015734760043,1052.5990363104456,169.73355704697985,39.43903803131991,56.72431595250387,115.21066339327876,153.4384198152843,151.40699403430816,150.57657126987883,2024,p50
At most primary school,22,76,33127,60.13599443508208,1268.0291001298035,158.88948591783137,94.20892826596632,111.63904569283868,154.7326099429652,175.36734706659558,169.3662297860449,183.76245298063654,2024,p50
At most primary school,23,84,40398,60.30332023311394,1206.4285236892915,57.22622407049854,50.358082908394806,71.77789329504762,125.90639980231774,139.9479430804265,145.40746470193756,148.14535624181158,2024,p50
At most primary school,24,77,40557,48.63213472323605,1414.5660428532683,100.01824592548759,63.38527668877546,276.56877974209135,158.14170038410404,169.96479280457635,174.6136268850934,279.1435062840816,2024,p50
At most primary school,25,103,44318,61.16919550671312,1362.7826146637183,134.7267475969132,87.97538998450592,111.93608315658047,141.6482434129203,158.01474119113655,165.81278194775052,168.1642669989569,2024,p50
At most primary school,26,90,39630,71.66297264624036,1385.9576751619143,76.94688367398436,46.93592816889562,108.95617797964505,129.07334067694762,132.0253925115709,135.33193233051216,138.39330263827688,2024,p50
At most primary school,27,108,46656,89.1687712109355,1304.7680719878829,103.84420010288066,49.39888045839049,133.64297553726567,113.11780861193789,124.40078878420758,126.18607923415216,131.76886043664751,2024,p50
At most primary school,28,90,40261,69.18908526668807,1203.238825000207,65.30339534537146,83.67175016351639,33.31230388382471,122.46634200620066,129.8708768388712,129.15186284935692,130.41002340226936,2024,p50
At most primary school,29,99,42065,76.97509158350513,1362.1667894924522,129.8083917746345,137.53537184516028,49.77911169222235,110.49325734690372,124.39282294505912,142.658389529391,143.49674819115543,2024,p50
At most primary school,30,127,51480,105.11164434361503,1246.5334757834758,120.54312354312354,58.176492488992494,277.05306915306915,95.76619448664142,110.81959945525887,111.60149992464797,172.5497994799173,2024,p50
At most primary school,31,114,46590,93.11689077177485,1406.0278994061673,57.24254131787937,107.40152035486871,214.49381126135793,116.89866712629454,121.81569242272289,123.04857864967128,154.0817467338945,2024,p50
At most primary school,32,125,47171,98.29329849715415,1447.6253029756986,75.79648512857476,112.01703200412683,145.84172478853532,112.38692948913467,122.29242921080694,125.80787884070654,130.77345023055915,2024,p50
At most primary school,33,147,62085,111.37723436190468,1452.5517623687956,64.95957155512603,88.55424015462673,101.07352822743013,104.79782209323194,108.71714700196529,108.64228637682946,108.31620935406114,2024,p50
At most primary school,34,141,53917,116.6809464190295,1600.3227924402322,35.73251479125322,100.72433864396511,50.55115578883592,102.06171465556056,104.84371209907458,106.4261450302566,110.51946327060432,2024,p50
At most primary school,35,120,46005,97.80663722414853,1682.6715755533817,190.085642864906,121.03929826468138,48.67804224178531,119.30616789085667,147.8253182672615,149.68913297323198,155.05908173106374,2024,p50
At most primary school,36,116,42367,89.68905178713523,1556.3678413230423,82.98446904430335,81.5263451900457,88.5116560845312,118.14200980977392,135.48278679197156,138.97056586597492,145.03668751213945,2024,p50
At most primary school,37,111,46168,85.21216823577085,1385.9372870097613,119.88314416912146,112.51135346271589,42.14174319875238,129.21007060061265,152.73579296824698,168.21641893462157,168.05093019288861,2024,p50
At most primary school,38,122,50124,95.93599438897768,1353.0673429893864,62.153758678477374,80.86558667837097,58.43281993988242,108.08405550142089,117.04638129749172,116.37853954835036,121.27633127812753,2024,p50
At most primary school,39,134,48827,106.20915422472437,1515.626405472382,50.04403301452066,142.9395962616312,117.25786962131608,115.74458214960376,122.77995035444913,121.02154914643974,137.27662255568734,2024,p50
At most primary school,40,158,65983,118.7627882480889,1416.7412730046628,48.50340239152509,88.66876064036695,131.82170660119525,96.09117945076504,99.57003776195211,101.86666291774273,133.7978119745294,2024,p50
At most primary school,41,105,42230,83.91584064726004,1501.3689083589866,61.04747809614018,57.915137343121,61.22582682137501,141.23568496625248,144.66275867229356,144.89417556040866,148.18183678688874,2024,p50
At most primary school,42,121,52219,98.44954027017641,1424.8248242976695,92.28248338727283,203.50032236031586,95.29896525530299,99.59996508725993,106.05658517816835,120.94865047422003,132.15414958846046,2024,p50
At most primary school,43,110,44751,85.50611620135727,1406.8416553075162,26.758284731067462,133.82788466551958,122.59107803922444,120.22346516091461,122.28008177532323,133.79908936791497,138.81834002101422,2024,p50
At most primary school,44,89,32861,71.60373913912417,1396.8298286722863,154.57137640363956,79.69936500207947,42.719840134708825,125.57199144912302,149.49459620056484,148.3032515276356,148.97016610650832,2024,p50
At most primary school,45,97,37820,73.11767604008806,1189.9115547329454,38.36065573770492,107.32044332804512,136.61158117398202,112.43302719795787,117.739352834784,130.53091432794682,162.28722379928467,2024,p50
At most primary school,46,106,39861,83.39607615756653,1375.9921142637331,48.624971776924816,153.9656974653588,184.50197770586118,127.75183541441531,132.91307963799565,137.121100858803,170.24384469507118,2024,p50
At most primary school,47,78,30059,64.13655104211024,1173.2396619980705,2.5310223227652284,77.25839182940217,12.33463078168491,114.99714663325503,115.10865854633435,121.95541373142363,122.25837800185892,2024,p50
At most primary school,48,89,33603,73.58276573342883,1257.1301074308842,39.90119929768176,156.63194754436608,113.34672499479213,123.2214791973539,125.7092140153779,139.2000443000507,154.0143087950925,2024,p50
At most primary school,49,84,36662,60.633791636998666,1241.4804384194354,19.019693415525612,78.55500927390759,98.67192188096666,126.91394633554908,128.88523386590015,138.39304662386942,146.08328588310795,2024,p50
At most primary school,50,97,34703,78.02545792485664,1206.9503597191406,20.937210039477854,100.71937824779799,307.7666676271984,101.77222085931966,101.35350593929707,101.0107105463453,205.63146971115341,2024,p50
At most primary school,51,68,28216,54.48195683831339,1306.0077142992154,45.0956903884321,168.16572748322466,71.35431433701918,160.9052359875231,163.77812300580277,205.37820542115347,224.59961236666362,2024,p50
At most primary school,52,82,32387,66.97127058418658,1058.3791644795751,14.144872942847439,76.48738691450274,230.16333714144565,106.1698565607821,108.02890045747246,108.56809858946956,136.85846114375056,2024,p50
At most primary school,53,66,28523,52.80430872639604,1077.1136626582056,43.08761350489079,280.3183395855976,10.783695029742079,129.50386117879574,134.7626561456861,215.48136948207735,215.96533239615994,2024,p50
At most primary school,54,77,30756,63.99716064774685,1175.717919538735,25.69436857848875,118.90547101920492,314.76351497810725,116.61565752786929,117.56993974070411,132.25492726910153,214.92818815113355,2024,p50
At most primary school,55,58,26976,43.0839925945968,1050.5552713523132,30.755486358244365,177.96655669236853,92.29562079873467,106.41628636877621,113.1054897589138,163.58301797519607,170.98505289233444,2024,p50
At most primary school,56,77,27311,56.88883391541069,1129.9046904177803,51.45692211929259,85.10978482418562,25.804010594021946,113.12779578809752,123.76336510406138,128.1158100910692,131.85485331947538,2024,p50
At most primary school,57,58,21827,45.00086749037321,1374.3815916067256,31.231960415998532,114.06289610726776,161.48882882057393,135.93751931461054,139.54916702840853,147.64845007603526,194.70000840397023,2024,p50
At most primary school,58,54,21046,41.58962827613987,884.0635750261332,38.09274921600304,116.69775729354747,111.11533466375242,130.6458397173586,136.1314246134479,137.99193310203967,164.30872009693536,2024,p50
At most primary school,59,56,24159,27.68485981741075,1364.3666128564923,19.31412724036591,158.69017067483477,339.89265560108726,206.59553111142444,207.197803791572,229.5106483668461,315.1439085843366,2024,p50
At most primary school,60,61,23318,49.14132675379137,1013.2850730480029,24.074963547474056,202.81174057237615,61.474683363353066,124.94097615172187,131.26518002086965,170.06769804226712,169.78243362798034,2024,p50
Secondary school or above,15,70,25518,43.462629197815176,475.90716357081277,36.92585625832746,35.51128941662095,0,104.21659324004496,112.92003730474669,114.74198277572523,114.74198277572523,2024,p50
Secondary school or above,16,86,31665,64.245703661799,398.93071214274437,46.61108479393652,27.39134954471288,19.59176798778883,71.01822987640193,83.71764380026535,86.9713453214267,89.96640543874615,2024,p50
Secondary school or above,17,77,27033,59.75621622536563,519.6663953932847,49.34672437391337,169.3362433568848,9.432915325713017,85.32565766761874,92.01402215136106,142.99718795649406,143.8023591252888,2024,p50
Secondary school or above,18,103,38569,83.1143225519086,975.4582717553822,115.2784101221188,40.875951757456335,30.902667945759546,105.10398834513411,122.98303671101533,122.5170829374447,129.9725203726593,2024,p50
Secondary school or above,19,77,30458,56.29174530729067,1177.6511370849475,111.90212751986341,63.70575874975376,31.00827368835774,125.5163179472005,141.67944766129645,143.4791486650318,143.6135760773969,2024,p50
Secondary school or above,20,84,29872,65.70371784087669,1190.8344268880558,131.92119710765934,145.55302624531333,57.20072308516336,130.2513738172558,146.41814564520078,165.55568485010204,165.95943721970517,2024,p50
Secondary school or above,21,52,19768,37.80822091697076,1458.1306994469176,87.36948603804127,180.09057146229597,206.53918791312557,180.52887426636144,198.13069253827663,203.2781709915016,227.8197121960627,2024,p50
Secondary school or above,22,70,27097,54.77352765366089,1186.2128279883382,97.96198841200133,341.43670578538826,61.219569202002674,111.43486808270812,124.1587957635501,206.6756881658873,215.07129851044866,2024,p50
Secondary school or above,23,81,29829,62.52559143995203,1503.3251868986556,55.61886084012203,63.12676701643814,119.71850659872385,120.04581315438907,123.4153871095169,126.07694104609837,130.8804174446443,2024,p50
Secondary school or above,24,87,33100,69.72035114401805,1542.6617472306143,55.11419939577039,160.4083836858006,43.84652567975831,147.60314037149973,150.53861343014074,163.84237219147494,165.73014932877595,2024,p50
Secondary school or above,25,75,28545,57.8187163533927,1540.6554446196064,49.22683482221054,137.05797863023295,67.12442342500147,175.34876053816376,179.8627583349464,185.44759781693628,190.34227247420776,2024,p50
Secondary school or above,26,59,21527,47.80883233957649,1872.6848376457472,106.15575788544618,72.04537712330252,145.30666914417554,193.35818352419128,201.93794881657163,201.60511940553377,223.9360077764129,2024,p50
Secondary school or above,27,78,27969,60.33476000105203,1619.6167065918219,54.52787014194286,96.43563707437997,150.01906873085676,130.71857210804993,135.9837482997277,133.98639652830562,166.53353527355503,2024,p50
Secondary school or above,28,87,31038,71.0412302164958,1870.0912591017463,106.64636896707262,161.71473945915758,89.57680907274953,139.89763000058252,150.681800947848,154.93309397020738,157.24973992796683,2024,p50
Secondary school or above,29,69,25564,54.12770471591237,1589.8323879935324,263.55851979345954,242.4468719031972,724.8800396390758,163.55887363765964,218.91324921978392,224.1986052254034,294.1731552324718,2024,p50
Secondary school or above,30,74,32146,56.39357971325953,1487.8932059976357,67.62023268835937,127.36921649142455,214.7060080051432,159.17658519565154,169.56278321332078,169.15088094182417,235.2031475154363,2024,p50
Secondary school or above,31,57,19371,44.12826333791783,1634.6451912652935,92.37623251251871,113.69659112418907,210.64408996265894,195.93531802749936,207.84761111447395,210.21200612594944,230.03298467746524,2024,p50
Secondary school or above,32,74,25742,58.68660819945052,1603.133420091679,64.97746872814855,220.01533162406446,154.45316344236397,169.22633348062246,176.05131166385675,184.150137304646,181.49217252184715,2024,p50
Secondary school or above,33,78,26381,61.46117582643214,1848.9482582161404,46.35112391493878,213.30771514852862,107.32805175441922,155.1954343330999,159.47732936752507,174.50839138133944,188.73075775634638,2024,p50
Secondary school or above,34,69,24710,55.316892693305235,1664.4371374612167,54.945366248482394,152.44374747065964,184.0516659921759,164.57734359065367,185.31245174200973,200.62828355736906,210.2260720151413,2024,p50
Secondary school or above,35,60,20721,45.36844503865924,1722.3948329392083,4.879108151151006,86.10582259543459,115.56403326737771,191.43943068913634,191.8180544751959,186.87428119965233,190.88595908022694,2024,p50
Secondary school or above,36,77,24890,59.03441405652937,1680.7754519887505,57.33788670148654,177.18796035891253,57.077809026382745,162.1257958365162,171.36060056337163,189.4667232067169,206.60687593131144,2024,p50
Secondary school or above,37,48,16844,36.08165034312627,2063.4182102430145,79.19852766563761,307.51726628670946,701.3789282039104,222.53769137893838,232.22551459674432,278.43209642800247,420.7007994220531,2024,p50
Secondary school or above,38,39,13170,30.81119306954261,1502.4061503416856,56.50113895216401,103.87987218425715,145.292331055429,202.92299916019445,206.2305649284277,205.8127678090116,247.72247880571337,2024,p50
Secondary school or above,39,39,12373,30.973673482146417,1829.3688946361701,16.993453487432312,248.77700773188934,65.2118860960694,283.21042040094073,283.09766130906377,343.9934791366077,341.48985015883653,2024,p50
Secondary school or above,40,54,16141,44.15609736338157,1788.0498936455815,18.334675670652377,200.21632282179954,212.4888999029387,199.1879304359648,201.8241923210184,213.56900802319117,382.3357454674494,2024,p50
Secondary school or above,41,34,10723,27.08595641332782,1868.7630171904627,117.82337032546862,223.51487456868415,65.73720041033293,249.07833550157886,277.935331155438,308.78055799699206,303.44222171777034,2024,p50
Secondary school or above,42,28,9140,22.974032124197873,1605.4230123997083,17.396061269146607,431.1542669584245,37.00765864332604,241.6864847024837,245.05610396743512,294.7323008189034,291.54522545960026,2024,p50
Secondary school or above,43,32,11110,26.426363483382055,1614.1658715871586,113.16471647164717,247.14052655265527,98.64086408640864,233.3920907525063,238.17769410022123,259.1921936782681,254.511195204055,2024,p50
Secondary school or above,44,30,10326,21.737218973995155,1812.4655884821486,26.573697462715476,525.4499967719026,186.18374330169797,293.2302115633919,311.2121322012933,366.00694541152353,381.0554540331778,2024,p50
Secondary school or above,45,26,7925,19.642907965893208,2084.4540483701367,0,334.32071503680334,73.6626708727655,433.23153287542027,433.23153287542027,400.37929394920656,413.81503961907,2024,p50
Secondary school or above,46,33,10686,25.67962057597251,1469.598633726371,0,112.41187847027263,68.01422421860379,179.0229195915218,179.0229195915218,191.36588927255787,193.44576423704768,2024,p50
Secondary school or above,47,23,6837,19.686441309690014,1780.5841255911462,27.345326897762178,345.2513285554093,20.549948807956707,298.23230187753114,302.22395215124124,351.64827574492267,358.45283194015974,2024,p50
Secondary school or above,48,15,4701,12.993403170358716,1936.7601928667657,0,207.53385804438773,81.13521945685315,362.4960964055487,362.4960964055487,427.2638791223243,434.6046366033118,2024,p50
Secondary school or above,49,16,5335,14.084778691781734,1320.4245548266167,47.04779756326148,395.8073570759138,36.69165885660731,345.79545422178455,356.3551885499318,347.2509297134183,344.7659514360821,2024,p50
Secondary school or above,50,13,4197,10.843238861013594,1526.6545151298546,0,104.75339528234453,0,286.5491489174402,286.5491489174402,328.1934333285412,328.1934333285412,2024,p50
Secondary school or above,51,11,3302,8.738866429210335,2105.776700989299,11.483949121744397,832.9719362002827,443.36765596608114,593.4923937104502,596.8793918048743,1010.3389949843846,1163.7787819672703,2024,p50
Secondary school or above,52,16,3658,14.180788852880147,1371.4158921086203,85.28704209950793,935.688901038819,19.865135775469287,258.01346530724334,315.5223392509348,501.28433079326635,496.34231050168813,2024,p50
Secondary school or above,53,6,1636,4.734764349373592,635.0855745721271,0,509.678076609617,168.6002444987775,441.8717713247205,441.8717713247205,516.1786528607614,574.3720553979413,2024,p50
Secondary school or above,54,8,1899,7.066506898572081,2172.2661049675266,0,41.91679831490258,0,575.6004456667365,575.6004456667365,569.6489795520386,569.6489795520386,2024,p50
Secondary school or above,55,13,3735,10.171012425933258,1420.7041499330655,43.967871485943775,139.28157072735385,0,332.0829771182077,334.9664347299662,353.6691134245201,353.6691134245201,2024,p50
Secondary school or above,56,5,1629,4.1394645422652205,1820.2259054634744,0,269.5416410886024,0,731.7996536088991,731.7996536088991,899.5763465006736,899.5763465006736,2024,p50
Secondary school or above,57,4,908,3.4315777206170033,1258.7665198237885,8.502202643171806,666.7767988252571,956.8281938325991,273.69996107434673,282.2160748447311,485.35368288312594,735.2300527511136,2024,p50
Secondary school or above,58,10,2288,8.289408761690012,902.6369463869463,43.79370629370629,93.189102564102555,0,310.62217129805015,315.9051359746984,312.5492132670531,312.5492132670531,2024,p50
Secondary school or above,59,6,1520,5.241522001506393,483.09473684210525,0,657.8947368421053,0,227.30860915923805,227.30860915923805,473.3977302575179,473.3977302575179,2024,p50
Secondary school or above,60,12,2776,10.736693686589332,775.050432276657,0,148.56508165225745,0,159.0221135775908,159.0221135775908,162.90671175058517,162.90671175058517,2024,p50
