education,age,n,weights_total,n_eff,avg_labor_income,avg_add_labor_income,avg_no_labor_income,avg_remittances,se_y1,se_y2,se_y3,se_y4,year,sample
At most primary school,14,68,66833,54.521143844874395,321.14356680083193,44.95267308066374,24.254410246435143,8.191562052678568,61.27305144415139,69.60630087353043,68.44131046757447,68.08006573330628,2018,general
At most primary school,15,87,82410,72.40084228536759,421.8663754398738,98.56224972697488,15.413542045868219,0,68.15795253801872,87.61412598544932,87.77113685024524,87.77113685024524,2018,general
At most primary school,16,87,86859,73.12699415854333,459.7171124082325,91.57888071472156,23.300339247132328,13.171922310871642,68.75089346656493,82.7640508447791,81.68999210601021,82.21832669470956,2018,general
At most primary school,17,105,103046,84.9491650860284,770.0840821898311,68.67661044582032,30.213771842995687,0,75.84115337804853,80.18016786883761,78.87947415262005,78.87947415262005,2018,general
At most primary school,18,104,100467,82.84387612978261,773.0126409666856,85.88213045079479,57.929386432029084,7.051071496113152,96.50471090093136,105.12066317285252,104.62664343231225,105.23938887710639,2018,general
At most primary school,19,101,93413,82.94395110768009,1061.1512316272895,77.40475094472932,60.014996128304766,5.056576707738752,103.47917759628741,106.51439828430465,107.56442866106535,107.78444049474406,2018,general
At most primary school,20,85,82100,67.59177532336285,931.6715996751927,58.136662606577346,43.571132764920826,0,109.86033320412977,116.25683082757202,114.74624962305342,114.74624962305342,2018,general
At most primary school,21,47,45571,38.51798010876168,1355.636055093517,119.41813872857739,61.87602861468917,0,263.17480736646013,270.4235580003096,265.17041132917046,265.17041132917046,2018,general
At most primary school,22,98,81734,78.00225981254181,1072.0593143612205,84.2985783150219,45.56718542263114,0.6362101451048523,99.36560895156279,105.92428662828029,105.67044401893983,105.65332637188669,2018,general
At most primary school,23,91,78041,70.74469965428777,1215.7550475604703,138.51150036519266,29.58507387142656,23.48758985661383,148.80660911605372,158.94297842630036,158.92842007584449,159.8251257984312,2018,general
At most primary school,24,75,62410,62.84456903688244,1400.1251615659883,62.79442397051754,92.48453773433745,0,185.8479751375584,185.90289182674562,182.0113498120576,182.0113498120576,2018,general
At most primary school,25,78,65850,63.81841325777166,1467.056729941787,48.59237661351557,60.76605922551253,11.252847380410023,220.89315763668964,233.922946564562,231.3730732126155,231.232090583691,2018,general
At most primary school,26,78,73485,62.11508281337789,1234.0863725023246,115.34612505953596,94.10347916808419,31.073008096890522,153.37837134201916,163.47495231712176,188.5438590936049,190.8207805456929,2018,general
At most primary school,27,70,62287,57.41671200333081,1148.243079080172,60.97954629376917,52.77416100737982,86.62642284906963,143.51404624905192,150.0951122760654,151.59155727716924,157.82579841345233,2018,general
At most primary school,28,85,66349,62.27034540290041,1321.6276407079733,80.19092978040362,83.61040734097978,4.023170406989305,198.3924481904642,205.68307191036638,205.21508512804962,204.77600933203274,2018,general
At most primary school,29,71,56680,53.88375627577181,1303.804634203717,25.182074805928018,29.531286756057398,79.5265819807104,198.0146224427238,200.4071433591044,201.80600492254126,200.95253030646558,2018,general
At most primary school,30,124,99227,99.5435476186839,1418.9934308874265,72.60150966974714,171.8390575817738,5.109160477155075,134.43932468527444,134.65633512680046,163.12415381580666,162.77713521000626,2018,general
At most primary school,31,69,61127,54.03518574047635,1828.0787049912478,83.98342794509792,78.29779802705842,0,358.79870778838296,366.6947308433267,367.0844570992853,367.0844570992853,2018,general
At most primary school,32,110,93161,88.62302382347552,1583.0649341820433,77.2428913386503,117.27236093071849,45.425160027622425,161.48064928288443,167.08626808349274,174.51498462449473,173.3548179502003,2018,general
At most primary school,33,97,85299,74.74471025075988,1469.5013227978443,82.09498352852906,53.72950835687796,6.791795136324381,149.04659513011467,156.22517152819117,154.0649655337479,153.8104617206567,2018,general
At most primary school,34,84,69155,61.02958596516589,1531.0789193357916,73.40562504518834,97.38448051478562,33.46829585713253,173.43089474732162,178.9396759723767,177.32581217755887,177.29876088205975,2018,general
At most primary school,35,111,100399,86.14509866546601,1543.1952775094041,42.9368818414526,102.5437346653519,41.65014923787422,244.38565403657557,243.83275535525394,247.5172515828255,248.75168799860273,2018,general
At most primary school,36,94,79305,76.20407870367538,1498.3219763360864,63.286551919803294,97.85487989407982,1.986003404577265,137.97051604960365,140.953411926535,139.06513767453907,138.91590102031995,2018,general
At most primary school,37,93,83697,71.758939297939,1459.2489933928337,59.33534057373622,63.146551449474494,50.65906782799861,233.44723387002824,237.99584389384776,235.46222883890823,257.02939883801633,2018,general
At most primary school,38,118,101207,89.58220524106167,1609.3325140553518,38.884563320718925,116.22820144192926,22.804664367747947,127.47573833209884,127.93481975623007,130.58799488856494,130.93625791342072,2018,general
At most primary school,39,91,81169,68.54962818439441,1543.9841934728777,75.26604984661633,95.43174836863005,35.10145498897362,305.0843330589967,306.7403913527382,306.05519804985113,305.93331285482185,2018,general
At most primary school,40,143,118481,104.93571107621447,1659.7674648255838,76.77513694178813,104.03372692668023,47.841004042842314,141.10637481796343,142.51045036117895,148.65664516109518,150.5645054977769,2018,general
At most primary school,41,73,61451,57.92342291841189,1525.917392176965,123.63313859823273,120.64966802818506,63.68684534561412,143.80672746891796,162.09734727769904,167.85675343234777,169.3258132298027,2018,general
At most primary school,42,128,99611,95.7451632384206,1956.2568039674334,28.47577074821054,114.06848139261729,30.839967473471805,216.00549359997862,215.484339065882,215.1530072831444,214.98013313092775,2018,general
At most primary school,43,83,74432,65.86513767185397,1651.3156460482946,47.66390799656062,185.48916236744054,58.115237173975345,176.96526964280977,177.82938213102634,180.8155582243871,176.56709123003233,2018,general
At most primary school,44,82,60350,66.2218539313585,1657.86454018227,42.366362883181445,43.5096106048053,31.053852526926264,262.2879710781563,265.21539304825274,263.1417438271598,261.78274214862967,2018,general
At most primary school,45,116,93198,93.85133004581411,1623.4359929039963,59.486684263610805,96.88196992782392,21.620635635957854,145.10324048581032,146.62171229434952,148.93156965077986,147.07832888789198,2018,general
At most primary school,46,87,75172,62.835549104743784,2407.1682230972524,42.774703346990904,56.13799020912042,189.58787846538604,418.9474075601878,419.1607405807377,417.69084041381325,426.98577675340067,2018,general
At most primary school,47,84,68677,65.66256553806531,1797.4727419660148,40.03319888754605,19.28026607646422,53.974401910392125,251.61275005253358,251.90597882299468,251.55427235219761,253.46613155072146,2018,general
At most primary school,48,90,67433,65.49378169728872,1590.0520022343167,92.08918482048848,85.40568045319057,129.10098418677305,175.95043148747695,181.7304185817232,186.91480887331204,183.1487818465193,2018,general
At most primary school,49,77,62232,60.036637892813935,1784.0421701589748,52.39057076745083,83.84323579508934,39.67680078844753,265.8481542090847,265.9339503999376,265.83709769841016,271.2734800972122,2018,general
At most primary school,50,122,102277,91.02987478740035,1644.3111484823894,64.09525113173049,61.93218661087048,101.64781263953121,182.96390440921672,185.40220414190026,191.17846540421607,190.2381799339963,2018,general
At most primary school,51,56,49030,41.18256942243076,1721.4073628390781,61.301142157862536,159.57420626827113,104.81745869875586,320.94457341749234,326.1369518861274,332.82988325712085,330.05425647169073,2018,general
At most primary school,52,67,52265,44.42160333186309,2109.6358047131603,32.453267004687646,58.68194138843713,62.75997321343155,298.26823910421274,296.39975133438975,296.5076596441362,309.0511568659777,2018,general
At most primary school,53,82,63808,64.98029719080046,1502.5476925568373,57.162362086258774,95.1228424857907,109.94337178201269,186.89769183453794,189.4787094959471,187.32132504553283,182.73280441182825,2018,general
At most primary school,54,57,50989,44.015847480647565,1629.2089470277904,41.567789130989034,118.35274111409652,147.14350153954774,323.54015428098006,324.0960882802886,327.0126390375418,365.6875948229909,2018,general
At most primary school,55,85,74194,64.82394259980963,1562.3105507183868,41.943957732431194,102.2116680594118,57.89102443144548,307.80747326936086,309.94206498733263,306.77917544903715,306.0845032412768,2018,general
At most primary school,56,52,39308,37.59609599080283,1554.6627488891152,94.58926935992673,85.74251212645433,48.87520776093077,333.31593364664394,335.7827005220674,343.54363704423594,339.18427376126755,2018,general
At most primary school,57,73,60560,58.72625522561655,1635.0485358872743,31.7942536327609,68.03811646851608,131.1932518714223,179.31452885706454,179.18702699531582,181.68791671447002,200.32509056399823,2018,general
At most primary school,58,60,51041,48.70425403439557,1283.3872834257427,15.215219137556083,148.4453347962096,337.66432867694596,195.19964571517906,194.34790302791404,194.68751996056045,218.15556761468662,2018,general
At most primary school,59,57,46951,41.5457415988235,1666.224638452855,39.48158718664139,123.83747595010402,99.17254158590872,271.5566068796841,279.6135981412411,278.801995732607,283.7247241284345,2018,general
At most primary school,60,89,69015,71.64546239935957,1446.8412180926853,22.48148953126132,250.7058972687097,42.896906469608055,161.14929113821466,163.43058381618513,232.83241670504762,238.91204807801785,2018,general
Secondary school or above,14,13,11431,11.315198137995825,279.3893797568017,0,0,0,166.16679143354744,166.16679143354744,166.16679143354744,166.16679143354744,2018,general
Secondary school or above,15,38,33230,30.475495748847447,293.96448991874814,34.50887752031297,13.80198615708697,0,77.52651856746235,90.93478999816743,95.87097392034444,95.87097392034444,2018,general
Secondary school or above,16,53,47149,42.784459707356085,644.4895084377894,82.28382362298245,22.14235720800017,10.944028505376572,114.17665592634431,139.68404313317203,141.42765048817319,140.39445927331815,2018,general
Secondary school or above,17,73,59720,55.479240091742824,682.2894340254521,31.669792364367048,20.13367939272159,2.873409243134628,105.21227062480209,106.85140026558192,106.1152056808078,106.3458141270989,2018,general
Secondary school or above,18,134,95223,106.2723551635619,1142.257024738421,95.49772638963276,19.79178699823922,25.71840136661661,109.68150699859386,115.7713182909111,114.74752013516984,118.69172201900545,2018,general
Secondary school or above,19,137,100385,102.38473288996394,1597.3969284919724,82.26597599242915,48.244135079942225,12.993309093324035,119.14241667208002,128.1812327699391,129.0409644342697,128.82719178475992,2018,general
Secondary school or above,20,185,138425,140.22595303962993,1424.0231653723436,97.13180422611522,19.87708626813557,0,110.74994067897983,117.7786289592364,117.83300286147767,117.83300286147767,2018,general
Secondary school or above,21,147,104455,112.06825218641693,1935.2433097186986,77.07582212435977,62.67924145963972,0,144.29188078878062,145.65943238375783,165.3614053828892,165.3614053828892,2018,general
Secondary school or above,22,193,141325,130.61432327405885,2222.7522737189693,89.16127366000354,62.800294828704516,4.294356978595436,144.63820792163526,149.92608920438872,153.0647303841135,153.69366402862502,2018,general
Secondary school or above,23,186,131433,128.4964638101464,2850.546606128851,67.89231015041885,42.98685768921555,36.15073839903221,374.4175579858927,374.0214030837803,374.24382416480836,394.2944949827657,2018,general
Secondary school or above,24,170,121888,122.02576553553546,3316.7034504353724,67.18532587293252,84.54510151395817,12.449379758466788,490.8339672566357,490.6587147658554,490.7573953630267,490.618304941071,2018,general
Secondary school or above,25,162,118479,121.76252247026459,2585.0107796881025,47.33226985372935,66.82861519762996,10.493634596285698,179.9518018355753,183.71967722819304,197.6975434809409,197.59812573230082,2018,general
Secondary school or above,26,170,105812,127.15890804184528,3216.427636594463,44.46149775072771,26.74445400017641,35.87330674529669,176.46152660076254,179.07311433131864,178.23649352146424,179.62078944566252,2018,general
Secondary school or above,27,144,86266,108.44419409297605,2953.5958740021174,110.31344909929751,57.031082156740005,87.09746597732594,228.65964114286155,236.5178840643486,237.18100376385726,240.9028783662688,2018,general
Secondary school or above,28,164,105799,125.92662752361821,3289.5207208952825,88.63632926587208,76.66253934347206,2.370532802767512,204.8602644870044,208.2157202578825,209.83353310825993,209.9475047302392,2018,general
Secondary school or above,29,103,65942,70.96098241058895,3381.746197415911,21.75707439871402,40.98985977576254,41.51375451154045,366.95289457791455,367.2277262265543,370.66716770434147,368.61488103762633,2018,general
Secondary school or above,30,194,121385,137.5761646758034,3418.56028614189,66.33898751905096,39.29608271203197,64.08304156197224,228.7608059940545,232.64064137025485,232.32371532940803,236.43408407192828,2018,general
Secondary school or above,31,118,69956,94.29423124173984,3496.7811076486173,37.41265938589971,55.93682695789735,20.356605104160707,371.2107571818731,372.06252682123915,380.95458913476756,382.14687069910406,2018,general
Secondary school or above,32,156,87541,116.09035748825114,3495.2514764510343,32.42851920814247,36.52024479957962,9.249761064339376,248.92742165582854,250.19342606763973,249.60704633869557,250.75883502886745,2018,general
Secondary school or above,33,114,65767,79.75846209810109,3667.5840543129534,55.237277053841595,70.66613955327139,3.521522952240485,313.42150112086864,329.91613805056437,325.4475761426446,325.36578525042785,2018,general
Secondary school or above,34,96,60456,67.66335368260111,4170.119552512019,59.80580918353844,110.48710356843544,0,324.41172463378325,328.170629445781,327.83861771259495,327.83861771259495,2018,general
Secondary school or above,35,124,69473,93.58696461042122,3791.896602517045,67.37048925481842,72.64668768202515,9.332162614732823,415.33107499983237,414.0112112915497,414.00207700949625,413.6440552310752,2018,general
Secondary school or above,36,96,61701,77.74801454795632,3676.7961594355575,28.340221390252996,74.11212135945932,25.71001010248348,288.42045555335676,287.6911598620983,296.44724929769234,296.98188135890575,2018,general
Secondary school or above,37,91,58207,68.4151112358592,4358.775027058601,21.949937292765476,95.81876177550237,52.51945642276702,515.6510615395474,516.1126076965899,520.9928462925665,518.1228584655912,2018,general
Secondary school or above,38,110,62683,81.8578249434461,4775.296858797441,51.97693154443789,57.230562247073905,50.456795835128084,525.4135543055299,523.9081074110995,524.4097655593666,521.4495270425904,2018,general
Secondary school or above,39,95,64481,68.82222200005009,5282.199332619945,37.78275771157395,31.672204473669247,9.436888385726029,1324.8638329971145,1324.80736558787,1324.3102386467042,1324.393043242892,2018,general
Secondary school or above,40,115,74302,75.20646549335518,3850.5549379559097,53.61524588840139,226.8475276573982,48.45450548661768,405.07173714202247,403.74555581929354,449.22960501002694,467.52844055581835,2018,general
Secondary school or above,41,56,33115,44.55748445094236,3919.94498968242,74.1929639136343,24.577230862147065,94.68881171674468,501.01548583220097,496.6531955103921,494.9038296290185,496.484397559403,2018,general
Secondary school or above,42,86,50753,63.15965083071612,4458.551464938033,76.53454968179221,89.63263255374066,83.4039367131007,1354.3098050828462,1360.0619734987647,1358.900752234843,1358.3402019696844,2018,general
Secondary school or above,43,72,37494,57.609367681268495,4592.176303764158,34.54819437776711,299.98266389288955,117.52991589765475,501.48980668114206,504.338630530747,545.2568770968733,550.7299089160811,2018,general
Secondary school or above,44,57,34557,41.931567084134365,4830.175502310193,104.93763926266747,21.046068813843796,5.715195184767196,701.4817147351228,722.5447016110769,719.7466363016628,720.2639641138369,2018,general
Secondary school or above,45,74,39599,46.327827026952924,4299.488951741206,38.08757796914063,53.78334469725666,19.605899138867144,430.70410270112666,431.4823380087744,437.3946849977917,437.66789016607765,2018,general
Secondary school or above,46,49,24978,40.024167419057136,5113.236928497077,52.9914324605653,251.81693223369896,193.7095310539942,528.9337073238867,526.9920825544025,536.2152649689788,547.6306397607206,2018,general
Secondary school or above,47,57,34502,44.41359156157135,4365.551465615519,66.27876644832183,165.8667130407899,183.54298301547738,409.1206279698402,412.6599610321194,436.4715209948273,495.03621709219874,2018,general
Secondary school or above,48,48,24621,36.73195378414897,4812.636556868798,52.48771374030299,125.12489338369684,29.85256488363592,537.0148705958713,539.6765891780335,536.7477239872195,533.3042790171327,2018,general
Secondary school or above,49,39,26312,28.355965963732352,3752.7090237660886,29.75714502888416,102.65404884970103,56.86632208371339,523.4044428733545,523.247116596086,555.2407480425352,545.3524612505066,2018,general
Secondary school or above,50,59,32034,45.45744380662428,6001.450776258558,146.95698320534433,197.05313104826124,0,764.924171128092,809.0414254032152,809.8067062345777,809.8067062345777,2018,general
Secondary school or above,51,31,18777,20.28408353268353,16913.5544504802,8.393247057570433,907.7417407821627,6.989934494328168,10994.082427821564,10993.519550128207,11475.505328652884,11475.131816247569,2018,general
Secondary school or above,52,45,24401,34.033385320075716,5034.202157015423,52.38104995696898,140.30572517519775,0,588.5261625798406,609.2127403900116,595.1569632516627,595.1569632516627,2018,general
Secondary school or above,53,45,24268,34.72106303072565,4701.812139442888,37.38050107136971,255.08732349870883,53.898137464974454,698.2569437452636,700.4639740512866,755.0069059633518,752.204659131321,2018,general
Secondary school or above,54,46,25439,34.44583687185808,5945.840625286633,150.8274696332403,120.09906049766107,51.22449781831047,1235.142342720246,1262.7449408895004,1258.9661919408152,1256.2550725871617,2018,general
Secondary school or above,55,35,18110,26.198403327096838,4715.674461623413,30.67366096079514,212.59285845757407,0,612.3274832226152,612.8172640879613,603.2129658153704,603.2129658153704,2018,general
Secondary school or above,56,31,20684,21.639658105547515,4324.74842067943,20.537613614387933,377.66711790111515,291.9325726809773,1246.1449294291199,1244.7787191594505,1256.595881022862,1291.0632503983798,2018,general
Secondary school or above,57,30,14501,24.01060557186174,5022.234225225847,25.42997034687263,129.48916166701147,0,700.6782446227671,698.1819359706552,730.1471333889666,730.1471333889666,2018,general
Secondary school or above,58,22,14368,17.515555577426966,8094.386077858203,79.2316258351893,675.5011135857461,53.28507795100223,2676.6648186077605,2670.277306891991,2626.443175961683,2625.5310093186336,2018,general
Secondary school or above,59,25,13666,19.02972581478722,4827.996243719205,123.17210595638812,84.74315820283917,17.64612907946729,773.5593796044791,758.539611102019,757.2134623296029,764.3464486547088,2018,general
Secondary school or above,60,28,18173,22.18241134519309,4232.145142060566,49.50200847410994,432.91146205909865,136.98233643317008,998.234544717148,991.8096362541221,983.6779061665674,974.5232864790097,2018,general
At most primary school,14,47,51048,39.78192158942887,313.9748472026328,7.907851433944523,17.27002037298229,0,70.97720428390649,72.67210789864579,72.0227676224503,72.0227676224503,2018,males
At most primary school,15,67,65414,55.464362811441966,440.3628886782646,82.99805851958297,17.95530518441516,0,81.79304668483267,103.41511135028684,103.73858266178931,103.73858266178931,2018,males
At most primary school,16,54,55693,47.50677335726273,543.2548734431018,38.39746467240048,30.376019727194922,20.542976675704306,96.54129306169688,103.81963849587781,101.58260925815753,102.43126431267983,2018,males
At most primary school,17,74,70122,60.45369077229409,826.1647462042346,49.35826131599213,37.76750995883366,0,93.18192676008798,99.79787722658897,97.68127593337843,97.68127593337843,2018,males
At most primary school,18,68,65702,55.367807900542076,940.6473166722474,97.72564001095857,82.51514413564276,0,134.69867797941197,143.87393503195577,141.53604836740152,141.53604836740152,2018,males
At most primary school,19,68,65312,55.69255262344092,1243.2262065164134,65.0171484566389,70.43882951576025,0,134.48809037346044,138.18979843137288,139.0928882342356,139.0928882342356,2018,males
At most primary school,20,63,61019,52.38730633954194,1105.747035076506,29.244989265638573,54.26979028390065,0,128.90051247514126,132.39977248813105,129.3948454583216,129.3948454583216,2018,males
At most primary school,21,32,27926,26.958595166225805,1570.3856859796126,94.55432213707655,49.78156556613908,0,370.3320149717546,373.85805041440386,369.52614824539876,369.52614824539876,2018,males
At most primary school,22,71,62072,57.017333303539175,1208.3193388323239,53.55425956953216,60.00110087210552,0,120.10082891486215,124.10807156989182,122.73586822126053,122.73586822126053,2018,males
At most primary school,23,58,54128,45.18175952784864,1463.6700783328406,136.78458468814662,27.981274325056653,0,206.37990512569223,216.7215016216421,216.42439324816172,216.42439324816172,2018,males
At most primary school,24,47,41266,40.36140607488805,1570.3153201182572,44.23981001308584,130.12068046333545,0,235.0356915488211,236.97260540573865,227.72636359282296,227.72636359282296,2018,males
At most primary school,25,59,51957,48.9278228073704,1583.9245080868154,43.85276286159709,70.9227823007487,0,258.93715005835134,277.6619235195819,273.93512351038424,273.93512351038424,2018,males
At most primary school,26,52,46998,42.325467586758975,1325.4795328169994,119.2223073322269,145.08690086102956,0,176.82696194009912,197.9767250186564,242.54610628875804,242.54610628875804,2018,males
At most primary school,27,48,43528,40.14100580541254,1465.1243031305519,17.058284322734792,57.40199794768118,28.87107149421062,173.01269226330456,174.6862955164918,176.6047022924631,172.63526961582832,2018,males
At most primary school,28,54,44185,39.15526692063087,1484.6779676360757,94.32793934593188,90.51234393270717,0,202.88901086487206,217.27371558730098,214.35413833993417,214.35413833993417,2018,males
At most primary school,29,44,33849,34.90208315290893,1737.881749337745,31.502260037224143,20.234472707219314,0,262.36531645664047,265.87938082651044,268.8974232876647,268.8974232876647,2018,males
At most primary school,30,68,53285,55.283574088172095,1648.514172218573,49.88852397485221,245.95392699634044,0,188.50150212389056,189.87548860997495,245.12853896272426,245.12853896272426,2018,males
At most primary school,31,48,44004,38.80268071367601,1976.9175605248006,106.65519043723297,89.83750340878102,0,485.18128435893993,494.94259200066716,494.2874352184495,494.2874352184495,2018,males
At most primary school,32,63,54567,50.24567744909368,2000.1192845492697,70.03582751479833,128.07053713783057,6.186889511976103,240.82766236477386,251.28628996903782,262.4301680667658,263.8697563776627,2018,males
At most primary school,33,60,54351,47.69655290771439,1565.2572537763795,85.11158948317419,70.68825780574414,0,163.48132786777845,179.44849002415268,173.99710676048608,173.99710676048608,2018,males
At most primary school,34,58,50951,41.83423472043828,1677.4438970775843,74.52403289434947,118.31953739867716,0,212.70246341015775,219.53960681998865,215.96466685686988,215.96466685686988,2018,males
At most primary school,35,68,62124,52.659747194443845,1607.3953437211599,15.463749919515807,141.68835849805762,29.290344043096603,152.97126205457602,153.40395758412015,168.33938612169428,173.18547746858837,2018,males
At most primary school,36,56,47207,45.41622757366999,1709.0279619547948,62.589234647403984,104.92105690540244,3.33636960620247,176.52506994043935,184.7161432515599,183.01248834358427,182.60026606912706,2018,males
At most primary school,37,53,44376,46.233230631917976,1842.4359563728142,28.546511627906977,57.54849280391803,68.54380746349378,337.86025896331756,338.1142810200958,334.15704712456244,378.63914708734217,2018,males
At most primary school,38,78,68486,62.22450124359263,1790.8787939627564,43.88093917004935,115.50026769461398,9.972841164617586,151.20282275424447,148.4756441220153,152.11250202708166,151.62421758782924,2018,males
At most primary school,39,61,53438,48.21278045136952,1810.628260788203,94.60477562783038,113.71994180171414,44.374789475654026,434.04861536731585,436.09006105220817,434.02852252412634,432.5844801718568,2018,males
At most primary school,40,81,71142,61.97255953447114,2105.0160430313085,79.46262404767928,150.89707908127406,21.64333305220545,192.26899755497752,192.66607346876592,201.22947105327907,203.6994375893328,2018,males
At most primary school,41,58,49359,46.79621894462983,1570.9693605353973,146.32478372738507,139.78759868176692,62.67009731423516,156.144667491064,181.39930166861143,186.6812372778126,186.9589756274149,2018,males
At most primary school,42,69,56787,51.678624359264234,2517.8032736365717,24.39202634405762,86.87680865925886,0,348.63763351481407,348.07560817161215,343.37908493840155,343.37908493840155,2018,males
At most primary school,43,45,41005,36.00391524719461,1659.669296427265,18.2680160955981,268.99157013372354,24.934032435068893,205.32786794213882,205.65321769754328,210.46353859997402,205.6120886108749,2018,males
At most primary school,44,48,36269,38.39900057655115,1581.6826215225124,45.25214370398963,59.17463949929692,0,193.63378706408164,205.96563612940585,200.25920546498625,200.25920546498625,2018,males
At most primary school,45,70,60004,57.18618240747906,1619.0071328578094,71.06092927138191,133.7067389951781,33.581094593693756,180.7876471566062,183.1168187113659,183.60375598414424,179.562147433507,2018,males
At most primary school,46,53,49268,40.139138758721614,2859.599706367893,55.54842900056832,31.225237476658275,276.42080051960704,619.3759632378462,619.1060666876665,618.4650176659324,627.8489556834477,2018,males
At most primary school,47,49,44618,39.19012623421088,1919.043480209781,32.82217938948406,9.96931358046827,14.227441839616299,368.79993076168586,370.2558952902445,370.35436856094367,369.9357258369486,2018,males
At most primary school,48,54,42245,40.56985812166315,1684.7436383003906,59.55852763640667,32.79704698780921,71.55087387067503,207.06464603923948,210.90499468199948,209.27191650548113,206.99667078118733,2018,males
At most primary school,49,43,34078,34.11420642696316,2393.852368096719,29.618815658195903,34.254748909364785,72.45632568421465,423.6093024142621,422.7279046520738,421.61519211179115,429.93276844936986,2018,males
At most primary school,50,81,70613,62.19398426424256,1975.3763518521143,41.90311982212907,62.493921091017235,131.48145525611432,240.46781210082557,243.53587264884843,252.44462467958346,248.47137166291913,2018,males
At most primary school,51,32,29617,26.110634561035198,1673.5564596909433,94.86105952662322,247.45213897423776,34.88536988891515,310.62677374594233,325.5396941357731,341.4778848806566,340.56407106260554,2018,males
At most primary school,52,37,26470,24.960663475570385,2036.2582672207532,60.27653947865508,65.87501574109054,45.20274524619065,396.95653302612806,392.5556578145009,397.0251191875725,405.8547349782126,2018,males
At most primary school,53,56,44885,46.65234161771192,1599.5930823214883,54.43413166982288,88.28160855519661,16.508855965244514,238.40315378081883,239.51155202528275,236.27925266700748,235.09542304406602,2018,males
At most primary school,54,39,34591,30.553813215408397,1947.9838879091865,38.72105460958053,136.21860936852553,111.80943019860658,450.53076552171376,449.62007883294126,448.813600464885,513.1166700103439,2018,males
At most primary school,55,59,55506,46.31745087059336,1794.8621530405123,38.93957410009729,86.73560816248094,53.04831910063777,411.64316522767103,414.2993246278382,409.68906039002263,406.9859162783558,2018,males
At most primary school,56,32,25151,22.192552173597143,1867.2782526871033,82.72414615721046,82.38638622718778,72.69372987157568,492.35628214633323,488.0616062430062,496.0745845928782,486.2791487007933,2018,males
At most primary school,57,43,37248,35.791402903053346,1427.674872923826,31.765463917525775,79.37929553264605,61.461912943871695,206.34172548938162,204.01328871268817,206.3815480435738,224.4984951963,2018,males
At most primary school,58,40,37933,33.21108699666708,1083.0880939199817,20.472939129517833,185.67628010790958,433.83136055677113,171.87303898099955,170.67639085947542,176.00213685733618,232.32146010505045,2018,males
At most primary school,59,40,33934,31.564919496207466,1773.4424667491796,42.585607355454705,168.33539616117562,102.41203512701125,319.8418220449429,331.15465044856137,327.0751205323021,326.20574517300616,2018,males
At most primary school,60,63,50579,52.44616712507057,1487.0374265999724,23.807509045255937,284.11035212242234,43.475157674133534,152.0718653253453,156.7941875640415,267.1293443756123,273.22513780268713,2018,males
Secondary school or above,14,5,4501,4.046897788019593,199.33348144856697,0,0,0,195.55261469960217,195.55261469960217,195.55261469960217,195.55261469960217,2018,males
Secondary school or above,15,23,20893,18.192240704772157,325.24481883884556,46.17479538601445,21.951849901881012,0,106.48980984405459,127.26618182418225,136.34894467931235,136.34894467931235,2018,males
Secondary school or above,16,37,34069,29.941421008277263,721.7926120520121,91.40274149520091,29.165517038950366,15.145733658164314,133.24890737976193,172.1574076716124,174.66842939024536,172.70573377905035,2018,males
Secondary school or above,17,48,39043,36.47153667499391,720.9730297364445,11.22915759547166,3.0778031059771704,0,133.30312432755136,134.4401420312582,134.47214527089497,134.47214527089497,2018,males
Secondary school or above,18,81,56168,64.3182232207386,1205.3146038076247,74.99821962683379,26.663461994967477,43.60104211175996,138.08310704951447,143.6684941082674,141.06509236161463,149.71364516332312,2018,males
Secondary school or above,19,100,76793,73.41416179224741,1612.4396711505824,77.05194483872228,42.490852030784055,6.697659074828869,134.67350321868133,148.92301261951536,151.29953975584647,150.33754013332202,2018,males
Secondary school or above,20,111,86103,83.84986322886289,1525.5178991053351,110.39057872547995,16.79812550085363,0,146.5795594627497,158.69064648155342,159.187863634035,159.187863634035,2018,males
Secondary school or above,21,86,59782,65.33767154512259,2002.3444556890033,57.182094944966714,109.51724878168457,0,182.6232823843659,186.9676343589192,230.6509990633475,230.6509990633475,2018,males
Secondary school or above,22,125,94365,83.15336636146465,2426.393674384924,86.35984740104912,83.45309878309402,6.431409950723255,187.91674023439265,195.47168107029887,200.02103722037327,201.0707200889779,2018,males
Secondary school or above,23,130,89180,89.3808774584603,3209.256753195784,76.2984974209464,60.03018240263138,45.76586678627495,526.6738721570721,526.1223549425564,525.9371901367485,556.2496300016601,2018,males
Secondary school or above,24,115,81671,83.84292610060844,3717.049132086869,56.57516131797088,63.111447147702364,6.002497826645933,702.8441304512473,702.767508787748,702.8286645561386,702.6028651421911,2018,males
Secondary school or above,25,93,74232,68.23591173607097,2720.038094532457,58.405269964435824,50.76578609404749,15.64835470776305,232.04885212285896,241.0785164927242,273.352232241824,272.9791884963913,2018,males
Secondary school or above,26,105,67069,82.17005335586131,3282.5713481638313,37.23523535463478,28.457769858901532,17.480505151411233,234.26139653829372,236.06175590516608,234.3262788090228,233.5244136978889,2018,males
Secondary school or above,27,86,55433,68.92583879462296,3146.3114510610403,124.02900799162954,56.61838014660341,60.76103885170687,297.9831637697128,311.0688397763044,312.1642539611722,322.39571874339146,2018,males
Secondary school or above,28,93,62557,69.61067927390539,3374.0022206414415,124.26187317166745,45.26794230328608,0,262.82464625573857,272.2045063179276,275.197641424271,275.197641424271,2018,males
Secondary school or above,29,63,43708,41.88257956397499,3605.7880136359477,22.946485769195572,48.85955278972576,29.102223849180927,463.9972134384408,464.1787015960869,471.0456667452205,470.7552054615784,2018,males
Secondary school or above,30,118,72142,89.96925388903101,3751.964990343119,80.29355992348424,49.864688161311484,81.9012503118849,326.69325986353806,334.7632960056537,333.8807512761552,337.897862605566,2018,males
Secondary school or above,31,70,42602,54.718165137614676,3745.8878886750235,44.86127411858598,28.481839663239597,24.069292521477866,559.5453657792394,561.5725275295291,560.680415760033,558.806428097482,2018,males
Secondary school or above,32,91,52414,71.25858906184303,3652.6927856425127,46.75516083489144,21.699553872375066,15.448798667022807,297.6360016973365,300.55712739740363,299.8395361892981,302.3410635773864,2018,males
Secondary school or above,33,74,48311,51.725131713934545,3921.5330532038943,67.7640702945499,66.00774150814514,4.793939268489578,411.52897432691435,437.1660625212755,431.0091548548309,430.8210439504518,2018,males
Secondary school or above,34,51,34891,35.73707585992701,4622.406628261347,76.7338282078473,175.95655039981656,0,456.3102405134609,461.8929164437163,456.69604039922456,456.69604039922456,2018,males
Secondary school or above,35,68,37462,51.21628680623972,4111.94523339206,75.18712295125728,12.24129339953375,0,702.6906286059008,699.0224092725404,700.4146091678953,700.4146091678953,2018,males
Secondary school or above,36,53,36753,43.83413190144361,3661.88427702047,35.07305526079504,37.06451174053819,0,360.7247946300818,360.3607376472386,367.97609970872,367.97609970872,2018,males
Secondary school or above,37,51,34179,36.866228691578144,5213.358217033851,15.753532871061179,47.28310756117304,11.542175019748969,799.1790706142037,799.3024166657189,807.4406301779779,807.5473704817729,2018,males
Secondary school or above,38,74,43547,53.44793736397502,5163.2311602023865,63.99315681906905,46.381113126813176,72.62918991740725,686.0729160945572,683.2203524594888,681.9060359551486,676.0303578987514,2018,males
Secondary school or above,39,51,36102,35.21159015690049,6443.397422580467,62.961054789208355,12.34295653057079,4.708880394437982,2433.841682155329,2433.0157543720393,2432.9307326910803,2432.745669888544,2018,males
Secondary school or above,40,74,50942,46.723225324395905,4101.10047374138,45.17215657021711,194.03488280789918,50.174708492010524,546.92049496627,546.559138221212,592.7790470138158,621.6104926810742,2018,males
Secondary school or above,41,37,19865,29.624838566725515,4962.816427552647,63.77045054115278,30.05285678328719,0,696.7994548447442,692.1921078161478,687.9143547445981,687.9143547445981,2018,males
Secondary school or above,42,51,28981,36.11246011293819,5494.101514785549,51.16862772161071,25.12651967380928,22.462992995410787,2333.880031672007,2333.677845567533,2332.3880366877447,2331.5014739194385,2018,males
Secondary school or above,43,39,20534,31.845825010826875,5147.505503068082,45.96279341579819,485.85029706827703,0,718.3433220672111,724.3392297747081,792.346581212647,792.346581212647,2018,males
Secondary school or above,44,37,24753,27.997813449812867,5208.537409606916,122.77824910111906,29.014220498525432,0,921.298260446775,955.387416740036,950.513378277797,950.513378277797,2018,males
Secondary school or above,45,44,24266,24.67933668253925,4294.949833786643,51.47861204978159,75.18475782301711,12.87480425286409,582.716102444913,582.4099542584916,596.5747457236981,597.0784878901713,2018,males
Secondary school or above,46,26,13782,20.402995620644948,5666.277173124365,89.92308808590916,148.7217626856286,143.8937261161902,852.302354042399,845.4834902612797,862.2608155106869,872.554052970728,2018,males
Secondary school or above,47,32,16391,25.740513112754833,4797.420637341631,83.41284851442865,329.29656518821304,167.5065584772131,469.2833515542643,469.8582188376714,528.6468094718537,587.558068592755,2018,males
Secondary school or above,48,23,11550,17.515201439423222,5673.704054834055,10.346320346320347,94.11255411255411,0,707.7498809825532,706.3107968519021,716.5338814486718,716.5338814486718,2018,males
Secondary school or above,49,25,17357,18.4640075119682,3255.015027558526,45.109753989744775,16.537035970117728,82.55650938142153,499.7458699930713,501.882820864238,497.48559773595446,476.23170959534406,2018,males
Secondary school or above,50,43,23140,31.393051428453504,5511.683318928262,192.62532411408816,256.76318063958513,0,839.8178390523416,924.5142569000111,932.3376115646114,932.3376115646114,2018,males
Secondary school or above,51,22,13044,15.165124745600405,22755.36225467648,0,1306.7055095573955,10.062097516099357,15102.241181374526,15102.241181374526,15753.981105332039,15753.166819121703,2018,males
Secondary school or above,52,30,17738,22.268785064297344,4991.37468523321,70.22212199797046,87.94678092231368,0,606.8587295369608,649.7227549296204,628.9473558048204,628.9473558048204,2018,males
Secondary school or above,53,29,15840,21.963940374266294,5166.850084175084,56.02272727272727,369.1661931818182,0,1011.2281246499223,1013.8465540526662,1099.7507935818526,1099.7507935818526,2018,males
Secondary school or above,54,34,19143,24.68175930010129,6200.869229831618,175.23376691218724,155.78540458653293,9.272318863292066,1615.9743686011539,1655.9868732769685,1649.9842678517157,1648.7329487458185,2018,males
Secondary school or above,55,18,10605,12.846507875460658,5736.430410183875,31.211692597831213,257.1230551626591,0,934.278509139696,937.5602803403268,884.9315191181101,884.9315191181101,2018,males
Secondary school or above,56,17,12252,11.340896171890936,4414.365083251714,34.6718903036239,491.15790619218626,157.87898574382416,2002.5503275230726,1999.5230615359121,2026.981761663597,2061.097787478611,2018,males
Secondary school or above,57,17,8152,12.836119011140394,5541.760324664704,2.620215897939156,115.96508014393197,0,937.9107274644477,936.9890348996876,1000.005371325215,1000.005371325215,2018,males
Secondary school or above,58,16,9119,12.74788288146727,10842.345560551228,43.316153086961286,160.37942756881236,0,3719.15447057928,3716.9754066901905,3698.410847647291,3698.410847647291,2018,males
Secondary school or above,59,18,10377,14.753327002644394,5168.443031062285,45.27127300761299,111.60258263467283,23.239086441167967,934.1334819233202,917.233118328251,912.8895873097213,922.5602513152265,2018,males
Secondary school or above,60,18,12310,14.587686535913837,5294.920904413756,6.791226645004062,520.7961007311129,0,1402.5872620991684,1401.9819418898614,1367.7370624353512,1367.7370624353512,2018,males
At most primary school,14,21,15785,15.174086564551683,344.3268926195756,164.7540069686411,46.8416217928413,34.68271565832542,124.08286837923215,169.82360195732073,162.65462163395225,157.45782598139039,2018,females
At most primary school,15,20,16996,17.344600341795438,350.6772181689809,158.4655212991292,5.630834706205381,0,110.48944497109629,159.45402230895147,158.50895504395288,158.50895504395288,2018,females
At most primary school,16,33,31166,25.642157889470877,310.43685426426237,186.61297567862414,10.656243983828531,0,75.59335128352858,139.06906544286176,139.11162727739395,139.11162727739395,2018,females
At most primary school,17,31,32924,24.8271456891263,650.6426922609646,109.82110314664075,14.125713765034625,0,128.07533035485702,132.60905036975873,131.73362578592383,131.73362578592383,2018,females
At most primary school,18,36,34765,27.547181295749898,456.20166834459945,63.499208974543365,11.465027086629272,20.37681576298001,83.4823420041874,108.2043404282082,106.89990824153404,114.69569318427426,2018,females
At most primary school,19,33,28101,27.6005954392162,637.9748051670759,106.1958649158393,35.78805024732216,16.809010355503364,116.58143380490944,128.68673955890236,128.86623513625835,132.71511500154458,2018,females
At most primary school,20,22,21081,15.511951773977763,427.8098761918315,141.7636734500261,12.603845484875794,0,147.82268552674606,213.28981394561444,211.70149204879624,211.70149204879624,2018,females
At most primary school,21,15,17645,12.460132370036279,1015.7608387645225,158.76905638991215,81.01742703315387,0,278.3906974918883,323.0886770598169,306.15022303929373,306.15022303929373,2018,females
At most primary school,22,27,19662,21.394847738471153,641.8928898382667,181.35693215339234,0,2.6446953514393248,133.95606658002086,188.07922875428488,188.07922875428488,188.18865772132568,2018,females
At most primary school,23,33,23913,26.91711455047676,654.5897907693166,142.42044076443776,33.21533614909603,76.65265755028645,112.25106394841211,152.8262223541661,155.03594360316157,172.23233535255065,2018,females
At most primary school,24,28,21144,22.593415016943972,1067.971024088788,99.00681044267877,19.031403707907682,0,296.1967149185001,293.6760617621814,293.26614447722864,293.26614447722864,2018,females
At most primary school,25,19,13893,15.111747832831723,1029.9949614913985,66.31756999928021,22.781976534945656,53.33621248110559,400.9213791907485,399.39660651881564,396.9941209175968,399.40724015116785,2018,females
At most primary school,26,26,26487,20.188940176508183,1071.9201872616754,108.46830520632763,3.6395212745875334,86.20832861403707,293.67139148918477,289.8856417190078,289.52411503461383,305.84435680100347,2018,females
At most primary school,27,22,18759,17.275728716235935,412.95836665067435,162.89354443200597,42.03582280505358,220.64075910229755,149.94688365294485,231.81830532894304,232.31242152985456,312.25925589736613,2018,females
At most primary school,28,31,22164,23.57893843564141,996.5789719063947,52.0081212777477,69.85106478974915,12.043554111772847,417.1682218553964,419.91442877941745,422.3177608471892,421.04296915990733,2018,females
At most primary school,29,27,22831,19.454398598235606,660.246477742251,15.81183478603653,43.314645292219645,197.43185435007953,232.1304520761613,233.46930590812423,236.07357922915233,256.31909948428984,2018,females
At most primary school,30,56,45942,44.38578092024143,1152.7879391406557,98.94475643202298,85.87826317240578,11.034928097746434,184.5526386856128,184.8348581760306,196.93662774200445,195.9425085727076,2018,females
At most primary school,31,21,17123,15.233359690628841,1445.5811870972766,25.719792092507156,48.64217718857677,0,302.396632461693,312.5081841011821,321.32795239701704,321.32795239701704,2018,females
At most primary school,32,47,38594,38.51678280253413,993.4032060251162,87.43276156915583,102.00511521652761,100.90307647129951,153.45862450552795,157.87168180442572,166.7026959454802,164.22932326626676,2018,females
At most primary school,33,37,30948,27.04844428167698,1301.3343780965922,76.7972082202404,23.94648550256344,18.719572616431865,295.7974776157493,295.3772583145389,295.6476787178729,295.09269354291513,2018,females
At most primary school,34,26,18204,20.32083390412786,1121.4193950047609,70.2753241045924,38.78955174686882,127.14238628872775,274.95619155184545,284.34070286524684,282.19402400200545,291.7323838402431,2018,females
At most primary school,35,43,38275,33.50645192904885,1438.9924058349663,87.52841280209013,39.00825168735032,61.71129980404964,591.1444082591332,589.5916110805043,589.1387046603412,589.2792331693785,2018,females
At most primary school,36,38,32098,30.78801586984257,1188.433588800964,64.31210667331298,87.46254958772093,0,212.10593939058742,209.10674640960792,203.55137369522694,203.55137369522694,2018,females
At most primary school,37,40,39321,28.097483431129763,1026.8005645838102,94.08229699142952,69.46428117291015,30.475115078456803,273.58872270288265,297.4125049126441,295.20412888732585,292.1022715120826,2018,females
At most primary school,38,40,32721,27.47917993629245,1229.3508959587623,28.42700406466795,117.75178784266984,49.66204170614183,222.36210531789436,232.73095936498862,236.7208473109388,242.53358876357086,2018,females
At most primary school,39,30,27731,20.850525751542794,1030.1575853737695,38.000072121452526,60.19016022982703,17.23161804478742,208.32772087784312,205.70465836375817,208.05361742263233,215.98843662272805,2018,females
At most primary school,40,62,47339,43.00762874700438,990.63895871621,72.73632734109297,33.60654006210524,87.21139018568199,157.83488761901592,163.79710270041014,163.0888087264389,173.81395368517119,2018,females
At most primary school,41,15,12092,11.134975894958586,1342.017284154813,31.006864042342045,42.529496085566215,67.83716506781343,369.3482199335272,365.5791830474615,382.0634640285078,398.1914136681551,2018,females
At most primary school,42,59,42824,44.476829785525005,1211.6150289557258,33.891042406127404,150.12614811009402,71.73547543433588,162.04810503146325,161.39756288768234,180.1218552233485,185.2563063363941,2018,females
At most primary school,43,38,33427,29.866172582325778,1641.068198362601,83.723935740569,83.05651120351811,98.81871939849023,306.5560399885743,308.6688052920485,311.97820364821433,304.99835218209233,2018,females
At most primary school,44,34,24081,27.957977738414144,1772.6040446825298,38.02001578007558,19.91611644034716,77.82484116108135,581.3512656418511,580.5999889019354,579.2960961620321,574.9977302278371,2018,females
At most primary school,45,46,33194,37.23877942801801,1631.4419372979053,38.564198349099236,30.314715510835292,0,244.6621143233532,246.3052880085042,254.584630474304,254.584630474304,2018,females
At most primary school,46,34,25904,22.779230247434484,1546.6681336215772,18.479771463866584,103.5206917850525,24.436380481778876,288.14031560231155,287.52382046093965,284.5407421344818,290.49711183900666,2018,females
At most primary school,47,35,24059,27.52141972342288,1572.016854399601,53.40620973440293,36.5476536846918,127.68610499189492,272.84035141163037,270.0657159111109,268.1718680247447,284.2798822922767,2018,females
At most primary school,48,36,25188,24.938174696489764,1431.2363691705043,146.64919803080832,173.64022550420836,225.62331268858188,320.54377817730153,337.88612537126704,361.3339540329509,350.3151266206644,2018,females
At most primary school,49,34,28154,26.017616732830458,1045.9192773081386,79.9538253889323,143.8658420354716,0,203.4340194090953,213.8533314614161,230.07234228218147,230.07234228218147,2018,females
At most primary school,50,41,31664,28.858630176510434,906.0119062657908,113.5853019201617,60.67947827185447,35.11664140138117,194.52559777367063,208.83937218324056,211.1531713592991,213.51190806882147,2018,females
At most primary school,51,24,19413,15.20930986867873,1794.4100001717063,10.101220831401639,25.50524562578341,211.50775253695977,689.1483565937548,688.4112938394431,689.4455266293908,682.1577151089737,2018,females
At most primary school,52,30,25795,19.90809967686911,2184.933475479744,3.901918976545842,51.30063965884862,80.77663629902436,456.5645625991832,456.249057247833,451.5952192429807,479.4591679167813,2018,females
At most primary school,53,26,18923,18.3892510882543,1272.3578537582132,63.63367330761507,111.35012066444715,331.5682855079356,274.05793393011135,290.00231238252553,290.1118613016211,264.72022703667386,2018,females
At most primary school,54,18,16398,13.508731323375816,956.7645038012766,47.57287474082205,80.66532503963899,221.6794731064764,233.26445890868553,251.58563257568304,284.82556177853303,266.50788334290274,2018,females
At most primary school,55,26,18688,18.97940206961855,871.5994399257992,50.86740154109589,148.177752211758,72.27454337899543,176.79824679872482,185.2796542849518,199.44799010945457,227.26754897619517,2018,females
At most primary school,56,20,14157,15.91395226353839,999.2772480045207,115.66857385039204,91.70492806856443,6.559770196133833,335.6273132065377,370.0373494056321,391.9240299121151,390.82649580749245,2018,females
At most primary school,57,30,23312,22.94281282222142,1966.390943148021,31.84025394646534,49.917138526652934,242.61024365133838,322.09588863468775,325.34864030074107,332.29950551338675,364.9816136496483,2018,females
At most primary school,58,20,13108,16.905410784968698,1863.0294222357848,0,40.70338724443088,59.368324687213914,493.4020371293417,493.4020371293417,493.43204482476057,486.62546834076994,2018,females
At most primary school,59,17,13017,10.220534673196124,1386.7186243630124,31.38972113390182,7.835906890988707,90.7275101789967,523.3307650963445,529.1302124488806,532.8826168107274,575.9854146075035,2018,females
At most primary school,60,26,18436,19.199558397741196,1336.5632819845232,18.84356693425906,159.06107615534822,41.310479496637015,443.9622640168328,443.2714454132195,480.81170076965884,497.2541659325881,2018,females
Secondary school or above,14,8,6930,7.341090473300692,331.38528138528136,0,0,0,247.12706351531145,247.12706351531145,247.12706351531145,247.12706351531145,2018,females
Secondary school or above,15,15,12337,12.436025519899356,240.99051633298208,14.752370916754478,0,0,111.6448925026404,124.24079598610273,124.24079598610273,124.24079598610273,2018,females
Secondary school or above,16,16,13080,12.967781105252028,443.14092762487263,58.53211009174312,3.849388379204893,0,218.04064888153016,230.25363309053336,229.584096798102,229.584096798102,2018,females
Secondary school or above,17,25,20677,19.010870130224124,609.2457803356386,70.26647966339411,52.33915300414309,8.299076268317455,173.70348858630555,180.0829848047134,176.4327083190971,177.64038095751653,2018,females
Secondary school or above,18,53,39055,42.05162194478875,1051.5690692612982,124.9796440916656,9.909102547689157,0,180.50510816986863,194.57790696206902,194.8725226878059,194.8725226878059,2018,females
Secondary school or above,19,37,23592,30.755547362659115,1548.4321380128856,99.23787724652425,66.97132502543235,33.485927433028145,249.03675622218225,249.95629123142734,245.09090525740828,248.14195263040108,2018,females
Secondary school or above,20,74,52322,56.76059570276864,1256.9997133137113,75.31267917893047,24.94393690353325,0,166.38640091771444,170.3853459939693,169.6577924693295,169.6577924693295,2018,females
Secondary school or above,21,61,44673,46.780747398413496,1845.447667867989,103.69787119736753,0,0,234.6850007199519,233.37139413626747,233.37139413626747,233.37139413626747,2018,females
Secondary school or above,22,68,46960,48.12240824847733,1813.5397359454855,94.79067291311755,21.298977853492335,0,210.09502214476097,216.86804978712973,217.90156514234963,217.90156514234963,2018,females
Secondary school or above,23,56,42253,39.274770013228526,2093.4460235565125,50.15004851726505,7.014886516933709,15.856862234634226,280.4304515236651,278.1227066766289,278.97996700271364,276.30369232694267,2018,females
Secondary school or above,24,55,40217,38.33167572985393,2503.698199766268,88.73200387895666,128.07166952615395,25.541437700474923,338.45252491674296,338.71441223458254,343.46805437975826,344.72497059955435,2018,females
Secondary school or above,25,69,44247,56.700011129761755,2358.4790908611503,28.75539584604606,93.77679089354457,1.8456995201181248,278.3489890292147,276.6412268920661,272.42746951064436,272.56383559923603,2018,females
Secondary school or above,26,65,38743,45.06818879013286,3101.9245627167056,56.97106574090804,23.77848901737088,67.71355685758287,260.7863488925201,269.5668209524877,270.01857973821666,279.6112737945603,2018,females
Secondary school or above,27,58,30833,39.542178629658466,2607.12285538222,85.65498005383841,57.77305700602169,134.44631833857665,348.7306676229495,352.3597596411566,352.79808726787,345.10751374585004,2018,females
Secondary school or above,28,71,43242,57.23435601780718,3167.303682376702,37.09784468803478,122.08023063996423,5.799916747606494,325.17074132253543,322.4174676486425,324.26806298878427,324.7090099459532,2018,females
Secondary school or above,29,40,22234,31.55761242370264,2941.3207362597823,19.41890797877125,25.519474678420437,65.91256633983988,581.8248420579537,582.5334740507785,582.2367628526663,574.8839335562408,2018,females
Secondary school or above,30,76,49243,49.23383470619679,2930.115590033101,45.89525414779766,23.81286003425191,37.97900209166785,261.78278496539565,256.6889153310714,256.7045440127591,266.5980188801534,2018,females
Secondary school or above,31,48,27354,39.946691355868104,3108.814189271526,25.81194706441471,98.6961078209159,14.574346226024224,406.52670279484033,404.815026384914,456.5188677896829,467.2412979480168,2018,females
Secondary school or above,32,65,35127,44.93520840543148,3260.328802155986,11.051328038261166,58.63462104174376,0,437.0858512184222,436.57814197647184,436.036230741812,436.036230741812,2018,females
Secondary school or above,33,40,17456,33.45636448638971,2964.758086999694,20.568285976168653,83.55866177818515,0,380.57601738376303,381.63788832620077,377.86852932016313,377.86852932016313,2018,females
Secondary school or above,34,45,25565,32.75805841824758,3552.840132994328,36.70252298063759,21.134689353934416,0,436.8041513680953,440.15550540037333,439.43455927548155,439.43455927548155,2018,females
Secondary school or above,35,56,32011,42.394191957001446,3417.3484218966396,58.22279841304552,143.33822748430228,20.25345454166797,360.6534665189345,362.9688232112648,362.146557744555,360.57270435024225,2018,females
Secondary school or above,36,43,24948,34.291646097645256,3698.7641093474426,18.42151675485009,128.69007535674203,63.58559136336914,477.097163084379,475.1218682175019,494.13850478885973,495.6358555733156,2018,females
Secondary school or above,37,40,24028,32.37257750172167,3143.15995921425,30.764108540036624,164.85905332667443,110.8082237389712,515.0459684480392,518.2563595048991,531.4686268815894,523.1347250344687,2018,females
Secondary school or above,38,36,19136,29.248977725706677,3892.490889771461,24.632107023411372,81.92020275919732,0,748.2677953740557,747.7287337878246,757.5412260722364,757.5412260722364,2018,females
Secondary school or above,39,44,28379,34.41934597965331,3804.995292880886,5.752493040628634,56.26167236336728,15.451566299023925,512.7343835332156,512.1807550430707,510.61700973074517,513.6791570098601,2018,females
Secondary school or above,40,41,23360,30.542250862945572,3304.1811929223745,72.02739726027397,298.4032534246575,44.70319634703196,535.3807796260621,529.5024887690777,645.04617737257,657.0933889278543,2018,females
Secondary school or above,41,19,13250,15.549634921807424,2356.424905660377,89.8188679245283,16.367924528301888,236.65056603773584,407.3186215460402,397.23084703351583,399.13438162944965,468.34118503330745,2018,females
Secondary school or above,42,35,21772,27.047333119854805,3080.1169621532244,110.29946720558516,175.49758099087515,164.52324085981996,549.2699352678297,629.6273502514531,636.1567718503417,645.7011950060407,2018,females
Secondary school or above,43,33,16960,25.769533993664265,3919.8219536163524,20.72818396226415,74.94693396226415,259.82704402515725,677.7312235692557,677.7690746564202,703.0986238335424,736.3956639490875,2018,females
Secondary school or above,44,20,9804,14.574075185999924,3874.8927308581533,59.89392084863321,0.9281925744594043,20.14483884128927,934.8760454897716,928.6971165450134,928.4673139312769,934.3323270239663,2018,females
Secondary school or above,45,30,15333,23.538554073441013,4306.67255809909,16.894932498532576,19.913476379921303,30.25852735929042,631.5989208834418,634.810880535486,633.835606042124,634.0782008462197,2018,females
Secondary school or above,46,23,11196,19.965013321644776,4432.458020721686,7.529474812433012,378.7245444801715,255.0315588900798,570.2527936524257,569.4240031849811,590.976308209419,624.681518880699,2018,females
Secondary school or above,47,25,18111,20.043401479373266,3974.6968693059466,50.77190657611396,17.957778882079033,198.05642979404783,671.6350744574312,679.5028297114693,681.7696798310656,791.3096455049231,2018,females
Secondary school or above,48,25,13071,19.22529249891834,4051.76672277051,89.72534618621376,152.52849820212685,56.23135184760156,772.1413764298974,784.143459850957,772.1021869628545,765.9955287587159,2018,females
Secondary school or above,49,14,8955,9.901466291229601,4717.362814070351,0,269.57007258514795,7.072399032198026,1168.5696004151707,1168.5696004151707,1279.0393069369395,1278.5274704033898,2018,females
Secondary school or above,50,16,8894,14.335932060248322,7275.7052132523795,28.139194962896333,41.702271194063414,0,1635.4904527073509,1628.6479002752608,1617.4033160650988,1617.4033160650988,2018,females
Secondary school or above,51,9,5733,5.333575395178809,3621.9896505610795,27.489970347113204,0,0,2590.9113122857443,2588.619282735782,2588.619282735782,2588.619282735782,2018,females
Secondary school or above,52,15,6663,13.190194250937592,5148.215918755315,4.8851868527690225,279.6938316073841,0,1313.4738918623752,1312.2068947444798,1293.4434205948437,1293.4434205948437,2018,females
Secondary school or above,53,16,8428,12.825231285459287,3827.796828033539,2.3433792121499764,40.68185413700363,155.19696250593262,705.1920447697414,704.8986155958044,698.0686406999375,693.3824156599374,2018,females
Secondary school or above,54,12,6296,10.060617074078229,5170.425667090216,76.62007623888184,11.594663278271918,178.78017789072427,1383.1480682866863,1372.3532644621682,1367.539956616087,1354.5207396573617,2018,females
Secondary school or above,55,17,7505,14.963413043414732,3273.2871419053963,29.913391072618253,149.6691094825672,0,576.0805762772397,571.707235178215,606.8627824034545,606.8627824034545,2018,females
Secondary school or above,56,14,8432,10.880922450731116,4194.532179000633,0,212.76091081593927,486.71726755218214,1362.2812119087273,1362.2812119087273,1351.2955943260497,1441.6602493339294,2018,females
Secondary school or above,57,13,6349,11.25796307224654,4355.172205596682,54.71727831154512,146.8538352496456,0,1065.3269142508448,1061.2339929830428,1087.6982807701286,1087.6982807701286,2018,females
Secondary school or above,58,6,5249,5.235109854269306,3320.4019813297773,141.62697656696514,1570.413412078491,145.85635359116023,1157.8648840753535,1128.8739097356026,1516.1741204194745,1583.4610363453316,2018,females
Secondary school or above,59,7,3289,4.300758291690836,3753.8654099523665,368.954089388872,0,0,1284.306826875706,1313.4145385058753,1313.4145385058753,1313.4145385058753,2018,females
Secondary school or above,60,10,5863,7.638272323403624,2000.7329580988119,139.17789527545625,248.38819716868497,424.59150605492067,542.198752942061,511.8865215465175,572.2044930283081,655.2069250424009,2018,females
At most primary school,14,17,10494,12.625755459590694,283.20468839336763,19.91614255765199,8.042691061558987,0,147.19724807459056,150.72597256986725,149.6181712338395,149.6181712338395,2018,urban
At most primary school,15,29,21400,20.227859800030583,500.68196261682243,15.630841121495328,26.36993769470405,0,126.7360419563026,129.2985926871152,135.35807198916683,135.35807198916683,2018,urban
At most primary school,16,22,19013,15.905814630426287,470.4844054068269,136.04375953295113,5.459948456319361,60.17461736706464,126.20975198439575,197.9167356584556,197.53207291342696,201.100964465629,2018,urban
At most primary school,17,31,20618,21.34095727339806,1129.1255860574902,66.79406343971287,10.097972645261422,0,173.75013786128685,181.2653392092276,181.12569646926102,181.12569646926102,2018,urban
At most primary school,18,31,19601,22.160961303201056,1017.2237640936687,71.33360542829448,64.85383398806184,0,197.2809754356306,204.66436750036394,212.58278332540473,212.58278332540473,2018,urban
At most primary school,19,35,24200,26.989060683541606,1209.5980716253443,45.34710743801653,173.53977272727272,19.518595041322314,192.6216671964959,190.5363929393442,198.15003179210197,198.70548907841413,2018,urban
At most primary school,20,33,23762,22.189632656660713,1353.2058328423534,34.393990404848076,44.689700642482386,0,224.75807152627303,230.1982124198779,233.33671178449606,233.33671178449606,2018,urban
At most primary school,21,17,11448,11.759737830034226,2127.1051129746097,61.6701607267645,36.09364081062194,0,785.5609618573002,780.7457767379457,778.4717651035439,778.4717651035439,2018,urban
At most primary school,22,39,20838,30.848381082883265,1641.1374092203348,49.30079662155677,31.115030233227756,2.4954410212112488,155.14031012162468,161.3812712917536,166.66581801350392,166.29446816396077,2018,urban
At most primary school,23,39,21743,31.5165456214147,1081.3425930184428,103.02626132548406,58.31024161032669,72.1781722853332,174.41971875018035,197.03717531000427,202.81061718535534,211.35658169489562,2018,urban
At most primary school,24,34,21715,26.430114098047657,1684.910277074219,13.829150356896156,122.04697213907437,0,285.0514557524095,283.6327006538948,280.2307822433989,280.2307822433989,2018,urban
At most primary school,25,33,19569,24.377989058143626,1773.1662323061985,37.57984567428075,57.93678777658542,37.86601257090296,287.66455102855446,285.50678899808906,283.4671536289242,280.6670907138289,2018,urban
At most primary school,26,34,21884,26.299472867706214,1690.5727167489188,23.757082800219337,28.389462621093035,28.102723450923047,246.42731214684875,243.62078313233064,244.49044834297587,238.94478678427862,2018,urban
At most primary school,27,20,10767,16.944589366451847,1991.4934522151018,126.8598495402619,0,0,265.5293592221083,311.3594266517675,311.3594266517675,311.3594266517675,2018,urban
At most primary school,28,45,22670,38.12285714709596,1879.3160123511248,155.03520070577855,123.92809880899868,0,359.8177860345758,371.40507510696017,369.0523210719643,369.0523210719643,2018,urban
At most primary school,29,32,16882,21.003751760618393,1803.7888480827705,30.406349958535717,35.01263673340441,2.695178296410378,364.19995891295144,364.64346530858694,370.35751313329786,371.0435177871532,2018,urban
At most primary school,30,57,31707,43.11943668945491,1795.6745986690637,78.9507048916643,148.88662860987583,0,208.21056723010085,206.92311309189785,220.46445554071508,220.46445554071508,2018,urban
At most primary school,31,28,15574,20.946451410431987,2493.5814391507215,122.75266469757288,56.59316810068062,0,910.1296678600012,935.8017563302378,953.1061987868092,953.1061987868092,2018,urban
At most primary school,32,55,34755,40.62082338152719,2139.682779456193,85.3536181844339,96.21541265045798,5.682635592001151,282.699519161535,279.7601959998188,311.318084546818,310.30329968136334,2018,urban
At most primary school,33,44,27435,34.01495537916379,2138.114646740781,93.21705850191361,5.810400340198044,0,230.52370785111313,254.1576376761501,255.57572538725316,255.57572538725316,2018,urban
At most primary school,34,43,21684,35.47792215553139,2092.714735903585,62.05497140748939,50.05034433991269,0,285.54279701274316,288.15980294363715,281.51622236704003,281.51622236704003,2018,urban
At most primary school,35,61,42830,43.186759131963534,2321.9973227488517,25.21130049031053,178.24577788154718,97.63327885438557,483.0717285910888,482.65680105049705,487.0483805718261,485.9133461141215,2018,urban
At most primary school,36,42,24264,35.09022537927779,2018.0580283547642,53.997279920870426,65.1520771513353,0,241.6191928053899,235.7412859122136,233.34112531733757,233.34112531733757,2018,urban
At most primary school,37,40,28397,25.391716802885977,1939.2948903053139,26.236926435891114,81.43536289044617,42.19854209951755,429.47886365504303,428.12094179836737,420.2881080934,413.3466786913961,2018,urban
At most primary school,38,56,35453,37.55477395654999,2089.406070478286,27.144106281555864,137.1731682321195,18.362338871181564,221.9645465345177,226.06792602973343,234.69154546659553,239.64156492488306,2018,urban
At most primary school,39,42,32038,26.2042319476876,2071.875793328755,71.6024720644235,128.90484216659382,46.90835882389662,752.7189292531865,754.9169029307235,751.2164644479719,749.7089505569134,2018,urban
At most primary school,40,76,49672,47.48012941619845,1723.0876013314005,141.56617410210984,13.62471144038224,54.2035754549847,197.02912833505985,201.45959550890433,200.87231432905824,205.11191443223422,2018,urban
At most primary school,41,31,17321,21.343361748508237,1939.2056848141947,66.03025229490214,259.25562419413814,47.357947000750535,264.61453734992665,262.0093381114222,267.21027958109687,268.0916066674692,2018,urban
At most primary school,42,68,39873,45.19182493456328,2825.0502804738376,33.942768289318586,56.059405278425665,77.0446166578888,386.80767587472076,385.31390650425845,383.91836766126596,379.5633848573755,2018,urban
At most primary school,43,37,25073,25.969690222412925,1747.5144046052194,85.82060383679655,323.8410507983355,46.57732753692551,240.8345520718129,241.9066278467902,255.4821275754617,254.4056073859089,2018,urban
At most primary school,44,45,24341,37.812497052302035,2289.967106254194,52.132615751201676,2.3879462635060187,39.27940511893513,497.8626826400179,503.77010832208066,503.7597048373722,500.87361193779924,2018,urban
At most primary school,45,60,35517,47.68983015380916,2001.2029919944441,67.6253625024636,83.6089525203893,13.31756623588704,202.74798309091443,206.3801306067515,212.25866062423663,210.96588295331094,2018,urban
At most primary school,46,46,31617,27.352581419742894,3152.5853601965186,35.24369801056394,91.44331635934255,45.30790397570927,898.7116190245017,897.8529894696451,890.4444194524101,885.5033752362508,2018,urban
At most primary school,47,48,29004,38.55457629803258,2382.1539960005516,46.374637980968146,28.870155840573712,105.91642532064543,414.46156690906076,416.3305798854885,415.0050398987493,415.9529573850025,2018,urban
At most primary school,48,56,31265,40.18808863973239,2361.3016152246923,144.14936830321446,134.5590783090783,13.625459779305933,256.202240823875,259.67029538715377,266.1313706368968,269.36884547772473,2018,urban
At most primary school,49,43,30056,30.179327980432145,1536.7586283382132,84.57712270428533,51.49498713512554,30.692706947032207,204.40543466911666,206.72619848961713,208.30993052107675,211.62543218768278,2018,urban
At most primary school,50,71,46202,50.111017267183556,1989.7195720242992,71.35491970044586,62.93739087773979,75.78243366088049,273.65929679838786,273.51023640610674,284.93777619147846,288.20938186686203,2018,urban
At most primary school,51,31,23360,19.838827269923932,1598.6911957762559,64.96982020547945,39.175941780821915,44.22945205479452,312.07153709504126,333.06113619821855,337.2505862704268,337.83518484697026,2018,urban
At most primary school,52,46,25894,27.511694884000633,2464.8382894364204,9.632733451764887,73.47455008882366,97.80322339795576,384.9303959504543,385.3049932892373,387.6330098203108,419.31495473224896,2018,urban
At most primary school,53,46,25587,36.274191781641626,2109.3880942145097,36.405987415484425,87.58158439832728,28.86231289326611,304.18757240359275,307.42682502429824,304.06925565341135,306.8431272153443,2018,urban
At most primary school,54,29,17813,20.777471499017352,2086.9561556166846,43.79385841800932,117.7903778139561,79.49250547353057,306.256502398091,306.5422654446019,312.7293118773942,294.3460771440168,2018,urban
At most primary school,55,45,29807,30.346666083272183,1565.9880788629068,39.0448552353474,69.3215240267946,144.09926080003578,354.3792278765144,353.124601403463,353.4088871989193,349.97880716791377,2018,urban
At most primary school,56,31,16747,20.932623498123384,1604.3426285304831,82.2141279035051,160.46456081686273,5.545271789972333,265.7766152688774,286.26956452618725,325.78788035857247,324.4045957064861,2018,urban
At most primary school,57,31,17386,24.600937311895482,2068.38895279727,39.62095939261475,77.81950995053491,156.72265040837456,289.30467393907657,292.92116105387436,301.4622533407837,367.33981269578396,2018,urban
At most primary school,58,27,16161,19.607470672454212,1517.7107027205413,0,18.571870552564818,72.45838747602252,201.63101712127045,201.63101712127045,208.3884898152956,197.41459868669105,2018,urban
At most primary school,59,28,12461,23.13966459550504,2497.3647112323783,127.10456624668967,46.20014445068614,131.8246261669743,390.2802802198787,415.6209933493512,418.1273299046655,438.2779923875075,2018,urban
At most primary school,60,46,24612,36.78851822722925,2240.960371634433,18.350804485616774,348.5432580313127,49.31876049623491,287.73046531938326,286.4010583302248,333.7738845741627,350.84284569689527,2018,urban
Secondary school or above,14,8,5633,6.662932243881123,288.9579265045269,0,0,0,204.09003262278748,204.09003262278748,204.09003262278748,204.09003262278748,2018,urban
Secondary school or above,15,17,9884,14.388911341872799,417.5212464589235,97.60522055847835,0,0,94.98918453734665,143.12519545969042,143.12519545969042,143.12519545969042,2018,urban
Secondary school or above,16,26,19045,19.17151792530354,649.3331583092676,30.496193226568654,0,2.4678393279075874,155.10888976420802,163.93482116217325,163.93482116217325,163.7294662698362,2018,urban
Secondary school or above,17,38,20687,26.290007084969194,1005.0584908396578,33.919853047807806,6.901274552456454,8.29506453328177,171.66599277821203,174.005817106545,173.46349205060974,173.74684048384267,2018,urban
Secondary school or above,18,86,47729,70.85179031397095,1424.341420659697,73.26572943074441,19.33415743049299,0.9354899536969138,156.54991264998287,163.35948929984076,161.8400113329256,161.89978849320826,2018,urban
Secondary school or above,19,89,49161,66.67246328282395,1888.3053775689402,65.13903297329183,51.87065627902877,16.069648705274506,141.87525718934774,150.30514093068018,150.5332489758693,151.160447420666,2018,urban
Secondary school or above,20,125,73839,93.469570647546945,1683.2265785470188,87.44606508755535,14.728224018924054,0,137.46807167358457,143.271657118394,143.95598020409614,143.95598020409614,2018,urban
Secondary school or above,21,106,63224,76.78988903479099,2360.724871093256,80.5886214095913,91.43679615335948,0,176.3071930737464,179.12464840568686,214.19646301883836,214.19646301883836,2018,urban
Secondary school or above,22,135,78962,88.83612607536993,2621.824129539103,58.4204047516527,68.87996757934197,1.3740786707530204,161.78290097683043,162.75800534850765,166.77818440702038,166.8719749225217,2018,urban
Secondary school or above,23,137,80815,89.27106233364783,2705.8325238713933,73.84631565922167,33.70434531543237,0,184.1538336892235,183.4968623025586,184.39134385327847,184.39134385327847,2018,urban
Secondary school or above,24,115,68551,74.00714960177002,3392.108923769651,49.79847121121501,118.52258415875285,19.143897730643367,347.38307112070606,348.19006658678927,346.53977243999327,346.14656409538105,2018,urban
Secondary school or above,25,115,72660,81.65271993511924,2996.7776539132033,57.341728598954035,90.53926965776677,16.509890815671163,198.12218461732292,204.8151321504708,232.36587199746958,231.7218672049451,2018,urban
Secondary school or above,26,139,73449,110.11897574711047,3626.6530869492212,50.88183637626108,18.799892896204625,35.717658965177655,191.56963781128556,194.73791659221706,195.24334219675603,197.27475544821553,2018,urban
Secondary school or above,27,114,58778,84.90825252821064,3251.2409575011056,71.50124196127803,77.69034899679018,97.26229768507491,237.4920066956491,252.22652345624917,252.88291327252065,255.7578912239726,2018,urban
Secondary school or above,28,132,72957,107.27210280211567,3562.108659895555,48.74933179818249,63.47300464657264,3.437641350384473,234.27249360069766,234.7826014037948,234.56965527174643,234.7131141832939,2018,urban
Secondary school or above,29,77,40707,50.50796001998909,3727.5588821742367,22.78195396369175,39.507414777147254,31.247696956297442,416.5444945602509,415.9955818165439,416.82977983699465,416.36697599288465,2018,urban
Secondary school or above,30,166,91401,117.81455841513048,3925.172073245005,66.24826861850526,26.207864246561854,27.731862889902736,252.3700271081814,258.1012943122214,258.56319500135953,264.89127527168677,2018,urban
Secondary school or above,31,96,49467,79.32169972174985,3510.7745837292205,51.038470091171895,21.782535158118883,6.549821092849778,304.1386695247518,306.05766869040923,307.76400178834996,307.71322022218874,2018,urban
Secondary school or above,32,133,63611,105.75969638946347,3921.1520334533334,35.225432708179405,37.946660168838726,7.580973940565836,270.8609201614075,271.6689407106061,271.07394071305913,271.4094139171397,2018,urban
Secondary school or above,33,105,54460,78.4673615964792,3917.9470957277513,66.70565552699229,44.28673950299915,4.252662504590525,327.40868523040547,346.09795030087446,344.96968873797556,344.8374130863579,2018,urban
Secondary school or above,34,84,46603,59.5238526430282,4334.157364690399,39.47535566379847,136.32938508965802,0,332.68647773362426,335.93645861226713,335.3279849276754,335.3279849276754,2018,urban
Secondary school or above,35,109,54993,83.975839373103625,4330.317822268289,57.077809903078574,34.95323647252074,0,467.72347897163127,466.88327177076786,467.6927319740742,467.6927319740742,2018,urban
Secondary school or above,36,78,44767,64.32028050293904,4150.2853180542215,15.846940826948423,80.81604753501463,31.99901713315612,344.33121862639405,342.84780533266684,354.8751751055595,355.21258338990117,2018,urban
Secondary school or above,37,75,41832,60.62060121055783,4718.066970262001,30.542168674698797,116.70850066934405,9.430579460699942,577.11364799091,577.4399462581094,583.3318001611008,583.5161512199895,2018,urban
Secondary school or above,38,94,46399,74.09115980810823,5435.646493818113,37.77775383090153,72.9193157898518,20.04676824931572,578.7338145305854,577.6609366330757,577.5768173440931,578.2737871313606,2018,urban
Secondary school or above,39,80,50723,55.67411027215263,5650.301083006394,41.15628018847465,39.72195388022528,11.996530173688464,1654.7096936912774,1654.6274008418598,1653.848447893429,1653.9024882668025,2018,urban
Secondary school or above,40,96,57071,59.38304083593027,4119.22024904651,50.70456098543919,277.5424471272625,47.09338660031656,491.2900330858311,490.93200448376797,551.2172749953131,572.9859974893983,2018,urban
Secondary school or above,41,47,25786,37.025835088704824,4287.979782310815,65.06631505468083,6.301869231365857,121.60164430311022,588.3848561343121,582.7085949531623,582.5516125762013,582.5882074063354,2018,urban
Secondary school or above,42,73,38420,53.744869811919806,4743.446612007635,74.15559604372723,105.03210133610968,16.944299843831338,1677.7612901570617,1685.796452365618,1684.4346191476218,1683.9422865001595,2018,urban
Secondary school or above,43,63,29171,52.21204367848125,4852.589826654326,44.40540262589558,286.2449007576017,151.06327059979662,524.4762041328694,527.9074533964871,576.2717275620216,582.2363165304549,2018,urban
Secondary school or above,44,50,27686,37.67717747328142,5371.2337402778785,116.55818825399119,4.168677309831684,7.133569313010185,788.3580780414972,813.601498905484,813.2147913531412,813.7243351321563,2018,urban
Secondary school or above,45,68,33771,43.29494579307698,4683.886855586154,28.043291581534454,63.064957113104924,22.989369577448105,450.3223750241724,453.31124599633273,459.14751710946024,459.0185022462129,2018,urban
Secondary school or above,46,44,21369,36.119865080327465,5259.677804295943,61.94112967382657,244.32043302603458,209.60940302931036,550.6736222248301,547.7647375813694,545.6524951768031,562.2480945852615,2018,urban
Secondary school or above,47,49,27209,38.4841602417642,4385.711431266615,84.04388253886582,170.66901882955395,131.83137932301813,450.52924880710486,455.1021145703093,480.3335384994652,530.3964123749261,2018,urban
Secondary school or above,48,48,24621,36.73195378414897,4812.636556868798,52.48771374030299,125.12489338369684,29.85256488363592,537.0148705958713,539.6765891780335,536.7477239872195,533.3042790171327,2018,urban
Secondary school or above,49,36,23330,25.568106924687307,4041.058929847121,33.56065152164595,104.60780111444492,2.7146735247892555,556.4215848710359,555.5224668348544,593.8437183693113,593.8411286471885,2018,urban
Secondary school or above,50,52,26046,41.051078659123625,6256.051037907293,130.07064424479768,188.47679746090253,0,845.5399155652588,905.2695788399903,908.6449982934763,908.6449982934763,2018,urban
Secondary school or above,51,30,17316,19.66528365219707,18300.521882459383,9.101409101409102,984.3304843304844,7.57969507969508,11579.66483957567,11579.007702200568,12085.356110433671,12084.909559067684,2018,urban
Secondary school or above,52,41,21662,30.800383696747765,4989.1344674237525,59.00424706859939,158.0463484442803,0,645.4086653697206,669.0707120339023,653.3236140184829,653.3236140184829,2018,urban
Secondary school or above,53,42,21483,32.36927123789578,5097.642740771773,42.22641158125029,286.3014166239972,60.885351207931855,740.2591757594116,742.0647654907089,799.9433526286839,795.6698210105162,2018,urban
Secondary school or above,54,44,23847,32.72918316638083,6140.268573265679,160.89654883213822,112.64729316056527,47.20090577431123,1296.8648579728008,1325.656810819905,1320.712388596361,1318.47191508121,2018,urban
Secondary school or above,55,34,17398,25.199341183256053,4867.7356305322455,31.928957351419704,209.01578725524007,0,618.1412472019366,618.3413926034167,608.9552727624352,608.9552727624352,2018,urban
Secondary school or above,56,28,16410,21.85877261423641,5141.493195206175,25.886654478976233,476.0308754824294,367.9666869794841,1324.1920037794534,1321.8192686081313,1320.721324652309,1349.076389530994,2018,urban
Secondary school or above,57,27,12327,21.396554639846205,5451.002474243531,29.914821124361158,152.32597820502423,0,737.01181256222,732.9991928090182,768.920222899233,768.920222899233,2018,urban
Secondary school or above,58,21,13176,16.749026501953942,8485.602547561222,86.39951426836673,392.8354584092289,58.10564663023679,2841.796800781297,2834.152632036142,2806.8021826089894,2805.6707726272207,2018,urban
Secondary school or above,59,23,12857,17.44062641412845,5007.563713670893,129.34510383448705,90.07544528272537,18.756475071945243,809.4779233855446,791.4924106927319,788.7031294878068,796.4085769332529,2018,urban
Secondary school or above,60,25,14887,19.640330767325427,4757.496383869596,60.42856183247128,405.2058843286089,167.2183784509975,1135.055509755093,1125.6876925115544,1108.1477816360052,1092.5785087212407,2018,urban
At most primary school,14,51,56339,43.360058282373735,328.2102628729654,49.61610962210902,27.274090771934183,9.717365708774858,67.1716025417033,77.97304308644972,76.44432910405423,75.91244821037488,2018,rural
At most primary school,15,58,61010,52.30568133986135,394.2208490411408,127.65145058187183,11.570452931213463,0,81.01803326386484,110.59888511698485,109.87625125297279,109.87625125297279,2018,rural
At most primary school,16,65,67846,57.22200725010042,456.6997120930736,79.11814992777761,28.299887490296655,0,81.11067918638463,91.21704889525371,89.73456383202519,89.73456383202519,2018,rural
At most primary school,17,74,82428,64.65999773464587,680.2757922065317,69.14749842286602,35.24540609178111,0,80.22658600960548,85.7072555600884,84.12671303585837,84.12671303585837,2018,rural
At most primary school,18,73,80866,62.57576347616531,713.8186382410407,89.40852768777978,56.25097898581191,8.760171147330151,108.83687225529415,120.4186681559099,118.48435875055782,119.44441734180904,2018,rural
At most primary school,19,66,69213,57.36759565585344,1009.2474920414759,88.6135552569604,20.321591801154888,0,121.83404799859606,127.64784564421062,126.20943300643465,126.20943300643465,2018,rural
At most primary school,20,52,58338,45.81960337039869,759.973967796862,67.80743254825329,43.11552218679649,0,115.04724413418342,126.61877914392893,122.51992282764064,122.51992282764064,2018,rural
At most primary school,21,30,34123,27.223584168804585,1096.8142113335093,138.7921343375436,70.52581836298098,0,192.9230158540334,217.05586098383316,206.9854114430665,206.9854114430665,2018,rural
At most primary school,22,59,60896,51.81518901857301,877.3265020143632,96.27446794534944,50.51256787528464,0,110.98056122305923,122.50327424157284,121.18993230288564,121.18993230288564,2018,rural
At most primary school,23,52,56298,44.584150716162064,1267.6668383719966,152.21634871576254,18.491050599784483,4.682670787594586,201.6711062937044,212.5711431773527,211.33322172826294,210.8990091241148,2018,rural
At most primary school,24,41,40695,37.5211020129266,1248.162788221321,88.92247204816317,76.70991522300037,0,240.1895638880495,242.1053895039355,235.1116458330506,235.1116458330506,2018,rural
At most primary school,25,45,46281,41.00363205876014,1337.6244175075444,53.24880620557032,61.96236036386422,0,295.2333704049104,317.50386800230604,313.7986418284109,313.7986418284109,2018,rural
At most primary school,26,44,51601,38.74301078546585,1040.4903732485805,154.1890661033701,121.97281383435723,32.33270673048972,183.43920840052962,206.45055535154668,252.08921282291564,257.54856746445944,2018,rural
At most primary school,27,50,51520,43.7076107161822,972.0148809523808,47.21143245341615,63.80326410455486,104.73020186335404,152.26889041387554,153.38160121252747,157.474251982294,169.4467883436361,2018,rural
At most primary school,28,40,43679,33.34598073410182,1032.1797278631227,41.345726779459234,62.68497256500072,6.111251020704077,168.96956959544386,172.65297458114304,170.32521113979422,169.18708653365448,2018,rural
At most primary school,29,39,39798,34.39312080606865,1091.7152453222106,22.965978189858788,27.20614101211116,112.11786186910564,224.0715878351847,228.43139632961632,228.6524928327994,229.54376487178214,2018,rural
At most primary school,30,67,67520,60.30647876944131,1242.1061413902055,69.6199644549763,182.61738497235388,7.508392575039494,167.40729351489549,168.19606882322125,217.39003774067345,216.8519739095626,2018,rural
At most primary school,31,41,45553,36.04434910131172,1600.551657775924,70.72871161065133,85.71833907755801,0,307.3228830461353,310.1029587019528,301.2939315064243,301.2939315064243,2018,rural
At most primary school,32,55,58406,50.02206808997676,1251.8446278350398,72.41653254802588,129.80248176557203,69.07429601981532,172.94121649598253,189.15282461327638,185.72714899681458,185.61634632202833,2018,rural
At most primary school,33,53,57864,44.515200441099324,1152.4923613991427,76.82168533112124,76.4493467440896,10.011982118991659,170.8821382855489,174.10867309327912,171.4314571476342,171.26033836915633,2018,rural
At most primary school,34,41,47471,34.611112234867214,1274.5325848061625,78.59042362705652,119.00596328986819,48.75608266099303,183.87245747638093,195.97433589579592,199.17422207901257,200.72307813276544,2018,rural
At most primary school,35,50,57569,44.46474841644995,963.7846294591418,56.124303010300686,46.22317132484497,0,132.00554474272994,132.692945877665,130.79135216274878,130.79135216274878,2018,rural
At most primary school,36,52,55041,46.07330472525961,1269.2041266207614,67.38158827056195,112.27142039570502,2.8615032430370086,149.97010643375876,159.87980539773926,158.49673701068886,158.26613887632112,2018,rural
At most primary school,37,53,55300,46.43097934386303,1212.7415189873418,76.33164556962025,53.75509795057263,55.00361663652803,271.4243089918471,282.0853013217906,279.8055687205334,324.1270500242041,2018,rural
At most primary school,38,62,65754,53.462480296199445,1350.4882187141973,45.214739787693524,104.93517124433494,25.199861098437612,141.69249895668597,140.95016835103394,140.85276009939585,138.78962276142624,2018,rural
At most primary school,39,49,49131,42.39224336616857,1199.7495742674348,77.65504467647717,73.60416539455741,27.402251124544584,136.81806840213432,142.25145939656545,142.73694900236853,143.96099308136,2018,rural
At most primary school,40,67,68809,57.87430420675264,1614.057778294506,30.003633245651006,169.29839604315328,43.24797628217239,199.15726878317963,199.00768370605527,213.78092097045828,215.5732552871299,2018,rural
At most primary school,41,42,44130,38.083337690932765,1363.7019714479945,146.24223883979153,66.24690875443764,70.0959286955208,163.126082495422,198.79157830887834,203.10353701428883,206.01515989967413,2018,rural
At most primary school,42,60,59738,52.13272564607116,1376.3679176850023,24.826743446382537,152.78748591069896,0,203.5202587510921,202.93749298478838,208.558273206619,208.558273206619,2018,rural
At most primary school,43,46,49359,40.66899439128279,1602.449350675662,28.281367126562532,115.21024872194872,63.9761745578314,241.85888643099165,242.72686766599486,241.47591423112533,234.224711338795,2018,rural
At most primary school,44,37,36009,32.968596631057785,1230.5822340711118,35.76466994362521,71.30661778999695,25.493626593351664,167.726859483574,168.4212701950603,162.5990362612125,160.9456770148234,2018,rural
At most primary school,45,56,57681,50.33588207667553,1390.8264593193599,54.4753038262166,105.05481296556347,26.733239714984137,192.85705674464182,193.77721511129135,195.9452273042442,192.79159311896447,2018,rural
At most primary school,46,41,43555,35.53557690890174,1866.062641105116,48.2415336930318,30.509509049860327,294.3221214556308,273.5790883941288,276.87133069154817,279.7494096396619,338.70491464331167,2018,rural
At most primary school,47,36,39673,31.472285968192043,1370.0259874473822,35.397121468000904,12.26932254513985,16.000806593905175,252.16787636186376,249.84461080490567,249.5799401714874,249.8476394264298,2018,rural
At most primary school,48,34,36168,29.00078942052348,923.3543924647939,47.086374695863746,42.91560679790607,228.92243603922435,138.91469931114972,145.71472424330392,143.29126554288112,152.57934064159258,2018,rural
At most primary school,49,34,32176,29.943919766912366,2015.0327884137246,22.324714072600695,114.06013540112714,48.068954085861094,485.43806348075094,485.6547557680593,483.84337888326075,493.993765131981,2018,rural
At most primary school,50,51,56075,43.481560630678416,1359.7180145638283,58.1137761925992,61.103966414028825,122.9591321147273,232.0429992094348,239.194945746839,243.9643718226701,238.68349700434925,2018,rural
At most primary school,51,25,25670,21.348259094269885,1833.0805090248018,57.962602259446825,269.13803402155565,159.95325282430852,552.428192757269,553.6397705657635,563.1157169626374,554.107415400482,2018,rural
At most primary school,52,21,26371,18.73369753565938,1760.8582407442518,54.861021576732014,44.156902152617135,28.350587134857737,447.62625130811364,443.02996492867123,439.137167217125,435.16469703199675,2018,rural
At most primary school,53,36,38221,32.74823237717543,1096.2991549148373,71.05769079825227,100.17132815293513,164.22298387448436,189.02855941949224,195.95426566753378,193.64784645561167,183.29641666832057,2018,rural
At most primary school,54,28,33176,25.131580700737935,1383.4333554376658,40.37255847600675,118.65468762559281,183.46696407041236,488.2041437182459,489.0631443868863,492.6631648188626,568.3244481356128,2018,rural
At most primary school,55,40,44387,35.408905232715284,1559.8409969886077,43.89077883163989,124.29823672096184,0,470.98576873130895,475.8411482720692,469.28490820382086,469.28490820382086,2018,rural
At most primary school,56,21,22561,18.375714890211327,1517.7854409526765,103.77532024289704,30.27643573718659,81.03896103896103,589.3670247987612,586.3930864030426,584.6166633189448,576.3712253186831,2018,rural
At most primary school,57,42,43174,37.158042811300035,1460.544054291935,28.64247000509566,64.0991877827705,120.91266348573988,216.96085283795105,215.19589312588406,216.4708872268841,225.5055589878003,2018,rural
At most primary school,58,33,34880,30.28699463065689,1174.8178803516819,22.264908256880734,208.61979166666669,460.5425745412844,278.53413328240885,277.39886494964065,278.1663101099406,318.1953015572206,2018,rural
At most primary school,59,29,34490,25.665226537957654,1365.9394413839761,7.824006958538707,151.88731033149708,87.37556779742921,319.1350756841614,319.53752400997774,321.14926800477974,320.34440685500886,2018,rural
At most primary school,60,43,44403,39.4204142866897,1006.6713960768417,24.77107402652974,196.47593255710953,39.33735708548221,131.6513139477912,141.38271917634296,282.3764029089233,285.732326111288,2018,rural
Secondary school or above,14,5,5798,4.954054074765287,270.0931355639876,0,0,0,289.848851527999,289.848851527999,289.848851527999,289.848851527999,2018,rural
Secondary school or above,15,21,23346,18.51094397182554,241.65424483851623,7.795768011650818,19.64533538936006,0,104.661675577787,109.46219883645958,119.84160209876322,119.84160209876322,2018,rural
Secondary school or above,16,27,28104,23.905802818811203,641.2071531929025,117.37830913748932,37.14738115570737,16.688015940791345,164.19733017646018,212.49851062915488,215.7038125824389,213.56850715990936,2018,rural
Secondary school or above,17,35,39033,31.736654967281194,511.22588578894783,30.47728844823611,27.14668784532746,0,120.08258396219529,122.35728883207437,121.8630705087246,121.8630705087246,2018,rural
Secondary school or above,18,48,47494,42.423895217975776,858.77687707921,117.83972712342612,20.251680914080374,50.62393846240227,126.07321445621021,140.65732796832424,139.39476396522406,157.11452070773316,2018,rural
Secondary school or above,19,48,51224,42.201536562247156,1318.2045525534907,98.70314696236139,44.763668722994424,10.040866260607007,183.84112258223536,203.10477692339515,205.23581764164763,203.68629144712676,2018,rural
Secondary school or above,20,60,64586,53.263137418963474,1127.6846272153923,108.2051837859598,25.763607180090627,0,169.27787176564252,186.44373279069882,185.89255858149755,185.89255858149755,2018,rural
Secondary school or above,21,41,41231,37.52396846715473,1282.8059146435126,71.68926293322986,18.582138843750254,0,205.5131138661075,204.4132455710969,205.88204788790668,205.88204788790668,2018,rural
Secondary school or above,22,58,62363,47.01087657780239,1717.4604840476993,128.08436091913475,55.10241115191165,7.991918284880458,245.6715548450346,266.46652009119146,271.2775483106157,273.6482295339926,2018,rural
Secondary school or above,23,49,50618,41.81330077719564,3081.5922530852,58.38634477853728,57.80700541309415,93.86779406535224,1008.9081971195133,1008.2143688066932,1008.1862340275223,1067.8079595528025,2018,rural
Secondary school or above,24,55,53337,48.83562311256359,3219.7891019992376,89.5316571985676,40.87578353988164,3.8452981357531666,1075.1124482970063,1074.2037217130153,1075.3648449244763,1075.2098535267082,2018,rural
Secondary school or above,25,47,45819,41.46815115475163,1932.0288053718616,31.45921997424649,29.22814043664564,0.9530253097332257,329.6055605937857,331.4281171811748,332.91592445188724,333.05785295233164,2018,rural
Secondary school or above,26,31,32363,26.81527415930734,2285.406127367673,29.890306831875908,44.77492300878575,36.22655501653122,311.6243420691816,314.13109349645686,306.42424990620816,306.91760355886805,2018,rural
Secondary school or above,27,30,27488,27.048857546744014,2317.1369567326346,193.30616996507567,12.855064027939465,65.36185487000388,515.2633805005064,518.3414219091006,517.2960683198783,528.2667200267424,2018,rural
Secondary school or above,28,32,32842,27.46646588706774,2683.979089275927,177.24346872906645,105.96248705925339,0,358.4789952337862,391.0226859724384,407.0468178834104,407.0468178834104,2018,rural
Secondary school or above,29,26,25235,22.367502175702946,2823.9099795257907,20.1038240538934,43.38121656429562,58.07410342777888,692.8102492093474,695.1837071800051,708.9431318045561,701.7397064739355,2018,rural
Secondary school or above,30,28,29984,24.842162783983774,1874.242518231946,66.61552828175027,79.19323639274279,174.89327641408752,359.8594727130359,356.88281373295905,356.59204440392625,374.5019574051523,2018,rural
Secondary school or above,31,22,20489,19.942160061584257,3462.996380171474,4.515593733222705,138.39621260188395,53.690598207168065,1180.5722388104869,1180.025850524123,1222.6685076858623,1228.9706142966731,2018,rural
Secondary school or above,32,23,23930,20.633869913614785,2363.1177392394484,24.9937317175094,32.728531132469705,13.685750104471374,445.36990762712696,452.22008570004186,449.65755653127894,461.1710643836585,2018,rural
Secondary school or above,33,9,11307,7.780355043427877,2461.7141298900387,0,197.72213378143337,0,692.0239764898014,692.0239764898014,614.9359031767793,614.9359031767793,2018,rural
Secondary school or above,34,12,13853,10.947593422485632,3618.278495632715,128.19966794196202,23.55085541038042,0,920.6789243057351,941.0716328273493,935.6186796185586,935.6186796185586,2018,rural
Secondary school or above,35,15,14480,13.475626560488333,1747.0486648250458,106.46063535911603,215.8011049723757,44.77440147329651,439.13223650290035,435.5803863164891,475.84460095575133,478.6643654712326,2018,rural
Secondary school or above,36,18,16934,16.10274861605594,2425.072457777253,61.36766269044526,56.38951222392819,9.084288020156686,288.35900192593016,306.7829796706063,303.0467220723042,302.1242764987587,2018,rural
Secondary school or above,37,16,16375,12.98166555823622,3440.918503816794,0,42.453292620865135,162.59541984732823,993.1487064744296,993.1487064744296,994.3113946939385,974.8128144052309,2018,rural
Secondary school or above,38,16,16284,13.998397912535147,2893.7221403422586,92.4355195283714,12.527634487840825,137.10595267338084,935.9563854604181,934.7299168779364,933.0349092197813,903.7134160955317,2018,rural
Secondary school or above,39,15,13758,13.32842143154095,3925.081649464554,25.345253670591656,1.9943850850414304,0,546.6901662610752,544.029625588758,543.7615762262858,543.7615762262858,2018,rural
Secondary school or above,40,19,17231,15.997650844435727,2960.7053662971775,63.25575996750044,58.94028204979398,52.96268353548837,565.7465793471775,550.635167355294,541.1151727043026,579.6643564390994,2018,rural
Secondary school or above,41,9,7329,8.07397240094908,2625.0691317596766,106.30372492836676,88.876381498158,0,689.9907728607996,699.3021590711652,687.5843118505436,687.5843118505436,2018,rural
Secondary school or above,42,13,12333,11.420381592676739,3571.0405956917753,83.94551204086596,41.65990972728993,290.44028216978836,734.3136346504515,705.6866086538923,694.16326387014,716.8714614459946,2018,rural
Secondary school or above,43,9,8323,8.547526883949415,3679.4617926228525,0,348.13168328727625,0,1346.8145803172745,1346.8145803172745,1417.8063418144202,1417.8063418144202,2018,rural
Secondary school or above,44,7,6871,5.8032972016096585,2650.036020957648,58.11381167224567,89.05181196332411,0,855.5707682531395,848.3291907444434,802.2255143487229,802.2255143487229,2018,rural
Secondary school or above,45,6,5828,4.525499448528775,2072.0521619766646,96.29032258064517,0,0,676.8191287719314,643.4725760846766,643.4725760846766,643.4725760846766,2018,rural
Secondary school or above,46,5,3609,4.421351333461194,4246.15599889166,0,296.2039346079246,99.56590006465319,1843.3872953726475,1843.3872953726475,2083.217778353265,2034.612591379716,2018,rural
Secondary school or above,47,8,7293,7.030706354817974,4290.337903926139,0,147.9500891265597,376.47058823529414,996.1182411321854,996.1182411321854,1064.1352741217268,1349.813619539008,2018,rural
Secondary school or above,49,3,2982,2.8432127004996226,1496.7723004694835,0,87.3686563827409,480.5276101050749,689.7108714952909,689.7108714952909,598.6037879146397,128.82929682566865,2018,rural
Secondary school or above,50,7,5988,5.92776409656847,4894.016171231352,220.4074816299265,234.35760409708308,0,1630.5248223940196,1533.705617969218,1488.1188104106611,1488.1188104106611,2018,rural
Secondary school or above,51,1,1461,1,475,0,0,0,NA,NA,NA,NA,2018,rural
Secondary school or above,52,4,2739,3.319673861242349,5390.630156991603,0,0,0,1247.8685293419276,1247.8685293419276,1247.8685293419276,1247.8685293419276,2018,rural
Secondary school or above,53,3,2785,2.868455047443151,1648.4445242369839,0,14.307301017354877,0,267.82341003403076,267.82341003403076,250.84002160689576,250.84002160689576,2018,rural
Secondary school or above,54,2,1592,1.7950046531260933,3033.451633165829,0,231.7211055276382,111.49497487437186,2951.868673511058,2951.868673511058,3321.3140644386003,3233.3508761225185,2018,rural
Secondary school or above,55,1,712,1,1000,0,300,0,NA,NA,NA,NA,2018,rural
Secondary school or above,56,3,4274,2.451596503815413,1188.861254094525,0,0,0,1254.193644138385,1254.193644138385,1254.193644138385,1254.193644138385,2018,rural
Secondary school or above,57,3,2174,2.8541796252703944,2591.0354185832566,0,0,0,1734.7031741889791,1734.7031741889791,1734.7031741889791,1734.7031741889791,2018,rural
Secondary school or above,58,1,1192,1,3770,0,3800,0,NA,NA,NA,NA,2018,rural
Secondary school or above,59,2,809,1.947367481440707,1974.2274412855377,25.06798516687268,0,0,1587.6970734578802,1557.2943635406016,1557.2943635406016,1557.2943635406016,2018,rural
Secondary school or above,60,3,3286,2.9958809327082134,1852.07699330493,0,558.4297017650639,0,714.8379437040594,714.8379437040594,1260.6868617480707,1260.6868617480707,2018,rural
At most primary school,14,46,47808,36.76016133391881,372.1221971218206,49.15415829986613,16.083814424364125,11.451360999553772,79.5980017878883,89.65994140484831,88.3405840116672,87.57694925605654,2018,indigenous
At most primary school,15,56,59219,47.80866544868668,384.1897701751127,128.16857765244262,21.449703642412064,0,83.930446787592075,115.8369582512931,116.1089391904576,116.1089391904576,2018,indigenous
At most primary school,16,52,55820,43.474659388744136,387.5682909351487,97.89627373701182,19.143989609458977,0,79.88069818267559,104.2116894645851,103.47702882553288,103.47702882553288,2018,indigenous
At most primary school,17,57,61288,46.236951796626784,637.152890179698,67.4613301135622,39.96282578427534,0,90.35953315503542,95.75750904771125,95.34016812282444,95.34016812282444,2018,indigenous
At most primary school,18,57,62159,45.95585899898273,695.8731318071398,108.8798082337232,60.21115204556058,11.39657973905629,137.8937873411298,153.2138701234122,152.9861877405808,154.29957017069083,2018,indigenous
At most primary school,19,50,50461,40.94693590727265,993.6330367346399,80.4674897445552,97.48105797876909,0,127.9725218574576,135.23780358187489,140.36907608052098,140.36907608052098,2018,indigenous
At most primary school,20,35,36606,27.027393206438976,664.2758655229561,101.4505818718243,38.52255550091971,0,141.9294798130297,168.35335327336287,164.9478087766594,164.9478087766594,2018,indigenous
At most primary school,21,23,27189,19.71990830333344,1232.2475020535264,140.20684835779176,67.10627459634411,0,432.3564477995864,448.32370077546767,442.8630464113682,442.8630464113682,2018,indigenous
At most primary school,22,40,36126,34.138956968924234,954.1665836239828,57.41986380999834,40.5200778755836,0,154.61193335016836,163.00914692105798,165.4104527042908,165.4104527042908,2018,indigenous
At most primary school,23,46,44779,36.703595142615484,927.2232966345832,140.84682552089149,17.86423323432859,6.632461644967507,142.22611530183704,174.7662963712789,173.30524829141868,172.81259178260805,2018,indigenous
At most primary school,24,32,29365,26.822735385575456,964.2070832623872,81.59543674442364,163.76809126511154,0,167.61378425112557,179.27961651242626,180.90698304709778,180.90698304709778,2018,indigenous
At most primary school,25,34,29472,27.76832222705453,1004.997523072747,12.320100434310532,73.35623642779588,25.142508143322477,162.33405268166297,162.76017655998703,157.19032195708002,158.95363910692427,2018,indigenous
At most primary school,26,36,38246,29.07093686402951,1216.2049800414857,103.12137216963866,33.2757238229706,49.48491345500183,252.87175962289365,256.4328376791355,254.7423412346588,264.0298797786762,2018,indigenous
At most primary school,27,28,28362,23.626794516395652,889.7221987165926,69.39126295747832,42.17800225654044,145.93470136097596,150.50080591546808,152.80933730086974,158.8750561308073,203.69253189138132,2018,indigenous
At most primary school,28,36,34352,26.703989043049578,978.8422217047042,47.927922682813225,57.61060248796771,7.7705325260052795,155.00252146941975,165.4221053766175,174.04515655656223,172.349270895642,2018,indigenous
At most primary school,29,29,29953,23.86102398641629,925.9509453699685,38.72733949854773,0,138.1608965156523,264.32319492584924,272.5804439145704,272.5804439145704,278.926861646747,2018,indigenous
At most primary school,30,46,36134,36.031193335007494,1113.187441191122,44.141528754082024,123.41395915204517,0,153.11251087243969,154.56316781858112,167.73800736922087,167.73800736922087,2018,indigenous
At most primary school,31,27,30490,22.89587692006994,1148.96329944244,48.346507051492296,122.07972559309061,0,378.21531418197793,379.55279977057603,369.8081685664465,369.8081685664465,2018,indigenous
At most primary school,32,36,34899,30.774507849640905,1462.9085742666934,85.7377002206367,155.11768484292767,91.52124702713544,324.4392028174021,323.07875266607755,355.04443749443084,349.86824138017215,2018,indigenous
At most primary school,33,39,34207,28.269317017199988,1088.7646972841817,116.40833747478587,62.68492803617194,16.93610469591994,202.49475808295912,240.62453122907513,235.41674902500034,235.1712910473895,2018,indigenous
At most primary school,34,30,30861,23.289944687925324,1266.0693107805969,108.38028579760864,128.37871153451496,0,223.2872502491382,246.3976012124068,261.04859137830164,261.04859137830164,2018,indigenous
At most primary school,35,49,51340,39.09081360787337,1089.7653681340087,22.95325282430853,94.30213770938839,32.34320218153486,150.5249720669963,151.3142367840082,156.6169006325689,167.87818896053216,2018,indigenous
At most primary school,36,30,31282,25.250365545306693,1350.3863989940967,0,102.9481810625919,0,205.82827271933394,205.82827271933394,212.36518774098585,212.36518774098585,2018,indigenous
At most primary school,37,42,45255,32.93676332576206,1366.49800022097,16.000220970058557,34.20064633742128,87.08014584023864,364.66665955109266,365.4197991950112,364.4572278182649,421.3918248358877,2018,indigenous
At most primary school,38,42,39579,34.57031060745009,1312.9099859353025,38.370095252532906,69.89033536302922,17.38611384825286,171.04911176478308,168.67062646551034,170.22647215716626,167.62551837623172,2018,indigenous
At most primary school,39,46,44017,35.663505447488944,1680.579435218211,82.90251493741054,90.24353280172055,44.13067678396983,542.232219047515,544.8109347255377,544.6622568580432,543.4095473990931,2018,indigenous
At most primary school,40,61,57285,44.63326371565794,1700.0514852637398,100.31631317098717,42.617395478746616,70.15710919088767,249.96184761608913,251.29877021908786,248.88425101217686,249.13992498515898,2018,indigenous
At most primary school,41,31,31961,25.80009269293042,1365.7161749215188,190.00062576264824,120.992850661744,122.44987119718823,207.03003888941964,262.1414243782221,274.1877591612829,279.2812285455262,2018,indigenous
At most primary school,42,53,43465,41.779297386964785,1950.5866060815215,24.87058552858622,66.62612638521416,0,392.1080712758744,391.1922446479742,391.51811872482165,391.51811872482165,2018,indigenous
At most primary school,43,26,28228,21.291301738061993,1241.065502338104,4.995040385432904,339.5089391148269,75.64758395918946,243.43889285697543,243.95046684629807,279.8280486417644,268.4677110952235,2018,indigenous
At most primary school,44,23,21098,19.42406504536181,1003.506683097924,56.216229026448005,92.28339179069106,0,175.03802908213592,181.04645216171957,171.93968537385464,171.93968537385464,2018,indigenous
At most primary school,45,45,38718,37.868820217296815,1284.1363878988238,70.56459527868175,18.36817931366978,52.04297742651997,222.6094818452074,223.55400173568853,224.9725676285147,219.98285632274985,2018,indigenous
At most primary school,46,27,25630,21.007867513893114,1413.9219014176097,34.610222395630124,28.076472883339836,0,363.666823402383,361.5489763514618,359.7340016905014,359.7340016905014,2018,indigenous
At most primary school,47,26,23671,20.54600784451197,1994.278695450129,20.611718981031643,17.283560756481204,0,661.3125856957103,659.7791200919218,658.9714415862538,658.9714415862538,2018,indigenous
At most primary school,48,27,25280,19.712541881699284,1169.940466772152,69.83583860759494,2.3835541930379747,301.0152953586498,263.8200859336887,280.3439268348873,281.99063703292876,279.8730413710635,2018,indigenous
At most primary school,49,27,24350,22.796709893288995,1783.7373853524984,41.4476386036961,6.966416837782341,101.4031485284052,413.102798562488,413.3205819792084,412.2338346085979,436.6714776523181,2018,indigenous
At most primary school,50,37,37765,27.535437900940785,1633.8617679509246,38.34542565867867,9.084423407917384,119.81022993071186,333.77636450618917,340.5180411300647,340.35925265351653,337.71782087944774,2018,indigenous
At most primary school,51,21,20227,15.909408867713408,1222.168553583494,65.29885796212983,25.02018753810913,254.07623473574924,223.36915477515973,242.1021059049425,247.42034973057102,260.99484005463086,2018,indigenous
At most primary school,52,21,21892,16.32144336612518,1973.7558468847067,0,80.83371398988976,24.483829709482915,663.8175825632397,663.8175825632397,656.5368279641878,652.5283734044805,2018,indigenous
At most primary school,53,28,24808,23.244377135217896,1047.734682360529,69.58948726217349,82.83074008384392,196.1719337848006,200.39119147784902,201.77251291460922,192.6707545936507,192.0103561425694,2018,indigenous
At most primary school,54,21,21175,16.343727114740584,1015.2812593467139,55.41912632821724,112.7508067689886,104.77922077922078,206.4261878439468,220.64739960275102,253.0624090858356,235.07022751205207,2018,indigenous
At most primary school,55,34,29884,25.606161809901486,1656.247601838219,20.78537009771115,79.62454825324589,119.28345156828625,669.1933381549176,668.9037778180858,667.01997639684,665.0971330000483,2018,indigenous
At most primary school,56,16,15660,12.92702677372121,1596.8600893997445,51.077905491698594,43.618561089825455,0,804.5283841714516,800.4481286568134,797.5647189366373,797.5647189366373,2018,indigenous
At most primary school,57,24,23934,19.85737141833436,1144.0552770117824,5.226873903233893,35.82428066070583,187.0421436728782,234.05027620283147,233.93576607377247,232.27722882375778,272.20438381264114,2018,indigenous
At most primary school,58,24,21237,19.825627602137374,1149.19522531431,36.56825351980035,14.13288129208457,277.0824504402693,180.31548885662153,175.9909747872507,183.1900042889921,291.85803950809503,2018,indigenous
At most primary school,59,23,22576,16.38165694337887,1306.6841778880228,0,180.70930781951336,105.04887195842193,352.91551976740965,352.91551976740965,361.58517984299573,366.7781677525924,2018,indigenous
At most primary school,60,33,26904,26.508269684085022,1207.447665774606,4.8803151947665775,229.74898404202597,65.8624492021013,216.16176748144494,216.17071749401296,294.78871385610245,311.4393929379207,2018,indigenous
Secondary school or above,14,4,3248,3.6949398309424257,482.14285714285717,0,0,0,426.7335083628379,426.7335083628379,426.7335083628379,426.7335083628379,2018,indigenous
Secondary school or above,15,18,15767,14.663424548994843,211.94520200418594,3.1109278873596753,0,0,96.1234462451691,97.14014073735336,97.14014073735336,97.14014073735336,2018,indigenous
Secondary school or above,16,24,24928,19.7221899763615,397.65725288831834,98.14866816431322,0,18.81418485237484,153.7909297831195,218.69327086864604,218.69327086864604,217.17061397253363,2018,indigenous
Secondary school or above,17,27,27128,21.407252633595565,546.0428339722796,19.452963727514007,4.42961761525607,0,134.56238988910562,138.52563478856058,138.86309099551562,138.86309099551562,2018,indigenous
Secondary school or above,18,40,30615,33.08960178971138,716.7994447166421,22.170504654581087,33.42588055963852,0.30703903315368286,150.07026264775115,151.53519646093022,148.21116554903227,148.36994316062635,2018,indigenous
Secondary school or above,19,33,30053,27.23753537109481,1222.0966292882574,108.46803979635976,5.697850464179949,0,245.96397960162642,262.6656510353431,262.1072658745953,262.1072658745953,2018,indigenous
Secondary school or above,20,58,51255,46.31003105680227,1028.758379670276,96.09560042922642,11.113224726042988,0,180.27783803256582,195.96851486866515,194.76276451055216,194.76276451055216,2018,indigenous
Secondary school or above,21,27,21397,23.246778438816982,1527.5457229206586,88.97789409730336,0,0,369.947681217136,362.9078677660753,362.9078677660753,362.9078677660753,2018,indigenous
Secondary school or above,22,51,43761,35.67473025460786,1205.6159898844483,93.1106464660314,2.1869168132964663,0,204.44540435951376,214.05145351257056,213.8498243805894,213.8498243805894,2018,indigenous
Secondary school or above,23,40,35715,28.58564299135303,2047.0097251388304,124.92230155396892,1.3376732465350694,0,287.23091234762404,298.7974933397494,298.4467261195454,298.4467261195454,2018,indigenous
Secondary school or above,24,34,27898,26.236345358254102,2577.2030253064736,149.57308767653595,0,24.77596960355581,778.2175407246125,777.3447683583532,777.3447683583532,778.0527607585437,2018,indigenous
Secondary school or above,25,25,20031,20.87410609341499,1902.1441765263842,73.01832160151764,19.931397999767025,0,323.1401965321893,334.55816087384517,331.10581013404055,331.10581013404055,2018,indigenous
Secondary school or above,26,27,20993,21.95251403145886,2910.1301544959433,45.71476206354499,19.967846424998807,0,419.91949625541974,433.8054371160964,431.56479810256127,431.56479810256127,2018,indigenous
Secondary school or above,27,18,13729,15.417279090747062,1494.780634666278,48.07342122514385,29.161628669240294,0,381.86983369093963,396.31292140125726,398.0720966293587,398.0720966293587,2018,indigenous
Secondary school or above,28,27,20970,21.909044420055718,2047.5276108726753,116.91297091082498,63.51263710061993,0,356.6981893127379,390.46479320911465,405.1810117187668,405.1810117187668,2018,indigenous
Secondary school or above,29,16,11608,13.51161795876653,2714.1463932919823,22.176085458304616,1.9146278428669883,0,719.517916304459,727.4851758628702,727.5430666941165,727.5430666941165,2018,indigenous
Secondary school or above,30,26,20898,19.361725207628314,2510.83846939101,103.88553928605609,5.6317988962261145,0,484.2004245998991,513.2495533565586,511.70891474608806,511.70891474608806,2018,indigenous
Secondary school or above,31,21,15502,17.03432922828632,2760.737302713628,31.092762224229133,3.943577172837913,0,390.8941637765607,384.9597247717769,384.5332522036133,384.5332522036133,2018,indigenous
Secondary school or above,32,26,20040,21.9006623506101,3031.6329174983366,45.62200598802395,52.14207002661344,0,673.7503626177339,671.4986385956926,670.0311463732228,670.0311463732228,2018,indigenous
Secondary school or above,33,10,8747,6.830984273202912,3083.8829312907283,61.643992225906025,137.8232536869784,0,674.4620702798767,731.0905554835053,704.6350415774855,704.6350415774855,2018,indigenous
Secondary school or above,34,13,10331,9.523879980236506,3275.8413190075175,64.05478656470817,159.7957603329784,0,536.7219326605433,547.6376133574281,540.494394250816,540.494394250816,2018,indigenous
Secondary school or above,35,18,13954,14.339049832502289,2002.4548277674262,121.89479719076967,19.277626487028808,0,491.5023878222749,490.5752298924754,505.4220021870648,505.4220021870648,2018,indigenous
Secondary school or above,36,13,8659,10.650852009566952,2849.6135427493555,120.0138584132117,25.0028871694191,0,591.9891561277792,610.5082087264875,616.0262623200738,616.0262623200738,2018,indigenous
Secondary school or above,37,16,13407,11.557200532300435,3944.89660873673,0,51.85147062479799,0,1520.246288411915,1520.246288411915,1519.6562872032919,1519.6562872032919,2018,indigenous
Secondary school or above,38,18,12489,13.19329191726994,2118.4456988816823,67.71959324205301,123.58608909173407,98.63079509968773,507.3586213127268,513.9300263970644,565.2183045837386,536.4797704184926,2018,indigenous
Secondary school or above,39,14,11858,11.716360290073984,4506.752930511047,43.042671614100186,27.815715129026817,0,687.5753672650283,677.9969275302724,680.2709267244876,680.2709267244876,2018,indigenous
Secondary school or above,40,15,11636,11.507698458540446,1813.6129254039188,93.67136473014781,8.250257820556893,0,605.0310752833093,592.1034179263296,592.3976286985624,592.3976286985624,2018,indigenous
Secondary school or above,41,8,4665,7.100405654033522,3029.439085387638,30.525187566988212,0,0,702.9941561085677,697.6733565425301,697.6733565425301,697.6733565425301,2018,indigenous
Secondary school or above,42,8,7854,6.420982812860095,3396.012138188609,48.96867838044309,0,0,1264.24883964769,1245.7470237336659,1245.7470237336659,1245.7470237336659,2018,indigenous
Secondary school or above,43,5,2491,4.692716892577134,3766.677371872073,98.47450822962665,0,0,1067.2061457238103,1022.442396973312,1022.442396973312,1022.442396973312,2018,indigenous
Secondary school or above,44,5,2585,4.677061263799911,2367.32417794971,157.0909090909091,41.127272727272725,0,774.6272222574544,765.4245971309415,770.3868387664812,770.3868387664812,2018,indigenous
Secondary school or above,45,11,7572,7.49395871362857,4593.846627927452,0,26.096143687268885,0,1428.765836021397,1428.765836021397,1426.2128360912832,1426.2128360912832,2018,indigenous
Secondary school or above,46,12,6942,10.126925301172411,4819.188562373955,108.74387784500144,212.07144915010085,51.76222030154615,941.2176284748647,944.7655796710562,1041.1015354480037,1019.0088482936047,2018,indigenous
Secondary school or above,47,9,6425,7.362207266181675,5507.356835278858,117.9953307392996,361.55642023346303,427.3307392996109,1039.1676592005372,1048.1375228728343,1238.9618259471604,1437.2087726194563,2018,indigenous
Secondary school or above,48,3,1272,2.43128180006792,3277.376965408805,0,317.7672955974843,0,651.1769518942767,651.1769518942767,493.61191068873455,493.61191068873455,2018,indigenous
Secondary school or above,49,4,2200,3.6472863134827516,2225.61,0,0,0,559.3044492086087,559.3044492086087,559.3044492086087,559.3044492086087,2018,indigenous
Secondary school or above,50,4,2387,3.1975609331779196,4434.419634129312,0,0,0,1547.2306731813148,1547.2306731813148,1547.2306731813148,1547.2306731813148,2018,indigenous
Secondary school or above,51,2,2006,1.6549290040163747,610.2991026919242,0,0,0,273.73142685607286,273.73142685607286,273.73142685607286,273.73142685607286,2018,indigenous
Secondary school or above,52,6,3438,5.5688153531721465,4648.083963544696,0,219.89528795811518,0,1106.3501027428247,1106.3501027428247,945.701742066301,945.701742066301,2018,indigenous
Secondary school or above,53,5,4387,4.464719914685384,2519.2334169136084,0,0,0,1160.086304089633,1160.086304089633,1160.086304089633,1160.086304089633,2018,indigenous
Secondary school or above,55,3,2714,2.5963510493553,3750.5197740112994,0,937.210759027266,0,1606.5792059147584,1606.5792059147584,1167.3586913397182,1167.3586913397182,2018,indigenous
Secondary school or above,56,3,1618,2.308306264173835,1980.5933250927071,0,0,0,1005.8527307738628,1005.8527307738628,1005.8527307738628,1005.8527307738628,2018,indigenous
Secondary school or above,57,4,2386,3.275051602377506,3514.7604777870915,145.59932942162615,264.74811399832356,0,2265.527721527819,2264.937430720991,2719.2976190038776,2719.2976190038776,2018,indigenous
Secondary school or above,58,1,1239,1,2100,600,0,0,NA,NA,NA,NA,2018,indigenous
Secondary school or above,59,1,952,1,4000,0,0,0,NA,NA,NA,NA,2018,indigenous
Secondary school or above,60,5,4465,4.6200655413417735,2660.3222844344905,0,410.9742441209406,0,651.4574725718862,651.4574725718862,833.7646845420567,833.7646845420567,2018,indigenous
At most primary school,14,22,19025,18.327581805965753,193.03915900131406,34.394743758212876,44.78633377135348,0,80.96494102088359,96.59252869498492,96.0644212311943,96.0644212311943,2018,non-indigenous
At most primary school,15,31,23191,26.299018737487646,518.074856625415,22.961493682894226,0,0,113.13432931489433,116.47546257743912,116.47546257743912,116.47546257743912,2018,non-indigenous
At most primary school,16,35,31039,30.58606626870029,589.468303317332,80.21779052160186,30.77504644694309,36.86007925513064,122.00857429419048,133.9952388527713,130.56656127597338,131.51151194390044,2018,non-indigenous
At most primary school,17,48,41758,39.84798760792041,965.1865031850184,70.460271085779965,15.905135942015102,0,122.76291413707605,130.12879469095108,127.285305215464,127.285305215464,2018,non-indigenous
At most primary school,18,47,38308,38.859852922297605,898.1800929309804,48.56583481257179,54.22696738714281,0,124.48055614575048,130.7320600420563,129.09267258879743,129.09267258879743,2018,non-indigenous
At most primary school,19,51,42952,42.886332549843125,1140.473163841808,73.80657478115106,15.999002762773952,10.997159620040977,164.10896342756192,165.90859747647835,164.64062976682519,165.19658647004397,2018,non-indigenous
At most primary school,20,50,45494,41.275998343937665,1146.8271860025498,23.28482876862883,47.633387552937386,0,151.5244408723399,154.20607631107265,152.46656258985493,152.46656258985493,2018,non-indigenous
At most primary school,21,24,18382,20.56788930402315,1538.1412976462482,88.66935045152867,54.13991948645414,0,248.69860102332495,247.42398032419638,234.3654834164818,234.3654834164818,2018,non-indigenous
At most primary school,22,58,45608,43.8693342402646,1165.4418961585686,105.58915102613577,49.564988598491496,1.1401508507279425,129.1716015563242,138.39273338155292,135.82168286101935,135.75551393963045,2018,non-indigenous
At most primary school,23,45,33262,35.16869251983872,1604.1911991662157,135.36756659250796,45.3642670314473,46.17882268053635,264.3790576597124,265.4233061280115,265.5369435548825,266.7657369588422,2018,non-indigenous
At most primary school,24,43,33045,36.60624051821283,1787.4979674181673,46.087153881071266,29.139355424421243,0,293.6660573634772,290.61082013030494,286.2580860568325,286.2580860568325,2018,non-indigenous
At most primary school,25,44,36378,36.09220702657521,1841.398610882035,77.97872340425532,50.566001429435374,0,364.5569116241674,388.0247693430398,385.1464458806318,385.1464458806318,2018,non-indigenous
At most primary school,26,42,35239,33.910695565607625,1253.493612663999,128.6140355855728,160.12176376552495,11.089985527398621,178.55678196036888,206.28069962614316,277.52246789745766,275.8811256678257,2018,non-indigenous
At most primary school,27,42,33925,34.33060919038653,1364.3718693195774,53.947177597641854,61.63276836158192,37.04347826086956,219.25925249610037,232.1189127445908,232.29279309605056,228.02333920197685,2018,non-indigenous
At most primary school,28,49,31997,38.62784352261445,1689.6422893812962,114.82851517329749,111.52381473263118,0,329.12801439253883,338.30978447565815,332.36062632693034,332.36062632693034,2018,non-indigenous
At most primary school,29,42,26727,32.43865347981695,1727.2659857073372,10.001870767388782,62.627056285154836,13.814993577031967,268.5936865640222,269.6110225880776,270.19372774257783,268.6217267427643,2018,non-indigenous
At most primary school,30,78,63093,63.51443736345193,1594.1316178762568,88.90082893506411,199.57260182059287,8.035228419423179,189.56861184612188,188.87913395586094,234.15422248045357,233.43330841036584,2018,non-indigenous
At most primary school,31,42,30637,32.88044394877195,2503.93563338447,119.44935861866371,34.72594139983245,0,548.4483069387619,562.1590133859495,570.7380067060418,570.7380067060418,2018,non-indigenous
At most primary school,32,74,58262,58.16907245566778,1655.0387216367444,72.15449177851772,94.60297163388371,17.813554861373337,175.57563217670315,188.80817489713291,187.6777876760555,188.28319609334255,2018,non-indigenous
At most primary school,33,58,51092,46.65433218645273,1724.411245074245,59.12158459249981,47.73369607766382,0,199.902755784183,199.31112489915984,197.63268253232144,197.63268253232144,2018,non-indigenous
At most primary school,34,54,38294,39.137183817804285,1744.6492313852475,45.21966887763096,72.40633867794782,60.44027785031598,243.58872048117996,245.76665081554884,236.16209977451877,234.93423661163,2018,non-indigenous
At most primary school,35,62,49059,48.53964391636457,2017.7074271115732,63.84965042092175,111.16852497333142,51.389823138126204,436.6342771024463,434.3108724881487,439.9293590433642,438.53325677155664,2018,non-indigenous
At most primary school,36,64,48023,52.68001393404287,1594.6866501468046,104.51117173021261,94.53712283697395,3.2796784873914584,179.83304369534773,184.02765534050704,178.33732108670446,178.00950484912516,2018,non-indigenous
At most primary school,37,51,38442,41.697227796290285,1568.4380625357683,110.35065813433224,97.22248235436935,7.783153842151813,287.9349437635133,299.8193269252274,292.3197231031769,291.5456761657472,2018,non-indigenous
At most primary school,38,76,61628,55.02214778815772,1799.702268719846,39.21496722269099,145.9875056792367,26.284589255965905,174.26009285446352,176.0648639517095,179.04261422285043,180.4965690807234,2018,non-indigenous
At most primary school,39,45,37152,33.033212248109,1382.1486864771748,66.21850775193798,101.57864987080103,24.40380060292851,224.410561243042,226.40887483538108,222.82942196854174,225.49348802670724,2018,non-indigenous
At most primary school,40,82,61196,62.15505423378284,1622.0579721986187,54.738463298254786,161.52497712268774,26.951107915550036,154.0723583374847,156.61547405268365,177.04263782049102,181.98776304043804,2018,non-indigenous
At most primary school,41,42,29490,33.970680984616045,1699.5420481519159,51.704645642590705,120.27772973889454,0,194.16833301630376,194.69689541756432,198.69848610396576,198.69848610396576,2018,non-indigenous
At most primary school,42,75,56146,53.96586590714369,1960.6463446490698,31.266697538560184,150.79562064379772,54.71449435400563,237.56082123676052,236.95498180973146,235.50293891256695,234.75577355797807,2018,non-indigenous
At most primary school,43,57,46204,45.724572846211615,1901.955007502958,73.73214440308199,91.39189247684183,47.40397656768533,230.29957067041207,229.94477309011455,229.60007007605267,226.09549666888077,2018,non-indigenous
At most primary school,44,59,39252,48.023511804277256,2009.582721899521,34.92204218893305,17.293641088352185,47.74533781718129,364.32053144470217,368.6287377768274,367.8096108256222,364.82844931221985,2018,non-indigenous
At most primary school,45,71,54480,56.0404551132266,1864.570392804699,51.61380323054332,152.68037200195792,0,186.0862948248307,189.39166366221025,190.42545403017252,190.42545403017252,2018,non-indigenous
At most primary school,46,60,49542,41.840310435321264,2921.013106724261,46.9985063178717,70.65530257155545,287.6690484841145,592.2388965132701,592.6499177287693,589.6137396127777,597.9028973416059,2018,non-indigenous
At most primary school,47,58,45006,45.45796770745962,1693.9622383682176,50.24796693774164,20.330437423158394,82.36235168644181,196.6831474758571,199.0266182869558,198.68972872406638,204.71868172696963,2018,non-indigenous
At most primary school,48,63,42153,48.01100945050992,1842.001320586119,105.43496311057339,135.1957156074301,26.00052190828648,218.4628283172712,222.99110315243774,228.16379887422286,228.8394864008532,2018,non-indigenous
At most primary school,49,50,37882,37.27535883592806,1784.2380814106964,59.42452879995776,133.2585396758355,0,350.7752794776873,350.84481431675607,350.8254821327382,350.8254821327382,2018,non-indigenous
At most primary school,50,85,64512,65.9358931346918,1650.4281632357804,79.1690693204365,92.86900111607143,91.015625,216.6331603449038,218.63114980534837,229.155235647212,228.45958742910125,2018,non-indigenous
At most primary school,51,35,28803,25.404255012279197,2071.99943292944,58.493733291671006,254.0652015415061,0,505.06605745043055,510.8450468559029,514.5797240964532,514.5797240964532,2018,non-indigenous
At most primary school,52,46,30373,28.712545541121287,2207.5742380842635,55.844664669278636,42.71556974944853,90.34833569288513,251.8749747009612,244.9557391161664,253.61075564799276,293.80763792219966,2018,non-indigenous
At most primary school,53,54,39000,42.0397475448207,1791.8554145299147,49.2574358974359,102.94188034188035,55.09316239316239,264.58551696370444,269.39655356903893,267.3186190508538,262.7084434758748,2018,non-indigenous
At most primary school,54,36,29814,28.100088744317226,2065.242984280316,31.730059703495,122.33144104559379,177.2321728047226,500.13587264883625,499.4243339472824,498.0986135609322,567.4321409804855,2018,non-indigenous
At most primary school,55,51,44310,39.23459789483057,1498.9565711276612,56.21394719025051,117.44510268562401,16.486120514556532,264.93612468039345,272.3035424688833,264.33201238915336,263.6282508157885,2018,non-indigenous
At most primary school,56,36,23648,25.273452340407378,1526.7191446774923,123.40303619756428,113.63751691474967,81.24097880018043,260.2486240416258,272.17114368903236,297.8310774207145,284.5062790768828,2018,non-indigenous
At most primary school,57,49,36626,39.92040689140899,1955.8980050601574,49.15524490798886,89.08889859662534,94.69766468264802,234.1310964114693,232.3324694716471,235.54613692772398,261.11885092814185,2018,non-indigenous
At most primary school,58,36,29804,28.89554891686715,1379.0065539301213,0,244.15039368317454,380.8322708361294,308.49166579764307,308.49166579764307,303.63711702672475,307.04309743402933,2018,non-indigenous
At most primary school,59,34,24375,27.07171732990421,1999.2291692307692,76.04923076923077,71.16307692307693,93.72991452991452,379.4694963286088,394.0181111002052,391.65310770943216,399.86660628378763,2018,non-indigenous
At most primary school,60,56,42111,45.26648956948246,1599.7856775347693,33.72657975350858,264.0949118599258,28.224612729848893,222.18177477859115,226.03836923950664,328.58717626737797,334.7301074716983,2018,non-indigenous
Secondary school or above,14,9,8183,7.7030402519767645,198.91237932298668,0,0,0,163.99935554837617,163.99935554837617,163.99935554837617,163.99935554837617,2018,non-indigenous
Secondary school or above,15,20,17463,15.817372781730468,368.0180954017065,62.857470079596865,26.263528603332762,0,119.49221977808631,148.1669929034042,158.29978051103703,158.29978051103703,2018,non-indigenous
Secondary school or above,16,29,22221,24.14435937819134,921.3912890208961,64.48629674632105,46.98213401737095,2.115116331398227,149.02651800045658,160.7955574775711,163.188412318346,162.85172889417584,2018,non-indigenous
Secondary school or above,17,46,32592,35.51758923011408,795.6944955817379,41.83848797250859,33.20497872688595,5.265095729013255,149.2742194332408,150.3388278128118,147.9369696152828,148.2733657492853,2018,non-indigenous
Secondary school or above,18,94,64608,73.23531200093872,1343.863386371141,130.24439697870233,13.331166419019317,37.759771751692256,139.0998316034637,146.7976251451282,146.22606832749184,152.00389655150786,2018,non-indigenous
Secondary school or above,19,104,70332,75.79258110117924,1757.7634741890843,71.06978331342775,66.42424500938407,18.545375267777587,131.32682939470226,143.01514957728799,143.76412590035986,143.09822152416248,2018,non-indigenous
Secondary school or above,20,127,87170,95.07865733267103,1656.4345063286298,97.74108064701159,25.030140338801576,0,134.42628076610646,142.00441464186343,142.33437211616655,142.33437211616655,2018,non-indigenous
Secondary school or above,21,120,83058,88.82601660042107,2040.2723889731674,74.00966794288328,78.82636430767255,0,153.52169088087018,156.75296661228026,184.71514854696105,184.71514854696105,2018,non-indigenous
Secondary school or above,22,142,97564,95.92227827166182,2678.974865216678,87.38983641507113,89.98759788446559,6.220532163502932,165.67779845039504,172.99196196786843,175.94169932675626,176.84409883768893,2018,non-indigenous
Secondary school or above,23,146,95718,102.00987505294542,3150.3681622056456,46.61286278442926,58.52730590554198,49.63956622578825,480.9269569547185,480.1401052679746,480.1251028509332,506.8849275433985,2018,non-indigenous
Secondary school or above,24,136,93990,95.93389278155162,3536.2010869950705,42.73108841366103,109.63967797992694,8.790616022981169,590.1627859626789,590.4078290646244,590.1372892968081,589.9347278003264,2018,non-indigenous
Secondary school or above,25,137,98448,100.89318394493161,2723.952159177095,42.10598488542175,76.37068977192698,12.628751557505822,204.31162426008999,208.60780243649342,226.29707496737365,226.09002176205811,2018,non-indigenous
Secondary school or above,26,143,84819,105.83954403447578,3292.237337742723,44.151310437519896,28.421688143772815,44.75207598926341,194.28451477108317,196.3573442338128,195.42531146583323,197.14216399237776,2018,non-indigenous
Secondary school or above,27,126,72537,93.29449944144224,3229.704265868913,122.09355225608999,62.3059036537675,103.58230971779919,250.77151176448925,259.15761540769023,259.51412459096156,262.9344918228943,2018,non-indigenous
Secondary school or above,28,137,84829,104.56615098376948,3596.5453883695436,81.64625305025405,79.91323721840408,2.9565360902521545,228.46394859362601,230.7132319582677,231.44367865371083,231.56169961474308,2018,non-indigenous
Secondary school or above,29,87,54334,57.54135159115529,3524.3732546226424,21.667556226303972,49.33795290855327,50.382817388743696,419.15472957068846,418.8689990249606,423.0985212884204,420.06804472598964,2018,non-indigenous
Secondary school or above,30,168,100487,119.43762997278279,3607.3366505120066,58.530536288276096,46.29714954836613,77.4102122662633,252.16900026921803,255.51951595320244,254.96900873843506,259.6896112908539,2018,non-indigenous
Secondary school or above,31,97,54454,78.46167652020323,3706.3185349101996,39.21181180445881,70.73829899242175,26.151736633978523,449.050553291174,450.39224231141753,461.3626914741338,462.7187373485241,2018,non-indigenous
Secondary school or above,32,130,67501,95.57141731070367,3632.8926361584768,28.511577606257685,31.882367174807285,11.995871666098774,259.1096223387565,261.5013044711018,260.9709883723841,262.64489429462895,2018,non-indigenous
Secondary school or above,33,104,57020,75.55929273119544,3757.1251578393544,54.25447211504735,60.36408277797264,4.061732725359523,336.77505805628186,354.1313211754117,349.95708563181853,349.85218587352114,2018,non-indigenous
Secondary school or above,34,83,50125,58.69014696318512,4354.434533665835,58.93007481296758,100.3243557772236,0,366.68658361904284,370.87735888639895,371.28276700984577,371.28276700984577,2018,non-indigenous
Secondary school or above,35,106,55519,81.12958168468703,4241.650209838073,53.66649255209928,86.06032769562371,11.67768391601674,476.17016092234223,475.33953512012806,473.8987474983389,473.3077650279558,2018,non-indigenous
Secondary school or above,36,83,53042,67.1045839802805,3811.8320607568844,13.374684212510841,82.12910523735907,29.90711763005417,319.4192701933599,318.3426195089048,328.4417323826419,328.9143581709868,2018,non-indigenous
Secondary school or above,37,75,44800,59.08419149914655,4482.633686755952,28.51875,108.9765625,68.23660714285714,523.5545247074557,524.1207875306886,531.1902269043861,526.6023606651804,2018,non-indigenous
Secondary school or above,38,92,50194,69.64103685922234,5436.360215696432,48.05992748137228,40.72033842026271,38.47040150881247,602.3072518813163,600.4424059584,600.3541717583386,598.6505982033509,2018,non-indigenous
Secondary school or above,39,81,52623,57.19997048268657,5456.937440219423,36.59749539174886,32.54122088567103,11.563384831727571,1603.8431879577504,1603.961873431762,1603.3041795185793,1603.3827998942963,2018,non-indigenous
Secondary school or above,40,100,62666,63.706307967142244,4228.780088086043,46.17751252672901,267.43728656687836,57.45167501781933,451.96570705043996,451.4607257787765,504.98517861635383,527.0544502632972,2018,non-indigenous
Secondary school or above,41,48,28450,37.56616642029513,4065.9629173989456,81.35325131810194,28.60720562390158,110.21511423550088,574.7876587294174,569.3281448299466,566.9979347915146,568.0358998267227,2018,non-indigenous
Secondary school or above,42,78,42899,59.02903505203407,4653.082430048874,81.58134222242943,106.04268164759085,98.67362875591506,1514.2210113060517,1520.9289871961537,1519.3631309404777,1518.4773751479825,2018,non-indigenous
Secondary school or above,43,67,35003,53.08534877573456,4650.923206582293,29.99885724080793,321.33102876896265,125.89397099296252,534.8311773391638,538.517196585069,582.4089078716582,588.0459583247548,2018,non-indigenous
Secondary school or above,44,52,31972,37.78864550791799,5029.30194649485,100.72094332540973,19.422463405479796,6.177280120105092,756.6369652409171,780.5690346380043,777.5617877084989,778.0958875409503,2018,non-indigenous
Secondary school or above,45,63,32027,39.15497438430938,4229.8952862688775,47.092453242576575,60.32930548183304,24.24123395884722,435.51755888320423,436.831552277623,445.8291791252251,446.29647821502624,2018,non-indigenous
Secondary school or above,46,37,18036,30.038465438117385,5226.415225105345,31.532490574406744,267.11484438530346,248.34460708213203,641.8201532392426,638.633473478977,634.4941344928302,655.2074822879147,2018,non-indigenous
Secondary school or above,47,48,28077,37.19316415287076,4104.266445845354,54.4442070021726,121.0860609514312,127.75581436763187,439.4852508523287,442.42847472395613,451.73332065722474,507.35403992829777,2018,non-indigenous
Secondary school or above,48,45,23349,34.422699393591856,4896.273980327494,55.34712407383614,114.63017688123688,31.478864191185917,565.7436029992806,568.3439596455665,566.4531394234942,562.646083196608,2018,non-indigenous
Secondary school or above,49,35,24112,25.181030401734137,3892.042876299491,32.47221300597213,112.02029418270295,62.05485512054855,570.5018693785536,569.9923128211078,605.0855434157174,593.2139643983542,2018,non-indigenous
Secondary school or above,50,55,29647,42.272099180538106,6127.618797854758,158.78908489897796,212.91867642594528,0,815.8269837581528,863.3527160518536,863.3157818936218,863.3157818936218,2018,non-indigenous
Secondary school or above,51,29,16771,18.813374607743167,18863.60693558325,9.397173692683799,1016.3178502573888,7.826009182517441,12020.881579984101,12020.172015189884,12545.194108941854,12544.707849563212,2018,non-indigenous
Secondary school or above,52,39,20963,28.586890322936544,5097.5267932388815,60.971712064112964,127.25277870533797,0,669.6922603062036,694.7830539443434,684.4864714955997,684.4864714955997,2018,non-indigenous
Secondary school or above,53,40,19881,31.242214605077667,5183.426387002666,45.628992505407176,311.3756434116325,65.79145918213369,766.2645231166003,768.0476860029901,829.0238545396568,824.0932993295164,2018,non-indigenous
Secondary school or above,54,46,25439,34.44583687185808,5945.840625286633,150.8274696332403,120.09906049766107,51.22449781831047,1235.142342720246,1262.7449408895004,1258.9661919408152,1256.2550725871617,2018,non-indigenous
Secondary school or above,55,32,15396,24.482716750456166,4885.811498657659,36.080800207846195,84.8575387546549,0,658.8682177297986,659.0399027856344,665.0558722093883,665.0558722093883,2018,non-indigenous
Secondary school or above,56,28,19066,19.505488341265654,4523.680705619077,22.28049931815798,409.7171229763278,316.70687786286237,1358.5052949737565,1356.811633955257,1366.4216282749107,1401.7730283314388,2018,non-indigenous
Secondary school or above,57,26,12115,20.9094662939316,5319.12505158894,1.7631035905901775,102.85046086119138,0,732.636696625883,732.1917478250195,743.321596428092,743.321596428092,2018,non-indigenous
Secondary school or above,58,21,13129,16.81510419384913,8660.083720516921,30.08606900754056,739.2489907837611,58.313656790311526,2820.1547840201115,2820.1490771789804,2763.445108412672,2761.676296433741,2018,non-indigenous
Secondary school or above,59,24,12714,18.146561572160643,4889.995018614651,132.3949976403964,91.08856378795029,18.967437470504954,820.4339489593339,803.7875077922045,801.8803059286238,809.3860436182505,2018,non-indigenous
Secondary school or above,60,23,13708,17.772323453581432,4744.122750705184,65.62591187627663,440.0569010796615,181.60052524073535,1254.971880249684,1244.7800724811395,1225.439425744875,1208.1446299769116,2018,non-indigenous
At most primary school,14,68,66833,54.521143844874395,321.14356680083193,44.95267308066374,24.254410246435143,8.191562052678568,61.27305144415139,69.60630087353043,68.44131046757447,68.08006573330628,2018,p99
At most primary school,15,87,82410,72.40084228536759,421.8663754398738,98.56224972697488,15.413542045868219,0,68.15795253801872,87.61412598544932,87.77113685024524,87.77113685024524,2018,p99
At most primary school,16,87,86859,73.12699415854333,459.7171124082325,91.57888071472156,23.300339247132328,13.171922310871642,68.75089346656493,82.7640508447791,81.68999210601021,82.21832669470956,2018,p99
At most primary school,17,104,102533,84.28290353861706,768.09987353665,61.51531701988628,30.364939417878475,0,76.27193502103235,79.44168622955117,78.15375180938251,78.15375180938251,2018,p99
At most primary school,18,104,100467,82.84387612978261,773.0126409666856,85.88213045079479,57.929386432029084,7.051071496113152,96.50471090093136,105.12066317285252,104.62664343231225,105.23938887710639,2018,p99
At most primary school,19,101,93413,82.94395110768009,1061.1512316272895,77.40475094472932,60.014996128304766,5.056576707738752,103.47917759628741,106.51439828430465,107.56442866106535,107.78444049474406,2018,p99
At most primary school,20,85,82100,67.59177532336285,931.6715996751927,58.136662606577346,43.571132764920826,0,109.86033320412977,116.25683082757202,114.74624962305342,114.74624962305342,2018,p99
At most primary school,21,46,45058,37.84035921050807,1219.1673990560314,120.77775311820321,62.580507346087266,0,162.5763837626952,176.93314175399325,169.89770698230234,169.89770698230234,2018,p99
At most primary school,22,98,81734,78.00225981254181,1072.0593143612205,84.2985783150219,45.56718542263114,0.6362101451048523,99.36560895156279,105.92428662828029,105.67044401893983,105.65332637188669,2018,p99
At most primary school,23,91,78041,70.74469965428777,1215.7550475604703,138.51150036519266,29.58507387142656,23.48758985661383,148.80660911605372,158.94297842630036,158.92842007584449,159.8251257984312,2018,p99
At most primary school,24,75,62410,62.84456903688244,1400.1251615659883,62.79442397051754,92.48453773433745,0,185.8479751375584,185.90289182674562,182.0113498120576,182.0113498120576,2018,p99
At most primary school,25,78,65850,63.81841325777166,1467.056729941787,48.59237661351557,60.76605922551253,11.252847380410023,220.89315763668964,233.922946564562,231.3730732126155,231.232090583691,2018,p99
At most primary school,26,78,73485,62.11508281337789,1234.0863725023246,115.34612505953596,94.10347916808419,31.073008096890522,153.37837134201916,163.47495231712176,188.5438590936049,190.8207805456929,2018,p99
At most primary school,27,70,62287,57.41671200333081,1148.243079080172,60.97954629376917,52.77416100737982,86.62642284906963,143.51404624905192,150.0951122760654,151.59155727716924,157.82579841345233,2018,p99
At most primary school,28,85,66349,62.27034540290041,1321.6276407079733,80.19092978040362,83.61040734097978,4.023170406989305,198.3924481904642,205.68307191036638,205.21508512804962,204.77600933203274,2018,p99
At most primary school,29,71,56680,53.88375627577181,1303.804634203717,25.182074805928018,29.531286756057398,79.5265819807104,198.0146224427238,200.4071433591044,201.80600492254126,200.95253030646558,2018,p99
At most primary school,30,124,99227,99.5435476186839,1418.9934308874265,72.60150966974714,171.8390575817738,5.109160477155075,134.43932468527444,134.65633512680046,163.12415381580666,162.77713521000626,2018,p99
At most primary school,31,69,61127,54.03518574047635,1828.0787049912478,83.98342794509792,78.29779802705842,0,358.79870778838296,366.6947308433267,367.0844570992853,367.0844570992853,2018,p99
At most primary school,32,110,93161,88.62302382347552,1583.0649341820433,77.2428913386503,117.27236093071849,45.425160027622425,161.48064928288443,167.08626808349274,174.51498462449473,173.3548179502003,2018,p99
At most primary school,33,97,85299,74.74471025075988,1469.5013227978443,82.09498352852906,53.72950835687796,6.791795136324381,149.04659513011467,156.22517152819117,154.0649655337479,153.8104617206567,2018,p99
At most primary school,34,84,69155,61.02958596516589,1531.0789193357916,73.40562504518834,97.38448051478562,33.46829585713253,173.43089474732162,178.9396759723767,177.32581217755887,177.29876088205975,2018,p99
At most primary school,35,110,99917,85.48968387600715,1405.919539884771,43.14400952790816,103.03840604368291,41.85106972120193,118.40347375093894,117.83943682372534,126.70071982838117,129.6480491517712,2018,p99
At most primary school,36,94,79305,76.20407870367538,1498.3219763360864,63.286551919803294,97.85487989407982,1.986003404577265,137.97051604960365,140.953411926535,139.06513767453907,138.91590102031995,2018,p99
At most primary school,37,93,83697,71.758939297939,1459.2489933928337,59.33534057373622,63.146551449474494,50.65906782799861,233.44723387002824,237.99584389384776,235.46222883890823,257.02939883801633,2018,p99
At most primary school,38,118,101207,89.58220524106167,1609.3325140553518,38.884563320718925,116.22820144192926,22.804664367747947,127.47573833209884,127.93481975623007,130.58799488856494,130.93625791342072,2018,p99
At most primary school,39,91,81169,68.54962818439441,1543.9841934728777,75.26604984661633,95.43174836863005,35.10145498897362,305.0843330589967,306.7403913527382,306.05519804985113,305.93331285482185,2018,p99
At most primary school,40,143,118481,104.93571107621447,1659.7674648255838,76.77513694178813,104.03372692668023,47.841004042842314,141.10637481796343,142.51045036117895,148.65664516109518,150.5645054977769,2018,p99
At most primary school,41,73,61451,57.92342291841189,1525.917392176965,123.63313859823273,120.64966802818506,63.68684534561412,143.80672746891796,162.09734727769904,167.85675343234777,169.3258132298027,2018,p99
At most primary school,42,128,99611,95.7451632384206,1956.2568039674334,28.47577074821054,114.06848139261729,30.839967473471805,216.00549359997862,215.484339065882,215.1530072831444,214.98013313092775,2018,p99
At most primary school,43,83,74432,65.86513767185397,1651.3156460482946,47.66390799656062,185.48916236744054,58.115237173975345,176.96526964280977,177.82938213102634,180.8155582243871,176.56709123003233,2018,p99
At most primary school,44,81,59473,65.22329314887416,1435.6817379314982,42.99110520740504,44.151211474114305,31.51177845408841,134.16747152817703,141.02946932587378,138.0739895385915,136.18312456199249,2018,p99
At most primary school,45,116,93198,93.85133004581411,1623.4359929039963,59.486684263610805,96.88196992782392,21.620635635957854,145.10324048581032,146.62171229434952,148.93156965077986,147.07832888789198,2018,p99
At most primary school,46,86,74690,62.19300196797855,2196.835582630428,43.05074307136163,56.50026777346365,190.81135359485876,256.4242878439344,257.35385913279714,255.67077260012982,273.2330807686892,2018,p99
At most primary school,47,84,68677,65.66256553806531,1797.4727419660148,40.03319888754605,19.28026607646422,53.974401910392125,251.61275005253358,251.90597882299468,251.55427235219761,253.46613155072146,2018,p99
At most primary school,48,89,66556,64.51599711438197,1561.8102550233386,93.30263236973376,86.5310603101148,130.80213153835365,175.73790366008072,181.9117320952825,187.43047466904002,183.84666254968528,2018,p99
At most primary school,49,77,62232,60.036637892813935,1784.0421701589748,52.39057076745083,83.84323579508934,39.67680078844753,265.8481542090847,265.9339503999376,265.83709769841016,271.2734800972122,2018,p99
At most primary school,50,121,101752,90.31436140837259,1588.3000956574156,64.42595722934193,57.09212841025238,102.17227507403622,164.5451396881451,167.5282791799923,170.41989224833168,169.75696427110427,2018,p99
At most primary school,51,56,49030,41.18256942243076,1721.4073628390781,61.301142157862536,159.57420626827113,104.81745869875586,320.94457341749234,326.1369518861274,332.82988325712085,330.05425647169073,2018,p99
At most primary school,52,67,52265,44.42160333186309,2109.6358047131603,32.453267004687646,58.68194138843713,62.75997321343155,298.26823910421274,296.39975133438975,296.5076596441362,309.0511568659777,2018,p99
At most primary school,53,82,63808,64.98029719080046,1502.5476925568373,57.162362086258774,95.1228424857907,109.94337178201269,186.89769183453794,189.4787094959471,187.32132504553283,182.73280441182825,2018,p99
At most primary school,54,56,49446,43.13068881044666,1313.569206811471,42.86494357480888,122.0460283271987,89.32370666990252,179.0774874562432,181.90323556061477,192.09030345666378,185.21999258483248,2018,p99
At most primary school,55,85,74194,64.82394259980963,1562.3105507183868,41.943957732431194,102.2116680594118,57.89102443144548,307.80747326936086,309.94206498733263,306.77917544903715,306.0845032412768,2018,p99
At most primary school,56,52,39308,37.59609599080283,1554.6627488891152,94.58926935992673,85.74251212645433,48.87520776093077,333.31593364664394,335.7827005220674,343.54363704423594,339.18427376126755,2018,p99
At most primary school,57,73,60560,58.72625522561655,1635.0485358872743,31.7942536327609,68.03811646851608,131.1932518714223,179.31452885706454,179.18702699531582,181.68791671447002,200.32509056399823,2018,p99
At most primary school,58,60,51041,48.70425403439557,1283.3872834257427,15.215219137556083,148.4453347962096,337.66432867694596,195.19964571517906,194.34790302791404,194.68751996056045,218.15556761468662,2018,p99
At most primary school,59,57,46951,41.5457415988235,1666.224638452855,39.48158718664139,123.83747595010402,99.17254158590872,271.5566068796841,279.6135981412411,278.801995732607,283.7247241284345,2018,p99
At most primary school,60,87,67438,69.79350759545557,1388.5531401682533,23.007206619413388,227.41581156024793,43.900026691183015,158.18293836869765,160.74461248432942,229.6464277892845,236.33535856875056,2018,p99
Secondary school or above,14,13,11431,11.315198137995825,279.3893797568017,0,0,0,166.16679143354744,166.16679143354744,166.16679143354744,166.16679143354744,2018,p99
Secondary school or above,15,38,33230,30.475495748847447,293.96448991874814,34.50887752031297,13.80198615708697,0,77.52651856746235,90.93478999816743,95.87097392034444,95.87097392034444,2018,p99
Secondary school or above,16,53,47149,42.784459707356085,644.4895084377894,82.28382362298245,22.14235720800017,10.944028505376572,114.17665592634431,139.68404313317203,141.42765048817319,140.39445927331815,2018,p99
Secondary school or above,17,73,59720,55.479240091742824,682.2894340254521,31.669792364367048,20.13367939272159,2.873409243134628,105.21227062480209,106.85140026558192,106.1152056808078,106.3458141270989,2018,p99
Secondary school or above,18,134,95223,106.2723551635619,1142.257024738421,95.49772638963276,19.79178699823922,25.71840136661661,109.68150699859386,115.7713182909111,114.74752013516984,118.69172201900545,2018,p99
Secondary school or above,19,136,99990,101.74186487402346,1589.8808947561422,82.5909590959096,48.434718471847184,13.044637797113044,119.16133350348262,128.3360695222076,129.23003585924573,129.02136395377687,2018,p99
Secondary school or above,20,185,138425,140.22595303962993,1424.0231653723436,97.13180422611522,19.87708626813557,0,110.74994067897983,117.7786289592364,117.83300286147767,117.83300286147767,2018,p99
Secondary school or above,21,144,102953,109.77963224385286,1893.3818206689784,74.03334531290977,63.593680287768855,0,139.82823779740156,141.62647058515938,162.65899969638085,162.65899969638085,2018,p99
Secondary school or above,22,193,141325,130.61432327405885,2222.7522737189693,89.16127366000354,62.800294828704516,4.294356978595436,144.63820792163526,149.92608920438872,153.0647303841135,153.69366402862502,2018,p99
Secondary school or above,23,185,129783,127.88016874725186,2413.131859206008,68.75546103881094,43.53337237285829,8.004900487737222,150.1361985194086,150.70749306660437,152.2546965511636,151.51566967775926,2018,p99
Secondary school or above,24,167,119633,119.63686712500039,2688.7482286102772,68.45172318674614,86.13871869244551,12.684042028537277,182.56191962013196,184.0488669441287,186.77132509055556,186.74927953151843,2018,p99
Secondary school or above,25,157,116209,118.25410537894628,2454.5697163444024,43.733962085552754,40.57628210092736,10.698614851976467,157.56876441685424,160.0233082886226,157.69500324908643,157.65684380073813,2018,p99
Secondary school or above,26,169,105383,126.3940933103712,3205.096088395029,44.64249451998899,26.85332707046361,36.019342145633864,176.6452947683364,179.30292868219303,178.47216159783972,179.8861993436962,2018,p99
Secondary school or above,27,140,83721,105.438422106874,2870.437106580189,111.18715734403554,58.76474639974837,89.74510576796742,227.28706883929493,235.865669233671,236.76406147925817,240.99711443843995,2018,p99
Secondary school or above,28,160,103602,122.47632213501612,3195.5062265528977,90.51596494276173,78.28825698345592,2.4208026872068107,199.66116626167334,203.61468914715965,205.63787506548303,205.76877175735004,2018,p99
Secondary school or above,29,102,65250,70.02668952225311,3232.0169770114944,21.987816091954024,41.424572158365265,41.95402298850575,327.0703360565211,327.5316732566632,331.74651396476366,329.67047041976974,2018,p99
Secondary school or above,30,188,117591,132.40459488161457,3288.0586694559956,68.47937342143531,40.56394622037401,60.49952802510396,206.43671282246984,211.35672587096778,211.16918043834386,212.13034450508346,2018,p99
Secondary school or above,31,113,67726,90.24138027505415,3331.0309556152733,38.64453828662552,27.46335725324592,15.140418746124089,368.80776845958115,369.9267893499562,369.8730746184034,368.99386431491433,2018,p99
Secondary school or above,32,152,85331,112.48906604104934,3290.9040110471774,33.2683901512932,37.466087939904604,5.651326403456345,223.31825644460577,225.08207868443702,224.69541001562447,225.12161841493156,2018,p99
Secondary school or above,33,113,65454,79.14406911166321,3583.266118189874,55.50142084517371,71.00406392275491,3.538362819690164,283.4825431693728,302.03995373212206,297.3464335776396,297.2685258081543,2018,p99
Secondary school or above,34,93,59214,65.64189505272884,4103.031901239572,61.06022224473942,112.80454509631731,0,327.6900759004329,331.79678414949615,331.79135594069277,331.79135594069277,2018,p99
Secondary school or above,35,120,66965,90.15603662244321,3279.1823987655243,69.89367580079146,75.36748052465218,9.681674506583041,209.85048435291645,208.9493098928564,210.9785272171192,210.48247639123394,2018,p99
Secondary school or above,36,95,60865,76.7509100442771,3613.8215148278978,28.72948328267477,75.13007475560667,26.06314521208138,285.6134352536415,284.9405577953279,294.2236020149811,294.8484869143337,2018,p99
Secondary school or above,37,90,57704,67.5830752536239,4234.7809741670135,22.141272702065713,85.75787929201903,52.97726327464301,494.8180780596191,495.392462582408,496.06198484106505,493.19804379800576,2018,p99
Secondary school or above,38,102,58906,75.43611021397237,4338.129330345522,55.30964587648117,60.85444040788149,53.69204042598943,451.6285125369529,450.3215543065001,451.7763973026988,448.48800361220844,2018,p99
Secondary school or above,39,93,62188,67.09551447349446,3922.9037140069895,39.17588602302695,32.840024066808176,9.784845950987329,302.91267299580466,305.2989112763563,305.2130936299461,306.2515934458421,2018,p99
Secondary school or above,40,112,72962,73.22533702725502,3523.640840437488,54.59992873002385,231.01374688193854,49.344407591166174,294.7434630265299,293.6748813702005,359.03985538050875,383.2766250495645,2018,p99
Secondary school or above,41,55,32830,43.93884210488553,3811.6045791450906,74.83703929332927,24.79058787694182,95.5108132805361,474.42737901286046,470.11138452521607,468.35252159613236,470.56747216190763,2018,p99
Secondary school or above,42,83,49976,61.55677016118081,3617.9658736193373,53.95305746758444,91.02619257243477,84.70065631503121,320.0324384783166,320.026107896419,318.9330433512772,320.21777036901165,2018,p99
Secondary school or above,43,71,37065,56.726424722588234,4523.7976078061065,34.948064211520304,303.45474167003914,118.89023787040784,501.0994176323332,504.1137375345603,546.7953411532156,552.6494596754986,2018,p99
Secondary school or above,44,56,34128,41.16293465418085,4714.907842045633,106.25673933427097,21.310624706985468,5.787037037037037,693.6494820352673,716.036700443986,713.2073896550179,713.7690729706244,2018,p99
Secondary school or above,45,73,39289,45.735164797494434,4296.591828077409,38.388098449947826,54.207708688606644,19.760594568454273,435.22725779615416,436.0191714325753,442.000821852066,442.2790154044778,2018,p99
Secondary school or above,46,48,23562,40.87214097464794,5069.961463373228,56.17604617604618,266.95031547972724,205.35084740967096,538.003819825965,536.1327871506127,545.93796713833,557.747697095646,2018,p99
Secondary school or above,47,57,34502,44.41359156157135,4365.551465615519,66.27876644832183,165.8667130407899,183.54298301547738,409.1206279698402,412.6599610321194,436.4715209948273,495.03621709219874,2018,p99
Secondary school or above,48,48,24621,36.73195378414897,4812.636556868798,52.48771374030299,125.12489338369684,29.85256488363592,537.0148705958713,539.6765891780335,536.7477239872195,533.3042790171327,2018,p99
Secondary school or above,49,39,26312,28.355965963732352,3752.7090237660886,29.75714502888416,102.65404884970103,56.86632208371339,523.4044428733545,523.247116596086,555.2407480425352,545.3524612505066,2018,p99
Secondary school or above,50,56,30321,42.78114299485531,5681.622445389883,150.53659180106197,208.18574585270935,0,716.5332581847251,771.1006456089017,774.0058309331883,774.0058309331883,2018,p99
Secondary school or above,51,27,16321,17.295305007972882,3262.7021577517717,9.656271061822192,51.83505912627903,8.041786655229458,855.9301171412003,855.5371127433804,880.0193593783044,881.5210535936105,2018,p99
Secondary school or above,52,42,23099,31.703267292064357,4698.904000173167,55.33356422355946,148.21420840729036,0,503.5206512018767,531.8800124305304,516.5531648705801,516.5531648705801,2018,p99
Secondary school or above,53,43,22770,32.74455524633087,4184.363065436978,39.83970136144049,271.86908944517637,57.44400527009223,616.6021063582887,620.4746881916495,695.3721299436328,693.2224420153881,2018,p99
Secondary school or above,54,42,24003,31.54768645429612,5013.133344443056,159.85085197683622,127.2840894888139,54.28904720243303,639.1404640824921,705.8473172216592,703.4421637402137,700.1216653950676,2018,p99
Secondary school or above,55,34,17516,25.218775095664572,4706.032456040191,31.713861612240237,219.8022760143107,0,634.9988172245465,635.5256751000964,625.6356608297666,625.6356608297666,2018,p99
Secondary school or above,56,30,20213,20.89986876368537,3626.2700407328616,21.01617770741602,386.467454938241,298.73513745279445,755.9757149614059,754.5609394474395,792.2593476836012,861.0824162574526,2018,p99
Secondary school or above,57,28,13648,22.56980262862945,5091.177535169988,27.019343493552167,96.60084505666278,0,704.8427830152391,701.9049545412339,712.2218624570833,712.2218624570833,2018,p99
Secondary school or above,58,20,12791,15.631094464407305,4964.1783936622105,89.00007817997029,758.7835196622625,59.854585255257604,747.8782171436544,744.3375639595293,760.9103243004025,773.1317701459657,2018,p99
Secondary school or above,59,23,12932,17.52137925918817,4543.9011753789055,130.1631611506341,89.55304670584596,18.64769563872564,756.0133351639743,741.2418812675526,741.6868376395307,750.486041927938,2018,p99
Secondary school or above,60,27,17579,21.259843336044177,3902.0862203007378,51.174697081745265,447.5396780249161,141.61101314067923,955.2720641190723,948.887825270694,947.2116409955491,939.2483578801673,2018,p99
At most primary school,14,67,66415,53.95635727451317,323.16476699540766,45.235594368742,24.407061657758035,8.243117769580167,61.692582700228016,70.08209303775703,68.8893546079594,68.51870551967538,2018,p90
At most primary school,15,86,81451,71.42588650066745,426.833409043474,99.72271672539318,15.595020318964776,0,68.81254814162851,88.47779230509295,88.62174189548456,88.62174189548456,2018,p90
At most primary school,16,86,86499,72.61329462954514,455.3875613205547,84.05241679094556,23.397312878376244,13.226742505693707,68.6822363547753,80.3377495508908,79.26681976324639,79.84450468610197,2018,p90
At most primary school,17,104,102533,84.28290353861706,768.09987353665,61.51531701988628,30.364939417878475,0,76.27193502103235,79.44168622955117,78.15375180938251,78.15375180938251,2018,p90
At most primary school,18,104,100467,82.84387612978261,773.0126409666856,85.88213045079479,57.929386432029084,7.051071496113152,96.50471090093136,105.12066317285252,104.62664343231225,105.23938887710639,2018,p90
At most primary school,19,100,92886,82.2277907379532,1059.796094136899,75.57446762698362,60.35549849636472,5.085265809702215,104.20954790566309,107.18273791441538,108.26207957035572,108.48548520215239,2018,p90
At most primary school,20,81,79579,65.35283392069508,949.6567980664915,57.21132459568479,42.81518993704369,0,111.07863182306784,117.01807176253564,115.53816032108965,115.53816032108965,2018,p90
At most primary school,21,43,43463,36.09378347490586,1174.9415518180215,125.21004072429423,64.87707935485355,0,164.63129387446912,180.8531240188661,173.7676248046181,173.7676248046181,2018,p90
At most primary school,22,96,79934,76.90682076458673,1089.805289363725,84.7046313208397,46.59329363391465,0.6505366927715365,99.37251265980026,105.6877145504114,105.3150751912206,105.29569799414604,2018,p90
At most primary school,23,87,75825,68.00554607622071,1164.016129244972,141.8315331355094,30.449703264094957,24.174019122980546,147.4744529782203,159.069159844733,159.19062029027853,160.25581534325423,2018,p90
At most primary school,24,70,59416,58.91681150841619,1168.2332143979177,65.95866433283965,97.14487680086172,0,130.29361206432029,132.37787278423508,129.1413622407139,129.1413622407139,2018,p90
At most primary school,25,75,63961,61.5729623381597,1387.433993631536,50.02748549897594,62.56070105220369,11.585184721939932,216.3034181697492,230.74846820608053,228.33690497114887,228.24825498829497,2018,p90
At most primary school,26,78,73485,62.11508281337789,1234.0863725023246,115.34612505953596,94.10347916808419,31.073008096890522,153.37837134201916,163.47495231712176,188.5438590936049,190.8207805456929,2018,p90
At most primary school,27,70,62287,57.41671200333081,1148.243079080172,60.97954629376917,52.77416100737982,86.62642284906963,143.51404624905192,150.0951122760654,151.59155727716924,157.82579841345233,2018,p90
At most primary school,28,82,65068,60.37184638568554,1178.7592569824387,81.76965635950083,85.25645350505113,4.1023749513329655,134.47710853931,146.885888494468,147.56871835943835,146.99111561142752,2018,p90
At most primary school,29,69,55775,52.59877966324309,1268.1342297923204,25.590676826535187,30.010458688181682,80.81697295682055,197.2902225623006,199.8785489443963,201.44026852361367,200.816077087169,2018,p90
At most primary school,30,121,98318,98.02610915887881,1407.0918973806083,73.27274761488232,173.42779721583705,5.156397268726648,135.5146423589133,135.79965145195493,164.8277683903427,164.4788466929863,2018,p90
At most primary school,31,65,57386,50.55067894558731,1484.395479733733,82.63609591189488,79.93635207193392,0,201.3307801194554,218.60429662090365,213.5663855631423,213.5663855631423,2018,p90
At most primary school,32,110,93161,88.62302382347552,1583.0649341820433,77.2428913386503,117.27236093071849,45.425160027622425,161.48064928288443,167.08626808349274,174.51498462449473,173.3548179502003,2018,p90
At most primary school,33,93,82994,71.93154330831938,1411.237599505185,84.37501506132973,55.22174293724044,6.980424287699513,144.63815279182296,152.96307030757075,150.88896336824087,150.6468062607535,2018,p90
At most primary school,34,82,68080,59.62933087766826,1457.1865844104975,74.5647179788484,98.92220549353702,33.99676850763807,155.73480872188526,162.66125753051244,161.56588927223277,161.78942998396116,2018,p90
At most primary school,35,107,97014,83.2388100609075,1357.9922760288894,44.435029995670725,106.12167745548751,43.10340088372125,117.73388521555964,117.3514755030855,127.203048486256,130.48013011937655,2018,p90
At most primary school,36,93,78599,75.3081372113199,1480.3422986721628,63.85501087800099,98.73384203361366,2.003842288069823,137.65808995879658,140.81817371957817,139.05008205222887,138.9008790645934,2018,p90
At most primary school,37,89,81026,68.71744571722685,1271.7709500654112,61.29131389924222,65.02620558010186,18.48187001703157,172.87805760415628,180.38574585727292,177.5772930443501,176.07833467889614,2018,p90
At most primary school,38,116,99851,87.99926877503097,1578.0487835207794,39.412624810968346,117.80660767877471,23.114357058684103,125.66183507016531,126.25375642615076,129.34077976557163,129.76307141346427,2018,p90
At most primary school,39,87,79132,65.89423935485563,1247.3165470353333,76.34420967497346,97.8883332069622,36.005029570843654,120.79613174696509,125.88911335253077,127.62366260821223,128.5804430487972,2018,p90
At most primary school,40,140,116467,102.72572046925472,1627.3670911073523,78.10276730747765,105.8327251496132,48.668292305975086,141.67862588679262,143.30203365656445,149.86100945563143,151.9187205025313,2018,p90
At most primary school,41,72,61173,57.4686520274356,1507.8572191435221,124.19498798489529,121.19795906690861,63.97626948708307,140.23148691365068,159.40183134330795,165.55128998937576,167.17328928583302,2018,p90
At most primary school,42,126,98399,94.09762841956658,1854.9862955924348,28.826512464557567,115.47348550290145,31.219829469811685,182.30280944948564,181.83852388745103,182.11770901502416,182.09027760222162,2018,p90
At most primary school,43,80,71618,63.089437087611095,1549.3594650320683,49.53670864866374,192.77736509443622,60.398689342530275,151.4120418257901,153.03487251858536,158.68630903331578,153.98418767402052,2018,p90
At most primary school,44,78,58253,63.18665850845268,1400.4308619298577,35.36315726228692,45.07587592055345,32.17173364461916,123.29910981868095,123.2028244049506,119.87779454073033,117.75809973263301,2018,p90
At most primary school,45,112,91081,90.73821991395687,1564.2935518933696,60.86933608546239,99.13380214680706,22.12316509480572,139.8905473553585,141.83672514598902,144.79492610939744,142.8706205667286,2018,p90
At most primary school,46,81,69425,60.62850477620346,2026.243519385428,46.31559236586244,60.7850918257112,205.28195894850558,243.82366404148928,245.43786795652133,244.17863102801817,266.36703127307953,2018,p90
At most primary school,47,79,63937,61.45216959935468,1720.3169395915772,43.001079187325026,20.70961780085605,57.975819947761075,256.8790440516905,257.4182110314001,257.12065598326666,259.530520543979,2018,p90
At most primary school,48,83,63212,60.078533614510754,1491.670089012635,83.07425805226856,86.91537339956548,137.72174059777677,180.09400189144898,186.19682046722005,192.13673113952854,189.12191523862523,2018,p90
At most primary school,49,75,60845,58.27575696924396,1638.90972690169,53.58484674172077,85.75449502835073,40.58125838880215,196.12243717304605,196.93286304525793,197.8797831466435,205.9984072148221,2018,p90
At most primary school,50,115,97067,85.7356280004334,1504.747847706567,67.53551670495636,59.847716010590624,107.10368439668821,160.9618465937236,164.72391755113046,168.30148051623252,168.12606311356393,2018,p90
At most primary school,51,51,45133,37.432917151632914,1276.7835729953692,66.59417720958058,173.35260969431087,113.86790153546185,184.59088952766538,199.28671943871026,221.61852738388825,222.58040912717587,2018,p90
At most primary school,52,61,45096,42.29187324424139,1908.584249896517,37.39178641121164,68.01072526757731,72.73704984921058,312.50477374985405,310.92838712042544,312.06585325282356,327.54080444383413,2018,p90
At most primary school,53,76,60768,60.62696409044757,1416.1178004870985,51.70675355450237,93.61667873442163,103.29065736352466,190.5594383966352,192.242592998213,188.92740214263847,182.95933563574403,2018,p90
At most primary school,54,52,47674,40.77874191260263,1206.7457384178658,44.45819524268994,126.58237019479522,92.64378906741621,155.14644015212562,159.46135540155058,173.97801977469473,166.97931427211378,2018,p90
At most primary school,55,79,70212,60.630234725893615,1313.526078163277,44.32276533925825,108.00849569874096,61.174253214075456,177.2729957137756,182.44235507917693,178.7767634019745,178.80133212893392,2018,p90
At most primary school,56,50,38492,36.35288417289325,1479.9590391076933,79.38571651252208,78.59728428418026,49.9113235650698,331.08566851742415,328.7947170936879,333.9337058481981,329.60288321981284,2018,p90
At most primary school,57,68,57531,54.91643238638921,1550.492882098347,30.69579878674106,71.62031484475037,138.10056027764742,181.5924468942528,181.1555501488511,184.54617106049136,206.11670491936707,2018,p90
At most primary school,58,58,49381,47.005308619788345,1118.5430698716782,15.726696502703469,153.43549813356015,349.01530953200626,142.24933262556934,141.39231748677358,145.646514399843,184.19720110663334,2018,p90
At most primary school,59,48,41354,35.573334073303286,1281.6726878496236,38.31068336799342,138.13157937160454,84.03661072689462,222.56513594758115,236.33998552236093,240.81733052912043,245.3241177580451,2018,p90
At most primary school,60,82,63603,66.00650198067235,1253.8090132016835,24.394446802823765,241.12805213590553,39.07776886834478,150.89485544277764,154.22898231554305,234.32253682617238,241.20188806117878,2018,p90
Secondary school or above,14,12,10387,10.316431713710328,307.4708770578608,0,0,0,180.87965456184835,180.87965456184835,180.87965456184835,180.87965456184835,2018,p90
Secondary school or above,15,37,32673,29.716850513869595,298.97591283322623,35.09717503749273,14.037278486823983,0,78.88053354172875,92.55885486409605,97.59177833922139,97.59177833922139,2018,p90
Secondary school or above,16,51,46083,41.474705130000636,633.909160283257,84.18722739404987,22.654558079986113,11.19718768309355,116.01468053585855,142.61472618821972,144.45103466423203,143.39803638980183,2018,p90
Secondary school or above,17,73,59720,55.479240091742824,682.2894340254521,31.669792364367048,20.13367939272159,2.873409243134628,105.21227062480209,106.85140026558192,106.1152056808078,106.3458141270989,2018,p90
Secondary school or above,18,126,90061,100.30364973326361,1063.6124478594138,96.7182243146312,17.150968047582563,27.192495456782996,105.50198734920286,112.48483942694135,111.67970321756256,116.39509856895907,2018,p90
Secondary school or above,19,120,89389,89.00896560220117,1425.2339363158032,87.38647932072179,54.178785980377896,14.591653708323543,118.25953528277064,129.87280556545275,131.7385520613814,131.66961954145467,2018,p90
Secondary school or above,20,163,123546,124.5643716618879,1332.3466509100524,101.59300989105273,19.88518986180586,0,114.26879952823508,123.08785062632172,123.41688191620197,123.41688191620197,2018,p90
Secondary school or above,21,122,92420,94.25452428991711,1744.1707485753445,72.79306427180263,8.289982327057636,0,144.072577044981,146.32547924952382,146.40743387868517,146.40743387868517,2018,p90
Secondary school or above,22,160,120750,110.55331985635719,1962.860480331263,93.80741200828157,62.33583160800552,0.8985507246376812,139.41631293875585,148.03926289678853,152.9024013776381,152.98984173208308,2018,p90
Secondary school or above,23,146,107424,99.30922080969171,2047.4939492106048,82.2754691689008,52.59431474034356,9.671023235031278,132.05603677969273,135.26015750121985,139.27709991755867,138.25844970875008,2018,p90
Secondary school or above,24,131,96760,96.2428726031047,2250.9607379082267,58.32394584539066,84.48342979192505,14.243282348077718,153.1724150179727,155.38675566992111,159.38953219226872,159.8956033531096,2018,p90
Secondary school or above,25,124,94645,94.1798424296797,2058.084843362037,32.29203867082255,49.821217884374946,13.136196664729603,152.6296578269289,153.06244227318146,150.71970382517816,151.02947538146955,2018,p90
Secondary school or above,26,128,79914,93.85814665236127,2633.8200993150967,40.66521510623921,30.63794620884117,32.22465817420394,163.4440667049711,168.04576225472064,166.34579331640563,166.59415010719565,2018,p90
Secondary school or above,27,106,64982,82.74460323837833,2221.8169595682907,96.03274753008526,75.71086352118022,102.66458403865686,184.04093660030597,188.17991095284387,193.19541126679474,203.58050933755317,2018,p90
Secondary school or above,28,120,81210,91.03064013255809,2632.892442433198,103.348725526413,99.87464597955916,3.088289619504987,171.83643858130523,183.27417063235646,190.29056974705026,190.62898718969413,2018,p90
Secondary school or above,29,79,53258,53.66235691262544,2575.9865387985533,25.88005557850464,41.68300224066494,51.40072852904728,274.60507571902764,276.57051705544984,279.38309251516176,277.69252443649265,2018,p90
Secondary school or above,30,138,92021,97.25757883029259,2710.7497527738233,70.40521185381597,30.58164259607408,60.67093380858717,179.55687435058488,182.30434769417485,180.76053308311714,181.35259091143146,2018,p90
Secondary school or above,31,86,53303,67.95844696875925,2457.1583025345667,45.36592687090783,23.844499058839713,13.15873402997955,190.79789509555755,195.46938124360463,193.71717406308426,191.75442231122304,2018,p90
Secondary school or above,32,113,68088,85.79912240141674,2697.2855520307053,28.633312771707203,43.649670279638116,7.08250107703756,197.51870712264395,198.65189793640837,198.69654802400478,199.7372988157949,2018,p90
Secondary school or above,33,89,51201,59.55125185428786,3039.7078572684127,21.340208199058612,86.14415083038743,0,250.010361314183,250.6075554586713,242.86311587062775,242.86311587062775,2018,p90
Secondary school or above,34,65,41775,43.483858926417135,3108.6908039098344,69.96337522441652,159.8948733293437,0,280.9801384616651,291.33235631359986,303.4917644831343,303.4917644831343,2018,p90
Secondary school or above,35,90,51504,65.92875089436426,2870.5182283576682,82.18216060888474,94.31112146629388,12.588019053536296,218.31480031998535,216.6628470960767,221.11631598986287,220.60135255709847,2018,p90
Secondary school or above,36,68,45102,55.451860759181045,2761.1380943934487,38.77034277859075,75.98465699968959,35.17212836090047,234.1864492695435,235.22253846601978,253.5471054179767,257.0190338629843,2018,p90
Secondary school or above,37,58,38198,41.81800653124404,2699.027645426462,6.919210429865438,25.372340611201285,69.70260223048327,291.11212173529134,291.63807695675393,293.06933666537276,289.4567965046247,2018,p90
Secondary school or above,38,74,43355,53.296322235225816,2920.6341137123745,62.25510321762196,46.524430092645986,62.20812670587783,362.18790305312035,362.7520089057819,365.7486588802293,359.45885609936227,2018,p90
Secondary school or above,39,76,50514,52.708632004968486,3479.0957176888255,20.49629805598448,33.81416537989468,3.365403650473136,282.39141550445015,282.49382612815066,282.3131251399918,282.2473935878287,2018,p90
Secondary school or above,40,83,53756,55.477678053758204,2756.248409479872,64.8805714710916,145.12473026266835,2.4493389885160104,241.4768937675409,242.57606383934734,268.6342377594631,269.2215584109042,2018,p90
Secondary school or above,41,41,24060,32.29761919241502,2962.4641174840676,102.11554447215295,33.82689110556941,130.3250207813799,288.73475493250464,284.9354180757999,282.6038689520269,300.6367947462349,2018,p90
Secondary school or above,42,66,41278,48.43743220671541,3029.543647140527,54.60337225640777,110.2070109985949,15.771112941518485,276.54373116239066,279.0372483996292,281.90212068881465,280.8952334855375,2018,p90
Secondary school or above,43,42,23281,33.65077317531439,2806.1707472473977,10.882264507538336,139.50431682487866,189.28167461306074,297.5844300230517,296.73172742545495,286.7737171245388,348.44615467025994,2018,p90
Secondary school or above,44,42,24518,31.367707974045153,3501.8484990619136,67.35174157761645,29.6634717350518,0,407.7168642727438,402.25711982908916,395.98503977773595,395.98503977773595,2018,p90
Secondary school or above,45,52,29195,30.516375249853738,3018.1324884398014,34.130159273848264,17.226694068619054,26.592704230176402,316.19176486287444,316.6008492934484,317.7025031021388,322.19315702014615,2018,p90
Secondary school or above,46,35,18004,29.665061499283322,4079.2551840331776,68.15263274827817,305.7116936976968,177.95638006368958,423.06851499219704,425.4215769157343,466.0444769132155,483.02175414080745,2018,p90
Secondary school or above,47,38,23476,29.137302392840606,3810.2221417617993,60.26239563809848,109.7070767308457,116.95348440960981,460.6743538486195,458.3375572345174,483.22967084940075,533.2117371333122,2018,p90
Secondary school or above,48,25,12583,18.77399430253481,3554.929031232615,39.56926011285067,217.33290948104585,58.41214336803624,528.6913376069058,526.4792443052219,515.135608292081,508.4507858546647,2018,p90
Secondary school or above,49,29,17530,20.460128499617163,2646.302329340179,44.66457501426127,16.37383532991063,85.35463015782469,344.7465169860408,351.4929842903166,347.37268865977035,328.49923263979105,2018,p90
Secondary school or above,50,34,18230,23.91239589999492,2787.702614737612,100.63466812945694,346.26439934174437,0,284.9959153952578,271.85776963195605,417.6261049499283,417.6261049499283,2018,p90
Secondary school or above,51,14,8878,9.765256850210337,1659.1905083727568,17.751745888713675,0,0,391.13276118216993,396.4399862176205,396.4399862176205,396.4399862176205,2018,p90
Secondary school or above,52,29,15869,20.763364173220392,4021.8561451047112,2.051168945743273,168.8197113869809,0,491.42748748871463,490.78865846083846,463.1393239983627,463.1393239983627,2018,p90
Secondary school or above,53,27,12868,20.99132713121926,3398.2419956481194,15.340379235312403,57.32404673090872,101.64749766863538,448.6809972252291,453.0393315999192,453.04201612062536,455.0383749876515,2018,p90
Secondary school or above,54,27,15173,20.2880753367974,3164.304883674949,41.44862584854676,135.22704804587096,85.88281816384367,413.7637661255003,415.18802502068047,419.2353975008594,425.89784342391255,2018,p90
Secondary school or above,55,17,8927,14.119361629108681,2886.1657891788955,37.078525820544414,339.96378029199803,0,532.8250126703895,553.7026372855186,561.0269960334816,561.0269960334816,2018,p90
Secondary school or above,56,15,10098,9.21041448381013,1829.2971875618935,42.06773618538325,303.19535221496005,160.42780748663102,470.65028147554807,479.0094327790281,678.2582067592673,815.4832330753708,2018,p90
Secondary school or above,57,12,6550,10.478510291788746,3241.9986259541984,56.29923664122138,142.34732824427482,0,725.0959522500759,726.6091451531673,788.0824706423546,788.0824706423546,2018,p90
Secondary school or above,58,8,4502,6.605561863740596,3688.85661928032,0,859.6179475788539,0,1079.779880133662,1079.779880133662,1248.9366254731447,1248.9366254731447,2018,p90
Secondary school or above,59,10,5674,7.884457949999731,2011.8047232992599,122.3863235812478,60.90941135001763,0,599.0779568747297,566.195270923795,562.8312180428536,562.8312180428536,2018,p90
Secondary school or above,60,18,12527,14.685515166040302,2471.224927489955,71.81288417019239,257.75524866288816,182.9552167318592,435.19583594986847,423.14225223556764,403.17086164538324,422.00170024470475,2018,p90
At most primary school,14,47,48213,39.68218599364213,271.59040092921,46.718561383859125,33.62153361126667,11.355167001984253,58.24863334800107,71.91269426772115,70.27025960868195,69.74917640668474,2018,p50
At most primary school,15,64,65260,53.83878419826679,330.53322096230465,119.3382623352743,19.46414342629482,0,60.4771768317632,95.44239678053928,95.95171245878412,95.95171245878412,2018,p50
At most primary school,16,61,64603,52.08340554023091,298.4069160874882,64.79343064563565,31.198770438937306,1.478259523551538,58.1572749974322,76.98857798454311,76.26165885539298,76.2900605154507,2018,p50
At most primary school,17,66,71952,55.15256255834223,537.7405492550589,70.2700411385368,36.80694537098807,0,63.13271395246617,71.561798202721,70.98002638090841,70.98002638090841,2018,p50
At most primary school,18,71,73540,58.26570363099625,583.127073701387,90.6285014957846,72.71541564681351,0,68.10727648316139,87.2682999118086,89.33041555565627,89.33041555565627,2018,p50
At most primary school,19,51,49886,42.40830680428067,657.3198893477128,79.87792166138796,78.04756511512916,0,93.3117608329473,103.80169212528456,110.71892048409606,110.71892048409606,2018,p50
At most primary school,20,42,46537,36.13525215418636,577.1481258640079,29.188172851709393,54.04889299553761,0,110.38535084636486,115.94982449912068,111.69539347466464,111.69539347466464,2018,p50
At most primary school,21,27,27987,22.331591960375455,819.1016543395148,93.14052953156823,100.7522242469718,0,143.50333649706909,170.06128959138988,161.2332161795978,161.2332161795978,2018,p50
At most primary school,22,55,49178,45.01902161671903,806.6477286591565,114.64903005408922,75.73281413097997,0,97.7930147697562,114.96916086308357,117.55286552215274,117.55286552215274,2018,p50
At most primary school,23,50,51491,41.60022643393107,810.884445825484,128.57986832650366,19.879501595748124,5.119826765842574,90.24568914834694,116.07833232660045,115.00436656009512,114.59309385075912,2018,p50
At most primary school,24,39,34530,34.35187760562477,779.7908485375036,73.03504199247031,112.125977410947,0,108.55526957148454,120.52526069129308,111.87225485397991,111.87225485397991,2018,p50
At most primary school,25,47,42774,40.26644378572583,794.9793098611306,44.06667601814186,73.2613269743302,17.32360779913031,102.45042865095286,104.88642164840257,102.59419548760769,104.63387390428858,2018,p50
At most primary school,26,42,42775,35.013931126968444,760.9594778881745,118.28240794856809,43.38745373076174,23.51373465809468,107.57534409873217,126.86155717250925,120.49477114710916,117.47135368298991,2018,p50
At most primary school,27,36,36366,30.651084054021943,791.1560248583842,62.12486938349007,82.99414288071276,148.37210581312215,114.67057593891465,120.7667180544485,131.30873428827616,162.7240787927227,2018,p50
At most primary school,28,49,41703,37.06332304871742,885.5306572668633,58.96765220727526,105.66306780487416,0,116.33507719183552,127.05948843561664,132.64997359479645,132.64997359479645,2018,p50
At most primary school,29,43,41616,36.5150102965289,801.8741990260156,31.063052672049213,28.977236319364348,107.21997949506599,124.28709194335684,133.22683523423,135.36681528378384,142.81682165104024,2018,p50
At most primary school,30,75,65598,64.98232324582287,868.1100440054066,75.62959236562091,87.73025346301209,7.728386028029309,90.82199349301297,93.86614571416314,96.43708462458049,95.85919292211993,2018,p50
At most primary school,31,39,39559,31.199625795362294,925.7155472416729,69.34591369852625,112.1572208599813,0,118.19169491873296,128.73065726388432,125.88579547994505,125.88579547994505,2018,p50
At most primary school,32,58,55990,49.83818266534048,884.9494076323153,88.65440257188784,158.14702774304936,57.0459010537596,100.75248819633946,108.05331678979421,115.50113708140924,115.45790830004708,2018,p50
At most primary school,33,56,54963,44.31915854828381,934.7871659116132,73.6173425759147,78.16252145382651,10.540424164134661,110.82977179226316,116.42729330474593,115.22987214934236,115.42291419346806,2018,p50
At most primary school,34,56,49545,42.105201655928504,1036.8423655262893,80.5605812897366,120.28526255592558,0,130.16143107318734,143.50526948308672,142.19418520873313,142.19418520873313,2018,p50
At most primary school,35,64,65837,52.393263554226316,930.0267225622877,50.48179595060528,86.27603146153885,38.29356339646906,102.05097340810875,103.09100708934925,109.40883126734029,113.19272362742514,2018,p50
At most primary school,36,52,49656,43.71552374804188,996.2508256806831,38.10556629611729,145.6213331050964,3.1718221362977284,113.97600269355759,119.95146367423492,123.11278021339994,122.92773958766168,2018,p50
At most primary school,37,53,54369,43.32075811395847,800.7846750905848,22.484320108885576,94.84350763609164,27.221394544685392,114.52010367459222,115.32276955009144,114.84059219325556,111.440869030222,2018,p50
At most primary school,38,64,63428,54.492138151726515,1134.7813899224318,44.15478968278993,154.28528804313552,26.123977843644237,110.7948975424198,111.0030180475209,118.88780567472567,117.09311015364332,2018,p50
At most primary school,39,57,54514,45.52120056840226,1061.192635530934,81.93326484939648,140.49784611903976,52.264555893898816,97.1947280677617,102.78803615837565,112.07822702743884,115.69325110846765,2018,p50
At most primary school,40,77,74260,59.63313024396915,1028.2730406679236,83.23875572313493,144.12945506777987,33.385402639375165,115.30510787554124,124.30911198362624,153.68366818936383,151.8356809804566,2018,p50
At most primary school,41,44,41731,36.61479043997657,1278.9988098376107,170.07332678344636,160.90858314762008,74.12555015056752,138.7984894912324,185.5668706221159,200.70088986476807,203.5765868396044,2018,p50
At most primary school,42,51,45677,42.71521855894908,830.1574315300917,29.414366092344068,99.06097890258408,67.25485474089804,86.11987394337706,87.65330776930477,96.93131772699796,112.45049071897193,2018,p50
At most primary school,43,40,39822,33.767708208675224,907.3135954999749,29.178845864095223,299.7122026350594,108.62421107260643,120.10608237604154,123.82891585808416,169.5930081170765,165.14992118522687,2018,p50
At most primary school,44,34,30950,29.38378087014415,1044.1708777598278,52.306946688206786,30.320193861066237,60.55250403877221,129.09125700451798,132.70590687927893,132.580572437786,130.194544815691,2018,p50
At most primary school,45,56,49961,47.340024979571695,1007.632153079402,69.45097175797122,113.82169759078748,40.33145853765937,124.01228427200502,128.76902595454493,135.9811281220952,132.09554648143052,2018,p50
At most primary school,46,39,41939,31.435503866500746,1229.6248042792308,50.10038389088915,60.74874619487032,334.3117384773123,155.21005619121533,168.2794842603292,161.48986412580808,278.78289554592834,2018,p50
At most primary school,47,30,27662,23.773286138017404,928.9121900079532,56.09319644277348,30.71400597691177,111.05487672619478,169.23267910035997,167.88289899543364,171.49400532755274,211.6787774111499,2018,p50
At most primary school,48,31,29453,24.77769898233052,745.70349370183,35.17977795131226,40.698273520524225,281.1145440758723,167.47037841101184,179.99269138075553,176.1223961830645,197.25761248383853,2018,p50
At most primary school,49,28,24589,21.25054529702296,794.2151368498108,34.29867013705315,176.7185428443613,37.516775794054254,120.21428358387172,127.4258860800739,178.32998696363964,191.61104974706893,2018,p50
At most primary school,50,44,44289,35.96258258105089,588.9970421549369,41.92237350132087,39.02526586737113,189.225315541105,96.30973311480419,99.16615799378441,98.87898366502192,121.21375495426766,2018,p50
At most primary school,51,21,19210,15.83889861861204,789.4970848516398,9.046069755335763,365.3638729828214,267.52732951587717,144.03541731919938,144.44308897722118,297.13676291465026,317.3430053724286,2018,p50
At most primary school,52,22,21792,17.095957352703685,965.6614353891337,66.38858296622614,76.91408162016641,34.307697014194815,160.63722751659665,163.88558741089344,158.51929183666724,153.90309649052594,2018,p50
At most primary school,53,29,28210,24.641126354387982,692.7599787309465,76.98319744771358,134.35300720784593,178.21458111780692,117.72316211027643,131.93165233635148,131.65875287317638,134.7858215407915,2018,p50
At most primary school,54,23,26574,19.964553334424227,739.4396026191014,11.45480544893505,136.80619841449035,166.2038082336118,140.44313162592925,139.84153139443183,187.89630840376742,185.12433241822788,2018,p50
At most primary school,55,46,46700,37.59123876222096,729.7913990007138,24.301927194860813,125.80747680228409,63.05139186295503,104.4607926498947,106.4255548499904,105.91714274346913,107.4146405707303,2018,p50
At most primary school,56,21,20867,16.870530772820587,659.3666554847366,123.38213447069536,71.12506189996964,87.61776968419035,119.66976943699036,142.26392662289814,157.4618018847222,149.12099726491607,2018,p50
At most primary school,57,28,26467,22.620306134980083,1114.4882306268182,4.726640722409038,65.44331935366053,234.43029684764676,176.49385583863122,176.41102833590762,183.54565297808156,264.07504724007987,2018,p50
At most primary school,58,24,25581,20.296260978651333,687.7774520151675,25.82385364137446,221.59903834877449,485.7794847738556,174.11218210328775,173.39055970105207,161.51017859450002,273.35894387411804,2018,p50
At most primary school,59,24,25651,20.190569155836435,830.1558223850922,21.84125375229036,110.27971619040193,117.48404870505374,189.66730121410023,190.53689316192262,180.46478315700858,195.93073502948434,2018,p50
At most primary school,60,44,38887,36.505798142760575,781.7799007380358,3.3764497132717874,167.30100462022443,35.975090218667766,96.86557443829251,97.29318652307778,182.53908873219348,197.33591611310732,2018,p50
Secondary school or above,14,5,4594,4.375279818991992,120.33086634740967,0,0,0,99.851800170431,99.851800170431,99.851800170431,99.851800170431,2018,p50
Secondary school or above,15,20,20255,17.075212672777447,288.31202172303136,2.4216242902986918,22.64329795112318,0,101.7924403871928,102.31716121960189,115.48386930286122,115.48386930286122,2018,p50
Secondary school or above,16,26,25435,22.916840610727768,455.7677413013564,63.60330253587576,20.011401611952035,18.439158639669746,117.59383767100869,137.7212902549711,142.045751705217,139.81543212683974,2018,p50
Secondary school or above,17,32,31466,27.94789584860301,352.75154134621494,38.72433738002924,11.812220597894022,0,75.43104427908061,83.1021139348675,84.42544165347914,84.42544165347914,2018,p50
Secondary school or above,18,44,35542,36.78383047929459,417.1024234239304,110.73631196893815,31.946242004764315,14.471142122934369,89.35767016328043,119.53441469955206,120.42230416093892,121.36444807041339,2018,p50
Secondary school or above,19,31,26826,24.566512713384103,738.1795024727254,47.491239841944385,34.099381197345856,19.172941673500834,140.3346765819639,145.40486388696323,150.09752667611386,146.46153741306424,2018,p50
Secondary school or above,20,43,43422,37.321055200844306,518.8474966606789,103.25272903136658,33.26812061474214,0,95.18163002006825,129.3652832771798,133.1663982950442,133.1663982950442,2018,p50
Secondary school or above,21,35,32735,29.826825722254075,692.7029580978565,68.23308385520086,23.4049233745736,0,124.91759095869631,126.8345017116169,134.19628359016457,134.19628359016457,2018,p50
Secondary school or above,22,38,37844,28.500396192523976,990.4658158052356,120.72006130430186,61.18015185146038,0,195.338985222874,224.30643304788205,236.64468797885587,236.64468797885587,2018,p50
Secondary school or above,23,33,30395,25.375164631242086,1100.7557164007237,174.13127159072215,1.571804573120579,34.17996380983715,194.89118020086016,244.51040617806188,244.17704686406321,241.03694420820716,2018,p50
Secondary school or above,24,28,22874,23.802791717561853,861.3699688146659,42.90242196380169,6.42068141412375,2.878668648538369,192.7387101774265,200.68972274739252,202.17799150203913,202.0819350196035,2018,p50
Secondary school or above,25,31,30055,27.307075912902903,929.2952365108412,14.80652137747463,52.91659734930405,15.986247435257583,142.1056606298465,141.5630445194697,147.27032215828552,151.50244839297832,2018,p50
Secondary school or above,26,17,12586,13.37364003016358,1164.736267810795,45.18035912919117,78.95598283807405,93.15112029238837,274.0104172406358,276.06188685806967,268.28771853296917,298.83347672124086,2018,p50
Secondary school or above,27,27,20710,22.78244087112762,1118.8659262835988,127.28150651859005,42.420408820215684,218.39530017704814,196.24964816555408,234.30337923277642,231.69450270254092,283.27220866052267,2018,p50
Secondary school or above,28,21,17995,17.669572525917637,1150.9839770306567,29.614893025840512,80.44753172177457,0,234.04200099993267,231.55276275142162,237.71253099108068,237.71253099108068,2018,p50
Secondary school or above,29,21,16780,15.787766180715973,1178.9694278903457,19.047675804529202,0,87.33611442193087,346.97528444584736,362.588053470349,362.588053470349,359.402958794848,2018,p50
Secondary school or above,30,18,14840,14.313509758573069,929.9961590296496,33.75471698113208,157.9382300089847,0,263.1415837169261,270.33186243412916,292.34306472359464,292.34306472359464,2018,p50
Secondary school or above,31,21,16005,17.427415766081324,1010.1996251171508,72.25741955638863,49.432469020097884,43.82380506091846,193.11411464482174,201.12211451809776,187.5449015730053,179.61346120443324,2018,p50
Secondary school or above,32,18,13634,14.93403670274619,1088.4563835509266,44.09747689599531,83.65116620214171,11.226834873600314,250.3246967994427,257.4388843465229,251.14490386531307,252.6211785525251,2018,p50
Secondary school or above,33,15,11209,10.050640583774097,1527.9354982603265,46.31992149165849,387.8306866506082,0,332.1804066645271,343.1523107478646,343.5852974508009,343.5852974508009,2018,p50
Secondary school or above,34,13,9143,11.212343974098301,1273.6740311349301,21.4098217215356,61.39760837070254,0,206.8387971054752,207.97716269109904,201.84381486838723,201.84381486838723,2018,p50
Secondary school or above,35,13,10066,10.146447844473217,1093.6338830386117,7.19749652294854,211.64315517583947,64.40823895622228,282.1803848862792,287.8361778767069,434.68393536831303,452.4952441992877,2018,p50
Secondary school or above,36,14,11956,12.27639164305645,1704.5061057209768,92.8236868517899,18.108062897290065,0,332.807543441952,376.6293983737355,387.06707875759366,387.06707875759366,2018,p50
Secondary school or above,37,15,11098,12.315947065836122,1275.947708295789,0,38.715684507719104,0,168.4628086588629,168.4628086588629,166.62168517811654,166.62168517811654,2018,p50
Secondary school or above,38,15,10926,10.89673857680364,883.0576911342973,52.425407285374334,18.67105985722131,204.34132649948137,309.71170122994397,338.0377763520321,340.2915781825133,305.64010448447664,2018,p50
Secondary school or above,39,6,3544,4.7748168186936555,1200.1693002257337,26.580135440180587,0,0,721.3292272071899,728.0002194145918,728.0002194145918,728.0002194145918,2018,p50
Secondary school or above,40,13,12612,10.72205502093686,1066.7193149381542,86.42245480494766,75.16650808753568,0,271.18103445844014,267.301316480615,270.4435664490328,270.4435664490328,2018,p50
Secondary school or above,41,7,5856,6.086090815900591,1327.7185792349726,242.6571038251366,101.94672131147541,16.92622950819672,259.77300735342817,309.284232207049,346.49185151883023,349.4015185590492,2018,p50
Secondary school or above,42,7,5063,5.417346688839902,1376.6407268417934,40.47007702942919,65.73013364935152,0,339.45838981309805,325.88481375977807,287.9189936189526,287.9189936189526,2018,p50
Secondary school or above,43,6,2792,5.079810603444119,1932.0916905444126,2.88323782234957,186.89111747851004,0,390.0122856970905,389.63423664863143,311.6010096623812,311.6010096623812,2018,p50
Secondary school or above,44,4,3231,2.813655094307687,664.9476942123182,125.6824512534819,222.28071804394924,0,328.04700179040964,568.1062458564037,593.8696351615476,593.8696351615476,2018,p50
Secondary school or above,45,6,3720,4.795113408534764,1286.353584229391,150.8548387096774,0,0,369.7055455195038,364.5548299571386,364.5548299571386,364.5548299571386,2018,p50
Secondary school or above,46,3,1904,2.9566567709522724,2668.27731092437,105.5672268907563,0,139.6673669467787,916.1448795227759,974.8588872380197,974.8588872380197,845.0034154828336,2018,p50
Secondary school or above,47,5,2925,3.3914165968679155,1449.4700854700855,66.66666666666667,8.917378917378917,0,404.10935311205714,474.96696558370934,469.60652557194527,469.60652557194527,2018,p50
Secondary school or above,48,4,2105,3.3553043571762293,1780.7205067300079,0,872.4465558194775,0,568.119979950983,568.119979950983,1174.7406163681248,1174.7406163681248,2018,p50
Secondary school or above,49,4,3634,3.2688705749676847,1685.006329113924,21.58778205833792,71.69326729040543,394.31297009722994,719.1990522653948,733.9859872873797,669.1221890706585,409.1656315809154,2018,p50
Secondary school or above,50,6,4083,4.247597254471014,1712.5349008082292,310.7078128826843,90.8400685770267,0,583.6031161737127,503.251356735375,469.89781888190515,469.89781888190515,2018,p50
Secondary school or above,51,3,2337,2.0947614940026873,768.9238339751819,0,0,0,444.2363543168459,444.2363543168459,444.2363543168459,444.2363543168459,2018,p50
Secondary school or above,52,3,1708,2.9159343339437216,1212.936768149883,0,442.62295081967216,0,452.8058003435103,452.8058003435103,398.00247147061924,398.00247147061924,2018,p50
Secondary school or above,53,4,2737,3.027790700353295,1548.106686152722,0,47.570332480818415,0,405.25646335627545,405.25646335627545,389.1992734558345,389.1992734558345,2018,p50
Secondary school or above,54,2,1854,1.9566380114142852,2069.1639697950377,0,0,95.73894282632146,1053.8198656120776,1053.8198656120776,1053.8198656120776,969.5681974307474,2018,p50
Secondary school or above,55,3,1088,2.966182219103939,262.03492647058823,71.69117647058823,2337.858455882353,0,266.2885309246744,346.8256170256989,2027.9784048973363,2027.9784048973363,2018,p50
Secondary school or above,56,2,3211,1.6311212007356286,324.4450327000934,0,0,0,235.30481596428316,235.30481596428316,235.30481596428316,235.30481596428316,2018,p50
Secondary school or above,57,2,1265,1.6396806351229638,420.88458498023715,0,0,0,270.03137476995613,270.03137476995613,270.03137476995613,270.03137476995613,2018,p50
Secondary school or above,58,2,1465,1.5060456552050316,842.7303754266212,0,106.8259385665529,0,115.23805751042384,115.23805751042384,403.3332012864835,403.3332012864835,2018,p50
Secondary school or above,59,2,1237,1.6588186829567075,186.33791430881163,379.77364591754247,0,0,27.45083424732217,269.01817562375726,269.01817562375726,269.01817562375726,2018,p50
Secondary school or above,60,4,2974,3.0793352152375753,1504.5841739520286,0,16.543375924680564,0,413.10030810153603,413.10030810153603,434.0219121436134,434.0219121436134,2018,p50
