education,age,n,weights_total,n_eff,avg_labor_income,avg_add_labor_income,avg_no_labor_income,avg_remittances,se_y1,se_y2,se_y3,se_y4,year,sample
At most primary school,14,149,54026,105.29810357192848,709.8597897308704,50.53502017547107,13.203719813916756,0,82.2248768284524,86.26671378523713,86.28118045057062,86.28118045057062,2023,general
At most primary school,15,171,61619,111.2697492755043,940.9361073694802,16.24531394537399,0,0.28562618672811957,98.1088893530266,99.11914833483361,99.11914833483361,99.10588970245264,2023,general
At most primary school,16,192,74525,125.14246452829838,1011.7293167840769,58.78939953035894,0.4973722464497372,3.446561556524656,79.20605605521125,85.40859748432649,85.39620482895846,85.45267705607455,2023,general
At most primary school,17,165,60685,111.9564520814203,1150.2486666117381,49.446733130098046,3.284721650050809,2.629425173711241,87.01876671838849,91.40084851327319,91.40798609545517,91.30359150306867,2023,general
At most primary school,18,177,61520,134.4105658126971,1387.146171976593,99.30633940182055,5.4751842219332465,3.283485045513654,101.55762113833131,105.55988283269659,105.6758299796525,106.41998694027936,2023,general
At most primary school,19,124,46123,80.23803220284216,1282.3414204048595,40.005637100795695,2.9551416863603843,2.116080914077575,130.67148311505287,132.32498500727124,132.49056483948195,132.4241322773023,2023,general
At most primary school,20,165,57324,123.56522579477283,1395.122511222757,63.924464447700785,10.301386272183843,18.62914893122136,101.59004858105308,104.02916479539665,103.67345401365279,105.01111481283272,2023,general
At most primary school,21,157,63196,102.76216028144604,1502.5859890921367,109.52829292993228,4.01449458826508,39.16041627107201,135.5336066700437,146.0943458639468,146.75478362258718,149.5376652030129,2023,general
At most primary school,22,185,69353,124.602546868256,1713.305776246161,80.59305293210099,213.51852118870127,52.453131083010106,147.88125465713344,152.0136896531767,234.44361225340262,236.43607869188696,2023,general
At most primary school,23,197,70266,131.66605818393452,1690.0843271757797,28.97953491019839,47.879605119593165,15.823916735452897,143.2877921049086,144.60355187285248,145.5707559789808,145.35672761740258,2023,general
At most primary school,24,167,60152,111.96321684745028,1726.9936383384315,31.331460300571884,66.6909662189121,25.925987498337545,134.55507272507396,135.37599531404106,144.77709212942088,144.4296658145575,2023,general
At most primary school,25,183,69525,134.93780225766494,1632.1970634064485,56.120057533261416,17.542790363178714,52.620246913580246,105.31164932704436,110.40915004489747,110.39883615139057,117.4037220026178,2023,general
At most primary school,26,185,71292,116.02202564069903,1612.1668303128918,74.8041154687763,8.435092062690531,1.092221661149451,153.32009746847132,167.34942089229122,167.49119479327584,167.44180319880172,2023,general
At most primary school,27,167,60311,115.2207085702064,1760.2568713280607,29.572383147352888,28.357513554741256,51.16147966374293,150.5372622832573,150.99236798457696,151.9932274282622,156.89603283944297,2023,general
At most primary school,28,192,73287,129.52162225206757,1940.9078099344586,69.5902138169116,69.99009032979929,108.82603099230877,135.81912112924533,144.66002024469773,164.03664028364906,174.81722553355786,2023,general
At most primary school,29,181,74397,115.66277526576785,1871.1910023253627,50.52668790408215,199.35423023329793,42.9804517207235,144.45845292258636,148.52498296834779,189.48428449200603,190.93542286202003,2023,general
At most primary school,30,199,77916,122.65044791462827,1647.9133211834967,39.58160069818779,90.02457775039787,28.687689306432567,117.63624773396243,125.11201207429893,163.74405338143993,163.70079311192717,2023,general
At most primary school,31,170,63995,113.31576825860817,1747.9672865067582,56.53905773888585,59.24311795192333,33.354126624475875,134.54078501986106,135.77645071345938,140.49084566945447,143.46079126763604,2023,general
At most primary school,32,241,91784,141.52302426659722,1601.0628649873615,88.45080841976815,34.09415947587089,103.81729567971178,104.88783746758179,112.31158027998138,116.04062008967092,135.159539053704,2023,general
At most primary school,33,205,72674,127.69342236177658,1934.1181165203511,20.146820045683462,47.31150984763006,58.43977213308749,186.9253748990051,189.10866936077835,188.91714264583848,189.8492684986544,2023,general
At most primary school,34,208,75877,140.28219375252294,1989.6813175709813,41.63978544222887,65.67726935259257,40.90708207581568,157.90248079544386,160.34963902068486,163.39832085688204,165.53399556678406,2023,general
At most primary school,35,215,75930,137.49583722820594,2002.088117344923,37.99604899249309,75.74414482637518,49.60384564730673,163.2430440571253,168.016972738255,171.82435941659656,171.92986781901757,2023,general
At most primary school,36,211,74237,135.30346516115077,1999.134491560812,47.833519673478186,220.7038774465563,187.36737745329148,139.776535276298,141.23665871942316,209.0592293878454,219.98224132993022,2023,general
At most primary school,37,211,73412,156.4179162906166,1899.113550918106,38.5911022721081,29.4566045060753,127.37137434388566,164.14959848742845,167.1328335279582,169.49750235050993,189.21980216428918,2023,general
At most primary school,38,242,87409,154.2929978409414,1845.5305470069827,28.064844581221614,69.67061934888474,43.15192562169418,138.271761776265,138.57680661710953,138.59475825919014,143.77204499966697,2023,general
At most primary school,39,215,78500,140.74978631431281,1884.2348131634822,54.03273885350318,86.07367303609341,34.14394904458599,134.05397282032288,140.5244905945717,146.1851557942879,150.18028825912572,2023,general
At most primary school,40,282,97253,183.58086850189707,1653.1719021521187,28.30689027587838,103.14953866033268,130.47938881062794,102.90299850621396,104.18729447391202,107.12281278939521,116.95618610990633,2023,general
At most primary school,41,171,64570,106.75497747877388,1952.1979053740126,21.620721697382685,302.03548474523774,138.23693149553455,187.22430023951273,188.00788616253922,351.8611116334475,370.99894199684627,2023,general
At most primary school,42,253,83918,156.34866047645127,1890.665902031348,38.55294454109964,32.1764599569421,48.485982347847504,136.34726395797202,137.2581177715473,139.82466268133356,141.87919828204986,2023,general
At most primary school,43,250,99238,132.70380283745925,2236.963881443264,22.998226485821963,46.56354588632043,121.09820162975205,243.65924226779876,243.76343787034037,243.9806819400649,248.399855897061,2023,general
At most primary school,44,168,55376,104.30540745656965,2184.0113978378117,13.237684195319272,403.8853248699798,68.80435567754984,198.51945541944067,199.3595479695247,565.0556048083599,565.6958172504147,2023,general
At most primary school,45,196,76290,127.85863302412774,2219.186514178354,10.249311836413685,55.355463800410725,67.91672128282431,225.29544970936652,225.2130294411864,231.82336029491654,235.70553948631354,2023,general
At most primary school,46,178,70274,102.96983366436602,2429.0454862395763,209.22133363690696,61.81196103822182,109.77889878665414,337.7295624842293,445.2958331883004,448.35969888390827,448.1332712521483,2023,general
At most primary school,47,214,79639,133.67737096708413,2051.3407794338623,18.204648476249073,78.79080391935274,162.6304113981006,211.34022972952673,212.0320890552308,217.33042393734888,226.9718655573825,2023,general
At most primary school,48,186,63767,112.34316159681704,2259.8995797199177,34.410274907083604,51.668836022812215,177.54170652531874,221.85649754262545,225.47360025376506,229.9107659668602,236.6605063321306,2023,general
At most primary school,49,187,70773,107.35253933582986,1966.0926648109682,17.36792279541633,115.46065354490177,55.118571583325085,190.66135440316742,191.56200358858575,196.59751215528271,197.01376584713515,2023,general
At most primary school,50,221,75847,137.41207580188728,2502.133860491076,46.94068321753003,88.49141473404792,82.27033809291513,290.5511418438513,291.0981790234413,306.20234336607643,307.1271562925843,2023,general
At most primary school,51,144,51726,89.48781158848797,1986.7496906778022,31.96806248308394,508.22964756602096,131.94389668638595,201.2899982016114,202.8223564816496,504.44597659840144,505.1639112126068,2023,general
At most primary school,52,230,76247,159.31632072570747,2004.760641948754,18.516728527024014,110.79000922440665,167.84861480888867,181.2260241993917,181.7640462655159,236.53571097705003,249.7131899210013,2023,general
At most primary school,53,203,77578,122.52695924671711,1981.5218274940491,6.733867849132486,123.21166546357645,180.5377039882441,180.15470042190844,180.15610410147414,192.94781441907145,205.460576219406,2023,general
At most primary school,54,136,40478,93.93633098330326,1798.7475418745985,32.988289935273485,93.01099774363028,135.78330615807764,199.39246029864276,199.22490193255715,228.4817237895654,270.3550088850378,2023,general
At most primary school,55,155,56888,97.81143042699382,2091.7365056485255,32.68817676838701,61.472249566399476,204.57155580555946,229.36036124655928,231.79490057900722,231.93805596193536,275.42381605288773,2023,general
At most primary school,56,125,47734,82.767756455169,2263.301783494644,3.9405874219633805,76.10019413136688,121.70256002011145,204.39887618673563,204.31719338204456,212.6747324785395,228.48313509186056,2023,general
At most primary school,57,145,47379,85.26744651273724,2255.554932916834,38.99301378247747,90.44866924164714,123.50665906836362,216.129261460798,218.8217500887851,223.86966307870077,244.99023365933715,2023,general
At most primary school,58,146,50129,86.88952133972666,1818.9423420907394,58.51862195535519,44.062543637415466,123.98835005685332,192.0850242252472,197.93341446277952,197.57754506069787,199.55279610069798,2023,general
At most primary school,59,121,39010,75.02031066643241,2329.7274609074598,44.790822865931815,104.27018713150474,125.96902503631549,359.23294829061274,358.94569231372486,391.2092928057346,426.0630706500942,2023,general
At most primary school,60,143,49196,80.894579425108,2252.5524077160744,32.37986828197415,111.84702347074288,51.610903325473615,322.05692037195263,331.06171955634187,334.39830170959686,338.1035383257907,2023,general
Secondary school or above,14,41,15762,25.887798296603126,645.8503573996533,68.16901408450704,1.920230089244174,0,149.43456043777059,169.9644433555592,171.01362350728988,171.01362350728988,2023,general
Secondary school or above,15,80,27249,49.26873059172999,632.5845719108958,12.070167712576609,7.017015914957123,34.31318580498367,117.50457200323625,119.38564026947978,119.04146668990369,132.76823563452007,2023,general
Secondary school or above,16,114,46421,74.30794034990066,773.872643846535,11.936192671420262,3.2497145688373794,0,118.13119496278729,120.277076305088,120.65941178377929,120.65941178377929,2023,general
Secondary school or above,17,155,56228,79.90525327984055,1232.0560396955254,76.449811481824,15.689425197410543,12.1653505963814,262.49069330039345,265.45447553239967,266.2734568881865,266.8007563886577,2023,general
Secondary school or above,18,210,78550,119.76249647512024,1500.8196690006366,40.075709739019736,15.657182261828984,25.488224061107577,166.48292957316696,167.05436941000207,168.8388019017818,170.31772173824004,2023,general
Secondary school or above,19,273,100135,146.50973411271247,2029.521004976615,70.92403255604934,12.512682878114544,9.64374094971788,116.92347723033276,118.98640546540469,118.41848526765915,118.97132203307949,2023,general
Secondary school or above,20,314,120204,174.66492619878827,2146.3307564640113,70.38604372566637,22.4792366865218,43.929209233192466,113.40375758123325,118.36870832344694,118.01823017086767,121.67695307502477,2023,general
Secondary school or above,21,256,92498,137.74490277948834,2451.0551633548835,30.92899305930939,4.710408152969073,22.800276762740815,133.58679061658103,135.4765961219776,135.744368596435,136.31150796239334,2023,general
Secondary school or above,22,331,122898,178.02866003454463,2649.286920861202,57.39654022034533,18.68710909317754,39.08820593771529,140.772274532971,143.38832241776853,144.24273549572595,145.16948616027176,2023,general
Secondary school or above,23,346,126405,202.51535070311374,2643.3059603391216,61.02554487559828,38.8492675658927,43.83743786506335,124.77351771404375,126.2168283030155,126.92000338346134,128.1088842192089,2023,general
Secondary school or above,24,281,113979,151.59206158110047,2698.4116109107817,52.10718641153195,121.97418676539831,78.29193389425538,160.66872981665676,164.13741588352494,204.7170606960396,231.5289267566039,2023,general
Secondary school or above,25,283,107310,163.994468860474,2956.492942565154,88.19468828627342,128.90223418134377,16.989976081756904,176.6740398803631,188.57850926591414,199.71283564182463,199.80561256344907,2023,general
Secondary school or above,26,265,103759,154.2957165405036,3018.513420522557,35.97924999277171,117.15690526444293,38.913090270080986,182.8755821464707,184.389117226453,199.0545416163495,199.87053615138518,2023,general
Secondary school or above,27,300,124979,183.25666063838042,3136.5801514654463,57.463333840085134,48.46987960644054,90.52480550065744,156.41038057278107,158.4933258540142,160.62280828585634,165.64154581462657,2023,general
Secondary school or above,28,278,102784,165.49055532721638,3156.2850330142173,48.800124533001245,39.61303964300539,149.3030238169365,218.95602148746286,222.5054246487064,230.08658448862744,236.80561975010147,2023,general
Secondary school or above,29,245,90940,138.05756999231025,3413.4638268821936,53.985814822960194,74.88452092955062,57.95725753243897,226.765236539492,232.77956747616764,238.84831366210437,237.54475133908298,2023,general
Secondary school or above,30,309,127417,171.84827354643832,3458.864088648558,29.15480665845217,283.48333294092106,62.737206704495215,199.86674944770184,200.9987425066072,255.09379192743094,253.86208823984146,2023,general
Secondary school or above,31,180,69932,97.44920060119999,4070.6199188735727,32.27649716867815,328.97999723540966,78.05801826536253,449.8510568091356,452.3579765200823,507.5795509813627,521.7823296701182,2023,general
Secondary school or above,32,193,71535,112.60556573277677,4327.31110994618,22.190829663800937,44.869877216281076,121.76510332937256,454.8192831186117,455.17534212465796,453.75171132379313,461.64548199402043,2023,general
Secondary school or above,33,222,89670,129.2703051677422,3541.225095721348,27.327868852459016,806.4292219620088,65.2290844206535,224.0851455555092,224.93043704619828,501.1707485455165,505.15536208026504,2023,general
Secondary school or above,34,189,73460,106.9599577897997,3869.425660223251,58.392186223795264,39.872833287957164,84.26918050639804,349.418955067555,368.5342947304911,368.87907039736865,367.9195874948618,2023,general
Secondary school or above,35,198,76549,105.30719757494109,4252.7374274429885,31.69107369136109,632.1324140964175,56.268882241004675,374.14962361017126,376.32956179229416,609.0682225014492,614.1936634489301,2023,general
Secondary school or above,36,190,67600,115.04004837474112,4620.520966469428,77.97670118343196,201.10288461538465,45.1267258382643,416.35304016498935,418.1420944504345,447.1875925943289,449.9611279571133,2023,general
Secondary school or above,37,145,63156,75.42450315492191,5032.480186627821,78.18742478941034,131.45359638566936,165.08223024468512,450.026790999771,456.3671290215636,470.1719631250172,488.8815206522907,2023,general
Secondary school or above,38,144,57240,76.62900785754172,4633.6418457372465,46.649021663172604,573.3112479617984,215.65571861169343,612.605140211662,616.3180337813725,736.6965065829041,748.3218146531102,2023,general
Secondary school or above,39,140,55572,85.10700312842413,5301.50762074426,121.50741380551356,128.17731951342404,124.1876724489551,494.5675818484306,511.5743656180357,537.6319061804501,547.8382546559477,2023,general
Secondary school or above,40,190,85585,111.25183162541106,5375.214613152617,28.898054565636503,155.30997838406262,102.49225915756266,512.0596584068309,515.5753740920156,519.9129328607304,521.4698811424416,2023,general
Secondary school or above,41,111,51958,57.539139254570124,5656.335780822972,139.7397898302475,290.0573540167058,186.88718452083094,618.5251107498302,637.0159311616843,663.3623440245724,675.5813248806363,2023,general
Secondary school or above,42,159,71096,83.06318025233608,4139.079140645512,37.19731067851919,133.2095804733506,46.38127789655302,441.4512436971584,442.47269329211724,457.8553201318008,457.9298102044702,2023,general
Secondary school or above,43,128,54116,64.71700574420763,4867.560247123463,61.83383842116934,431.1217723655357,103.82378594131126,586.8041703709487,588.1329071288939,728.2231813308046,727.1446195987662,2023,general
Secondary school or above,44,100,41089,58.54282861186712,5500.036867125833,56.889678502762294,75.54990386721506,35.1251673197206,434.5909974049966,439.18953072350723,439.4983897907757,443.3778489823033,2023,general
Secondary school or above,45,110,49326,57.95012970250168,6389.166399735095,104.01613753395775,782.1184567976321,69.43207774128587,899.4957600908957,906.9065020254511,1315.8125314802548,1314.3802084197548,2023,general
Secondary school or above,46,88,32182,47.55849792675702,3408.243386572204,34.31203778509726,560.3453276158515,106.70923704762497,445.6351405959527,449.19121551364407,621.1205998924004,624.7749288963868,2023,general
Secondary school or above,47,93,39860,49.83660582773698,4614.506075430674,152.0622177621676,124.95254223114232,45.376024418799126,742.8548912843037,748.0292932111315,753.9612816526662,753.1717091582581,2023,general
Secondary school or above,48,76,35546,41.16971925358463,4173.062637146233,107.7645867326844,152.84935951536974,45.226373337834545,501.28178017599976,512.3925383642031,531.1572840836723,537.4114542673642,2023,general
Secondary school or above,49,58,25101,31.635929991656443,4675.57035908264,101.13541293175571,280.96357382839994,60.144190802491266,642.3220109963404,671.6510621227399,749.8802858040118,749.1143542977047,2023,general
Secondary school or above,50,91,35531,47.93727132339509,4639.600119144785,68.51312937997805,191.08736033323012,145.16431660615612,487.09458836102624,487.21910513210753,500.32442207794827,540.4620360569585,2023,general
Secondary school or above,51,68,28688,37.78968380968614,3889.191206543967,19.951408254322363,581.6223972857408,93.2178378880833,533.5954266358306,535.1282509318206,995.6286254657075,993.388154699555,2023,general
Secondary school or above,52,61,23462,33.14467145336676,5652.744160770608,17.59867019009462,340.6977239792004,102.06930355468417,675.1120990803508,676.5655051522416,747.1480014315785,750.03706240254,2023,general
Secondary school or above,53,61,28112,32.41564769149971,4781.568167804971,24.302788844621514,173.93639726807058,44.68317207361033,680.4636653278773,683.8974984074952,712.9588703271685,709.9836023993661,2023,general
Secondary school or above,54,47,20410,26.121684953873448,3571.456426588274,11.290543851053405,501.85529968969456,23.542381185693287,557.9599828362612,560.66733502979,565.5840759702755,566.28003890773,2023,general
Secondary school or above,55,46,22195,20.138414648030714,3716.8612300067584,8.81279567470151,624.4720582713825,83.94683487271908,810.3920919773308,811.2182357167146,849.4800945967828,881.9507299769066,2023,general
Secondary school or above,56,45,24344,24.18777898089198,4088.4770169240883,11.222477817942819,110.43583634571146,37.29050279329609,638.3549442929753,639.0323741935166,641.6047646694303,637.6526510988101,2023,general
Secondary school or above,57,52,22700,32.83634552484115,4826.873542584435,174.05286343612335,408.61380323054334,80.84434654919237,688.9941667821471,718.7422564339104,770.6510568616841,787.0805747155102,2023,general
Secondary school or above,58,36,19816,20.70207077722129,4973.475095882115,283.3366976180864,1886.7575444085587,11.949939442874445,911.9824090361661,914.9533806485147,2108.876775580877,2107.7980966419473,2023,general
Secondary school or above,59,28,8797,16.91875382183269,3308.2738244098364,54.56405592815732,240.3660338751847,112.59690803683074,718.4846418326599,724.5706328236247,803.0430835387249,808.931903655793,2023,general
Secondary school or above,60,36,12803,20.934674930864546,3865.999739644354,0.8747949699289229,447.19401702725924,122.039105418001,494.8519074528888,494.8681853968818,557.7307897265517,564.8066398730102,2023,general
At most primary school,14,107,36635,83.49213059384017,839.6435557981894,56.36972840180156,17.515467904098994,0,102.84457132046154,106.53998245095435,106.2623923103193,106.2623923103193,2023,males
At most primary school,15,131,48100,81.83281800150097,1087.634345114345,15.12099792099792,0,0.3659043659043659,122.188597257942,123.02110592361343,123.02110592361343,122.99707807980388,2023,males
At most primary school,16,143,53216,95.91271657678958,1206.156528738224,25.350646422128683,0.6472051012226899,0,92.10784614027318,94.30056442081501,94.27424152844841,94.27424152844841,2023,males
At most primary school,17,127,46504,89.10274604731619,1264.0027381157176,28.38035437811801,0.08995641951946787,1.1604736510120994,103.41553884218408,107.2480908925597,107.2686615051669,107.1486537046773,2023,males
At most primary school,18,125,43764,94.06381450396428,1566.5838931541907,75.21661639703866,5.10312890351278,4.615665844072754,114.73399193342767,119.66256789246104,120.11453834780157,121.36770953512244,2023,males
At most primary school,19,85,29809,57.3051363232152,1684.7563934829527,39.69472307021369,2.5892627506234134,0,157.7770928720562,158.91554571696545,159.27928553992498,159.27928553992498,2023,males
At most primary school,20,113,39565,84.64808831840229,1677.2621803782804,71.34019967142676,5.687265680946965,14.691789881629388,126.14309070336276,128.93313393335956,128.22488277041643,129.02617859990116,2023,males
At most primary school,21,104,40035,71.73402116724877,1736.4581616085925,66.30323466966405,0,3.0972898713625576,169.51388517225928,171.4477233990209,171.4477233990209,171.8462868287761,2023,males
At most primary school,22,128,45848,82.17866137438635,2161.0647720002326,77.03105915198046,287.0687743558425,4.1775722677834,200.02762747473534,205.01614534513692,335.045957137022,335.30806339838955,2023,males
At most primary school,23,135,47990,90.67910259884223,2038.449183857748,41.45605334444676,14.433041605890118,19.357157741196083,172.0818450252859,173.537920814196,172.24406645584423,171.53818821203373,2023,males
At most primary school,24,123,44717,83.5850432768616,2000.4601456567598,37.77869713979024,37.78902132671393,0,157.1347198221419,157.77485763762562,169.64596362266448,169.64596362266448,2023,males
At most primary school,25,113,42464,88.12296379600687,1994.2239897324794,61.749976450640546,12.351639035418236,35.068136146696816,114.6840633637868,123.89943228478215,123.78883287289464,129.45132105620252,2023,males
At most primary school,26,129,47171,88.09119129355774,1954.1467427020839,57.15895359436942,5.397481150141683,0,191.00685404378586,208.47251407509657,208.55325225120805,208.55325225120805,2023,males
At most primary school,27,115,43434,81.06681580743137,2099.87478319596,24.577750149652346,9.669076453162653,0.7037497505794232,191.2043318880406,192.20851404009468,191.804910427817,191.83158779026405,2023,males
At most primary school,28,129,50479,83.66938471090593,2269.6964942517347,86.5947819885497,74.79793577527288,12.197811631239395,169.04816028752563,183.3426769686566,213.21165848115388,214.8008258781714,2023,males
At most primary school,29,122,51087,81.66719436707352,2270.599376227481,72.54553996124258,261.55043031169055,11.456273937922889,170.78480003156395,175.86113137883999,236.50547291911082,238.7926790012475,2023,males
At most primary school,30,139,53075,81.81847325834205,1978.1629831998744,20.374941121055112,113.1237242895274,13.799026534777829,148.47181705868883,150.01441084431994,215.52628136583573,215.54737475626888,2023,males
At most primary school,31,108,40306,71.6434602650613,2170.818534047867,33.91698506425843,32.888734514298946,4.842124414892737,168.1041753554914,169.16511318659133,171.27854313625213,171.3262699807286,2023,males
At most primary school,32,153,54733,95.26054397858827,2086.240659200117,58.519522043374195,21.87932021510484,138.45090408589576,127.15467692378954,132.94807554388817,135.04473051714825,171.18227494906623,2023,males
At most primary school,33,138,50183,89.06828376226812,2373.5405748294575,20.42205527768368,42.795036831862056,16.93800689476516,245.9297971563197,249.04360023105153,247.96131661472853,248.37215704383632,2023,males
At most primary school,34,136,50538,91.1923110650032,2302.1988536678673,43.59931140923661,55.19699697917079,33.446779321170865,207.54832036209996,211.46966323886704,214.55744785279612,218.1282855221628,2023,males
At most primary school,35,131,47807,80.98164482533281,2409.0799429651165,49.9621394356475,93.13555023322944,19.072939109335454,204.1530525965567,212.01113889815727,219.84470785611651,219.37908995118977,2023,males
At most primary school,36,111,38781,71.20289363935932,2591.4075857593493,46.14984141718883,58.74424116620681,110.56221689315214,206.2587020036279,207.23439668306776,213.25875847287662,244.5365423329083,2023,males
At most primary school,37,124,41533,92.76318203311497,2313.148363951557,22.706040979462113,22.254412154190643,26.780279135466575,247.05087957778755,251.72350031761306,256.7697304217977,266.3856729815285,2023,males
At most primary school,38,146,52615,93.27675768227085,2104.394778105103,16.467927397130097,22.704393550635118,0,171.0763315215402,171.91282749473777,172.44652049899452,172.44652049899452,2023,males
At most primary school,39,135,49374,90.56493852426433,2234.323989684179,82.4255681127719,118.33573000634611,13.74070023359123,161.6715351496909,172.7682655533128,180.17253432593893,180.057715603599,2023,males
At most primary school,40,176,57662,113.05680923129947,1982.3768484154787,34.5778849155423,72.56683344316882,53.58318014174558,143.32234001376906,144.8690603407351,146.10102077218514,152.17445950125557,2023,males
At most primary school,41,99,39363,61.790233140575886,2226.86815241047,18.870512918222698,435.66870114913326,110.822989440168,241.50945768367507,242.29170051355246,553.5343269040088,569.0821427723243,2023,males
At most primary school,42,161,51329,114.51035367754102,2297.1250073058113,25.579886613805062,24.727752992135702,55.179593082532946,168.844898031002,170.2138156917301,172.57625553380186,174.55546284865196,2023,males
At most primary school,43,141,56893,71.9785858592687,2893.1774471376093,9.3775684179073,12.886438870628488,112.10523848862483,391.147943717478,391.2182158288997,392.1992143814529,394.401661797258,2023,males
At most primary school,44,97,33191,56.55486069410611,2472.9845389814504,20.19824651260884,669.3492462816225,8.205939361071776,257.3110162617307,258.97552789888573,961.2996969599252,962.7545297950029,2023,males
At most primary school,45,126,46131,82.36914292853892,2728.660152608875,5.391168628471093,73.30341852550346,68.53381312638645,329.0753425264833,328.92945223283914,339.2404757577916,344.4707360945663,2023,males
At most primary school,46,109,43749,64.23874601510677,2922.259804033616,315.1592036389403,72.07317119629401,105.8904736870176,504.1954208871473,683.8195767128929,687.9085181701553,686.2378627977542,2023,males
At most primary school,47,129,42771,85.01063730568431,2678.040557075277,24.111430642257606,114.38338282169383,51.47802638859663,313.3529447800605,314.05414984707716,323.2056729489456,325.47968998239736,2023,males
At most primary school,48,117,37587,77.39742093798088,2455.047707097312,46.07444063106925,74.67941043445872,144.90972942772768,285.8750397197507,292.26720414227754,298.6608291873907,305.287438229399,2023,males
At most primary school,49,124,45415,74.24912355479013,2417.095258541598,22.666079489155564,112.75257807625967,48.31384637968366,249.88240367747065,250.55170939621806,256.29139084435843,255.68599111389736,2023,males
At most primary school,50,152,52390,96.17870483138962,2908.2915871349496,48.707959534262265,79.60790863396323,76.88910097346822,398.7613494764466,399.52928269961023,418.62868278906626,420.13883499601747,2023,males
At most primary school,51,98,35559,61.521332963491155,2383.6892066706037,24.928147585702636,388.9653135165031,58.08365439598039,257.4981331670347,259.18485106745857,440.073182851572,439.902075447726,2023,males
At most primary school,52,150,48817,104.90931265698046,2446.232658022137,18.477579531720508,133.25395524783033,156.76028159589214,253.4108701270726,253.99626210015774,342.7253033732948,360.62409189690106,2023,males
At most primary school,53,133,50709,83.53371889916096,2248.78423291066,8.16028712851762,99.3500085454916,193.8410801501377,232.95767824054462,232.81986443006124,236.13597742516964,257.0161323421057,2023,males
At most primary school,54,88,22668,64.91611990674403,2334.316907828951,12.391918122463384,137.44586715487324,197.89468266572555,276.18270591859374,275.30767769783375,325.1389284813974,396.1829490842502,2023,males
At most primary school,55,99,37086,63.70752902101808,2249.189550414352,27.26271369249852,42.59064516708911,304.9093098923223,310.3731380774197,313.8941732708843,314.6812829386556,385.788676679503,2023,males
At most primary school,56,87,34844,61.35119581093247,2541.397935560403,2.2528986339111468,80.230455745609,125.75383614586922,243.26323778177994,243.18764601289973,255.99950862672054,274.14688525776137,2023,males
At most primary school,57,105,36096,59.923511084358275,2518.8959487662532,42.79061391843972,91.01654846335698,84.27633717494089,260.15439930305246,263.6446012290977,270.36674210389356,287.57606155045715,2023,males
At most primary school,58,98,35167,57.79686730275171,2031.1251741689653,64.33303949725595,37.38651766333969,124.92962152017516,246.63175193095233,255.91761142866986,254.04853522665329,258.4558723171234,2023,males
At most primary school,59,86,28314,54.92342246736688,2650.663049492595,61.71116762025853,138.10929810929812,161.2930587930588,449.559445258291,448.28516908775146,495.05351397843924,545.5090596092998,2023,males
At most primary school,60,108,35645,67.37409904087707,2269.982987328751,34.71622948520129,102.43804647683172,56.00177678028709,337.9338951901631,352.3297988152104,359.31121154804623,363.9568604852596,2023,males
Secondary school or above,14,25,10768,15.729095058140087,864.4366022783557,66.97622585438336,2.8107974244675584,0,207.7851776324924,238.75329836349414,240.42635605492447,240.42635605492447,2023,males
Secondary school or above,15,60,20385,39.392433928164316,732.682119205298,10.776060829040961,4.382307252064426,45.86705911209223,142.34570368294283,144.1986742135859,143.73235670860183,161.93948442030214,2023,males
Secondary school or above,16,73,27941,46.29204620052457,973.587929327273,16.58315736730969,3.866063013731315,0,150.09210698083965,153.82513320630716,154.5690160955538,154.5690160955538,2023,males
Secondary school or above,17,99,31970,49.94668540056661,1397.4673913043478,32.30653737879262,8.916744864977584,4.613700344072568,422.12781653358377,423.35872489280126,422.9089789092738,423.42701642365205,2023,males
Secondary school or above,18,143,54337,82.66038670937276,1885.522909496905,45.61586027936765,20.866015176889906,27.491396286140198,215.02691113274557,215.1221900189711,217.6801814315741,220.01618176922253,2023,males
Secondary school or above,19,171,59881,91.65141124115563,2347.180405025523,37.00673001452881,10.91420205630055,5.204923097476662,147.94785313585237,150.54648583384895,149.27313222726096,150.2706147365403,2023,males
Secondary school or above,20,204,78367,112.10264299337888,2405.039965801932,81.00506590784386,32.66128174699384,49.350704590792894,139.66273456827886,146.4839021599375,145.22260051999075,152.1065350447665,2023,males
Secondary school or above,21,169,63395,92.16755229641667,2562.5603833109867,28.509030680653048,2.536214738281147,16.315166811262717,164.388807865413,167.23092876810344,167.61842959792955,168.47148308016895,2023,males
Secondary school or above,22,215,82833,106.36132982039842,2959.307989166958,62.61644513660015,16.95882075984209,37.61418355808273,176.01228967214485,180.20636340989222,181.81099795787458,183.96552628964227,2023,males
Secondary school or above,23,226,80469,136.80048740426543,2950.147517470496,33.418136176664305,37.704271210031195,17.221588437783495,151.43264266346708,152.78691075005648,153.8907520760407,155.82001334636047,2023,males
Secondary school or above,24,179,72443,95.79071071883477,2915.6264281343033,71.67186615684055,154.13785090807025,68.4720354853701,225.14342346681357,230.89622768162056,300.24690693007,342.3496200072803,2023,males
Secondary school or above,25,166,60203,100.23386721041392,2965.707769269527,127.20037207448134,128.6334637255065,8.250973096578798,215.06365167226252,243.1369654467289,265.22852199100555,265.6574587946032,2023,males
Secondary school or above,26,164,64307,95.50096751710086,3454.9547483166684,44.670424681605425,109.18873528542771,16.57310505336381,239.42554496982783,242.20753102936433,256.76945659208883,255.3143129186034,2023,males
Secondary school or above,27,188,75339,113.87849625044308,3403.8357612480477,78.77420724989713,28.85039620913471,28.920567921881986,191.10443507403443,193.38697383541998,201.11263499852794,205.62295967251072,2023,males
Secondary school or above,28,159,55712,98.07753347540623,4041.4966434520393,67.44715680643309,37.672464340417385,52.82165422171166,325.9164492473682,329.8354989623121,344.9625834521354,361.56467780491954,2023,males
Secondary school or above,29,135,53374,81.86187380039118,3592.432545184297,63.603252519953536,74.53048300670739,30.809008131299883,262.63194006387687,270.46616269005807,273.7595948207842,274.0296224673509,2023,males
Secondary school or above,30,199,80278,107.48482123337473,3800.09206860327,27.04494382022472,203.56630500676812,57.0874959515683,252.37389778023714,253.52384521324495,339.87368275923603,338.9432573087795,2023,males
Secondary school or above,31,106,43628,56.96170534645117,4800.836041838575,40.1432566241863,484.4064209529049,72.95742795146847,690.316655124659,694.1049977497303,783.8969720716024,805.703979671505,2023,males
Secondary school or above,32,124,48379,73.26832311747164,4282.296569792678,30.65048884846731,31.381728987094952,139.1037433597222,428.2048699793936,428.8726876687312,428.1910240854799,448.46683220587295,2023,males
Secondary school or above,33,138,51718,82.56226464481963,3624.3524175979996,32.888936153756916,1166.2949392216767,62.48769609549222,239.28105243128607,240.57996068548508,758.4573964731098,759.863361756342,2023,males
Secondary school or above,34,118,44828,68.38126779927798,4611.458708842688,83.29838493798519,45.08826328782606,17.999167187174685,501.2029884607504,534.350456558989,535.3319257885454,535.49049152756,2023,males
Secondary school or above,35,125,51189,68.59269487305602,4818.338659998567,43.50739416671551,933.7224957184811,27.767228636360674,523.0184416345387,526.1519282880992,886.2858367087388,893.199461917501,2023,males
Secondary school or above,36,113,37828,65.10043023970498,5234.018240456804,108.37303055937402,305.01194000916433,56.03785555673046,566.400573887817,570.5257306711894,629.1893771395823,636.212618419537,2023,males
Secondary school or above,37,85,35900,45.959572294010314,4987.244405756732,108.77646239554318,156.42293407613744,197.58588672237696,500.8330813668554,514.4532947204941,533.3068676299936,584.5676411130464,2023,males
Secondary school or above,38,72,31614,42.73881626762651,5442.101632188271,65.69209843740116,509.9713998017756,134.8210708335969,1005.8280061370253,1012.4546546634502,1206.3702064221818,1205.199850293942,2023,males
Secondary school or above,39,84,32908,52.86247131078601,5772.293500060776,136.00522669259755,142.96635063409101,26.943650986588874,633.0189793092418,667.3980823518435,708.7028028651309,712.7915909932346,2023,males
Secondary school or above,40,110,53014,64.46300639812411,5731.021538335785,29.305466480552308,46.275832798883314,77.90112045874675,583.0753611177311,583.1788135992052,586.572500706571,588.3022422808742,2023,males
Secondary school or above,41,65,30920,34.402907149260855,6577.612052608883,197.1739974126779,369.9536438119879,11.974557999137561,887.2362808517787,920.5755808418852,954.2105807729856,953.4225198648805,2023,males
Secondary school or above,42,89,41264,45.061873779581425,4650.76885824609,42.4716459868166,103.52227930722502,17.223810908620912,633.9492581849904,635.2013170303342,653.0164393185453,652.8379848488781,2023,males
Secondary school or above,43,84,33741,47.86529719846416,5769.221086116791,82.1730239174891,635.876604131472,10.673463540894856,756.566679729473,757.678804277093,976.5910839740778,976.3377256539274,2023,males
Secondary school or above,44,60,22828,38.31753139600667,5774.9275670229545,67.21570001752234,92.23541265113019,5.306640967233222,568.8348404758332,576.9273139284801,576.9007647109131,577.0205483855909,2023,males
Secondary school or above,45,56,26688,29.938569403741685,7857.7166142086335,110.75014988009592,1125.4202887689846,2.445543565147882,1477.2634990208928,1476.102003307805,2294.2186013223463,2293.9724396083984,2023,males
Secondary school or above,46,47,17637,25.298332579825292,3809.858233637618,51.51839882066111,531.9654703180813,13.738164086862845,550.2522557626719,558.164615040398,806.7753278192101,807.6487462621516,2023,males
Secondary school or above,47,52,21506,29.45602613331445,4059.6898772435597,70.88719427136613,118.95091292352522,60.974906227719394,440.4759749860942,455.89156541187697,469.3894942785629,469.6580715184884,2023,males
Secondary school or above,48,45,20100,26.24083606950064,4296.263888888889,4.597014925373134,25.02072968490879,9.124378109452737,700.9738525138016,702.0602922059383,700.13528928102,703.9108151220873,2023,males
Secondary school or above,49,35,14060,18.41287760242023,5386.41478781413,137.7524893314367,446.7520151730678,80.37714556661926,886.961237126739,953.6068624467824,1112.946933969063,1108.8077126683484,2023,males
Secondary school or above,50,65,24522,33.40945067641905,4777.560479705298,48.16654432754262,74.87698121414785,179.24720659000081,537.3475782355257,543.7834068121232,568.4274974290875,636.3149939666573,2023,males
Secondary school or above,51,39,13100,22.145346044743896,4496.295979643766,40.24167938931298,743.2251908396945,188.65648854961833,720.6240499364033,723.538371620467,1496.015500481997,1481.5733594662622,2023,males
Secondary school or above,52,43,15489,26.079989690153454,5265.571599199432,26.657627994060302,213.7011212258162,154.60972302924657,783.2558630390505,786.2042969349933,783.9643105895319,793.033052224813,2023,males
Secondary school or above,53,41,19048,21.120774244955044,4019.9109617807644,35.867282654346916,96.92006159876802,11.920761584768304,740.4362434492543,749.4907674017036,748.0297487595438,746.8206714785375,2023,males
Secondary school or above,54,27,13247,14.795963219829016,4136.108225761807,16.278402657205405,735.1337409727988,20.83742230945371,747.4912529848403,752.5335692080141,715.0834841163033,714.3141867969496,2023,males
Secondary school or above,55,28,10552,10.932000995954132,3504.578278999242,18.53677028051554,226.96942127874655,119.4275966641395,561.1294204270794,566.6307196542,635.6496562511035,716.9489568544004,2023,males
Secondary school or above,56,30,16151,15.950181379910797,4365.1638701422,16.915361277939446,128.16027903329,38.00383877159309,751.5253202927593,752.4498220328807,758.1383160376222,755.4535151503986,2023,males
Secondary school or above,57,36,17894,23.76638851215741,4429.94350992884,196.04336649156141,238.20461234678288,6.063484967028054,715.7691333894767,756.2444958478983,773.8259681272158,773.4528255960362,2023,males
Secondary school or above,58,23,13406,13.369457878890177,6670.071858371873,275.1454572579442,2775.8500547018743,17.663732657019246,1078.8046002537337,1079.061439696849,2951.77719272429,2948.713321605805,2023,males
Secondary school or above,59,15,4435,10.44513591691143,5208.409770762871,108.22998872604285,475.86621570838025,169.15031942878616,691.1899094093005,680.3983865237456,809.6353620749222,780.1040791378007,2023,males
Secondary school or above,60,27,7930,21.919974623889797,3595.9766288356454,1.4123581336696092,595.0598991172761,139.260193358554,434.4240732879611,434.4945161153628,569.5910383095995,575.0850254571438,2023,males
At most primary school,14,42,17391,25.973071113533592,436.4638797845629,38.2439192685872,4.120809614168248,0,98.51251912659424,112.9177608342034,113.50118453639017,113.50118453639017,2023,females
At most primary school,15,40,13519,31.236298009585724,418.9903099341667,20.245580294400472,0,0,80.28108695312326,89.39602199023102,89.39602199023102,89.39602199023102,2023,females
At most primary school,16,49,21309,30.56709829535223,526.1768032286827,142.2976207236379,0.12318738561171336,12.053827021446338,113.7707382717736,167.84146426400022,167.82494062907384,169.20842678623168,2023,females
At most primary school,17,38,14181,23.322355013145014,777.2129610041605,118.530075453071,13.761370848318172,7.446583456737889,120.46848615697982,153.06052120494823,154.1559636348099,154.45165494117688,2023,females
At most primary school,18,52,17756,40.43935140149323,944.8780693849966,158.68134715025906,6.392205451678306,0,193.25621775248268,205.16000213534932,204.3829415863884,204.3829415863884,2023,females
At most primary school,19,39,16314,24.18041701872496,547.0473213191124,40.573740345715336,3.6236770054350047,5.9825916390829965,135.81123039024646,145.26844490380137,145.18450095586755,145.89846887098068,2023,females
At most primary school,20,52,17759,38.93285343046443,766.5479287497419,47.40306323554254,20.581113801452783,27.401129943502823,119.89500587740518,123.71542317569909,126.22310325794209,135.1053053307909,2023,females
At most primary school,21,53,23161,32.47128656426714,1098.3257055682686,184.24506713872458,10.953758473295625,101.49741663428463,205.51052283662452,262.03728983575996,265.7008118216536,281.35843234278093,2023,females
At most primary school,22,57,23505,42.42524028502855,839.9233283698503,87.54094873431185,70.05406651067149,146.61768418067078,108.32940978969386,123.95030453810739,132.50523202831224,178.233177962394,2023,females
At most primary school,23,62,22276,41.00640060583213,939.5891991380859,2.100915783803196,119.9347578859161,8.212126653498533,218.87670637552566,218.8064436437983,238.40786644904847,238.69144687918765,2023,females
At most primary school,24,44,15435,28.383867440807876,934.7291869128604,12.653061224489797,150.42328042328043,101.03660511823777,198.34897709674703,199.02094717178068,231.44553744961632,238.8921948772848,2023,females
At most primary school,25,70,27061,47.67668511694366,1064.106032051045,47.28561398322309,25.688721776726656,80.16294051710334,178.66012051011114,182.29580719770632,183.3645921125738,205.57019016066266,2023,females
At most primary school,26,56,24121,31.36903702151747,943.3913049486616,109.31097384022222,14.375440487541976,3.2281690919392507,190.46901312108903,223.0410073371333,224.64000931335792,224.5246124447143,2023,females
At most primary school,27,52,16877,34.32533779350143,886.2292370286979,42.426379095810866,76.45335861428768,181.01755841283008,140.28356463186998,141.09923019235654,167.1428946347647,233.49186095935224,2023,females
At most primary school,28,63,22808,47.23502136270582,1213.227873260844,31.95545422658716,59.34929629954402,322.6850227990179,187.21590735740546,188.41426784922984,203.8099092360821,283.6565915101483,2023,females
At most primary school,29,59,23310,34.181160444131805,995.8338338338339,2.2694122694122694,63.0428928928929,112.06992706992708,202.78753324541327,202.67534526262745,220.59450619631835,234.8972622133052,2023,females
At most primary school,30,60,24841,40.951974171946915,942.3056237671591,80.61833259530614,40.671202179193,60.498638004374484,136.36146562130276,189.74273436142525,191.25120457978903,195.0237286832119,2023,females
At most primary school,31,62,23689,41.67511523492314,1028.5007668819565,95.02971843471653,104.08417408923974,81.86629518623272,176.95773403712218,186.68799609285946,211.53525184378782,230.8830403558329,2023,females
At most primary school,32,88,37051,48.89054364625607,884.3416911824243,132.66632479555207,52.138336347197104,52.655348933452096,122.35175670128524,156.39688942145835,172.7841117284845,173.64230905749727,2023,females
At most primary school,33,67,22491,38.653445661331084,953.6576111926252,19.532701969676758,57.38888147851734,151.04050509092525,165.17029684441815,167.68308420125464,175.76739151676495,200.6368607530714,2023,females
At most primary school,34,72,25339,49.263589256866375,1366.3729297394002,37.73156004577923,86.57990975702803,55.78646881618585,206.9434617177208,208.03759466318147,218.42177044517996,220.3962498725033,2023,females
At most primary school,35,84,28123,57.693783050787616,1310.2324046747026,17.65458877075703,46.180054285341775,101.50410695871706,244.66305384441722,247.9856637369559,246.1513271406236,251.79005348827613,2023,females
At most primary school,36,100,35456,64.10849337322308,1351.319090327918,49.675090252707584,397.8517975330926,271.3751880264741,150.2103628470982,154.83163751765812,364.3387025833114,371.9915290043331,2023,females
At most primary school,37,87,31879,64.08163850694486,1359.6955048778193,59.28667775024311,38.83985539069607,258.42473101414726,170.4451854999199,175.65722824172093,175.4395913949058,254.25155006321896,2023,females
At most primary school,38,96,34794,61.0205554713244,1454.0796784886284,45.601540495487725,140.69228890038514,108.4056638117683,224.47137885561935,225.01939963225138,227.08775211673455,248.84703193813883,2023,females
At most primary school,39,80,29126,50.303888844283634,1290.768391357092,5.9015999450662635,31.383471812126622,68.73125958479251,213.1573135694448,213.68973257725997,218.29988852361257,241.5409189553183,2023,females
At most primary school,40,106,39591,70.88941557614274,1173.7039520766505,19.173549544088303,147.69147870307225,242.47426603689388,120.15519369875388,122.02360436314176,137.97054283674265,176.19123812859013,2023,females
At most primary school,41,72,25207,45.45399812616395,1523.2755848243212,25.91542031975245,93.35518572883193,181.0462702159453,286.82450798239887,288.76840283656924,292.17630204369055,366.51221657301494,2023,females
At most primary school,42,92,32589,48.20077548373446,1250.476285454192,58.98603823375986,43.908476275225794,37.943273292624305,188.08951287905685,191.37253297328843,200.20487523708698,204.78489057870706,2023,females
At most primary school,43,109,42345,61.317987094661504,1355.302330066517,41.29838233557681,91.81072145471721,133.18077695123392,198.57999226356333,201.32177873132048,205.07990124522718,225.8775901795428,2023,females
At most primary school,44,71,22185,49.613972094761806,1751.6784013222148,2.8239801667793554,6.724494778754413,159.46570505596875,299.04470552071433,299.0295966818598,299.05947127263164,305.67174985631556,2023,females
At most primary school,45,70,30159,46.20706732981284,1439.8991235341578,17.680294439470806,27.90239508383346,66.97282182212054,199.87088371787218,200.9247459862161,203.15168418138046,210.36655515542483,2023,females
At most primary school,46,69,26525,38.73183659729358,1615.5626138862708,34.492742695570215,44.88763744894753,116.19227144203582,292.8519972479383,292.4343141745073,296.95239721380074,305.9747815940626,2023,females
At most primary school,47,85,36868,52.427670188563035,1324.2990036526708,11.352121080611912,37.499434920979354,291.57959929116487,209.01846261509326,210.0592212842493,208.55295020209715,266.8472617364752,2023,females
At most primary school,48,69,26180,38.20232810489604,1979.722625413802,17.66386554621849,18.632225617519737,224.39190221543163,338.05129324841187,338.7291668463764,342.61309406880775,360.34906371895534,2023,females
At most primary school,49,63,25358,34.06005175629877,1158.3679706601467,7.879170281567947,120.31069090622289,67.30551831111812,218.75200592398613,221.10483628718077,235.0853813081464,242.67762076545853,2023,females
At most primary school,50,69,23457,41.28552781773499,1595.001520512711,42.99356268917594,108.33226755339558,94.28905372951927,235.950087340748,235.9310571793236,270.68449247121055,271.22180514073983,2023,females
At most primary school,51,46,16167,27.9664790941995,1113.6889961031732,47.45221748005196,770.5492154800932,294.39805364837844,238.67074319803754,246.1880723848724,1302.4873838303658,1309.135469938641,2023,females
At most primary school,52,80,27430,54.620442663717974,1219.0756471017135,18.58640174990886,70.81106452788917,187.58245230283146,173.47219807825147,175.14055407170127,185.01103520394997,210.563603393869,2023,females
At most primary school,53,70,26869,39.37355993637561,1477.1260808614636,4.041832595184041,168.24500353567308,155.43066979294602,257.5659652327252,257.8698336085925,324.9070060169459,329.24288204144045,2023,females
At most primary school,54,48,17810,33.29474440406293,1117.0919333707654,59.20269511510387,36.4557130825379,56.72992700729927,205.4214877193309,211.93120073547618,217.05018609201943,219.2487739615713,2023,females
At most primary school,55,56,19802,34.10404799833567,1796.8519678146988,42.84920715079285,96.83449483217184,16.654883345116655,310.1489150247183,313.2086744466825,312.6936785936246,316.95113914489565,2023,females
At most primary school,56,38,12890,21.46712335138711,1511.5576157227824,8.502715283165244,64.93535040082752,110.7512283423843,329.51772408926985,329.9073001688045,329.08251210066936,365.6046430558031,2023,females
At most primary school,57,40,11283,27.776991103714934,1413.0877426216432,26.84392448816804,88.63193890513752,249.01031049661734,325.6344690394746,328.0746980138202,334.27594745859847,429.8503351214178,2023,females
At most primary school,58,48,14962,29.75629715271318,1320.2233435815176,44.85229247426815,59.75401572873502,121.77596577997593,272.9785261935749,273.8507914661276,280.7054885551698,275.77204334167675,2023,females
At most primary school,59,35,10696,20.11139171435613,1480.160309149838,0,14.69272001994515,32.460732984293195,511.230798649112,511.230798649112,511.45656161157154,507.8630398594736,2023,females
At most primary school,60,35,13551,16.60281439246433,2206.7024327847885,26.234226256364845,136.59670872998302,40.06100410793791,806.2769514143375,805.0877955074562,796.2548779738052,801.6716787991959,2023,females
Secondary school or above,14,16,4994,11.208269479845367,174.5374449339207,70.74088906688026,0,0,75.21962458844128,115.9301974865912,115.9301974865912,115.9301974865912,2023,females
Secondary school or above,15,20,6864,10.419785042500084,335.31060606060606,15.913461538461538,14.84168609168609,0,151.89151563214705,161.3411407532469,163.18646307779258,163.18646307779258,2023,females
Secondary school or above,16,41,18480,28.14245665039975,471.91134559884557,4.91017316017316,2.3178210678210673,0,179.60783207608299,180.56779558746317,180.5979117638921,180.5979117638921,2023,females
Secondary school or above,17,56,24258,30.803653112409226,1014.057815978234,134.62692719927446,24.61524720367164,22.11778932036167,185.30986866002723,207.33180127516925,215.97755812274343,218.15983069502084,2023,females
Secondary school or above,18,67,24213,37.10346528271464,637.4974875755448,27.642919093049187,3.9679098005203817,20.99285507785074,176.76362064070054,179.45909600379923,179.3240269665075,178.88449657942726,2023,females
Secondary school or above,19,102,40254,55.27369870538782,1556.977592288965,121.37869528494063,14.890549179377619,16.246832612908033,172.94809861408913,180.6107208985748,180.9179010915901,181.75147309820835,2023,females
Secondary school or above,20,110,41837,62.64504051876213,1661.7294559839377,50.4950163730669,3.4067332743743575,33.77393216530822,180.00124743587654,186.1069215032519,186.33152852440054,186.12030635445686,2023,females
Secondary school or above,21,87,29103,45.759738046401864,2208.1635913823316,36.200391712194616,9.446448819709309,36.926777308181286,226.84103419592736,228.6810622954783,229.12259719349206,230.06800617469003,2023,females
Secondary school or above,22,116,40065,78.95581771563792,2008.3290985481924,46.60456757768626,22.260285369607722,42.135696160406006,208.9362507302955,210.69508559869428,211.11490998963473,210.5011690483951,2023,females
Secondary school or above,23,120,45936,66.84938976834825,2105.7921746197608,109.38719087425984,40.85503018692674,90.46210669917566,203.38646544777518,210.0302362030748,210.7970508216821,214.15379689003598,2023,females
Secondary school or above,24,102,41536,55.810377401155094,2319.566921866975,17.98439907550077,65.87749181432974,95.418833461736,193.93731595049633,193.43507010392418,194.27103791385116,211.59745020230866,2023,females
Secondary school or above,25,117,47107,65.15369725383853,2944.7163443508043,38.345214087078354,129.24572427310872,28.158469017343496,298.6943604369442,298.0837060308923,302.7810279289736,302.44881742040843,2023,females
Secondary school or above,26,101,39452,58.795196357166,2307.1114011963905,21.812582378586637,130.14507080333908,75.32740207509548,257.6506396677385,257.1420671183585,294.1179531552524,303.60161702223417,2023,females
Secondary school or above,27,112,49640,69.6239228779298,2730.9643096964815,25.119661563255438,78.24651658608649,184.0220185334408,261.6015297489725,264.52007625176634,259.83703623264154,274.80609157066607,2023,females
Secondary school or above,28,119,47072,68.83181399093911,2108.5940651200995,26.73045547246771,41.9098048379787,263.49341434398366,209.9469812233321,216.2189489539108,218.54557371036435,225.345692250069,2023,females
Secondary school or above,29,110,37566,56.21596632087633,3159.183989511793,40.32130117659586,75.38754015155548,96.52965447479103,404.3276301629044,413.73729097455526,429.71639341272294,425.6847774988376,2023,females
Secondary school or above,30,110,47139,64.3792136888015,2877.750790216169,32.74791573856043,419.5825112963788,72.35869803488973,316.8099410626665,319.553789429691,372.49016642766964,369.0511736630763,2023,females
Secondary school or above,31,74,26304,41.259478731911344,2859.478304947283,19.228634428223845,71.18863417477696,86.51789334955393,363.1071147494021,364.54856701656706,369.8327994803149,388.54739610453385,2023,females
Secondary school or above,32,69,23156,39.7200910198427,4421.358373639661,4.5163672482294,73.05018137847642,85.54010479645305,1061.4271142347038,1061.7889295755692,1057.3349175345527,1055.0953102776111,2023,females
Secondary school or above,33,84,37952,48.32761174504249,3427.945720910624,19.74968381112985,316.03253232152895,68.96483277121979,431.9947946467031,433.0371815074646,493.7127701358448,514.3764380208344,2023,females
Secondary school or above,34,71,28632,38.917539147713114,2707.6536043587594,19.397527242246436,31.707238986681567,188.0255425165316,343.69803675199563,342.11058216361874,339.2508429325434,346.30455625738404,2023,females
Secondary school or above,35,73,25360,36.8697672536091,3111.074907991588,7.839905362776025,23.374737118822292,113.79929022082018,365.98179370713126,365.3819591515412,370.364746220173,392.1499617123168,2023,females
Secondary school or above,36,77,29772,49.957727572983195,3841.0175780375293,39.355434636571275,69.07709704868108,31.26315553764163,600.8132720709194,599.0145318977853,605.1016445618532,602.9554005658101,2023,females
Secondary school or above,37,60,27256,29.905986877250076,5092.062096419137,37.897343704138535,98.56545347813325,122.2703257998239,833.1663648717131,836.8485776092535,858.0017078878024,851.8455710925895,2023,females
Secondary school or above,38,72,25626,33.899135120000395,3636.2701260438616,23.156169515335986,651.451650667291,315.3789120424569,537.4235374837217,537.3183768535532,678.2714581334845,750.2773216182023,2023,females
Secondary school or above,39,56,22664,32.5084528437252,4617.9291828450405,100.45667137310272,106.70372985057067,265.38544240498885,786.2631929070151,788.537913384653,814.3991407628258,855.4464653074423,2023,females
Secondary school or above,40,80,32571,47.698115010241516,4796.087526736464,28.23493291578398,332.77877559792455,142.5178840072457,928.9963447760578,940.8262617847687,954.0767713210431,957.5405217151821,2023,females
Secondary school or above,41,46,21038,23.138093813645156,4302.316276895775,55.32750261431695,172.63206261685204,443.96002471717844,726.8182997817605,723.2919483730346,756.7840900072089,857.2940593355937,2023,females
Secondary school or above,42,70,29832,38.58142433044545,3431.3034465227497,29.901783319924913,174.27343121480288,86.71225529632609,582.6032045822326,584.0138655503854,615.2571810473888,617.812464939518,2023,females
Secondary school or above,43,44,20375,19.338605456381597,3374.4098977505114,28.152147239263805,92.04777096114519,258.0807198364008,748.5163287646476,747.4360765875972,743.720234925666,767.4589313746877,2023,females
Secondary school or above,44,40,18261,21.882514868750828,5156.397148750524,43.98116203931877,54.69141887081759,72.40118284869394,661.8256763521013,664.4051272034718,664.7298275819592,681.981492986503,2023,females
Secondary school or above,45,54,22638,28.166001427209043,4657.888542863033,96.07739199575934,377.39898989898995,148.40268574962454,866.7468596992853,902.680255333319,992.8902969620922,996.3206568396641,2023,females
Secondary school or above,46,41,14545,22.31338094980442,2921.252595393606,13.447920247507735,594.758221611092,219.44425346625414,721.7951855443192,722.8189904352331,972.4576761047917,986.803494598099,2023,females
Secondary school or above,47,41,18354,20.82148300289327,5264.602902182994,247.17772692601068,131.9848534379427,27.09828920126403,1608.3661688810532,1610.1136513877082,1618.068717015182,1616.7544102722413,2023,females
Secondary school or above,48,31,15446,15.599265867411523,4012.7398895075316,242.017350770426,319.193750269757,92.20618067245026,694.6401240649212,743.9369985646008,825.3528020529116,842.4570368484622,2023,females
Secondary school or above,49,23,11041,13.279544378319853,3770.35591582888,54.50593243365637,69.84270748422547,34.37883041994988,894.6362019946005,885.9229685655631,869.5288401242733,870.2675355705665,2023,females
Secondary school or above,50,26,11009,14.537817937336454,4332.300277046053,113.83413570714869,449.9402004420626,69.24637417870227,1051.2455522411813,1035.4384285464357,1038.3342103232867,1052.9949929631784,2023,females
Secondary school or above,51,29,15588,17.31999012346242,3378.986399794714,2.89966641005902,445.8130185612865,13.012146095286974,762.146241319875,762.0410745881891,1271.4529062859012,1276.6334524026372,2023,females
Secondary school or above,52,18,7973,8.579946467729943,6404.897152891007,0,587.4116810903465,0,1277.210930611179,1277.210930611179,1680.2692179641526,1680.2692179641526,2023,females
Secondary school or above,53,20,9064,11.408860728907532,6382.191122388938,0,335.7862606649015,113.53339217416888,1320.591588496286,1320.591588496286,1434.1502822721916,1410.6346820261758,2023,females
Secondary school or above,54,20,7163,12.554032413355554,2527.2092698589977,2.066173391037275,70.4383638140444,28.54483689329424,741.2726572495629,740.9219893714817,747.4024717659483,753.5891938922581,2023,females
Secondary school or above,55,18,11643,9.495351734656374,3909.25234046208,0,984.7269604053938,51.79077557330585,1574.0332035034048,1574.0332035034048,1611.7243623978397,1652.5692374797654,2023,females
Secondary school or above,56,15,8193,8.239378054158873,3543.0395256112943,0,75.49534155173114,35.88429146832662,1231.6672993042828,1231.6672993042828,1226.7930900720269,1213.713824340072,2023,females
Secondary school or above,57,16,4806,10.404040604234833,6304.748283395756,92.17644610903038,1043.0919683728673,359.27313080871136,1636.4960931843498,1685.9556449722654,1882.2685425114528,1947.9182157636355,2023,females
Secondary school or above,58,13,6410,7.4364748357167105,1425.1792771710868,300.46801872074883,27.291991679667184,0,548.9015556391787,615.0445186517974,625.8637795745184,625.8637795745184,2023,females
Secondary school or above,59,13,4362,7.07075345138334,1376.338262265016,0,0.9246523001681186,55.09705028274492,868.725946695728,868.725946695728,868.588279260916,891.1737979387988,2023,females
Secondary school or above,60,9,4873,4.786484754626967,4305.417607223476,0,206.56679663451672,94.01463848416444,1268.0924843902478,1268.0924843902478,1170.0511080053266,1194.4620641626627,2023,females
At most primary school,14,58,20030,34.50632499862388,815.3873356631719,60.102596105841236,28.301714095523383,0,119.68332873952153,130.54439077188067,128.8942891621543,128.8942891621543,2023,urban
At most primary school,15,65,25179,37.0311053741775,1006.6346955796497,8.633384963660193,0,0,162.05407185546974,162.1566737201472,162.1566737201472,162.1566737201472,2023,urban
At most primary school,16,73,30575,42.299425370181375,1218.074156445898,51.06197874080131,0.9689288634505315,8.400817661488144,136.60603673823516,138.2434176890458,138.16581868960694,138.12487645227367,2023,urban
At most primary school,17,63,19968,40.26067427166555,1423.568376068376,27.240584935897434,8.718115651709402,1.3271233974358974,140.93714084833792,148.69924186965574,148.45379511278122,148.2521005532329,2023,urban
At most primary school,18,63,20964,49.29404011006242,1492.9929482287096,50.37426063728296,0,0,180.73804904900837,179.78746132903217,179.78746132903217,179.78746132903217,2023,urban
At most primary school,19,51,19499,30.321633764020458,1324.9120467716293,68.39017385506949,6.460160350103424,4.005333606851633,249.73359098737293,253.00942995904296,253.3907130106138,253.27293167443295,2023,urban
At most primary school,20,59,17784,42.24005744005509,1539.6407632328685,7.842442645074224,12.708052181736392,28.22762033288349,146.0901182074454,145.84908685365593,145.20572407384842,151.21614786499705,2023,urban
At most primary school,21,68,25532,39.49753895871137,1768.7821230873674,213.6401378662071,9.936550211499295,8.573554754817485,211.13719699619637,244.24724206549627,246.4334496102943,249.124715750964,2023,urban
At most primary school,22,77,26311,50.740618626672386,2024.792691269811,95.52962639200335,23.67656746861262,71.91157057251085,293.9274908087624,301.8946478350906,300.36031051846146,303.1067885686252,2023,urban
At most primary school,23,75,26128,43.02098995006162,1966.6787864870382,35.52648499693815,21.35926974892835,12.334787711777915,300.53838283479377,302.67280022207825,300.93141806383176,301.72236313496046,2023,urban
At most primary school,24,68,23275,41.78118607451199,2083.8932044396706,8.390977443609023,137.03651987110635,0,237.32414552551433,236.57902717379258,259.69313721697233,259.69313721697233,2023,urban
At most primary school,25,73,23638,51.448106708349,1726.2026186648616,98.58752855571538,34.538842823701955,84.2085906873114,172.8246808668642,184.43300607763499,184.76678058296216,196.12247084660333,2023,urban
At most primary school,26,64,24178,33.7478002689083,1873.9000330879312,120.00909918107371,12.494830010753578,0,374.6654775406989,419.0404868892614,419.01975076337453,419.01975076337453,2023,urban
At most primary school,27,77,25967,49.19267217980155,1746.4431329507966,33.7131744136789,14.679015673739746,97.00774059383063,193.0405253653151,191.05541548492127,190.32100231667226,206.64997099789392,2023,urban
At most primary school,28,81,31908,51.16565821605153,2211.0137478584265,59.24219631440391,106.38188959926454,189.48644018219045,241.92074557416802,246.8351731701608,298.3527712498562,327.47941034199476,2023,urban
At most primary school,29,68,27819,35.23083170012396,2317.802401236565,25.867213055825154,412.8689265130546,31.983536431935008,324.5169617242331,326.6573497768489,436.8708069635069,436.5322024835983,2023,urban
At most primary school,30,96,36832,48.66655995341543,1714.0450966550825,20.047784535186793,4.685011222125688,34.38079206487112,167.26125479533286,167.80878364350946,168.32667215495724,168.19045201014507,2023,urban
At most primary school,31,81,30546,45.119440402914236,1764.014780986054,71.62531919072873,81.53822649992362,11.228966149414,202.53944464103895,205.42042341873278,220.62312482956136,227.33935135440032,2023,urban
At most primary school,32,107,41651,55.957652475303384,1653.9851144030156,106.96321817003194,36.20789416820725,26.31629492689251,173.89871374458204,187.05237499065325,195.50227841597157,194.70077614456744,2023,urban
At most primary school,33,83,31920,45.26287423665358,1830.7637426900585,12.830043859649123,39.7545948203843,17.87280701754386,216.33393379582557,216.78515269735402,217.14226333926575,218.8665782043215,2023,urban
At most primary school,34,92,32907,56.159463437248355,1972.002086688749,43.2555383353086,43.858348274429964,3.6184803638536884,269.5184148828809,276.5861720165411,279.95959532463934,279.63669197924423,2023,urban
At most primary school,35,101,34077,60.90648087748741,2321.1076336923243,36.888223728614605,6.436990736665003,35.18766323326584,274.5866491472634,277.29813069257756,277.4638937876203,274.6461892902574,2023,urban
At most primary school,36,95,31584,53.764056440051306,2147.2898619554203,83.42594351570415,89.69184027777779,343.8202465383316,206.2588529886505,211.3394065407052,223.02322201503247,273.51611390880294,2023,urban
At most primary school,37,90,30805,67.37750095870868,1816.4437050262404,61.85359519558513,14.097522047286695,189.47681653411243,186.18993670184668,196.1639827322816,195.73713352981648,257.9879304720029,2023,urban
At most primary school,38,106,38712,63.25752926457404,1884.349426534408,42.653440793552384,99.53610422263554,74.0037542191913,167.85097361321962,167.23552784787364,167.69399719002115,186.32160310486057,2023,urban
At most primary school,39,94,33571,56.414358737527216,2207.591224568824,38.993178636323016,87.46835065979566,7.818255835890104,229.6026821780787,240.61229792125752,247.87269341631543,249.17549991654857,2023,urban
At most primary school,40,137,47412,85.71736357392383,1749.5410796141625,29.67139120897663,140.02463335583116,76.90701369554824,125.3055574000319,126.48329255619983,130.61981572212292,128.58842686372475,2023,urban
At most primary school,41,71,25703,43.14501606858175,2035.752742870482,34.89864996303933,544.8285057515983,116.2665836672762,268.5890105539495,269.6261447795411,782.2838567696542,802.1466616182275,2023,urban
At most primary school,42,114,40607,62.353846357464136,1924.6379688231093,45.679710394759525,35.632526411702415,21.475279303239997,177.8212502766581,178.01270270836088,183.84572895450592,184.94375312958516,2023,urban
At most primary school,43,142,59354,70.9229655094968,2528.1953617279373,30.448630252384,57.79558243757792,31.96223787220182,384.81326280129406,384.79067605573357,385.0672531762353,384.0287621844088,2023,urban
At most primary school,44,84,27319,47.084456392223224,2320.623589199214,20.03916688019327,4.814719914101297,58.00480739900191,257.17445497664056,257.62550397507437,258.02441036214896,263.3736130532949,2023,urban
At most primary school,45,90,32256,54.943608700152296,2532.9007781498017,0.5704365079365079,18.55132895171958,40.41625330687831,367.02514997097524,367.0825333771674,367.2186626530436,368.39111554673013,2023,urban
At most primary school,46,79,31732,43.64621815067822,2847.9964651876126,443.44888440690784,26.435879658809196,29.95924198495735,697.8799473313748,960.0829641461943,959.6455596423198,960.2477565876848,2023,urban
At most primary school,47,114,41735,65.9192540805985,2335.6774050557087,26.837666227387086,25.906113973084143,100.5636356375544,317.4755605462545,318.9525001858909,320.6433435110783,324.06988198957174,2023,urban
At most primary school,48,93,33609,49.46754307578478,2608.466576413064,28.457853551132136,41.40359229174725,29.861049123746614,341.24519778112386,344.8425767839749,352.95998520497443,352.97506993235777,2023,urban
At most primary school,49,92,38781,48.0854649280692,2004.130153941363,14.226038524019494,104.11974076652656,19.130673955459287,242.74263150351507,245.68604394469483,252.8084611922667,253.79761793164428,2023,urban
At most primary school,50,118,42331,69.43911687938267,2347.626465631964,65.73740284897593,77.47848306599576,118.17108029576433,210.16298266780817,212.70019275624415,225.4746799618953,232.05260775874737,2023,urban
At most primary school,51,62,26854,37.67711355266189,2365.291247734664,40.36940493036419,382.9715002110176,181.39321268091658,291.8953621792428,293.88967950085373,562.5231589668699,558.3643051196613,2023,urban
At most primary school,52,110,31907,71.05068619069962,2161.014009465008,15.283323408656408,92.75670960395315,24.537562290406495,262.8738877990476,263.3125399971373,286.3391017940958,286.83106090155405,2023,urban
At most primary school,53,101,41526,58.99096926833641,1998.313434153703,4.471897124692964,125.73909518534572,116.59201464142947,219.46715428085602,219.6925193751166,253.3554040911539,257.41405223588737,2023,urban
At most primary school,54,67,20059,45.60084521085902,2111.9370025092644,45.40106685278429,141.55096631603436,179.77965003240442,315.0448032316625,314.648293664868,384.6672701084888,478.35616598304966,2023,urban
At most primary school,55,77,29298,49.21300860738941,2428.8655653400688,23.76834596218172,41.38507747969145,318.1104512253396,303.6732021622784,302.4486049703211,305.34555797709515,419.71308224781893,2023,urban
At most primary school,56,59,24184,35.79917406747164,2611.777580218326,7.777869665894807,31.62559267835484,97.87256037049289,291.4302980689502,290.8954341417746,289.00410802777463,298.4964839837053,2023,urban
At most primary school,57,71,22556,35.983427511914485,2847.4320099603947,25.78382691966661,111.3667464680499,70.7175917715907,298.8414466422157,298.31490111368834,312.8269641498324,344.73207349399536,2023,urban
At most primary school,58,76,25537,39.90980394796792,1976.6559501899205,46.49175705838587,47.671923744631975,109.12057015311117,326.3846485867142,326.9015622186724,326.33274151626426,329.73029223951755,2023,urban
At most primary school,59,62,19744,34.913659822437424,2898.671254558347,20.76023095623987,118.33561250675311,79.54830159373311,532.7099321460591,533.5059636715272,598.8082514051774,637.6707152563586,2023,urban
At most primary school,60,68,24287,31.738026792788357,1925.6284569248296,23.956025857454605,129.81074923484442,36.71923251121999,305.2304004485814,305.759666799751,302.11947656977975,298.77069880135497,2023,urban
Secondary school or above,14,21,9533,12.687935834106218,731.5147382775622,72.00251757054443,0,0,192.45881976384885,226.9915013224336,226.9915013224336,226.9915013224336,2023,urban
Secondary school or above,15,42,14619,24.47017146568219,454.9286544907312,12.045967576441617,8.9427001390884,0,129.71680552819078,132.05266950948752,131.80622501206074,131.80622501206074,2023,urban
Secondary school or above,16,61,25592,39.518099994991985,887.7687167864958,20.314551422319475,0.15747108471397311,0,160.39966155692028,165.31917729859506,165.30590958443133,165.30590958443133,2023,urban
Secondary school or above,17,89,35131,41.497528329452244,1242.1430360650138,91.06088639662975,1.3763248033550615,19.470932604632186,195.81711840921358,203.7518460747825,203.7395248010865,205.8466937353732,2023,urban
Secondary school or above,18,114,45089,56.97330489307819,1622.1874958415578,40.2160615671228,14.418150768480118,30.040586395794982,217.53235779136418,218.7913862435805,223.14632295716555,225.19563048603192,2023,urban
Secondary school or above,19,164,63674,79.37142513935002,2236.126616305975,54.42676759744951,11.548460386761734,8.888651568929234,165.97587743861638,168.84478601093008,167.96142503481727,168.07264637027043,2023,urban
Secondary school or above,20,190,81181,102.157798532073,2417.467080761919,68.95633214668457,20.499131570194997,45.40060687435073,153.30041619891975,159.30395724575504,158.96906918777182,164.26244239088268,2023,urban
Secondary school or above,21,167,65159,88.542115360388,2574.9053392470723,17.59066284012953,4.000138123666723,21.51987190308834,155.5499352738758,156.7107120841826,157.07749135782083,158.95067188415317,2023,urban
Secondary school or above,22,206,80113,103.07908200233602,2948.496041008742,64.77600389449903,13.678907709526959,45.05380733047903,196.85287885046614,200.01691092270732,200.5748718430473,202.49506067390973,2023,urban
Secondary school or above,23,217,84281,121.17999608411479,2982.1829208243853,59.7532777257033,47.736836693125774,46.57085226800821,164.435092102868,165.6355091695134,166.0245700967278,165.6116953740422,2023,urban
Secondary school or above,24,191,84060,99.41601869978274,2919.240391783647,49.37098501070664,122.84999801728925,87.09258862717107,192.90670045690527,196.02117332232845,262.28670187066973,302.32051695185197,2023,urban
Secondary school or above,25,174,72412,100.8584434258809,3130.8609668747354,55.80135889079158,90.97587416450313,17.070628256826677,217.46732004375397,230.88387903587747,234.4402341908359,234.66871686352397,2023,urban
Secondary school or above,26,175,71402,98.12170469953763,3362.060059008618,27.642503011120137,122.14853925660346,19.556174897061705,240.8534297847857,241.22634064954835,255.5423389251282,255.16043658524006,2023,urban
Secondary school or above,27,205,92602,125.04588573210955,3421.3256121178088,37.896913673570765,50.782434504654326,31.365701244753538,192.03167613126567,193.38735485874298,196.36085224502057,199.53360349879688,2023,urban
Secondary school or above,28,174,67688,101.17842707773107,3487.0098934326124,51.210938423354214,43.939029074577476,168.8644959224678,311.8673012145627,315.8956391859312,329.6642612642574,338.9901225086666,2023,urban
Secondary school or above,29,148,59822,81.20496634234344,3915.097061560407,66.72495068703822,97.25337947020606,58.75429886440885,313.66129560666116,323.06083344905363,331.5891693793106,328.6701563040972,2023,urban
Secondary school or above,30,199,85186,108.58781175253478,3781.8212959484736,29.16845491043129,231.2689780793401,73.16088715673155,263.4823212855572,264.846568174646,285.3999478201007,282.5450128210785,2023,urban
Secondary school or above,31,121,47253,62.52758198405999,4321.485298993362,39.49675152900345,145.8797148681918,19.166331590939553,436.4475890654697,441.41455266543227,457.1255586603152,460.48920130709575,2023,urban
Secondary school or above,32,126,49709,71.51163602244316,4940.509872457704,30.486652316481926,47.80455584837086,157.84800874422473,632.5103848443873,632.7739314762962,630.1321350039426,642.1451451962276,2023,urban
Secondary school or above,33,155,65651,89.35035249725209,3701.0171106812286,20.755357877260057,1066.3874122252516,59.143125517255385,285.9998731032855,286.55717893986167,685.6882365035842,688.0607370405114,2023,urban
Secondary school or above,34,128,53511,69.10193174437721,4260.817813159911,49.520659303694565,40.39605563965042,90.63395065189088,460.62608820552657,492.5035608565637,493.08797922284816,490.30078942126835,2023,urban
Secondary school or above,35,135,59044,71.52211637884344,4701.072620983221,36.416909423480796,759.8020120588036,59.321805207415935,491.1506892821942,493.8513024230463,817.1006223592577,824.100556604877,2023,urban
Secondary school or above,36,128,47932,75.76063708303774,5129.103570335754,65.76691980305432,87.53383265181229,57.10729088430832,557.7306801390615,559.5342927005869,566.5957390162107,571.3472673214187,2023,urban
Secondary school or above,37,113,53323,58.44730255417673,5072.122855053167,80.22044896198638,127.6128499896855,128.31861173102288,513.3839793659669,521.9588782623034,532.8075979216667,558.275197874747,2023,urban
Secondary school or above,38,101,41727,49.989689329321045,4900.863263993737,38.7691422819757,494.36801511411477,282.23053019228155,837.8796520511414,841.8962108027339,871.2459381498217,891.2905398917683,2023,urban
Secondary school or above,39,111,47920,67.79323640121042,5497.016993600445,129.98977462437395,141.0379104062326,107.15383277685031,584.5216202931684,604.8910798561805,636.3621650339428,645.4193879734254,2023,urban
Secondary school or above,40,147,71338,88.05746607144408,5419.863324361957,14.677170652387227,156.46307017297934,91.41644939116134,565.2440423426486,570.229380138569,574.1456339944483,575.683260462973,2023,urban
Secondary school or above,41,85,42102,43.678604447889406,5829.330570202524,168.96822003705287,216.6714170348202,228.98516301680047,752.7574969821374,776.8958974615522,811.370771489018,826.82261307269,2023,urban
Secondary school or above,42,127,59643,64.04700099260329,4291.324864890543,42.814412420569056,140.43321652722588,49.296648391261336,515.7479878503359,516.9748409529386,537.5138655255045,538.0061014804613,2023,urban
Secondary school or above,43,95,43496,46.677346167603744,5117.58778585004,73.76310465330145,505.3491508797744,127.52271473238919,739.0084091764653,740.4634320502594,927.8857767555187,925.3771036975268,2023,urban
Secondary school or above,44,73,31314,41.33541965016043,5809.81661557131,55.909178003448936,21.45909178003449,14.253688446062464,520.9526414825755,525.7027611515979,525.4614947074357,527.9070330248461,2023,urban
Secondary school or above,45,87,43444,47.319799143822486,6923.310940521131,116.92523708682442,884.8745895098671,55.373891293005556,1033.008940167874,1040.7865802216536,1526.3017927201543,1525.1635255960948,2023,urban
Secondary school or above,46,68,25397,35.26779995443126,3522.030436665748,19.491672244753317,687.3580869131524,73.80399259755089,503.16701022243444,505.4611937845395,752.875079657852,754.4531022628854,2023,urban
Secondary school or above,47,79,34813,42.90518571301479,4939.905231762082,173.75463189038578,130.25139076398665,18.93990750581679,842.8202306967685,847.2826501481198,853.7417448878189,853.423008236281,2023,urban
Secondary school or above,48,65,31839,35.13549857414378,4073.680507134856,120.31156757435849,159.2889223907786,49.09754284577615,450.69277260440293,467.5222371228742,495.2503408195268,504.2272314540128,2023,urban
Secondary school or above,49,51,22631,27.41456181554546,4592.3184238434005,112.17356723078963,149.48227357754115,66.70846773599635,688.468060391528,724.032528304798,758.3468374077798,758.0403957299154,2023,urban
Secondary school or above,50,76,31518,40.130971232499185,4628.28403346236,60.25128498001142,150.40373754679865,148.835586014341,543.3769655929297,540.4077398641814,561.0088856080663,609.0657620263556,2023,urban
Secondary school or above,51,56,24173,32.586860522783795,4088.348667245825,5.706201133496049,668.1800631558626,26.689557219487305,593.5237438230492,593.7423539822474,1149.0284588386994,1151.8172791094346,2023,urban
Secondary school or above,52,54,20946,28.17733158335652,6031.973495337216,19.712594290079252,357.84636684808555,101.8786403131863,730.3731834047668,731.7759436652349,816.5968382077555,820.4345301390696,2023,urban
Secondary school or above,53,50,24087,27.556667864685803,5092.798549701775,28.36384771868643,173.98873527905786,42.722907239036275,709.1575191623778,713.2345533070784,752.9577227357363,749.5134880046137,2023,urban
Secondary school or above,54,41,19101,23.32574394210149,3416.4258764811616,5.62483639600021,508.69413468753817,22.96040346927735,548.2896827799053,548.6721419904254,559.4334588928822,561.176657149121,2023,urban
Secondary school or above,55,37,19861,16.633238112807753,3826.913381333602,1.5910578520718996,665.1808737391539,76.17944715774634,925.8961526166918,926.277746487298,968.6702347150068,1005.6965456207043,2023,urban
Secondary school or above,56,35,19634,19.021876142008946,4180.474915962107,7.028623815829683,99.90747343044379,18.81939492716716,681.8770809188554,683.0577303609716,687.0135051394242,683.5085894547959,2023,urban
Secondary school or above,57,47,21134,29.70086183484828,5026.528315352828,185.4310589571307,388.02561433393265,86.83480016403269,731.53305715684,763.2547845084996,823.5900652161738,841.2029269482865,2023,urban
Secondary school or above,58,29,16432,17.138352091685306,4922.161787974684,326.3510223953262,2030.9401371308015,14.410905550146056,1067.255714352103,1069.8678753625536,2526.352371455823,2524.9782261449195,2023,urban
Secondary school or above,59,21,6611,11.853476591962695,3404.4490243533505,72.60626229012253,110.55311853980739,124.81949276458427,831.1235943430326,840.53519121123,879.4305759361545,898.5940599574983,2023,urban
Secondary school or above,60,30,11163,17.125370353751652,4089.3303472782104,0,512.8930395055093,107.53978918450835,546.6506494208373,546.6506494208373,613.5177457946403,626.2038171623126,2023,urban
At most primary school,14,91,33996,71.81735804034152,647.6843354120093,44.89792916813743,4.308178413146645,0,108.09141822994566,111.7683322423124,112.1087753622952,112.1087753622952,2023,rural
At most primary school,15,106,36440,78.09581457159604,895.5402579582876,21.504939626783756,0,0.4829857299670692,121.3826400881593,123.36608221657367,123.36608221657367,123.34235029463481,2023,rural
At most primary school,16,119,43950,86.69316798040727,868.1799772468714,64.16518771331059,0.16932119833143724,0,92.5650566017297,104.73128610004598,104.72846932104306,104.72846932104306,2023,rural
At most primary school,17,102,40717,72.11196040726604,1016.2101087997643,60.33683719330992,0.620134096323403,3.2680862211525077,107.06723320507973,113.10425656113418,113.07963472629326,112.98539984790146,2023,rural
At most primary school,18,114,40556,85.47837784997802,1332.432398001118,124.60005917743368,8.305388434099353,4.980767334056613,122.27241708223362,130.81095827021431,131.0560401960255,132.5021411597613,2023,rural
At most primary school,19,73,26624,50.7273041634272,1251.163361378205,19.217247596153847,0.3881209935897436,0.732421875,141.97109896744897,143.3973241177765,143.4832650675872,143.37840575651305,2023,rural
At most primary school,20,106,39540,81.82780843579093,1330.1221927162367,89.14860900354071,9.218934412409373,14.312021581520824,132.74957171115716,137.28275176562872,136.83428892647441,137.5268669813002,2023,rural
At most primary school,21,89,37664,63.444131268609006,1322.1346378504672,38.952049702633815,0,59.89490406400453,174.08980639863424,175.87312643600987,175.87312643600987,181.74372311824894,2023,rural
At most primary school,22,108,43042,74.22877389769327,1522.8979833650853,71.46252497560522,329.5663731549029,40.558446788408226,149.33004000410736,153.52772449414925,334.3261931555755,336.9879438807585,2023,rural
At most primary school,23,122,44138,90.06605727684858,1526.3510353890072,25.10399202501246,63.57862461673238,17.88934704789524,148.04056803781458,149.67411238488862,153.30635434126862,152.45689986821614,2023,rural
At most primary school,24,99,36877,70.27700619433195,1501.7356889117877,45.810396724245464,22.292214659543887,42.28923177048024,156.47209077415047,159.46529626315726,165.1563855886063,165.27451976932448,2023,rural
At most primary school,25,110,45887,84.35517496408343,1583.7715111760047,34.24357661211236,8.78752878447781,36.34798526815874,132.68721284718777,137.47156209288582,137.14344483105074,145.755369585657,2023,rural
At most primary school,26,121,47114,83.8112034673983,1477.8503770995176,51.605785965954915,6.351712512911944,1.6527288420993054,142.3955562823834,149.4762722571179,149.7428878477806,149.64799566638416,2023,rural
At most primary school,27,90,34344,66.03424770883603,1770.7012384501902,26.441590962031214,38.69962730025623,16.497787095271374,221.38356715589543,223.30050597044465,225.71244249699052,228.00419469573862,2023,rural
At most primary school,28,111,41379,79.38217327580664,1732.6248580197685,77.56973343966746,41.9277995279409,46.62751637303946,153.02185243294232,171.83412496391819,180.78604839898685,182.62064757422974,2023,rural
At most primary school,29,113,46578,83.80555424861475,1604.4495684657993,65.2547125252265,71.83125080510112,49.54842772696695,133.6277512085477,142.8081052681513,166.244588844623,170.5605053472264,2023,rural
At most primary school,30,103,41084,78.0627837698492,1588.6258721968002,57.09375912764093,166.53190211923538,23.583795800473826,160.68290315077462,176.6317701168834,254.0180440948287,254.00235322458263,2023,rural
At most primary school,31,89,33449,72.36317298665483,1733.3125355018087,42.76211545935603,38.8829760730266,53.559070027006285,177.0265958098788,177.94157819939795,178.55541831370746,181.02119530338405,2023,rural
At most primary school,32,134,50133,88.11268531518986,1557.0945285540463,73.0705124369178,32.33804746042194,168.2059056243725,128.80761459163767,137.20308930900836,140.14232232829175,184.61249834336172,2023,rural
At most primary school,33,122,40754,88.1087306069534,2015.0689830037131,25.877582568582223,53.23035775629386,90.21327967806842,268.00291884630985,271.7572354809262,271.2467631189371,272.04979415191133,2023,rural
At most primary school,34,116,42970,84.85813676178876,2003.2203087425337,40.402420293227834,82.38649057481965,69.46319137382669,191.12860436396443,192.01804434739296,196.9796570899,202.19880591207817,2023,rural
At most primary school,35,114,41853,76.60867226559402,1742.3402364625397,38.89804792965857,132.174505610908,61.34160036317588,191.44000436997518,202.18084866722634,214.0621985496749,216.9815239911754,2023,rural
At most primary school,36,116,42653,82.03283728722353,1889.4273380535953,21.47778585328113,317.7166123523941,71.51603247915348,188.4081307996777,188.33583336160297,319.4529633239264,320.66896060484845,2023,rural
At most primary school,37,121,42607,89.11656819051277,1958.884119197941,21.772243997465207,40.561271230861905,82.46893702912666,250.81606174506038,252.7485285455234,257.60995439882794,269.36349720156744,2023,rural
At most primary school,38,136,48697,91.81648908583425,1814.6712237577947,16.467544201901553,45.92885598702179,18.62606183816936,206.27434518946131,207.1140311368674,206.79332125644348,208.57431258770004,2023,rural
At most primary school,39,121,44929,84.80080386664586,1642.622534072277,65.2703153864987,85.03156832632227,53.8145370102458,157.11238830787275,165.68374083073132,174.39657612057536,183.81332004656662,2023,rural
At most primary school,40,145,49841,98.20309966167102,1561.4992743591285,27.008888264681687,68.0715508650843,181.4409154444467,160.04777982212758,162.29350429489193,166.03418735913422,190.52686700684504,2023,rural
At most primary school,41,100,38867,63.62605409456523,1896.9425476625415,12.839941338410476,141.4748801468255,152.7660654711366,257.1193755002628,258.15654186929794,270.10382188067035,313.07108466023317,2023,rural
At most primary school,42,139,43311,100.86726346807824,1858.8147853124303,31.871118191683404,28.936163253369045,73.81034841033456,194.41566019676605,196.2131647437342,198.5493053720346,202.39441632643485,2023,rural
At most primary school,43,108,39884,64.82317894790204,1803.5631874101562,11.91079129475479,29.848414568916528,253.74728378965665,241.8336671156805,241.90420250512324,241.49110477711616,271.17671835125697,2023,rural
At most primary school,44,84,28057,58.102343925585444,2050.9925984008746,6.615104964892897,792.4589377576599,79.31983699849116,296.84776759884846,298.43851044025575,1041.8991326677735,1041.9967421116687,2023,rural
At most primary school,45,106,44034,72.93937839781526,1989.3830146402024,17.339328700549576,82.31540779094942,88.06149793341508,281.6822198113455,281.62701177834106,298.0937566135665,306.883197693944,2023,rural
At most primary school,46,99,38542,59.682074659595976,2084.1191081590646,16.379534014840953,90.93742973033747,175.49519139293932,255.89803305221187,256.5358188610593,275.93144856378865,277.78270887871736,2023,rural
At most primary school,47,100,37904,68.34343432421443,1738.265930596595,8.699081891093288,137.02060908259463,230.97034613761082,274.09295556873496,274.1724407796134,290.5303826427409,317.3117126066282,2023,rural
At most primary school,48,93,30158,68.07537366028096,1871.445829741141,41.04383579812985,63.10873842208811,342.12155978513164,273.3450469721795,280.2743183485211,285.18050879356747,308.31016621735716,2023,rural
At most primary school,49,95,31992,66.54358164553827,1919.9832666499958,21.176544136034007,129.20821351171125,98.74343585896474,281.2748192239681,281.2626194934192,288.201377182955,288.4928926524902,2023,rural
At most primary school,50,103,33516,69.94733200394731,2697.278046306242,23.200262561164816,102.40084337828698,36.927387914230025,567.110737932964,567.3801800980735,595.9591164674496,595.2453935409444,2023,rural
At most primary school,51,82,24872,57.49821394048451,1578.04291304814,22.897233837246702,643.4693664897609,78.55406347164147,257.9939477872369,259.8143109914915,777.3932499035373,780.283797544467,2023,rural
At most primary school,52,120,44340,88.71057053490694,1892.3209442189145,20.843482183130355,123.76674560216509,270.97504134716587,248.75839524340887,249.73659711283062,355.3589497630061,382.442216141093,2023,rural
At most primary school,53,102,36052,65.35723755740364,1962.1806464736123,9.33928769555087,120.30048032471616,254.19266614889605,286.1416306959469,285.97044355090543,290.93179734618167,320.4260145875946,2023,rural
At most primary school,54,69,20419,48.375504961112036,1491.0798112868733,20.794358195798033,45.32681979202377,92.56264590169287,242.45373796861176,241.72101734289467,245.78433339600159,255.78905857013265,2023,rural
At most primary school,55,78,27590,48.65635237971903,1733.7369699166366,42.16020297209134,82.80294792799324,84.00386613507308,340.67174462651775,349.04143779573735,347.568220987855,346.88033377454155,2023,rural
At most primary school,56,66,23550,49.55416640903858,1905.4445152158528,0,121.7721160651097,146.17409766454352,273.6677593661909,273.6677593661909,298.0869924163792,330.39566432947856,2023,rural
At most primary school,57,74,24823,50.56002371355016,1717.7319723643395,50.995850622406635,71.44096872524138,171.47468073963663,286.45076035333136,294.27441083533563,295.4632024146652,328.78106395412414,2023,rural
At most primary school,58,70,24592,48.07165872316884,1655.168252548254,71.0076447625244,40.314465408805034,139.4274560832791,211.3671794109784,230.29164855643327,229.74290587933925,232.32696023333506,2023,rural
At most primary school,59,59,19266,40.70169215565955,1746.6678604796014,69.41762690750545,89.85579085781515,173.5414720232534,470.9852013729162,470.8548056740551,497.52390805802054,561.7807386269228,2023,rural
At most primary school,60,75,24909,54.74648476140972,2571.312775168279,40.593359829780404,94.33186799951825,66.13071580553213,498.73046659165493,515.3818661199108,523.2506606795823,530.9258960538775,2023,rural
Secondary school or above,14,20,6229,15.939283931700123,514.7476855568042,62.30213517418526,4.858992882752716,0,218.82122202544664,240.84734321577326,244.13863222367712,244.13863222367712,2023,rural
Secondary school or above,15,38,12630,25.1728139687846,838.2181314330958,12.098178939034046,4.788070731063605,74.03008709422011,193.16467047869327,196.3268729325787,195.79098044940523,227.72248633874221,2023,rural
Secondary school or above,16,53,20829,34.91366656829993,633.9317778097844,1.6419415238369581,7.0490662057708,0,174.0046203977129,174.2020555419619,175.66031415288558,175.66031415288558,2023,rural
Secondary school or above,17,66,21097,45.29885576178448,1215.2590415698915,52.119258662369056,39.5237869523313,0,518.3742889689313,520.8288207590625,522.8651236629182,522.8651236629182,2023,rural
Secondary school or above,18,96,33461,70.70301939372163,1337.2754251217837,39.88658438181764,17.326788400426366,19.353874660052,242.87201924536961,243.2142602808169,243.8884120783675,245.851458440913,2023,rural
Secondary school or above,19,109,36461,76.586626271497,1668.7134106762476,99.73418172842214,14.196561622921294,10.96239817887606,140.31624802057746,144.69827398215412,144.17591104036802,146.39315155428432,2023,rural
Secondary school or above,20,124,39023,83.61215750834437,1582.2757647199514,73.36032596161239,26.59852309321853,40.86820592983625,133.07295920424897,142.96566691925204,142.32625861477044,146.68258842126522,2023,rural
Secondary school or above,21,89,27339,52.77348691583895,2155.8741541387762,62.719192362558985,6.4032456685809045,25.851957521001744,244.0764196546797,251.28334708515715,251.6999741293406,249.77903409673283,2023,rural
Secondary school or above,22,125,42785,81.0840300639098,2089.031218106034,43.57882435432979,28.064742316232323,27.91788399361147,165.31639133949898,169.56543715660715,173.15888315105926,172.0341733753194,2023,rural
Secondary school or above,23,129,42124,87.49154269949632,1965.2865626879372,63.5710758712373,21.0671667774507,38.36846769854082,160.32545099030048,164.90959331253276,166.30957498066232,173.2839805080817,2023,rural
Secondary school or above,24,90,29919,61.21666920269624,2077.9741858573702,59.79477923727397,119.51351983689294,53.565738605345544,257.666951438051,267.91289759219376,273.5979092522919,286.0065891877685,2023,rural
Secondary school or above,25,109,34898,66.80672359995124,2594.6860374042444,155.40959367298984,207.5979640667087,16.822625938449196,293.04953912809196,317.88047931334154,360.0972132098809,360.0183296273937,2023,rural
Secondary school or above,26,90,32357,58.765147970127295,2260.4110908510265,54.37590011434929,106.14189613787845,81.62788062346117,234.3356692480478,244.27392070116255,284.1214964951161,292.8929128723657,2023,rural
Secondary school or above,27,95,32377,62.92736307745965,2322.1748900968796,113.4255798869568,41.8557026078183,259.72675047101336,228.4892139408621,242.04108123934583,243.81324358298548,275.4441211128888,2023,rural
Secondary school or above,28,104,35096,66.3834625724073,2518.431592394195,44.15050148165033,31.26970784894765,111.57573512651014,237.42337016160292,245.5681010533187,243.03878397001935,250.1616364304701,2023,rural
Secondary school or above,29,97,31118,61.15689660224981,2449.111896651456,29.495790217880327,31.88208325299398,56.42500589155258,258.297125736403,261.8611065987906,266.6882921422747,268.0442438574664,2023,rural
Secondary school or above,30,110,42231,64.51077583595358,2807.4129588848637,29.12727617153276,388.8071953462307,41.711144262113926,277.4945935534204,279.68283187142356,492.74427253834324,492.64409383610695,2023,rural
Secondary school or above,31,59,22679,35.53232445287235,3547.9274806355365,17.23268221702897,710.4799594338375,200.76223231476993,1011.9273987410145,1013.2154817194325,1200.8673822354572,1248.0119681574372,2023,rural
Secondary school or above,32,67,21826,43.74228233917415,2930.742921286539,3.296985246953175,38.18610831118849,39.58581508292862,448.8954470009107,448.59594155553,449.5121715814588,445.3976751044282,2023,rural
Secondary school or above,33,67,24019,41.31704079785944,3104.4664640492942,45.29247678920854,95.88693673064378,81.86380226764922,316.27259703986005,321.163411687138,352.06143388710325,391.55602066484727,2023,rural
Secondary school or above,34,61,19949,44.14678933379895,2819.559226026367,82.18908215950674,38.46934683442779,67.19638411282104,413.1976611732062,409.603075331598,409.3207459854682,414.2817022838513,2023,rural
Secondary school or above,35,63,17505,44.40003555769874,2740.512167952014,15.75092830619823,201.5055222317433,45.971436732362186,284.27622966910184,286.321187799093,353.3958736377834,355.82236770173324,2023,rural
Secondary school or above,36,62,19668,41.1620303766521,3381.077130364043,107.73261134838316,477.87692359840014,15.929428513321131,476.1503042791499,484.4658631222271,681.7269722146593,680.1207540553959,2023,rural
Secondary school or above,37,32,9833,22.830028861054437,4817.503474694057,67.16261568188752,152.2814332689244,364.4462524153361,819.147300635873,818.4647136700144,887.2184184181874,886.4589266512723,2023,rural
Secondary school or above,38,43,15513,30.359239627438438,3914.86739079052,67.84438857732225,785.6534304561765,36.582221362728035,626.0469612598206,637.5145688526645,1319.3128825965564,1317.759608530959,2023,rural
Secondary school or above,39,29,7652,24.254228835113125,4077.1467807980484,68.38734971249346,47.63896149154905,230.86064645408607,452.0564026091815,459.7737524944403,465.0612111365499,558.876564274964,2023,rural
Secondary school or above,40,43,14247,25.22491666446079,5151.64826513184,100.10528532322594,149.536183056082,157.9513815774081,1190.345577197126,1189.605775721393,1207.1556336719216,1212.6231720583787,2023,rural
Secondary school or above,41,26,9856,15.331768496784678,4917.351748511905,14.884334415584416,603.5409902597403,7.056716720779221,837.3953026629334,834.9425294403695,866.7686388108666,865.8564173429272,2023,rural
Secondary school or above,42,32,11453,24.697359683216966,3346.2395587764486,7.945516458569807,95.59154806600891,31.199103582758525,687.2447645332262,686.8653789612264,682.8230284173594,677.5353057421701,2023,rural
Secondary school or above,43,33,10620,23.894919000274577,3843.530320150659,12.975517890772128,127.1110326428123,6.760828625235405,603.0206757608775,602.1762586877211,618.2912119597272,618.850685284844,2023,rural
Secondary school or above,44,27,9775,18.67452672452898,4507.664177323103,60.030690537084396,248.82864450127877,101.98649616368286,726.3185678021869,739.3527492239585,758.5729761572674,781.8195181263703,2023,rural
Secondary school or above,45,23,5882,16.477885446105986,2444.015867618724,8.670520231213873,23.169556840077075,173.26476255241982,486.38245953217614,487.09407961347137,490.3022231762579,522.7326279301558,2023,rural
Secondary school or above,46,20,6785,13.19792548523698,2982.3259641365757,89.78629329403095,84.92262343404569,229.8771800540408,956.1136149776529,975.7141698600221,974.4798168555487,1013.4568062301054,2023,rural
Secondary school or above,47,14,5047,7.010333772484721,2369.9804504326003,2.433128591242322,88.40235123175484,227.7260418730599,539.1198536786608,539.2333297474786,548.2224775134956,642.5669221308452,2023,rural
Secondary school or above,48,11,3707,7.473737480862682,5026.644411473788,0,97.5406887869796,11.977340167251146,2371.9939633983963,2371.9939633983963,2365.618744966604,2365.412647908174,2023,rural
Secondary school or above,49,7,2470,4.944612302325732,5438.3535762483125,0,1485.6410256410256,0,1821.612855496463,1821.612855496463,2849.223033040484,2849.223033040484,2023,rural
Secondary school or above,50,15,4013,10.180006081137034,4728.4763684691425,133.401445302766,510.6154996262148,116.33025998837113,924.698971923305,983.0366167502139,876.3578665372133,883.118766371453,2023,rural
Secondary school or above,51,12,4515,5.299151131369927,2822.9158361018826,96.21926910299004,118.19859726836471,449.405684754522,1144.7395657748195,1196.9059317161855,1175.1956471332219,1066.3801488784127,2023,rural
Secondary school or above,52,7,2516,6.101627998881895,2495.6147323794385,0,197.93322734499205,103.65659777424483,966.05875400715,966.05875400715,899.7423058184219,887.3409375602998,2023,rural
Secondary school or above,53,11,4025,4.871599221175604,2919.0573084886128,0,173.62318840579712,56.414078674948236,2133.621644721617,2133.621644721617,2112.315059727649,2108.949111166904,2023,rural
Secondary school or above,54,6,1309,5.603731501921348,5833.670741023682,93.96485867074102,402.0626432391138,32.03463203463203,2006.7270540577206,2041.2092533419723,1974.8811949616568,1954.501910901352,2023,rural
Secondary school or above,55,9,2334,7.297619238992397,2780.380605541274,70.26563838903171,278.0634104541559,150.04284490145673,845.160389797504,870.5377873280037,876.5512907109744,936.3315647587,2023,rural
Secondary school or above,56,10,4710,5.237771662139751,3704.9766454352443,28.70488322717622,154.3241330502477,114.28874734607218,1799.6580260902933,1799.5852735160681,1801.2303952002796,1788.6823368859548,2023,rural
Secondary school or above,57,5,1566,3.7467778110504733,2132.42656449553,20.49808429118774,686.4623243933589,0,1206.2944464745353,1213.125431958968,1244.4152866440436,1244.4152866440436,2023,rural
Secondary school or above,58,7,3384,3.5639965715288753,5222.641843971631,74.46808510638297,1186.6368695823485,0,1606.939027670248,1638.3835437281193,2200.4332195928932,2200.4332195928932,2023,rural
Secondary school or above,59,7,2186,5.3878667475459965,3017.4164379383956,0,632.9521195486428,75.63281488258615,1530.8944302308573,1530.8944302308573,1904.951679448138,1874.3497637477112,2023,rural
Secondary school or above,60,6,1640,4.8598738774551435,2345.8536585365855,6.829268292682927,0,220.73170731707316,830.0230045203076,833.6404449597339,833.6404449597339,824.6941929242619,2023,rural
At most primary school,14,73,30405,53.23354548691242,684.3737872060516,52.97697747081072,2.840486762045716,0,105.06519755409228,110.80559942000265,110.80437309506353,110.80437309506353,2023,indigenous
At most primary school,15,95,35850,71.13622803045985,868.9304044630404,10.76373779637378,0,0.4909344490934449,131.91691644804382,132.5701363262602,132.5701363262602,132.54743349373692,2023,indigenous
At most primary school,16,99,38093,72.35734246865923,1037.9881649296894,49.74483500905678,0.0689102984800357,0,110.89985160899366,115.4135512262277,115.40447352785891,115.40447352785891,2023,indigenous
At most primary school,17,99,41455,73.45809837269162,979.2909661078278,17.58738391026414,0.10091263619185463,0,97.37348420344274,100.25443166724057,100.28854946871499,100.28854946871499,2023,indigenous
At most primary school,18,106,39324,82.33728140015504,1407.1515486725664,134.51785169362222,6.026853829722307,5.136812124910996,148.24639149750286,154.65675847098072,154.79444823458337,156.07421592438772,2023,indigenous
At most primary school,19,65,24673,50.0946318174932,1039.7057512260365,44.952782393709725,0.6667207068455396,3.1654034774855107,105.53861361353567,110.28564193173715,110.19201855518016,110.24842453333028,2023,indigenous
At most primary school,20,86,31874,67.43238859356322,1291.4816046516491,47.7281169605321,0.656752630147874,17.17073476814959,152.3402835607581,153.17280702882567,153.26918876300647,155.52754626511208,2023,indigenous
At most primary school,21,83,37609,55.130861286940736,1305.9200811862409,147.34106197984525,1.8133957297455396,57.57349747844044,164.81906503797836,189.94053034172688,189.8759963606464,195.02908850516525,2023,indigenous
At most primary school,22,94,36721,67.55655315406354,1483.0377077603187,58.06595680945508,372.2436298938845,67.95521182248123,164.8952993859853,171.0721724537036,378.27332021135487,380.3080869469987,2023,indigenous
At most primary school,23,78,34361,57.64929246120222,1314.495697641706,40.7914787113297,61.920733777635505,26.832746427635982,204.4281019106493,208.54019652183877,213.57006649633306,213.80863029835166,2023,indigenous
At most primary school,24,77,28730,53.401728832924555,1252.0825849866574,56.70205360250609,61.41443322891287,0,130.42398765305907,137.6275487637171,135.4128547367634,135.4128547367634,2023,indigenous
At most primary school,25,95,39952,72.42012541200639,1191.7217494326526,38.81920804965959,18.681063109064212,31.609598184488053,107.3323825711954,111.52246243336721,111.53441570232305,115.33724679553457,2023,indigenous
At most primary school,26,85,35231,60.84367694772449,1194.1415703972825,37.33572705855639,9.229218112836232,1.9074110868269423,143.20732299050073,146.87966796098556,147.5374278027833,147.4527912674544,2023,indigenous
At most primary school,27,82,33666,57.57744438547052,1604.08954632765,29.13859680389711,1.939246321709341,78.245113764629,223.14420316092915,224.61837663275227,224.4540168934607,234.68390373851858,2023,indigenous
At most primary school,28,88,37535,62.282430545562896,1621.2264197859774,16.12628213667244,9.908707428622174,144.97935260423606,177.27274986821868,178.0724742886138,181.40444818570998,186.20915851615166,2023,indigenous
At most primary school,29,93,38736,65.24009520630133,1770.5673877874156,11.813403552251136,55.97874500894947,45.4723426958557,206.83339870873783,208.12772258000393,218.4011106421246,224.4223568730617,2023,indigenous
At most primary school,30,96,37790,68.40124007785404,1593.8244861956427,55.226250330775336,178.8679985886919,29.720737408485487,173.27565624098162,189.41653815115563,278.1181519988474,277.32256321270506,2023,indigenous
At most primary school,31,81,31251,64.35088487449626,1335.8248589378472,35.355668618604206,46.428114300342386,8.447729672650475,140.13878790071618,143.30854420120338,148.82331614448003,150.44350444907377,2023,indigenous
At most primary school,32,106,37520,75.42901428518766,1337.7551350390902,52.110341151385924,18.212953091684437,46.30063965884862,130.25916225817673,140.623478747047,141.21110699791058,140.58753745661076,2023,indigenous
At most primary school,33,87,33622,55.70923558755452,1815.1177800249836,26.79956576051395,35.83987666805464,88.76628398072691,240.2486779050554,248.28077575389628,247.34914440854587,249.4387443401552,2023,indigenous
At most primary school,34,86,33645,63.57373045989254,1843.5902511517313,37.489077128845295,75.72323772725022,37.01094763957002,239.846555306005,240.91261153029748,248.81033435312963,248.96671046939713,2023,indigenous
At most primary school,35,92,37522,63.95257599470319,1596.0799175594761,30.475454400085283,135.90373647460157,70.09843114261855,178.09517159896703,189.13948579580398,208.02666498884702,209.16782831574105,2023,indigenous
At most primary school,36,96,34144,66.47719728172932,1928.6561865432677,17.513970243673853,396.68737552717903,242.43244298656668,233.36743704663448,233.45859899249254,395.29908985453426,398.3488530161637,2023,indigenous
At most primary school,37,102,39615,79.60635125840672,1549.3497749169087,24.330430392528083,19.626139088729015,181.3982077495898,176.24856614294953,178.04940821268184,177.52554773634438,225.02392090360445,2023,indigenous
At most primary school,38,98,38551,67.289247947892,1848.8784121466804,15.206868823117428,98.15195023043069,41.607221602552464,232.49033580342254,233.09615377755009,230.46710570940192,238.54212667876604,2023,indigenous
At most primary school,39,95,39407,65.59891004990659,1715.6609104981349,54.397442078818486,47.15342451848657,5.48718078852319,198.86009690596387,209.12739759338118,212.46345984074307,212.61922062781005,2023,indigenous
At most primary school,40,128,50766,89.94421684890132,1385.1904588372795,10.72844029468542,86.41310949585682,117.89412861626548,138.82438295833313,139.33481353150367,145.54825392536128,152.79484460450308,2023,indigenous
At most primary school,41,81,33573,53.07082844579302,1821.257220584001,14.082745062997052,166.1912722525045,207.77708277484885,313.30242528199636,313.7955499046099,327.7028222074981,406.1003974460463,2023,indigenous
At most primary school,42,115,42183,75.38918749356806,1710.5966147500178,39.97046203446886,12.535677879714576,29.798734087191523,200.9406429871116,200.85271117364834,201.157268857276,201.9958753324261,2023,indigenous
At most primary school,43,103,41939,58.52274046763566,1577.9544417686004,4.9321156918381455,71.48674265003935,259.2377023772622,178.87861423179677,178.94521436042922,189.1816587490862,230.9349550117668,2023,indigenous
At most primary school,44,69,25309,49.95524476058943,2163.4194489443807,8.218420324785649,14.49713211374083,19.974449141938965,295.3480573170393,295.10618929123535,294.106974011161,293.3921896650217,2023,indigenous
At most primary school,45,87,41667,60.85018676814096,1718.4317005463959,9.766001871985024,23.18393452852377,72.18342253261973,226.99708284566935,226.7513429341325,227.20375807575047,230.75285577258438,2023,indigenous
At most primary school,46,79,32711,52.77466346463766,2697.3001742533093,430.7792485708172,70.90612994609356,140.0243241315358,638.6130915037664,870.5647994362255,874.2474603033196,870.999662061621,2023,indigenous
At most primary school,47,90,33119,66.15874693903622,1818.4414384492286,2.104532141670944,146.026072647121,158.53135662308645,285.6718901665453,285.6726619512653,308.65310893599855,318.45168836642483,2023,indigenous
At most primary school,48,82,30893,61.48829339989654,1845.654366145513,48.56439970219791,38.107877728503766,326.78606804130385,262.418832510348,274.69731382697535,272.5151175831817,296.6792601150707,2023,indigenous
At most primary school,49,81,30594,48.86170340719024,1879.2237312327036,14.921226384258352,46.3512725806803,85.91684644047852,315.778149417156,315.20994518381116,320.16470419647885,320.21510121179597,2023,indigenous
At most primary school,50,101,37971,63.21282961948012,2257.7982166214565,53.13081035527113,106.92282706978132,91.58392808546873,272.8608179560792,276.58547339074323,290.44766201029927,298.29199577000196,2023,indigenous
At most primary school,51,48,20095,32.22413330948896,1360.13036410384,0.9405324707638716,48.370494318653066,235.49805092477402,222.50866806534228,222.43953508399397,252.4321802925019,269.35286920127925,2023,indigenous
At most primary school,52,89,35111,67.60289098630732,1624.433055167896,8.416165873942639,50.966624894382576,174.27301985132866,231.3732178256418,232.5560714777592,242.09280166693978,290.28969189952136,2023,indigenous
At most primary school,53,80,33529,52.43053818082945,1753.8096473699384,2.299501923707835,171.00041506357678,162.1880759939157,280.94994968201377,281.18512206457154,320.4561066741706,337.95600732815944,2023,indigenous
At most primary school,54,56,17966,39.62667216012076,1463.1765186092248,24.518535010575533,64.50795947901592,48.94207577275595,245.07164769584853,244.00803913867492,249.00277244597058,265.6496971831031,2023,indigenous
At most primary school,55,67,28580,48.046446475462744,2058.01603685561,21.88593421973408,45.89398180545836,351.49755073477957,356.59950969234774,356.0525412772781,356.91113321094605,465.603186034515,2023,indigenous
At most primary school,56,48,19240,34.14942671248244,1726.7762647262646,9.776507276507276,35.455214830214835,69.22210672210672,272.66595320402735,272.8683961473162,276.5346739031389,276.90714186894775,2023,indigenous
At most primary school,57,52,17091,41.206324564208785,1620.9487839603692,31.85887309110058,23.460447018898837,29.67448754705206,321.0140921699203,325.1002602634064,323.9360642453967,329.6540748116688,2023,indigenous
At most primary school,58,50,20284,35.3009590719219,1460.4860974166832,57.698678761585484,25.10681653848682,218.44862946164466,205.9427530426181,227.15217669497727,224.20596751113123,242.69964568820166,2023,indigenous
At most primary school,59,52,15746,36.79421838567365,2017.2531859943267,71.04026419408103,103.54989626995216,57.63791862483593,480.53978732278716,478.8714305161297,513.5194735069209,543.7942595430461,2023,indigenous
At most primary school,60,52,18648,36.03709039493573,2196.856231231231,2.783140283140283,121.21027277277277,42.17967967967968,508.57464393294254,508.40499718441663,522.5150662752354,527.6989622134513,2023,indigenous
Secondary school or above,14,16,7846,9.849645964714552,805.7264848330359,48.25388733112414,3.8575919789276916,0,248.85879613531984,263.11334577992073,266.6963189071949,266.6963189071949,2023,indigenous
Secondary school or above,15,30,9946,22.782600244401362,864.2861451839935,13.009249949728535,0,0,203.365667746127,204.42896938730635,204.42896938730635,204.42896938730635,2023,indigenous
Secondary school or above,16,38,17225,26.6258803370666,493.6876632801161,1.9854862119013061,4.600870827285922,0,142.90772231761218,143.36785336715576,146.37567446703338,146.37567446703338,2023,indigenous
Secondary school or above,17,46,17194,33.02828132603963,1318.1265460819666,64.74933116203327,48.67734868752666,8.57857392113528,690.2194631888999,692.7767155070966,695.110188240577,696.0077348752175,2023,indigenous
Secondary school or above,18,66,23224,48.44762002628646,966.1972528418877,31.243110575266964,1.9570272132276956,0,125.0607966232359,127.07801675166667,127.36221327564185,127.36221327564185,2023,indigenous
Secondary school or above,19,67,23537,48.190243863400724,1353.9177890130434,111.45600543824617,20.475173839770004,3.8407613544631856,139.64966362960357,159.2191857798818,156.2944997746847,155.77927900376838,2023,indigenous
Secondary school or above,20,92,32927,70.73568839867,1579.735880381855,110.09943207701886,11.679194379485933,42.36745932922323,158.07360542281774,169.26415614288834,167.8913421408771,167.66547958898806,2023,indigenous
Secondary school or above,21,62,19390,46.47490144364723,1502.3441292762593,53.227436823104696,0.4621798177754856,9.695719443011862,213.47608702864875,227.66853342556604,227.64920605786224,227.61403660267004,2023,indigenous
Secondary school or above,22,97,34285,65.51702693487972,2017.0722667833359,83.28015166982645,21.168878518302463,70.8130863837441,187.2117593717823,194.66080147924993,196.94139148128394,206.10418383799038,2023,indigenous
Secondary school or above,23,94,33870,68.00312208904676,1782.0562050979233,77.39935045763212,47.390512744808575,40.037397893908086,156.42143231844136,156.4352493716048,161.19169238338745,157.67529479422194,2023,indigenous
Secondary school or above,24,71,25019,51.79756015799674,2044.1634690968199,28.93560893720772,421.05633052213653,135.86592856096033,283.43395981821266,285.5431931299632,531.9268141328109,651.473447956429,2023,indigenous
Secondary school or above,25,79,30819,53.2778468252894,2119.591161296603,95.27564164963172,166.38929448284068,8.014536487231902,288.83072244574254,339.458855526181,399.25526223226973,399.7342104812586,2023,indigenous
Secondary school or above,26,71,24918,51.839278769736744,1851.0586055595688,16.474837466891405,107.3178358348717,50.90563715654011,246.26405322011095,246.17424437899015,299.9326863804457,316.7269799526955,2023,indigenous
Secondary school or above,27,86,29072,65.74250579421235,2093.51409145111,137.4367088607595,98.51523802971931,159.58123509447805,198.4435380727592,219.26319822236186,215.0996721205167,248.6014393218523,2023,indigenous
Secondary school or above,28,87,30391,61.021133128668296,2278.7547355028355,24.032114770820307,8.58050080615972,126.22192973797068,232.1057264915821,233.57611687013576,234.22269386635782,221.47886806408064,2023,indigenous
Secondary school or above,29,67,21720,52.40316001812834,3124.7578806015963,36.671270718232044,44.128606507059544,71.86924493554328,398.8753452770476,405.4248031086054,410.115313943069,408.5460970499196,2023,indigenous
Secondary school or above,30,97,38268,59.72829438836855,3059.679512473433,11.249346712658095,416.4938721647329,0,302.10223491081706,302.72502293465055,406.3378799601655,406.3378799601655,2023,indigenous
Secondary school or above,31,51,19577,32.28824053871285,3675.6214775842404,25.284772947846964,119.09553728014167,47.40596959016533,545.6006684749578,547.4611598535911,548.9694146534821,564.5126151803652,2023,indigenous
Secondary school or above,32,51,18116,30.622892252476596,2576.571373371605,3.7025833517332742,30.39670273055126,47.668727460072134,300.7370607500093,302.3381569413606,306.36004453665277,296.85106968246964,2023,indigenous
Secondary school or above,33,65,24927,47.36223386841362,3043.3559059119298,33.097845709471656,1128.4891884302165,73.80639467244353,314.53888811999667,319.12513371328924,991.2386891394203,994.1868965057365,2023,indigenous
Secondary school or above,34,48,18467,34.0106190533416,3620.38145520839,87.25023014025018,21.29248569520406,104.54056785978592,493.4527297262168,505.60712483489704,505.42367964406566,504.60017523238264,2023,indigenous
Secondary school or above,35,60,19967,42.297728492568794,3657.641750555082,14.219462112485601,1185.4228226573846,133.6428440259762,456.8215845404138,456.92272414142946,1110.5811051106919,1113.7566617988543,2023,indigenous
Secondary school or above,36,52,18612,36.766969111022476,3607.5413353392073,54.460025789813024,465.69820545884386,2.1921341070277243,476.3880209390539,477.1851149267311,680.5675412559267,680.2451720747987,2023,indigenous
Secondary school or above,37,31,11019,22.302591025905482,3368.696539310887,69.34386060441057,11.61024896391082,0,420.401310276264,435.55827243013044,435.96791746263324,435.96791746263324,2023,indigenous
Secondary school or above,38,28,10796,21.347121076088634,3596.5053877979494,100.55113004816599,338.84463381499324,18.154872174879586,566.0518346301304,589.1557237585339,651.5258132956033,661.7465158032253,2023,indigenous
Secondary school or above,39,26,8188,21.033298342329974,3087.831440319166,24.13287738153395,60.22064810291483,493.5271128480704,427.95854235048625,424.1417649131032,439.04026871363044,689.8915401547662,2023,indigenous
Secondary school or above,40,48,20956,32.39488012784632,4731.19144079659,0,196.23001367945537,225.96233377871096,902.6307885944384,902.6307885944384,926.8105932695933,929.0218078409748,2023,indigenous
Secondary school or above,41,22,9156,13.758008897571582,4641.965377894277,0,726.651012086792,410.0589777195282,1038.1795003820337,1038.1795003820337,1377.3910483563498,1408.7383907338835,2023,indigenous
Secondary school or above,42,31,13268,21.104613000186063,3214.8744347301777,5.577328911667169,288.71030549693495,67.04891468194151,722.1472346531671,724.9074818059502,829.0117952604656,826.0863696856491,2023,indigenous
Secondary school or above,43,23,8981,19.44280058189777,4052.0930482871245,20.576773187841,92.21346917566716,0,692.4929341302184,691.6669198937601,695.7704874474482,695.7704874474482,2023,indigenous
Secondary school or above,44,27,9665,21.368993302131976,5246.491877909984,7.449560269011899,25.069839627521986,0,869.8230133026659,868.9815845888692,870.1526174726039,870.1526174726039,2023,indigenous
Secondary school or above,45,15,5411,10.460527025631736,3022.488141440276,0,150.70535329267543,8.365674859853385,618.2210808882494,618.2210808882494,608.780373925432,605.5729074423061,2023,indigenous
Secondary school or above,46,15,4767,8.480620476161153,2658.9166491853716,0,40.87301587301588,0,751.9544433534362,751.9544433534362,771.0065261257896,771.0065261257896,2023,indigenous
Secondary school or above,47,14,4287,8.408878422358072,3879.503576704766,1052.7548402146024,210.85646528263743,4.70025658968976,876.0487607996985,1054.1739791618027,981.2842632053282,984.6206321303717,2023,indigenous
Secondary school or above,48,13,4478,9.951604962779156,3745.758597588209,0,0,30.072949233288675,927.3500693085257,927.3500693085257,927.3500693085257,929.2966172748004,2023,indigenous
Secondary school or above,49,12,5556,8.244327359433889,4887.684740220782,0,706.0475161987041,25.617950563954885,1219.1956520831318,1219.1956520831318,1684.4455166739815,1682.7050264753182,2023,indigenous
Secondary school or above,50,18,6717,13.378783884643429,4270.095826509851,0,29.546920748349958,637.7847253238052,1015.1348581659919,1015.1348581659919,1010.6322429252824,1355.6663908891308,2023,indigenous
Secondary school or above,51,7,3819,5.702065796310349,3241.4419132408134,0,40.91385179366326,486.0958366064415,1373.9339042186787,1373.9339042186787,1373.5946270301824,1224.3392934883468,2023,indigenous
Secondary school or above,52,16,5584,13.340253943969408,2998.118015759312,0,89.18338108882521,46.70487106017192,622.2320224648311,622.2320224648311,598.0361549024817,592.2449108040047,2023,indigenous
Secondary school or above,53,10,4313,5.802773681779004,6300.822320117473,0,162.02952314707474,0,1825.8656566206985,1825.8656566206985,1742.9689493411106,1742.9689493411106,2023,indigenous
Secondary school or above,54,10,4259,6.0916190322029236,4474.007591766455,28.880018783752053,57.623072708773584,38.162322924004066,1094.3098193484695,1118.9713594536902,1148.2025422225597,1154.1950558618432,2023,indigenous
Secondary school or above,55,6,1746,4.922137473601271,4396.716303932799,93.92898052691866,0,0,896.048338630038,904.6395002148738,904.6395002148738,904.6395002148738,2023,indigenous
Secondary school or above,56,6,3925,3.7141256656766752,4201.763057324841,0,0,0,2938.645060380388,2938.645060380388,2938.645060380388,2938.645060380388,2023,indigenous
Secondary school or above,57,5,2212,4.1715211349259125,2841.337402049427,0,0,49.050632911392405,1296.6766247743042,1296.6766247743042,1296.6766247743042,1307.5738621347905,2023,indigenous
Secondary school or above,58,3,1343,1.6937882033429714,3186.8950111690247,444.97393894266565,0,0,185.03610900539095,232.96389145141038,232.96389145141038,232.96389145141038,2023,indigenous
Secondary school or above,59,5,1036,4.037193626529047,4702.344755469756,0,1782.3359073359072,0,1205.2161509757395,1205.2161509757395,2060.4832215882498,2060.4832215882498,2023,indigenous
Secondary school or above,60,7,2032,6.066776766246055,3534.6758530183724,0,0,462.8280839895013,991.0626992980178,991.0626992980178,991.0626992980178,1075.6248889223646,2023,indigenous
At most primary school,14,76,23621,53.89125608128124,742.6654248338343,47.39172769992803,26.543294808292053,0,128.15904656499086,133.89404916961678,133.81575506712224,133.81575506712224,2023,non-indigenous
At most primary school,15,76,25769,41.35698005976583,1041.1109084558966,23.8713182506112,0,0,142.78273150157648,145.61415256508383,145.61415256508383,145.61415256508383,2023,non-indigenous
At most primary school,16,93,36432,54.56058804339819,984.2732808154003,68.24632191480018,0.9453685404772361,7.050258014931928,112.18233669418504,126.56447752886912,126.53865630557408,126.73564007983899,2023,non-indigenous
At most primary school,17,66,19230,38.9286663233411,1518.7900849367306,118.12740509620384,10.148205928237129,8.297798578609811,160.04885296756675,168.3830774291331,167.6403015414687,166.52817621439306,2023,non-indigenous
At most primary school,18,71,22196,52.540413026665306,1351.7032348170842,36.92313930437917,4.497807412747041,0,111.85742644880106,113.03959552701278,113.26386662049397,113.26386662049397,2023,non-indigenous
At most primary school,19,59,21450,32.03919414587705,1561.434654234654,34.31515151515151,5.5874125874125875,0.9090909090909091,262.2466630767341,263.60153987645356,263.9638556191181,263.81382301390056,2023,non-indigenous
At most primary school,20,79,25450,56.18835527073713,1524.9240929927962,84.2090373280943,22.380484610347086,20.455690897184024,126.84600402280772,134.2767259433966,132.26194339359677,133.48724163823212,2023,non-indigenous
At most primary school,21,74,25587,49.568516303649545,1791.6549745313375,53.949271114237696,7.249775276507601,12.09598624301403,218.32720417429857,222.4031078236411,224.6141880552571,227.78761634326833,2023,non-indigenous
At most primary school,22,91,32632,57.122711263884554,1972.4279184032034,105.94293944594263,34.90413295742421,35.00853967475689,252.61810099694645,257.65000509930104,256.778562668138,261.4974002803545,2023,non-indigenous
At most primary school,23,119,35905,75.75159349820414,2049.521756487026,17.675532655618994,34.442278234229214,5.288492781878103,190.76596055604173,191.50632464862608,190.64614332599348,190.3914219945335,2023,non-indigenous
At most primary school,24,90,31422,58.56168733033671,2161.2178940445124,8.134428107695244,71.51544565378822,49.63083190121571,214.00019672332286,213.8218235114619,236.21456004980692,233.8567385870231,2023,non-indigenous
At most primary school,25,88,29573,63.45885456404987,2227.2624860514657,79.49284820613397,16.005027108060283,81.00483549183377,168.0774825725513,177.7271805493959,177.83216351166746,193.23067861701742,2023,non-indigenous
At most primary school,26,100,36061,55.55689415945334,2020.570588724661,111.41011064585008,7.65924405867835,0.2957950879528207,264.22431863928904,293.7095936610453,293.736697399792,293.70950536633836,2023,non-indigenous
At most primary school,27,85,26645,59.73878942699295,1957.5745355601425,30.120472884218426,61.73703634202789,16.941264777631826,194.8281631890402,194.29897593939336,196.8243087070548,200.3404800268829,2023,non-indigenous
At most primary school,28,104,35752,67.81976595436942,2276.5321380622063,125.72046319087045,133.06781205713432,70.86969493548148,197.94134296967601,217.9240669467183,261.4587756989718,286.40844506970024,2023,non-indigenous
At most primary school,29,88,35661,51.16591716670547,1980.491255620052,92.57816662460391,355.09279044334147,40.27368834300777,198.86058420895694,209.9048471835343,318.19590493135223,316.5999906078523,2023,non-indigenous
At most primary school,30,103,40126,56.25858638347944,1698.8532871454918,24.84772965159747,6.353320374154746,27.71478177075545,156.74456135772022,160.15451444889072,160.24329478985666,161.6214903541954,2023,non-indigenous
At most primary school,31,89,32744,51.141971131106324,2141.3176103510054,76.75656608844369,71.47380690609985,57.12488802019708,221.90816887437387,221.25974531756398,228.68263533943207,233.5661740421775,2023,non-indigenous
At most primary school,32,135,54264,72.06024965412284,1783.1229053024717,113.57786009140499,45.074972971644804,143.58629416678954,152.8694159588656,162.45754795123008,170.1763018594602,210.94933186062894,2023,non-indigenous
At most primary school,33,118,39052,72.38368005917292,2036.5720065553621,14.419107856191744,57.1880654853358,32.33002150978183,277.49238645499486,277.77512908026245,277.78365644170105,278.91361449596013,2023,non-indigenous
At most primary school,34,122,42232,76.76064933811793,2106.0678000884004,44.94653343436257,57.67393998231989,44.01101850097872,210.00210853426992,215.2043235503024,216.9867247712841,222.10693110748596,2023,non-indigenous
At most primary school,35,123,38408,74.0681874941694,2398.7304749878494,45.34315767548427,16.97232130458932,29.582031521210862,259.5368280790999,263.8615237425661,263.2623000368982,263.4615927169099,2023,non-indigenous
At most primary school,36,115,40093,69.30268361066143,2059.1552245196585,73.65425385977602,70.8328137081286,140.4728672503097,162.96371622435234,167.02223578968864,177.27016908870687,215.05821967883284,2023,non-indigenous
At most primary school,37,109,33797,77.48827378479082,2309.087571875216,55.306684025209336,40.979339882238065,64.04406702764545,278.2696446241983,284.05727737128933,290.14615994149244,305.9819125303578,2023,non-indigenous
At most primary school,38,144,48858,87.01926012724016,1842.8889417632051,38.21032379548897,47.19766124960771,44.370761526600894,167.59684020986117,167.8843016747563,170.1106780354796,176.90818564870764,2023,non-indigenous
At most primary school,39,120,39093,75.99981883523739,2054.162723079153,53.66510628501266,125.30653399159269,63.030892146079005,179.26851647760958,187.48641759546243,199.01837063682834,208.89814985140242,2023,non-indigenous
At most primary school,40,154,46487,94.50414710495056,1945.820297430823,47.50338804396928,121.42650992033616,144.22308745814243,146.56773405964518,148.94073959399432,150.45980416889375,170.89095218426073,2023,non-indigenous
At most primary school,41,90,30997,53.92928490911886,2094.020391758342,29.7851404974675,449.1690056026927,62.91765869815359,201.426416072825,203.42149452218356,630.6052404542,628.779229749969,2023,non-indigenous
At most primary school,42,138,41735,81.24528281732994,2072.668124276187,37.120210854199115,52.02807395870773,67.37382692384489,183.6100360205191,186.35644929500563,192.85934738559945,197.31788380437285,2023,non-indigenous
At most primary school,43,147,57299,74.35213998507646,2719.314304496297,36.22140002443324,28.321448309161884,19.989412264321075,398.4345826131226,398.0919801594131,396.50511698624075,395.8514291688201,2023,non-indigenous
At most primary school,44,99,30067,54.5352978900901,2201.344741189122,17.462666711012073,731.6541668052461,109.90709637365438,270.00927097125873,272.38970844216567,1031.1022448101073,1031.9036667174294,2023,non-indigenous
At most primary school,45,109,34623,70.56073294974654,2821.8191808913152,10.830950524218006,94.07224484687443,62.78196574531381,375.57337267551975,375.50385456163843,389.4380217418468,396.79398162845246,2023,non-indigenous
At most primary school,46,99,37563,50.965546704659864,2195.4411655086124,16.28197960759258,53.89248285103248,83.44026479958114,255.21029719379464,255.65133303360363,264.04561513004126,270.2702100334587,2023,non-indigenous
At most primary school,47,124,46520,70.11304146845245,2217.1488893665805,29.666809974204643,30.923975351103465,165.54865290914302,301.75321818889773,303.11800923405326,301.1651305752423,317.21855678158175,2023,non-indigenous
At most primary school,48,104,32874,52.27479178358398,2649.1822159355925,21.109083166027865,64.41260570663746,37.290868163290135,353.38399592836237,353.2622788510495,366.3834896549398,368.58065263596495,2023,non-indigenous
At most primary school,49,106,40179,58.700096790404864,2032.2383666426076,19.23094153662361,168.08347644291794,31.667454806407992,234.23427590643206,237.0649584701418,245.2739830195686,246.7299576196768,2023,non-indigenous
At most primary school,50,120,37876,75.28107391149294,2747.082343260464,40.735030098215226,70.01377301369381,72.93338789734925,496.31144193094013,495.8402634837106,522.1713914960554,520.5569015422715,2023,non-indigenous
At most primary school,51,96,31631,57.60859871476396,2384.837495916453,51.67968132528216,800.37563360838,66.15651312530956,281.0989890168669,282.62882072395206,777.9594042704246,779.7631610936515,2023,non-indigenous
At most primary school,52,141,41136,92.69469050980886,2329.383403020874,27.13790840140023,161.85133864903412,162.36516271230388,263.47699488427446,263.7623707828576,373.1180441976897,379.35987058008607,2023,non-indigenous
At most primary school,53,123,44049,70.10576056381335,2154.8506587361044,10.109196576539762,86.83606135591425,194.50498308701674,234.09280489682064,233.8515793496734,237.63364405507352,255.43029079776693,2023,non-indigenous
At most primary school,54,80,22512,54.51186344491129,2066.554445036721,39.74769012082445,115.75822524283345,205.08810116086235,294.16787083596665,294.06031662075384,351.5416383368743,426.54080615234733,2023,non-indigenous
At most primary school,55,88,28308,49.816136133198974,2125.780980641515,43.59421364985163,77.20020253403044,56.233809052800154,293.05273744655545,301.1619081721792,300.4990984447362,301.79356128239147,2023,non-indigenous
At most primary school,56,77,28494,48.64835931002581,2625.579841370113,0,103.54489834117125,157.13892983318127,279.90547356326533,279.90547356326533,293.8643736237566,323.75812326692903,2023,non-indigenous
At most primary school,57,93,30288,47.686311822649245,2613.6523210512414,43.018687268885365,128.2489764923402,176.45454745553795,272.39235860512605,275.76986889589705,284.6319313634665,323.2303274198736,2023,non-indigenous
At most primary school,58,96,29845,51.58952347960821,2062.565276148992,59.07589210923103,56.94570558999274,59.788909365052774,287.7026319526475,291.6010594550686,291.42260821629554,290.854052748596,2023,non-indigenous
At most primary school,59,69,23264,39.95245512401631,2541.2224717732693,27.02415749656121,104.75770861989913,172.21823418156808,514.5279535216876,515.3009646607347,566.7963027044752,625.1693160224557,2023,non-indigenous
At most primary school,60,91,30548,46.04022990603983,2286.5520901532013,50.44716511719262,106.1312360874689,57.36818558770896,416.419990888588,436.11609925306277,435.5059528547675,440.6417826011261,2023,non-indigenous
Secondary school or above,14,25,7916,18.72281604191603,487.3879905676268,87.90803436078828,0,0,170.12548479025736,210.54846674804529,210.54846674804529,210.54846674804529,2023,non-indigenous
Secondary school or above,15,50,17303,27.906308643258377,499.3993527134023,11.53037045599029,11.050492207517001,54.0368722186904,133.9986823611715,137.83359233629713,137.3843247341294,170.6487079766061,2023,non-indigenous
Secondary school or above,16,76,29196,47.73674514459802,939.1756404986985,17.806891354980134,2.4525619947938075,0,163.15823488488877,166.55322420657535,166.44367143452828,166.44367143452828,2023,non-indigenous
Secondary school or above,17,109,39034,49.76691292524713,1194.1430334238526,81.60373008146743,1.1586480162593293,13.745281891001008,150.57241548507153,159.1233665843127,159.12355079456555,160.0752521228217,2023,non-indigenous
Secondary school or above,18,144,55326,75.7913305251523,1725.2362361276796,43.78333875573871,21.408048054561448,36.18732603116076,236.73552245674946,237.1962891701981,239.73725964948923,241.60560697297197,2023,non-indigenous
Secondary school or above,19,206,76598,103.0366596561917,2237.1200662332353,58.46938562364553,10.06597213156131,11.426877986370402,144.63045112490346,145.6131950235817,145.3360045250907,146.1549811603548,2023,non-indigenous
Secondary school or above,20,222,87277,113.02128973071768,2360.0900456783193,55.40337087663416,26.553769416150114,44.518410730585764,141.77975630611456,147.98523598210903,147.57408499007127,153.82002155207599,2023,non-indigenous
Secondary school or above,21,194,73108,98.93313410395889,2702.67614807317,25.014909449034306,5.837140486221298,26.275920555889915,151.09606883122268,151.98855673062332,152.32490262471072,152.94856236525408,2023,non-indigenous
Secondary school or above,22,234,88613,117.37577347954188,2893.8952674363054,47.3819868416598,17.726894849890346,26.813624035600494,180.132274894544,183.17651456698167,184.10432205828673,183.95691612149696,2023,non-indigenous
Secondary school or above,23,252,92535,138.0431285316444,2958.5437537148105,55.03234451829038,35.7229696871454,45.228342428990835,155.5216411313813,158.16379357693464,158.60440197313707,161.06457604382905,2023,non-indigenous
Secondary school or above,24,210,88960,107.50519181500766,2882.4115463878898,58.623932104316545,37.86069581834533,62.09989508393286,185.8529860610763,190.57018013923096,193.60942660851538,199.58391246399017,2023,non-indigenous
Secondary school or above,25,204,76491,111.67718590215107,3293.6891616878675,85.34170033075787,113.7983172312211,20.60627176181947,212.21707363664,219.14887204497342,221.0488101774885,220.89200667872134,2023,non-indigenous
Secondary school or above,26,194,78841,107.5469398569849,3387.4919859802217,42.14369427074745,120.26658083991832,35.122799896838785,221.03910612763863,223.02066017910832,236.36217956741024,234.59144236786597,2023,non-indigenous
Secondary school or above,27,214,95907,127.08430446047868,3452.761624108077,33.22124558165723,33.29978086410099,69.5919380232934,191.16704261021536,192.1702914860034,196.93942082045155,199.57873602114836,2023,non-indigenous
Secondary school or above,28,191,72393,107.60880876459788,3524.6773260766463,59.197878247896895,52.640678887001044,158.9926005737203,296.6245616252679,301.6793692805917,313.26830924810207,325.78832276681516,2023,non-indigenous
Secondary school or above,29,178,69220,94.13251754318685,3504.054597659636,59.418809592603296,84.535177694308,53.59192429933545,267.39038194861814,275.4694318386162,284.0197262206102,282.36438523772404,2023,non-indigenous
Secondary school or above,30,212,89149,113.60930400061056,3630.217613209346,36.8408843621353,226.3873776860462,89.66770986401045,255.58238139987756,257.18161809349715,322.030790912023,319.5760132887416,2023,non-indigenous
Secondary school or above,31,129,50355,66.17834560062195,4224.1872803098,34.99473736471055,410.5788071360011,89.97491146195347,599.190854969044,602.703983671607,685.6522092440803,704.7093510226252,2023,non-indigenous
Secondary school or above,32,142,53419,82.17218842506502,4921.039953012973,28.460753664426516,49.778168816338756,146.89342743218705,593.7425970392978,593.8377253132104,591.3290906432696,601.8096020214269,2023,non-indigenous
Secondary school or above,33,157,64743,85.40190791130031,3732.9120007825813,25.10634354293128,682.431434028904,61.926694777813815,288.4531799406984,288.8349256915933,566.3086157807793,572.6479522922859,2023,non-indigenous
Secondary school or above,34,141,54993,74.81070975838152,3953.0562920129228,48.70147109632135,46.112232465950214,77.46191939580189,444.05507607488164,470.915060089825,471.40700825540983,470.1597104068562,2023,non-indigenous
Secondary school or above,35,138,56582,69.26891927059556,4462.738406206921,37.85656215757661,436.88393246379883,28.964688416811,492.2786290362009,495.5327115468207,709.5682288487777,717.6081435838956,2023,non-indigenous
Secondary school or above,36,138,48988,79.19811262348055,5005.382093573937,86.91138646199069,100.57524291663265,61.438855774203205,550.0318417098057,552.3443320682615,563.8740035529688,567.9619906417823,2023,non-indigenous
Secondary school or above,37,114,52137,57.300318428231556,5384.115915760401,80.05648579703474,156.7821316915051,199.97186898619663,545.5102891417592,552.8220846618701,569.3655916013937,591.6883049265106,2023,non-indigenous
Secondary school or above,38,116,46444,57.83433878609201,4874.726274294491,34.1193695633451,627.8134778801711,261.5651824419372,763.7970830477198,767.5916713285164,920.4734995939064,933.7270137834307,2023,non-indigenous
Secondary school or above,39,114,47384,67.83386233980482,5684.032957679105,138.33382576397096,139.92029658393832,60.365467949800205,580.2218609333019,600.6200954411386,632.0307886624264,637.2288912399467,2023,non-indigenous
Secondary school or above,40,142,64629,79.88964238390533,5584.039592649327,38.26826966222593,142.041627339636,62.45699814840603,614.7131100884844,619.9608131071467,622.2912158898414,624.8871856162759,2023,non-indigenous
Secondary school or above,41,89,42802,44.87488371058542,5873.325066585674,169.6322601747582,196.66331791349316,139.14733735183714,724.7956048777603,748.2326568005351,753.2023613125294,767.5120258321489,2023,non-indigenous
Secondary school or above,42,128,57828,63.682555311415136,4351.127768266814,44.45216849968873,97.53164556962025,41.639315441193425,521.0089119814339,521.8640481432144,532.8770646300297,533.4519909590227,2023,non-indigenous
Secondary school or above,43,105,45135,49.56251554174764,5029.822591484804,70.04320372216684,498.55802961485915,124.48272958901075,708.6517487923833,710.204706902259,889.181327004165,887.0746499481444,2023,non-indigenous
Secondary school or above,44,73,31424,40.35846582309067,5578.019056559742,72.09585030549898,91.07592922606925,45.92852596741344,489.870182118517,497.60014542048395,497.45547293299404,503.72939936013506,2023,non-indigenous
Secondary school or above,45,95,43915,49.21429661641367,6803.992679039053,116.83251736308779,859.9182132149226,76.95639303199363,1015.7116200474785,1023.4203671483758,1496.591063288254,1494.4671310460724,2023,non-indigenous
Secondary school or above,46,73,27415,39.355131596440756,3538.5385008207186,40.27831479117272,650.6726852696213,125.26414979634019,510.7036693806588,514.8520297690033,721.4822456130751,724.9025314037975,2023,non-indigenous
Secondary school or above,47,79,35573,42.61454970356441,4703.083246657109,43.51727433727827,114.60002436304687,50.27797299449957,841.0868422102475,843.7170054866278,852.4326615380689,851.4675307857406,2023,non-indigenous
Secondary school or above,48,63,31068,33.66014773880618,4234.652294965881,123.29728337839578,174.88036994120424,47.41051886185142,564.5461724965637,577.9599131436435,600.5411258256512,608.1157963864264,2023,non-indigenous
Secondary school or above,49,46,19545,23.621973807175642,4615.273224183508,129.8848810437452,160.12620448537564,69.95886415963162,762.5784774257013,805.6542785915055,845.6206846816859,845.0971063395906,2023,non-indigenous
Secondary school or above,50,73,28814,36.15562454922319,4725.737425094282,84.48462552925662,228.74499664514934,30.326693042733854,552.1919595821221,551.96314119648,570.3936481780411,574.4161868357127,2023,non-indigenous
Secondary school or above,51,61,24869,32.177202264042606,3988.662618789122,23.01523985684989,664.6561314621952,32.885654161137694,584.3551328419676,586.1328478616659,1139.0163295745774,1142.274343355123,2023,non-indigenous
Secondary school or above,52,45,17878,22.39730449940563,6481.887934892046,23.095424544132452,419.2555095648283,119.36178543461237,832.9606272822986,834.2066044206603,934.0082540294586,935.884760450248,2023,non-indigenous
Secondary school or above,53,51,23799,26.749402062083533,4506.239659929689,28.707088533131643,176.09423365127387,52.780929170693454,731.725871684479,736.7384626626097,782.0369469257968,778.8232641369511,2023,non-indigenous
Secondary school or above,54,37,16151,20.112937326896798,3333.454729325326,6.652219676800198,618.9988236022538,19.687119476606195,647.1241899961607,647.6161621673245,659.3645164646832,659.4349148701145,2023,non-indigenous
Secondary school or above,55,40,20449,17.53867223414759,3658.813063393483,1.5453078390141328,677.7914486445956,91.11447992566873,897.7804128966675,898.1592072017716,943.221157121374,979.9856058441449,2023,non-indigenous
Secondary school or above,56,39,20419,20.484828541771165,4066.700842352711,13.37969538175229,131.66413634360154,44.4585924873892,588.8806067008979,589.9462140862572,593.9967760950132,587.9076135616621,2023,non-indigenous
Secondary school or above,57,47,20488,28.909496676660424,5041.243219608225,192.8445919562671,452.7300533645712,84.2769751399193,749.9620733768083,782.481892133188,837.6812589787928,856.1559573999957,2023,non-indigenous
Secondary school or above,58,33,18473,19.061155249292675,5103.360715639041,271.585557299843,2023.9261354409139,12.818708385210849,979.4679711059107,983.8871524600024,2269.5198303236134,2268.2669265203767,2023,non-indigenous
Secondary school or above,59,23,7761,13.98105077367632,3122.1821500665724,61.847700038654814,34.53163252158227,127.62723875789203,805.9337262788482,814.5399464162298,816.7037525406804,829.2258464930459,2023,non-indigenous
Secondary school or above,60,29,10771,16.227332434133974,3928.5055550397674,1.03982917092192,531.5592795469315,57.747655742270915,563.7246104336567,563.7392645445142,642.9992659592806,648.8068125966353,2023,non-indigenous
At most primary school,14,149,54026,105.29810357192848,709.8597897308704,50.53502017547107,13.203719813916756,0,82.2248768284524,86.26671378523713,86.28118045057062,86.28118045057062,2023,p99
At most primary school,15,171,61619,111.2697492755043,940.9361073694802,16.24531394537399,0,0.28562618672811957,98.1088893530266,99.11914833483361,99.11914833483361,99.10588970245264,2023,p99
At most primary school,16,192,74525,125.14246452829838,1011.7293167840769,58.78939953035894,0.4973722464497372,3.446561556524656,79.20605605521125,85.40859748432649,85.39620482895846,85.45267705607455,2023,p99
At most primary school,17,165,60685,111.9564520814203,1150.2486666117381,49.446733130098046,3.284721650050809,2.629425173711241,87.01876671838849,91.40084851327319,91.40798609545517,91.30359150306867,2023,p99
At most primary school,18,177,61520,134.4105658126971,1387.146171976593,99.30633940182055,5.4751842219332465,3.283485045513654,101.55762113833131,105.55988283269659,105.6758299796525,106.41998694027936,2023,p99
At most primary school,19,124,46123,80.23803220284216,1282.3414204048595,40.005637100795695,2.9551416863603843,2.116080914077575,130.67148311505287,132.32498500727124,132.49056483948195,132.4241322773023,2023,p99
At most primary school,20,165,57324,123.56522579477283,1395.122511222757,63.924464447700785,10.301386272183843,18.62914893122136,101.59004858105308,104.02916479539665,103.67345401365279,105.01111481283272,2023,p99
At most primary school,21,157,63196,102.76216028144604,1502.5859890921367,109.52829292993228,4.01449458826508,39.16041627107201,135.5336066700437,146.0943458639468,146.75478362258718,149.5376652030129,2023,p99
At most primary school,22,185,69353,124.602546868256,1713.305776246161,80.59305293210099,213.51852118870127,52.453131083010106,147.88125465713344,152.0136896531767,234.44361225340262,236.43607869188696,2023,p99
At most primary school,23,197,70266,131.66605818393452,1690.0843271757797,28.97953491019839,47.879605119593165,15.823916735452897,143.2877921049086,144.60355187285248,145.5707559789808,145.35672761740258,2023,p99
At most primary school,24,167,60152,111.96321684745028,1726.9936383384315,31.331460300571884,66.6909662189121,25.925987498337545,134.55507272507396,135.37599531404106,144.77709212942088,144.4296658145575,2023,p99
At most primary school,25,183,69525,134.93780225766494,1632.1970634064485,56.120057533261416,17.542790363178714,52.620246913580246,105.31164932704436,110.40915004489747,110.39883615139057,117.4037220026178,2023,p99
At most primary school,26,185,71292,116.02202564069903,1612.1668303128918,74.8041154687763,8.435092062690531,1.092221661149451,153.32009746847132,167.34942089229122,167.49119479327584,167.44180319880172,2023,p99
At most primary school,27,167,60311,115.2207085702064,1760.2568713280607,29.572383147352888,28.357513554741256,51.16147966374293,150.5372622832573,150.99236798457696,151.9932274282622,156.89603283944297,2023,p99
At most primary school,28,192,73287,129.52162225206757,1940.9078099344586,69.5902138169116,69.99009032979929,108.82603099230877,135.81912112924533,144.66002024469773,164.03664028364906,174.81722553355786,2023,p99
At most primary school,29,181,74397,115.66277526576785,1871.1910023253627,50.52668790408215,199.35423023329793,42.9804517207235,144.45845292258636,148.52498296834779,189.48428449200603,190.93542286202003,2023,p99
At most primary school,30,199,77916,122.65044791462827,1647.9133211834967,39.58160069818779,90.02457775039787,28.687689306432567,117.63624773396243,125.11201207429893,163.74405338143993,163.70079311192717,2023,p99
At most primary school,31,170,63995,113.31576825860817,1747.9672865067582,56.53905773888585,59.24311795192333,33.354126624475875,134.54078501986106,135.77645071345938,140.49084566945447,143.46079126763604,2023,p99
At most primary school,32,241,91784,141.52302426659722,1601.0628649873615,88.45080841976815,34.09415947587089,103.81729567971178,104.88783746758179,112.31158027998138,116.04062008967092,135.159539053704,2023,p99
At most primary school,33,205,72674,127.69342236177658,1934.1181165203511,20.146820045683462,47.31150984763006,58.43977213308749,186.9253748990051,189.10866936077835,188.91714264583848,189.8492684986544,2023,p99
At most primary school,34,208,75877,140.28219375252294,1989.6813175709813,41.63978544222887,65.67726935259257,40.90708207581568,157.90248079544386,160.34963902068486,163.39832085688204,165.53399556678406,2023,p99
At most primary school,35,215,75930,137.49583722820594,2002.088117344923,37.99604899249309,75.74414482637518,49.60384564730673,163.2430440571253,168.016972738255,171.82435941659656,171.92986781901757,2023,p99
At most primary school,36,211,74237,135.30346516115077,1999.134491560812,47.833519673478186,220.7038774465563,187.36737745329148,139.776535276298,141.23665871942316,209.0592293878454,219.98224132993022,2023,p99
At most primary school,37,211,73412,156.4179162906166,1899.113550918106,38.5911022721081,29.4566045060753,127.37137434388566,164.14959848742845,167.1328335279582,169.49750235050993,189.21980216428918,2023,p99
At most primary school,38,242,87409,154.2929978409414,1845.5305470069827,28.064844581221614,69.67061934888474,43.15192562169418,138.271761776265,138.57680661710953,138.59475825919014,143.77204499966697,2023,p99
At most primary school,39,215,78500,140.74978631431281,1884.2348131634822,54.03273885350318,86.07367303609341,34.14394904458599,134.05397282032288,140.5244905945717,146.1851557942879,150.18028825912572,2023,p99
At most primary school,40,282,97253,183.58086850189707,1653.1719021521187,28.30689027587838,103.14953866033268,130.47938881062794,102.90299850621396,104.18729447391202,107.12281278939521,116.95618610990633,2023,p99
At most primary school,41,171,64570,106.75497747877388,1952.1979053740126,21.620721697382685,302.03548474523774,138.23693149553455,187.22430023951273,188.00788616253922,351.8611116334475,370.99894199684627,2023,p99
At most primary school,42,253,83918,156.34866047645127,1890.665902031348,38.55294454109964,32.1764599569421,48.485982347847504,136.34726395797202,137.2581177715473,139.82466268133356,141.87919828204986,2023,p99
At most primary school,43,249,98747,131.822125333661,2242.612238008918,23.112580635361073,46.79507394317465,120.04290425700695,244.9854165444105,245.0861524422366,245.29618974811987,249.7789384331888,2023,p99
At most primary school,44,168,55376,104.30540745656965,2184.0113978378117,13.237684195319272,403.8853248699798,68.80435567754984,198.51945541944067,199.3595479695247,565.0556048083599,565.6958172504147,2023,p99
At most primary school,45,196,76290,127.85863302412774,2219.186514178354,10.249311836413685,55.355463800410725,67.91672128282431,225.29544970936652,225.2130294411864,231.82336029491654,235.70553948631354,2023,p99
At most primary school,46,178,70274,102.96983366436602,2429.0454862395763,209.22133363690696,61.81196103822182,109.77889878665414,337.7295624842293,445.2958331883004,448.35969888390827,448.1332712521483,2023,p99
At most primary school,47,213,79154,132.71210471142527,1941.3640287709193,18.31619374889456,79.2735785094036,163.62689609284854,173.7502022371184,174.68993439371297,181.53278279678486,193.82010898106083,2023,p99
At most primary school,48,186,63767,112.34316159681704,2259.8995797199177,34.410274907083604,51.668836022812215,177.54170652531874,221.85649754262545,225.47360025376506,229.9107659668602,236.6605063321306,2023,p99
At most primary school,49,187,70773,107.35253933582986,1966.0926648109682,17.36792279541633,115.46065354490177,55.118571583325085,190.66135440316742,191.56200358858575,196.59751215528271,197.01376584713515,2023,p99
At most primary school,50,220,75389,136.44120374554845,2298.6290694486815,47.22585523086922,73.84112182590741,82.77014330118894,186.82678424377445,188.06508478547246,192.26828577423316,194.44234874416375,2023,p99
At most primary school,51,144,51726,89.48781158848797,1986.7496906778022,31.96806248308394,508.22964756602096,131.94389668638595,201.2899982016114,202.8223564816496,504.44597659840144,505.1639112126068,2023,p99
At most primary school,52,230,76247,159.31632072570747,2004.760641948754,18.516728527024014,110.79000922440665,167.84861480888867,181.2260241993917,181.7640462655159,236.53571097705003,249.7131899210013,2023,p99
At most primary school,53,203,77578,122.52695924671711,1981.5218274940491,6.733867849132486,123.21166546357645,180.5377039882441,180.15470042190844,180.15610410147414,192.94781441907145,205.460576219406,2023,p99
At most primary school,54,136,40478,93.93633098330326,1798.7475418745985,32.988289935273485,93.01099774363028,135.78330615807764,199.39246029864276,199.22490193255715,228.4817237895654,270.3550088850378,2023,p99
At most primary school,55,155,56888,97.81143042699382,2091.7365056485255,32.68817676838701,61.472249566399476,204.57155580555946,229.36036124655928,231.79490057900722,231.93805596193536,275.42381605288773,2023,p99
At most primary school,56,125,47734,82.767756455169,2263.301783494644,3.9405874219633805,76.10019413136688,121.70256002011145,204.39887618673563,204.31719338204456,212.6747324785395,228.48313509186056,2023,p99
At most primary school,57,145,47379,85.26744651273724,2255.554932916834,38.99301378247747,90.44866924164714,123.50665906836362,216.129261460798,218.8217500887851,223.86966307870077,244.99023365933715,2023,p99
At most primary school,58,146,50129,86.88952133972666,1818.9423420907394,58.51862195535519,44.062543637415466,123.98835005685332,192.0850242252472,197.93341446277952,197.57754506069787,199.55279610069798,2023,p99
At most primary school,59,120,38606,74.07047260240341,2247.8279088742684,45.259545148422525,105.05612253708405,127.2872524132691,351.0414407721824,350.88472402302403,384.78863567821406,421.305385184486,2023,p99
At most primary school,60,142,48705,79.93198824440502,2108.92245662663,32.70629298839955,112.97456455531602,49.77894124490984,282.58972351482663,293.23843944167044,297.7708561688862,300.91454183655435,2023,p99
Secondary school or above,14,41,15762,25.887798296603126,645.8503573996533,68.16901408450704,1.920230089244174,0,149.43456043777059,169.9644433555592,171.01362350728988,171.01362350728988,2023,p99
Secondary school or above,15,80,27249,49.26873059172999,632.5845719108958,12.070167712576609,7.017015914957123,34.31318580498367,117.50457200323625,119.38564026947978,119.04146668990369,132.76823563452007,2023,p99
Secondary school or above,16,114,46421,74.30794034990066,773.872643846535,11.936192671420262,3.2497145688373794,0,118.13119496278729,120.277076305088,120.65941178377929,120.65941178377929,2023,p99
Secondary school or above,17,153,55942,79.17629532822754,1212.2814164670551,76.84065639412249,15.769636409138036,12.227545195619273,262.51728941956816,265.5959251880898,266.4409548369865,266.9868395197934,2023,p99
Secondary school or above,18,210,78550,119.76249647512024,1500.8196690006366,40.075709739019736,15.657182261828984,25.488224061107577,166.48292957316696,167.05436941000207,168.8388019017818,170.31772173824004,2023,p99
Secondary school or above,19,272,99825,145.80874205368576,2021.8490942482679,71.14428249436514,12.551540195341849,9.673688955672427,116.8274262142484,118.9395532862125,118.37231648465519,118.9339158596914,2023,p99
Secondary school or above,20,314,120204,174.66492619878827,2146.3307564640113,70.38604372566637,22.4792366865218,43.929209233192466,113.40375758123325,118.36870832344694,118.01823017086767,121.67695307502477,2023,p99
Secondary school or above,21,256,92498,137.74490277948834,2451.0551633548835,30.92899305930939,4.710408152969073,22.800276762740815,133.58679061658103,135.4765961219776,135.744368596435,136.31150796239334,2023,p99
Secondary school or above,22,330,122199,177.0288187912603,2607.2395355117474,57.72485863223103,18.79400267869077,39.31179742332861,135.19434000727333,138.04656997744715,138.97596143088006,140.01476147302307,2023,p99
Secondary school or above,23,345,126267,202.1221950465509,2627.6152115490722,61.09224104477021,38.891726790583974,43.88534877151855,120.3936727757302,121.93240090212318,122.68694765768123,123.94757047999761,2023,p99
Secondary school or above,24,277,112508,148.95387983430388,2596.430093859992,52.788468375582184,120.90247656462948,79.3155716334246,140.8374529157641,145.15319570010814,190.35921346915214,220.0150632503398,2023,p99
Secondary school or above,25,281,106778,162.8717109825919,2940.523088401481,88.6341006574388,129.54446374721385,17.07462523491106,176.78038342144322,188.8614917708696,200.17004362722471,200.27153434298668,2023,p99
Secondary school or above,26,261,101638,152.9643220864745,2854.9886263011867,36.730071429976974,119.60175656086635,39.72513561200863,159.01474908788134,161.04967292526902,178.83596047200865,180.0031589611963,2023,p99
Secondary school or above,27,298,123702,181.54126128438168,3083.6473601881944,58.056539102035536,38.45060777783167,86.27211362791225,152.38448082982438,154.67345410204214,153.3464155510398,156.68581258011622,2023,p99
Secondary school or above,28,275,99833,164.99721485825015,2893.0567430943006,50.242625184057374,40.783975906430406,153.71632626486232,184.731031970938,189.48481161575515,198.9412741527452,208.0902660722482,2023,p99
Secondary school or above,29,243,88898,137.42608023966798,3221.217579885562,55.22587684762312,76.60462927549926,59.28854417422214,201.6430456178085,208.9389575846361,216.35737479079992,215.2585494015977,2023,p99
Secondary school or above,30,306,124836,170.41162511457986,3282.507200780758,29.757585952770036,289.344386501757,64.0343063432557,177.53391294945024,179.01739017841464,240.90158672399306,239.82545117046817,2023,p99
Secondary school or above,31,178,69394,96.27797580634423,3865.8193383673897,32.52673141770182,318.77005456763794,78.66318894044633,313.38567494837537,317.265895000536,371.63863765603395,391.64224913088685,2023,p99
Secondary school or above,32,189,68315,111.86187357104303,3565.1582778306374,20.667803557051894,46.9848008002147,127.5044524140623,255.36006004340882,256.3182150269466,254.91446951381565,272.6606757675133,2023,p99
Secondary school or above,33,222,89670,129.2703051677422,3541.225095721348,27.327868852459016,806.4292219620088,65.2290844206535,224.0851455555092,224.93043704619828,501.1707485455165,505.15536208026504,2023,p99
Secondary school or above,34,186,72329,104.68196927637477,3691.2304746367295,43.748565582269904,40.496320056040226,85.5868876937328,257.66297234488394,258.3837222088804,259.1841703664299,258.37745470787377,2023,p99
Secondary school or above,35,195,74037,106.97884481926043,4216.1328885107,32.766319542931235,653.5800230515373,58.178028103065586,375.60443936642815,377.84364787064004,613.5576609003098,618.7468366962387,2023,p99
Secondary school or above,36,186,63316,115.66837167367828,3830.4815107292525,76.54344873333754,208.03543601406702,24.899972624086594,305.5941297804116,307.0018655556556,350.4660339290061,349.9031060180588,2023,p99
Secondary school or above,37,143,60200,75.7734219041818,4926.422790697675,82.02666112956811,137.90836101882616,173.18826135105206,453.5030531439867,460.3198839911905,474.9902179685002,494.74967800650614,2023,p99
Secondary school or above,38,140,55532,73.37974186194286,4033.201443912219,37.9320031693438,590.9446055127374,222.2886503877644,378.48238449059863,380.5067887264548,574.4635158168951,593.4769521646178,2023,p99
Secondary school or above,39,136,52859,82.07400644243353,4843.364072343405,118.32251839800223,86.1134338523241,127.61038486035174,459.9401086362543,478.59959913192586,496.6767865420529,509.896440883402,2023,p99
Secondary school or above,40,184,80835,105.70534287084108,4458.6873590235255,24.316694501144305,161.18106224613925,104.10259582276655,291.7362883270937,292.2794521517431,304.2646580366157,309.54065525382777,2023,p99
Secondary school or above,41,110,51648,56.971280494884084,5531.028523208385,128.57419454770755,290.5978934324659,188.008912897563,584.5979801154466,597.1552068987113,625.979939118397,639.8328098697394,2023,p99
Secondary school or above,42,158,71053,82.9652556277476,4134.775739002341,37.219821823146106,131.77724140195818,44.9165646301587,441.42557007190305,442.4533212328615,457.5483893399922,457.20672021322247,2023,p99
Secondary school or above,43,124,51604,61.720977725893206,4386.181116450922,53.681885125184095,168.60293452703925,108.87776141384388,512.6060249780376,511.71988629430365,538.7419093027019,539.6326743544054,2023,p99
Secondary school or above,44,99,40415,57.54442973025352,5421.655693018269,57.83842632685884,76.80984782877644,35.71094890510949,434.49497640215844,439.4343103693367,439.99086159923394,444.1075206227459,2023,p99
Secondary school or above,45,105,43430,55.86450493685316,4419.849685317369,69.230946350449,237.6531199631591,78.85808580858087,486.9390158409311,494.48847161820265,541.6246033991381,544.2687925370949,2023,p99
Secondary school or above,46,86,31664,46.495367245681734,3296.4593439447535,32.031013137948456,567.6172730335186,94.95483830217282,435.1234381451722,437.7505977483718,620.4167659994295,621.5451831721348,2023,p99
Secondary school or above,47,92,39091,48.8381181399481,3993.810480673301,155.05359289862116,127.4106145489584,46.26866371628593,396.2240843563307,411.142094445289,426.1411913986936,426.08314654172415,2023,p99
Secondary school or above,48,74,35192,40.440158581934206,4111.465233575813,108.84860195498977,154.3868871713268,41.73154883685687,497.31839866845854,509.16501342799546,529.0194130909022,533.8417388828439,2023,p99
Secondary school or above,49,54,23415,29.017170266312142,4117.579183571785,48.712363869314544,236.42109758701687,64.47488077443234,548.9993715921084,546.6078015038548,624.5874817796602,625.913868669181,2023,p99
Secondary school or above,50,88,34113,45.54941483302396,4320.019694349173,71.36106469674317,179.27256471140035,151.19846783728588,442.5540560838182,443.8541413333553,451.81922311362666,502.18885553763096,2023,p99
Secondary school or above,51,64,27722,35.770525703546774,3663.5650626457928,20.646634441959456,384.25257917899137,95.37791886107303,517.2312242312308,519.2199655304114,885.7453744914508,882.9659330544054,2023,p99
Secondary school or above,52,58,21544,30.872543783180188,4896.639443309816,19.165428889714075,158.28614308701574,111.15623839584107,532.8178310769761,535.8788944872795,536.5442814220654,547.6199344804984,2023,p99
Secondary school or above,53,59,27779,31.726505227328186,4742.0873441568565,24.59411785881421,164.4299650815364,45.218810372343626,683.8837849832215,687.4645344672258,718.0725997874829,715.1155993428421,2023,p99
Secondary school or above,54,46,20182,25.62486506958377,3480.003253724441,11.418095332474483,507.5248571334192,23.808344068972353,539.2441858441665,542.21173656139365,550.7760289865156,551.6632268543539,2023,p99
Secondary school or above,55,45,20779,19.226763831474937,3179.659030752202,9.413350016843928,508.0204693841539,89.66745271668512,698.8566453756499,700.3268773891472,665.2716613887636,715.569126171328,2023,p99
Secondary school or above,56,44,24078,23.730611366770862,3934.790451864773,11.346457346955727,111.65586842761027,37.7024669823075,570.251881613466,571.1681668271623,575.4419199426034,571.3349800392057,2023,p99
Secondary school or above,57,50,21099,30.922051622306082,4164.172681959651,166.26380397175222,425.49962873437914,86.97884575888273,576.7401868785789,611.7141805205895,688.8549722099875,712.4601954872724,2023,p99
Secondary school or above,58,35,19710,20.49332322885865,4894.45539489261,268.726534753932,1896.904490106545,12.014205986808726,886.1475326113776,875.546888700609,2110.0528749494674,2108.9817759027724,2023,p99
Secondary school or above,59,26,7805,16.125192141387473,2795.1486013239373,61.49903907751441,270.9160794362588,126.90775144138372,654.1398907683838,665.1778171009529,776.0463877499102,788.2703191807783,2023,p99
Secondary school or above,60,36,12803,20.934674930864546,3865.999739644354,0.8747949699289229,447.19401702725924,122.039105418001,494.8519074528888,494.8681853968818,557.7307897265517,564.8066398730102,2023,p99
At most primary school,14,148,53821,104.65919070232432,712.5635904200963,50.72750413407406,13.25401175501508,0,82.52227800128335,86.57371902351593,86.58396441351009,86.58396441351009,2023,p90
At most primary school,15,169,60950,109.68092906525244,935.8210336341264,16.423625922887613,0,0.2887612797374898,99.20599258076768,100.23837214802823,100.23837214802823,100.22505471205477,2023,p90
At most primary school,16,192,74525,125.14246452829838,1011.7293167840769,58.78939953035894,0.4973722464497372,3.446561556524656,79.20605605521125,85.40859748432649,85.39620482895846,85.45267705607455,2023,p90
At most primary school,17,164,60416,111.21075308052026,1148.6914117673023,49.66689287605932,3.2993467514124295,2.6411325918079096,87.47845474588698,91.89357179157419,91.90118413692258,91.79652547846844,2023,p90
At most primary school,18,171,59413,130.55472460178714,1366.9353929274737,100.78309460892397,3.758997750211794,3.399929308400518,101.17700101193067,105.55317582099444,105.87236126602055,106.6692135405121,2023,p90
At most primary school,19,119,44088,76.4333073149018,1162.852325651727,41.852204681546,2.9263442811347002,0.4422972237343495,112.2944975540907,114.9761030209511,115.12079066487047,115.07199426592376,2023,p90
At most primary school,20,162,56259,121.24846258489538,1338.5494380158434,65.13457402371176,6.7162587319362235,16.335709249483045,87.69462708143963,90.94970313393591,90.95384474302293,92.75942209694003,2023,p90
At most primary school,21,152,60060,105.34947709071716,1422.0219918969917,50.495337995338,4.224109224109224,41.20515595515595,132.0794396780803,132.58418440988396,133.3728637761074,136.9075713400281,2023,p90
At most primary school,22,181,67684,122.1216251584326,1587.3026933987353,78.81582057798002,204.77734767448732,45.576236629040835,111.85083135334835,117.9854070382502,218.29837278921482,219.81325741983377,2023,p90
At most primary school,23,194,69768,130.12394733528643,1675.5165739785193,29.186389175553263,48.221367006841724,15.936866949508847,141.3660880625492,142.7479092076476,143.78317356602685,143.57432739743317,2023,p90
At most primary school,24,162,58737,108.61391044783073,1691.2486394152463,31.059638728569727,57.81015373614587,25.438253003501483,134.60579547751408,135.3861250145385,142.85310568075565,142.17288272344268,2023,p90
At most primary school,25,179,68463,132.03327269579003,1600.2936622701313,56.990593459240756,17.81491462541811,39.28237636874419,102.84549162988057,108.379037324844,108.4068864721441,112.259954398151,2023,p90
At most primary school,26,178,68802,110.94560933405427,1466.5960194955571,67.65929769483445,8.740364863424514,1.1317500460257939,117.01563393517182,125.1583023475791,125.46042478477699,125.40144530486172,2023,p90
At most primary school,27,159,58240,110.01116945468425,1729.9894774496338,29.748282967032967,27.99227335164835,51.002747252747255,154.90281135023926,155.45979999711238,156.50275880896734,161.78305375986062,2023,p90
At most primary school,28,183,69633,125.65922115174823,1845.3479863474693,51.30840262519208,21.613752339647387,83.64281303404995,126.19676975650222,129.43637479304113,132.18303180168147,132.80109818168697,2023,p90
At most primary school,29,179,73456,114.2093348745861,1846.5720567414508,51.173954476148985,188.48730305670514,43.53104806505482,143.8294329604968,148.09135981429034,185.43116188826838,187.02296097840437,2023,p90
At most primary school,30,198,77205,121.66480588975186,1629.936070634458,39.94611747943786,90.8536364225115,28.95188135483453,117.41505446100767,125.07788836762508,164.3904948748724,164.37096114234808,2023,p90
At most primary school,31,168,63566,112.20468520740351,1733.2530991410501,56.920633672088854,59.64294329253585,33.57922998668051,132.76145146910622,134.0899197974251,138.99492905365588,142.07544385050278,2023,p90
At most primary school,32,238,90738,139.47907708297603,1598.9297464494848,89.47044237254514,34.48718655175708,105.01406981272086,104.75123582411678,112.38333095211037,116.20900994316524,135.77357223748177,2023,p90
At most primary school,33,200,71389,124.38650350890317,1787.6731709366989,20.509462242082112,47.47206619133667,59.49168639426242,144.75260378935812,147.8516526879763,147.6653369253976,149.3797332496068,2023,p90
At most primary school,34,205,75168,138.36756630685534,1935.1831807861502,38.09469455087271,66.2967508336881,41.29292606783028,145.4042849338914,146.0059546272301,149.61171937915068,152.10876408115953,2023,p90
At most primary school,35,208,72977,134.10146776429767,1835.2688278498706,38.09474217904271,75.77642613426148,48.7129278174402,140.51591391885162,146.75739565223122,151.6867222537946,151.73841936469012,2023,p90
At most primary school,36,207,72166,132.5170254300155,1981.4825852894714,49.20623285203558,227.0375765595987,192.74439486738908,142.76215064561433,144.30786031245455,214.0738205073756,225.3262671808346,2023,p90
At most primary school,37,205,71771,152.3128527874509,1802.9523623747752,37.8850789316019,29.910663777848992,71.22079019845526,149.55236841570456,152.19696097460783,155.02732191381085,159.35745349102814,2023,p90
At most primary school,38,242,87409,154.2929978409414,1845.5305470069827,28.064844581221614,69.67061934888474,43.15192562169418,138.271761776265,138.57680661710953,138.59475825919014,143.77204499966697,2023,p90
At most primary school,39,213,77912,139.28619879185,1854.2706236951092,51.71437005852757,86.72326898723345,34.401632611151044,131.14263660490252,136.84859772895905,142.89907105809223,147.110163028385,2023,p90
At most primary school,40,279,96600,181.67763572126736,1626.8736404416838,28.49824016563147,103.64322377501725,131.36140786749482,100.72836302711195,102.10314716790792,105.26181681969335,115.57840676038647,2023,p90
At most primary school,41,163,60322,101.59920097586777,1762.785773294431,23.143297636020026,322.2247894632141,112.61162870373441,174.98651992534658,176.17589217816402,362.91387932860357,372.18253402979923,2023,p90
At most primary school,42,240,81222,148.80256657181548,1807.4204382228133,38.12127256162123,21.701232424712515,48.6844286851674,128.38410146834616,129.4250762611176,131.07458126558265,133.25372294605438,2023,p90
At most primary school,43,240,94883,126.981505841071,1911.8796904257524,24.053813644172298,48.70074899261898,124.93151214302526,139.52286491013803,140.1645350389208,141.462529535089,151.8404626367382,2023,p90
At most primary school,44,159,51555,97.58584432183952,1955.72190217567,14.218795461157987,431.78263504994663,63.798079720686644,170.88521352204444,172.19997987942057,593.4047687996641,593.6929128128049,2023,p90
At most primary school,45,185,70431,122.25550414933346,1888.981307946785,11.101929548068322,52.41160379189088,64.83697992834594,153.50804684078145,153.5676721387771,158.04999854523743,160.0551925138306,2023,p90
At most primary school,46,164,62416,98.5669868960985,1703.412466354781,26.541591899512945,45.57523311330428,122.72391160386226,145.30458715894162,145.87734077070897,148.93238213427827,155.50115552167014,2023,p90
At most primary school,47,203,76457,125.98528710789546,1798.4349329252607,16.914082425415593,82.06993255468215,156.5963875119348,162.6983435824237,163.78366767342692,172.25615600998862,184.98544559486618,2023,p90
At most primary school,48,176,59427,111.23535086491175,2064.3270987934775,22.29020478906894,38.95984429075448,182.02130344792772,196.5296847385143,198.63835537086098,199.03772175688735,206.40485341078778,2023,p90
At most primary school,49,177,64695,102.95699377032217,1739.632627457042,18.999613571373366,121.21655717855579,60.29688023288765,142.14270211441834,143.81053990434714,150.79688463284143,152.25871663968135,2023,p90
At most primary school,50,207,70349,134.97647778717837,2173.9613391803723,50.609248176946366,78.28907778835993,86.6928930522585,177.94022875827372,179.6066788233125,184.81874290316114,187.6512221204138,2023,p90
At most primary school,51,134,48724,82.71646338425342,1783.344166461429,33.93768984484033,501.8263432805188,135.00389951563912,182.46620232968976,184.8619010162932,522.772587532722,523.8935560970646,2023,p90
At most primary school,52,211,70084,144.71840728661095,1749.576598557921,16.56647737001313,103.02978092955121,182.60877423282537,164.54354758063351,165.29715503056005,229.53126061129765,247.01833377859646,2023,p90
At most primary school,53,185,70677,109.78333208537215,1686.429017454995,4.763926029684338,63.14698676136981,187.05029924869476,159.02573569330895,159.0093749830405,162.96788081686114,182.13476315953608,2023,p90
At most primary school,54,129,38284,89.27373973101868,1511.182783059938,34.87880054330791,36.08511388569637,60.28201511510465,146.22249643679888,146.74184025533893,147.70880435621206,150.097318312356,2023,p90
At most primary school,55,140,52028,90.48365368654049,1590.0330078675584,32.58947105404782,64.05268957740704,113.74964762563748,139.9660079419947,144.91942952792948,146.55173334231074,164.14085731364608,2023,p90
At most primary school,56,116,41642,77.09594426223794,1926.678129452636,4.51707410787186,72.02023597969998,92.8161471591182,180.92598021936078,180.92268708901778,191.29371230597107,204.74829710688323,2023,p90
At most primary school,57,133,44606,77.93935467767689,2094.0451321944734,24.08801506523786,88.98356349668954,125.26615253553334,204.60911712995926,205.6428163544142,211.4633531520149,235.66006918748636,2023,p90
At most primary school,58,129,46869,78.0407900116743,1602.8022929157155,60.156606712325846,46.78276152680876,125.53454664419269,132.95860106614415,142.4277581392186,142.50796283975143,144.62707866061345,2023,p90
At most primary school,59,107,35814,66.6373614019046,1839.9950927011782,39.73446138381639,56.02222594516111,83.90205878520504,255.57800769444222,255.25571686370728,255.08154186068674,281.30082648418994,2023,p90
At most primary school,60,126,42996,74.03449568161214,1861.76151851335,16.486649920922876,127.52758783762832,56.38857878252241,198.42086206329253,199.97722883492892,209.91994857953625,216.21667102538558,2023,p90
Secondary school or above,14,39,14835,24.00760654082441,603.5789237164364,63.24772497472194,0,0,139.27204787152831,159.5213425608636,159.5213425608636,159.5213425608636,2023,p90
Secondary school or above,15,78,26784,47.95186035524538,631.5911364994026,12.279719235364396,5.888092393468737,34.90890083632019,119.60696030430073,121.5415472027318,121.31344650391974,135.40504401390248,2023,p90
Secondary school or above,16,112,45745,72.94150409370398,738.1028964914199,12.112580609902722,3.297737457645644,0,114.37143688478375,116.71271343821626,117.13399933947868,117.13399933947868,2023,p90
Secondary school or above,17,142,51084,76.21032076803075,1064.1469018348864,63.66220342964529,17.269301542557358,8.11995928274998,130.34760493634568,137.0279422609211,139.14794147145943,139.37038421855584,2023,p90
Secondary school or above,18,188,64667,117.97863110093363,1189.7440992572203,45.598945366261,13.15516414863841,27.710681903701527,116.6080240697762,118.15544053515809,119.62123500041409,121.3894436525561,2023,p90
Secondary school or above,19,237,85068,131.28274100458657,1761.2678484663252,81.96710866600837,13.65994459334493,9.898073697904422,103.98865211142804,108.24489405870122,107.65453702542547,108.32204867351842,2023,p90
Secondary school or above,20,285,104147,160.04491765939045,1966.7099844450631,71.66528080501598,23.462613741474392,50.43320178849767,106.97338672565287,113.98224997445428,114.02750366115124,119.23849350307708,2023,p90
Secondary school or above,21,226,82199,119.4320165078279,2330.36179069494,28.288300344286426,3.5983203364193397,19.90778476623803,138.82066197089895,140.25713117891712,140.3332108450264,140.0248658609815,2023,p90
Secondary school or above,22,283,97603,163.02483452749627,2252.2199881151196,69.19428706084854,17.8433723007148,42.97240521978491,120.62908936749876,126.07336264976448,127.03824781051107,128.57849247962696,2023,p90
Secondary school or above,23,296,106828,174.5911954935173,2391.1415148650167,48.98447972441682,32.77768936982814,49.4752124911072,117.39912169072186,116.96575500470074,117.80619149538356,119.80385824851143,2023,p90
Secondary school or above,24,238,94084,128.6643919549382,2308.853666227343,51.971908082139365,51.88661196377705,30.02465881552655,127.0162758816068,132.8118814794422,133.27977972113894,137.45679947141252,2023,p90
Secondary school or above,25,242,89457,141.91571853045167,2485.88628428556,84.11831382675476,144.4093670702125,17.593491845244085,142.31291958665324,151.82416454207905,169.76546677730028,169.97791122770255,2023,p90
Secondary school or above,26,216,81014,131.1268834409357,2388.2757918384477,37.803848717505616,116.7246813307988,40.08669283498325,137.04032047878087,140.35187693757226,166.87157733230123,166.17291207041447,2023,p90
Secondary school or above,27,252,99305,156.1047283833995,2722.5247394391017,62.8217108906903,42.080161287615596,60.64656697380125,142.42331880956854,146.09685618630002,144.11556015821466,145.55581547407124,2023,p90
Secondary school or above,28,237,88087,142.67598201264437,2516.416996832677,42.64615664059396,23.599244686124702,149.90250547753925,153.13855076001448,157.88053710397554,158.41164711744463,158.76857982577314,2023,p90
Secondary school or above,29,199,71836,113.59686476485142,2741.129778244891,48.18712066373406,38.256097221448854,73.1777892236019,177.80560032911066,183.86172926683494,185.66439536250064,185.56713256416487,2023,p90
Secondary school or above,30,255,98927,143.85884037226617,2730.9002058757133,21.304780292538943,273.5922700577193,79.63400622007474,152.39333003495696,153.13340676607203,197.41186023541442,196.9840343768762,2023,p90
Secondary school or above,31,146,52939,84.70782242710744,2850.2339736929925,15.531271841175693,315.2413627004666,90.02348615072692,186.15964193400308,187.5434754439729,295.85584432073534,332.05737163608535,2023,p90
Secondary school or above,32,155,55225,91.34899947286684,2818.1966304511843,22.665115436849252,53.678889391881704,157.72687490568885,177.7797617849565,180.52431550447673,179.34032489041095,221.13120203399458,2023,p90
Secondary school or above,33,185,74586,107.72410860170325,2928.2591371034778,30.626256938299413,546.8341914032123,35.6982811787735,181.0017411527884,182.91903005997108,422.7773976885406,422.7897378071824,2023,p90
Secondary school or above,34,157,59864,84.8676792567315,3058.766309189719,50.437491647734866,48.63760635217605,103.40795803821996,206.6406484791329,209.23399422374575,212.37716186451883,214.43300179167878,2023,p90
Secondary school or above,35,168,62899,91.02438215254209,3151.673375835334,16.867040811459642,148.62829032788014,62.36230570703297,197.15203204316907,198.8201484996944,208.8275963940075,216.0095878272308,2023,p90
Secondary school or above,36,158,52778,95.99676780147433,3052.0397956219135,82.5613892152033,55.750281051448205,29.871663698258114,221.0681420274947,225.13297026606145,231.0781193009102,231.0977328113723,2023,p90
Secondary school or above,37,108,42890,58.13878540755604,3727.7656096992305,76.98834227092563,69.35727053703272,76.97054480453873,265.69544036321184,271.23566723352343,296.80242814752523,297.3116810095624,2023,p90
Secondary school or above,38,105,42432,54.10673743404775,3113.064308776395,49.27978883861237,388.2938780480141,250.22467320261435,341.5784205467174,347.9800892700882,380.51514016688736,408.47210743994447,2023,p90
Secondary school or above,39,111,42330,67.7998739528422,3333.2382786046146,59.39428301441058,26.325773682967164,122.83831010315774,231.9664321608717,230.09157634310472,230.70294692001255,263.7609459055445,2023,p90
Secondary school or above,40,144,58636,81.79044627358691,3384.661143893399,24.959751688382564,188.11587591240877,132.47606703504104,236.76636770849368,238.00853948466084,263.5725177382896,279.19720311872305,2023,p90
Secondary school or above,41,84,35514,41.49055333471104,3629.6458110416547,133.17564903981528,232.96774980758764,187.17400649509113,371.72560536831963,416.98497891199924,441.3514201631336,458.20003703633455,2023,p90
Secondary school or above,42,126,56663,67.77971115927659,2947.5792830712576,33.86248521963186,97.36132926248169,42.12666701963069,247.40592658004493,249.96798482021913,262.8205714571612,262.7158016634003,2023,p90
Secondary school or above,43,98,39425,46.76466880492796,3175.577180300148,51.102092580849714,197.52346227013317,129.89713802578737,337.3939100489122,337.3769425621241,408.1215885216368,415.9393216389096,2023,p90
Secondary school or above,44,68,26925,40.7516975807356,4455.512033426184,50.98384401114206,57.6658619622408,16.84895078922934,458.87873367932235,468.1839151336082,467.3678868030643,469.1629842456101,2023,p90
Secondary school or above,45,77,33351,41.21253551294914,3329.2062257003786,76.08467512218525,132.4020768992434,87.43655862392933,369.4114622557223,381.9509750114986,385.2782280567101,391.14802078757975,2023,p90
Secondary school or above,46,62,23692,34.34374035190854,2368.8873600090046,40.83234847205808,343.02296133716027,123.80480049524454,294.88084494924567,305.3856633489133,367.9364704520317,382.1256661945749,2023,p90
Secondary school or above,47,57,25343,31.48980403118231,3187.4906154230625,41.096160675531706,84.44738192005683,62.626103197464126,360.3084896770194,373.94967822940515,371.857615858311,374.55555181051017,2023,p90
Secondary school or above,48,55,26649,32.37810148772932,3482.7410784644826,140.27543247401402,163.8404192777715,32.188825096626516,444.3235182017162,470.8943787931543,495.6580621952906,498.585287701205,2023,p90
Secondary school or above,49,34,14405,18.225047035079506,3299.2533379613556,79.18083998611593,363.17250954529675,79.82644914960083,531.8969965092323,532.3252655923374,741.7118406660338,744.2886091841797,2023,p90
Secondary school or above,50,60,21086,35.48067401082983,3463.5727536438076,105.46523759840653,159.25732713648867,21.933984634354548,372.08324466669274,377.45570157054226,395.667161544455,402.2304821688339,2023,p90
Secondary school or above,51,44,20330,23.638934574466017,2512.4089194949993,28.15376291195278,455.8263649778651,109.02115100836203,391.035234514989,400.09904892661615,1127.4205832208909,1125.1462411689415,2023,p90
Secondary school or above,52,37,12664,18.385853601383587,3614.479311433986,25.300063171193937,148.19435670667508,189.099020846494,538.5833389850729,550.9764175192192,527.7103925399317,583.7009368234957,2023,p90
Secondary school or above,53,35,14178,17.548445119555822,2150.302816570273,3.667654112004514,107.49988244698359,63.14948041566747,398.44358440536865,399.6047345888957,424.94523680039,443.5140720790127,2023,p90
Secondary school or above,54,30,14757,16.736828307613134,2702.084773327912,1.0029138713830725,683.2203925820515,29.00092611416051,508.36814166384187,508.16406220571565,574.8460084811205,577.9753196822734,2023,p90
Secondary school or above,55,29,15181,12.356847772976446,2456.5087938870956,10.802977405967987,687.0270294007861,23.06830907054871,587.8660395597744,591.5836276942733,561.1761110680325,569.4838776325262,2023,p90
Secondary school or above,56,29,16068,15.698077175641956,2785.7180628163637,8.588498879761016,160.36739689652313,56.4973861090366,404.3924261925326,409.3614174888856,442.33208444255035,439.4898587062791,2023,p90
Secondary school or above,57,32,13968,19.992612248812772,2867.9899770904926,3.52233676975945,391.2943871706758,75.00477281405117,550.8761982220415,550.8998785198083,609.4536952415217,620.2836828774392,2023,p90
Secondary school or above,58,22,11694,13.8184320893242,3691.0585200387663,288.2332820249701,427.30210649335845,20.249700701214298,708.707687924481,758.7050107452189,906.8248431422041,905.0519364693014,2023,p90
Secondary school or above,59,18,6075,11.148822860726508,2587.1700960219478,0,343.758573388203,65.11934156378601,803.9170986824806,803.9170986824806,981.4198006123331,987.0380671591394,2023,p90
Secondary school or above,60,22,5987,18.423810931183453,2823.0685373865595,0,150.69316853181894,253.09837982294974,413.233410775683,413.233410775683,411.3018284693307,472.2526263981045,2023,p90
At most primary school,14,91,33937,62.9671214213254,595.2214397265521,78.64292659928691,0.5418127707222206,0,88.21509396808317,99.15060324326224,99.09292748990723,99.09292748990723,2023,p50
At most primary school,15,99,32090,74.94181240794818,589.0179806793393,10.496727952633218,0,0.5484574633842318,74.53806569640025,76.44449314662529,76.44449314662529,76.42995772329638,2023,p50
At most primary school,16,111,42830,74.14402544489029,781.2212390069267,96.54961475601215,0.06128881625029185,5.997081484940463,86.75803451609191,104.97578138585303,104.96879779813429,105.25403077373197,2023,p50
At most primary school,17,88,32323,59.48181946073112,774.115397704421,59.673761717662344,0.5006754736049666,4.116779589353298,93.18971587263708,103.9106831073288,103.95470578094347,103.96193705321494,2023,p50
At most primary school,18,98,33588,72.77404622225158,989.4649130641895,146.75259021078958,3.6421737922273825,0,98.5971436627276,117.68693748445776,117.86219555327295,117.86219555327295,2023,p50
At most primary school,19,66,24105,47.31103729826078,1018.3779298900643,32.302012030699025,2.55202931618613,0.8089607965152458,107.5526593157366,114.60455617189578,115.1461172448136,115.02413871648398,2023,p50
At most primary school,20,95,34700,70.60709233931607,1003.7362247838616,84.43605187319885,3.4169068203650332,11.660422670509124,92.80009031333348,100.0951414390931,100.26597028046187,102.41054253425155,2023,p50
At most primary school,21,89,37832,60.52697629473943,914.9615404948192,44.30217805032777,1.8027067033199409,56.3512811024177,108.39846492285191,109.92301958576437,109.95832435335899,121.76416628390822,2023,p50
At most primary school,22,97,37244,69.88090383999604,1189.1246733254575,69.32176994952206,352.50588461676153,60.72924497905703,105.42965289172588,113.36976262079835,346.81917471512537,349.5948424497457,2023,p50
At most primary school,23,110,39960,75.71573058162312,976.3109776443109,32.78218218218218,28.859275942609276,2.7761094427761095,101.57955199890692,107.4077825385718,105.51498815555507,105.33665413400955,2023,p50
At most primary school,24,94,34668,61.49455392089043,1100.3334294834815,52.623456790123456,50.77410484212146,23.63851390331141,114.39384582727864,121.36819621569917,120.71443722247673,121.03155979314221,2023,p50
At most primary school,25,102,40294,76.76763376669332,1193.248457173111,24.69437137042736,19.494837941132676,21.979848116344865,103.39461227236667,107.4911138376072,107.34517421811589,107.3862808624634,2023,p50
At most primary school,26,112,43055,70.17680571637953,1041.1892772809972,22.67576355823946,12.750077420353811,1.560794332830101,104.25840287614724,107.23646538024035,109.00450699629508,108.95742916922973,2023,p50
At most primary school,27,98,38288,66.03513174675304,1095.8277049380135,31.810488926034267,21.23911756512049,56.16816408970608,117.54734916147844,121.73292726334235,124.45828375330187,145.35513381024646,2023,p50
At most primary school,28,107,41876,73.90871343411885,1331.6252666602986,36.49197631101347,27.741397220364888,112.87611042124367,109.86452557825052,115.10450842517237,121.32627707213048,130.31441890901894,2023,p50
At most primary school,29,116,42180,81.20296427959835,1171.3167852062588,19.482788051209102,58.96844476055002,41.48846214635688,92.21523914800713,94.05536354848411,112.29081086131555,120.513910815645,2023,p50
At most primary school,30,132,50742,89.66278317814772,1307.2291921222393,47.667809703992745,132.64225559365678,44.05088486855071,101.73399860240289,118.71935122973589,196.04638020438125,196.6846498088313,2023,p50
At most primary school,31,102,39598,65.12608213852569,1174.1372922874893,55.771225819485835,39.935308180547835,36.67441116554708,105.83370927943177,108.77246423140845,110.83380419648947,115.93854482365275,2023,p50
At most primary school,32,147,55522,86.69455616930563,1188.833351344212,78.24276863225388,16.32145816072908,37.95552513718287,84.7499931887345,95.60328953599515,95.67812813408604,96.90870978502429,2023,p50
At most primary school,33,134,48116,89.02548025473102,1278.8541441516336,12.583963754260537,47.99339097181811,74.38590073987862,92.85526228669404,93.18995121685836,95.24939958239928,103.45810105680711,2023,p50
At most primary school,34,130,47764,88.5860262689016,1352.715071322893,35.295829495017166,75.80869832230691,53.985707506350664,108.93114942989526,110.05581007740226,121.33501105559526,130.496810879261,2023,p50
At most primary school,35,137,49575,92.63641986004504,1301.228764498235,12.584972264246092,102.58348461926374,61.815229450327784,100.3680938801581,102.5997295000085,122.89229566831438,124.25931745651971,2023,p50
At most primary school,36,114,38373,69.33305953009715,1386.5625287745722,37.109347718447864,405.5117421972046,338.42059086684213,117.60025178672394,122.54722784179343,333.7531156986525,361.9157374211372,2023,p50
At most primary school,37,132,43842,98.1726010874102,1159.2897373903259,6.433328771497651,28.6926710308228,59.963581345133285,91.95192944351994,92.41016762473394,91.92096190997972,100.74505602870255,2023,p50
At most primary school,38,148,55935,96.74083958352072,1196.607610023539,32.78162152498436,82.732591400733,23.471291081910554,90.392981593895,93.43294156642291,94.92690901077194,102.69884712379196,2023,p50
At most primary school,39,138,51805,93.21610796621174,1216.7054563587812,49.57648875591159,75.48579609432808,19.792169353022555,96.55989564021291,108.37705239023535,119.67041975520577,119.55154784134008,2023,p50
At most primary school,40,163,59593,109.47609008350092,1139.804826070176,17.265282835232327,99.82328041884114,167.90551462979434,82.64419703224358,83.5676560143012,92.52502982458337,121.01562782247778,2023,p50
At most primary school,41,97,37093,58.66735337656387,1085.7135847734073,0,146.40453275101322,87.2309779922537,126.694659001141,126.694659001141,155.55404948327913,156.17892940474542,2023,p50
At most primary school,42,142,49533,92.81840133276178,1251.6636282882118,20.41980094078695,21.11748733167787,36.52649075700375,98.86922270410079,99.45881451096014,100.59637504700952,107.00222313370222,2023,p50
At most primary school,43,119,43720,71.61494488525054,1312.3414493748094,4.3496797804208605,18.763132814882585,198.98048185422383,118.34100895211594,118.06608498894539,117.84355078627038,158.37370135254898,2023,p50
At most primary school,44,87,28725,59.733428578564464,1202.578021467943,6.266318537859008,11.967203365245142,101.6575572961996,115.22791002285989,115.71541014183674,115.2983645606737,121.50926282486772,2023,p50
At most primary school,45,89,35273,64.57044828858419,1229.2740292386056,13.033198196921157,41.64025364065055,110.89785388257307,106.83512028662503,107.31634164223725,107.83721758054905,124.18204916077985,2023,p50
At most primary school,46,91,35451,56.765753383263984,1164.707591699341,30.82903162111083,40.936339360431774,162.14029693567647,131.25721244486624,131.87814215183803,132.73787027240493,145.0147037259683,2023,p50
At most primary school,47,96,34306,64.83584231001923,1045.6762714005324,7.140150411006821,58.79972405215803,70.46357294156513,109.06559702371038,110.36049147539936,110.43567632852502,119.43499592373684,2023,p50
At most primary school,48,87,28697,62.83246670657034,1044.3936183805508,14.281632226365126,43.29459525385929,296.6605103901685,106.17329679700877,108.86308585575729,107.049143468347,148.81029591798358,2023,p50
At most primary school,49,90,35209,52.854837079190865,1319.3800259403372,7.483313925416796,163.7750054436839,72.01018678936256,131.05785404548743,131.55288870803776,153.11994597644463,156.93777518271966,2023,p50
At most primary school,50,102,31080,69.55460319878777,1076.938492063492,7.553410553410553,42.313652938652936,99.13958601458602,92.01877870362406,92.87128753104393,97.42771125112598,105.19557645832303,2023,p50
At most primary school,51,58,21674,40.60072077684456,894.9515548583556,27.298145243148472,372.17868952047,107.0560733290271,111.52039255482427,117.89875522802879,546.499717011504,549.8002783201007,2023,p50
At most primary school,52,112,38636,81.45443520927553,947.834610208096,2.5059529972046795,29.095424819684574,205.35217586361597,109.12293437161614,109.18112119760903,109.98650344914626,139.69072734224446,2023,p50
At most primary school,53,98,36234,59.53089787223623,1020.3033844823462,2.7156814042059945,89.88168340968889,104.66331806222516,93.21245639349262,93.74767333124976,109.00192575576618,143.6185000754754,2023,p50
At most primary school,54,55,15715,43.40089852208161,841.1797009226854,65.70792236716512,37.85077951002227,74.15017499204582,116.36438414819744,129.34671369987004,131.6749822136657,133.80549055864125,2023,p50
At most primary school,55,64,22793,40.727653547087314,1076.8377425817869,33.51467555828544,69.79116395384548,223.02753769432138,114.53238055929921,121.70750246531443,129.88691209735705,211.77590985475067,2023,p50
At most primary school,56,48,16732,31.507939226868785,977.6871862299785,0,15.659116264244163,105.86401306877042,90.78876739145147,90.78876739145147,89.09284057917212,115.1287228395056,2023,p50
At most primary school,57,57,18771,42.34391399082748,923.4095146768952,15.182995045548985,92.26732726013532,70.60621881270754,121.7893675918334,125.50857675998543,138.39082407180695,139.73652979909352,2023,p50
At most primary school,58,52,20026,38.238466360141594,864.9207530210726,33.51043643263757,42.719048570192086,166.7865108692034,122.03359068566317,126.4794005727384,126.15586183487338,136.46576499415448,2023,p50
At most primary school,59,57,19555,36.64773334419482,744.5813858348248,62.2577345947328,83.3594136197051,67.44055228841728,113.29424953852943,125.96283989653914,136.53541478037369,142.35662083389155,2023,p50
At most primary school,60,62,20933,43.53881999287983,969.9955413302761,24.066784502937946,101.11133935253746,30.82851637764933,125.25438809156711,135.8014582083613,142.2951290794561,141.96719830750322,2023,p50
Secondary school or above,14,14,5270,10.117123437874525,254.35863377609107,72.75142314990512,0,0,146.201902083734,180.54008641842856,180.54008641842856,180.54008641842856,2023,p50
Secondary school or above,15,35,12039,20.51211550270615,254.001162887283,12.554198853725392,1.4652379765761276,77.66425782872332,87.82011624002826,94.28370200112111,94.6759779900049,176.6315990898024,2023,p50
Secondary school or above,16,49,19861,30.858550002382103,495.4113757279761,14.560696843059262,0,0,116.14538279093748,119.67875466594772,119.67875466594772,119.67875466594772,2023,p50
Secondary school or above,17,59,18601,38.26702091597169,731.0330089780119,122.5966345895382,46.038295432145226,0,99.401993134584,137.78863954883016,151.26197301293615,151.26197301293615,2023,p50
Secondary school or above,18,73,27086,49.99347159348615,792.1224987078195,61.641253784242785,15.487582761081985,26.643530483152432,108.17121755706259,115.23285326009982,115.8744602124657,122.094682924238,2023,p50
Secondary school or above,19,71,23781,48.61146889532282,955.4828084044686,62.81485219292713,28.26205794541861,3.801354022118498,112.51983526006941,127.52951607618617,125.44109839915517,125.09152553054093,2023,p50
Secondary school or above,20,95,31762,59.41251620582848,1108.9200669563209,75.8055223222719,42.217639527317765,66.76741598975715,108.83095810624003,124.88375199009012,129.72936744769865,163.45617120380038,2023,p50
Secondary school or above,21,66,20482,47.12594378304055,840.6137177358983,44.589883800410114,5.872392019008561,33.43260749275787,105.02692882170352,125.46895403757333,125.53955639876651,127.53167726390258,2023,p50
Secondary school or above,22,91,29813,63.2578848436931,1196.5423081653419,9.13259316405595,19.29164011225528,73.20631939086975,104.30451178021156,105.22562551062002,103.90530070097567,124.90448771098262,2023,p50
Secondary school or above,23,80,25662,52.7522113387998,1265.0884446522746,126.51508066401684,27.506624581092666,42.43891097082587,136.84121814066108,143.6746027265992,146.86964463618543,167.91540713119232,2023,p50
Secondary school or above,24,69,27507,40.40134463073328,1171.2542261969681,20.491693023593996,134.4151791665152,22.044691654245586,119.73115866097179,128.61182989063462,157.2275261146904,160.79328555447404,2023,p50
Secondary school or above,25,63,23215,42.904436294379,1229.2061167348697,61.34973077751454,271.45171943427385,16.879646780099073,138.1028329062814,147.80863522960468,298.5590198812417,298.6535537747624,2023,p50
Secondary school or above,26,66,23560,41.955460848727306,1083.6095783814376,5.893887945670628,4.519489247311828,117.03027730616863,115.19378276123199,116.14435046800456,116.43596439642704,132.60384881746907,2023,p50
Secondary school or above,27,78,27995,56.627836368304045,1490.7665654581176,121.93570280407215,103.75431624694886,111.5816157647199,139.51067821313836,171.74526292566895,170.24127271419994,165.2930465677276,2023,p50
Secondary school or above,28,83,30623,48.64535758483827,1421.536307132983,14.076021291186363,27.065277732423343,177.03939304879776,170.20256818439574,171.30530992114998,169.86788006101438,169.90962150172317,2023,p50
Secondary school or above,29,61,20814,41.57345556238601,1470.2045177925113,24.544056884789086,25.936068671727366,46.36302488709522,142.86866849589694,144.29537622033945,148.46061435489617,145.607413766667,2023,p50
Secondary school or above,30,88,29544,55.90924240219238,1492.4737228089177,9.73747630652586,61.64026536691037,72.6871784457081,130.46614484976195,131.1446616700358,136.05116061153558,136.5803438114756,2023,p50
Secondary school or above,31,42,13359,30.6073435858104,1486.2074756094519,23.9306834343888,143.25579509444322,103.21381340918731,200.20990344137545,204.92697652482843,254.329715546498,286.95637427354205,2023,p50
Secondary school or above,32,45,15207,29.99962366341161,1601.0585475986934,4.732031301374367,94.70638521733412,93.0930930930931,211.11276296802768,210.7929720764444,206.869549846646,193.6953729732583,2023,p50
Secondary school or above,33,58,22898,38.48445166755944,1503.5351267941887,22.47445191719801,99.26405508486914,59.04533146999738,165.89690462418798,169.7555968285223,161.5187879795424,165.36324437311595,2023,p50
Secondary school or above,34,64,22657,36.80022155850414,1781.0183901958187,60.067528799046656,39.99757249415192,262.2832090156096,177.7528054950371,177.5065347729711,176.8440069425087,231.9202408848897,2023,p50
Secondary school or above,35,53,21479,31.14003542700694,2037.7793038161303,3.7674007169793753,300.2523782919751,143.56487732203547,182.70920500457592,181.92534690113044,249.2200637662647,306.675984657142,2023,p50
Secondary school or above,36,49,13998,36.04932294374588,1420.908415487927,109.53171881697385,20.313973424774968,63.299518978901745,173.792087825143,194.67293998428332,192.47218293286562,194.42216165990683,2023,p50
Secondary school or above,37,18,5086,12.750046332624871,1508.3570258225193,54.41604404246952,18.10853322847031,0,363.3680192981828,358.7256289041099,367.54538564294154,367.54538564294154,2023,p50
Secondary school or above,38,24,7497,15.231358898236762,1067.001467253568,21.10844337735094,323.83097683517855,55.49775465741852,271.85312698355114,286.7100535798031,450.3380187008527,466.2876151713614,2023,p50
Secondary school or above,39,24,7973,13.415474384837447,2202.9836113549895,11.333249717797568,19.681424808729464,81.08825619800159,294.25166947301136,295.80294489657047,290.92134686494563,293.983528483527,2023,p50
Secondary school or above,40,47,19676,29.445246038891806,1764.3641153350954,25.243952022768855,371.7193535271397,129.8832757335502,212.26900532179715,216.19685198055652,379.24394425523764,386.1319704382433,2023,p50
Secondary school or above,41,18,7887,10.155686658720152,2296.7520392206584,111.38582477494612,55.40763281349055,351.5151515151515,395.8470590191137,392.68594847155276,411.4145747688489,504.43883663389624,2023,p50
Secondary school or above,42,37,15208,22.887318360203388,1680.6238383307032,31.75960021041557,89.25138085218306,104.32699894792215,170.09672503193963,182.07440395187146,190.3731118281828,206.9759514005026,2023,p50
Secondary school or above,43,22,9612,9.676773575933789,1251.360278818144,20.70328755722014,127.77430989041477,9.772506588985989,369.1763710683424,379.56202235780796,406.46466495114436,407.9184930343908,2023,p50
Secondary school or above,44,6,2954,3.887534749447573,2100.5839539607314,0,0,0,400.0579706937038,400.0579706937038,400.0579706937038,400.0579706937038,2023,p50
Secondary school or above,45,15,5536,9.854981047183317,883.8851156069364,0,144.6576950867052,52.6246387283237,312.9665167463058,312.9665167463058,369.42541984774437,360.9145613414491,2023,p50
Secondary school or above,46,13,4252,9.166357733008311,1434.2078237692067,0,659.47789275635,0,334.9683568604462,334.9683568604462,594.2766025601048,594.2766025601048,2023,p50
Secondary school or above,47,15,6721,8.863346386140858,1493.6646332391012,14.122898378217528,55.78286961265685,120.81535485790805,282.7053224533098,286.90201037451226,286.603476417476,365.2225597211738,2023,p50
Secondary school or above,48,13,5040,10.006760046705777,1445.9887566137568,0,0,0,266.1230922467231,266.1230922467231,266.1230922467231,266.1230922467231,2023,p50
Secondary school or above,49,9,2316,7.335448508254652,1123.071387449626,0,132.55613126079447,353.8428324697755,327.0930741173756,327.0930741173756,333.72839882853776,696.934724009643,2023,p50
Secondary school or above,50,6,2027,3.6327160521115616,2045.6832757770103,0,0,0,824.6585317675916,824.6585317675916,824.6585317675916,824.6585317675916,2023,p50
Secondary school or above,51,13,4373,8.548434019524969,1369.830017531824,0,0,424.5140635719186,303.53377088608636,303.53377088608636,303.53377088608636,315.8661444959191,2023,p50
Secondary school or above,52,9,2799,7.0939552344896715,1156.5880671668453,0,213.68345837799214,117.47052518756699,390.2417203245592,390.2417203245592,361.77351989951677,412.519346982565,2023,p50
Secondary school or above,53,9,4706,3.9954947380879013,1119.1372715682107,0,0,48.25046040515654,333.0604343656047,333.0604343656047,333.0604343656047,398.6632801991196,2023,p50
Secondary school or above,54,2,793,1.9923928712871286,1436.3366960907945,0,0,0,343.153224423658,343.153224423658,343.153224423658,343.153224423658,2023,p50
Secondary school or above,55,4,1490,3.2366559560534403,1638.993288590604,0,42.5503355704698,0,996.0406302675235,996.0406302675235,973.6276716628574,973.6276716628574,2023,p50
Secondary school or above,56,8,3940,4.9508442867685565,1352.9225888324872,0,205.1776649746193,136.62436548223351,451.129104762072,451.129104762072,532.5050270582348,621.4254995823029,2023,p50
Secondary school or above,57,3,2203,1.9001900891324222,473.93554244212436,0,0,0,377.94439234503153,377.94439234503153,377.94439234503153,377.94439234503153,2023,p50
Secondary school or above,58,5,2473,3.2812257391267026,713.9911039223615,0,0,0,189.7707293821016,189.7707293821016,189.7707293821016,189.7707293821016,2023,p50
Secondary school or above,59,5,1404,3.2519301579760067,435.8974358974359,0,0,142.687559354226,236.67995183487085,236.67995183487085,236.67995183487085,236.11416595772215,2023,p50
Secondary school or above,60,8,2039,6.420039068230425,1411.5252574791564,0,350.6620892594409,520.2550269740069,445.7490653498239,445.7490653498239,617.6936901196124,875.0450332559008,2023,p50
