education,age,n,weights_total,n_eff,avg_labor_income,avg_add_labor_income,avg_no_labor_income,avg_remittances,se_y1,se_y2,se_y3,se_y4,year,sample
At most primary school,14,76,77387,60.124204117630306,747.6664685283058,9.17867342060036,17.92333768376256,0,127.073685972753,127.1582786489625,127.48603880192546,127.48603880192546,2022,general
At most primary school,15,60,60699,50.31567264211113,773.7293036129096,80.84251799864907,3.5997298143297254,0,241.59346386782843,250.42509911209916,250.23127663169944,250.23127663169944,2022,general
At most primary school,16,51,57513,38.41431613736359,939.164432389199,22.455792603411403,2.699389703197538,0,149.26751554288074,152.05717770706244,151.61940460619036,151.61940460619036,2022,general
At most primary school,17,46,50285,36.02033081143086,1064.510655927878,16.671174306453217,31.575022372476887,42.31878293725763,253.34913509238976,256.23323691848844,260.46774162037576,271.9643851158461,2022,general
At most primary school,18,53,55186,44.46231434414182,1728.7548472438662,64.43971297068097,52.89838002391911,111.37607364186569,372.3098269229448,376.4408402901535,372.94258808829113,390.17923582038406,2022,general
At most primary school,19,51,53677,41.25974467111574,1045.9405331892617,22.238388881643907,9.130229583123747,63.873726176947294,171.14500068355468,175.88736600209657,175.85918299714356,180.452159008427,2022,general
At most primary school,20,72,77408,53.50800675372662,1491.8286266708005,25.85908433236875,7.251349989665151,0,273.1854111258912,272.9017159194829,274.8283302869868,274.8283302869868,2022,general
At most primary school,21,45,46946,34.77687035469197,2069.9747795339326,79.59655774719891,41.78201905735668,0,453.95980457631924,465.8816575194179,465.21851811090954,465.21851811090954,2022,general
At most primary school,22,73,65909,56.412774821450625,1592.8728372958674,51.31165698159584,13.454725454793731,19.25381966044091,181.44482461967664,184.17579949912306,183.9816142080363,184.98498223212562,2022,general
At most primary school,23,60,68690,50.33626275450168,2137.3325326345416,55.11937691075848,39.741107390692484,0,457.04177804502865,455.94332644987827,456.53937850409653,456.53937850409653,2022,general
At most primary school,24,49,50304,33.272368861702894,1682.174787293257,3.1712189885496183,18.97595949957591,6.825500954198473,235.37802104935966,235.67343358926286,235.87563515296588,235.39747649961356,2022,general
At most primary school,25,65,70251,50.93300211008761,1773.5487324023857,80.73621727804587,5.103486071372649,5.893154545842764,340.43011044902585,346.57045328504694,346.1281336972243,346.68608772675674,2022,general
At most primary school,26,51,56105,42.486015813371,1384.985042925467,33.63693075483469,9.982918931764845,14.437215934408698,174.00893030388164,177.55428986761717,179.06860847930378,183.98435687900363,2022,general
At most primary school,27,56,56175,42.71863002211977,2244.982141106661,36.36564307966177,90.32487761459724,0,403.92996430729744,403.54791108353083,411.0270775186216,411.0270775186216,2022,general
At most primary school,28,72,70368,52.570802191565114,2222.0032306351372,29.767081628012733,69.59703511065636,77.91515082613309,362.71313678451287,361.81536740489526,362.5041073391423,358.8468616016184,2022,general
At most primary school,29,60,69345,48.4306797515629,2014.797654240873,73.6102098204629,60.566731559593336,30.22568317831134,476.50969799584317,479.05065260113827,478.32861374255424,476.5969718281933,2022,general
At most primary school,30,93,82039,69.61368991613824,2604.326417923183,33.35121100939797,29.337576234067534,78.74059898341032,419.6853758043528,419.3776508564365,418.2342138020421,417.38772477508894,2022,general
At most primary school,31,65,57402,52.03624229111039,2606.231310175023,21.66161457788927,106.88239318026086,66.54994599491307,375.93609725221444,376.7297265462711,382.75958160630086,383.7204213020601,2022,general
At most primary school,32,89,87218,59.89765484498844,2070.0086564699945,15.893508220780115,22.16182917134842,126.6278061867963,256.219512583194,256.07708362567666,256.1742884481665,277.97248987065876,2022,general
At most primary school,33,88,84246,67.42103270980762,2349.425313961494,27.001519359969613,146.85395547958757,26.411540805102522,315.9343635736267,314.64610384429005,329.6373295772313,327.9595916631346,2022,general
At most primary school,34,84,86233,62.589392866171515,2418.140180286742,26.247492259343872,172.37044789504407,44.69750559530574,249.49014186416804,249.173890673941,263.02570133152403,263.5676907225283,2022,general
At most primary school,35,79,83510,50.77572494135388,2264.2757434239415,1.0777152436833912,37.40128627310102,44.74434199497066,306.1895324136465,306.30525641995615,309.55659906401667,311.00659210914495,2022,general
At most primary school,36,79,74416,48.83601487456891,2202.386072887551,23.458664803268114,56.00822851716477,39.01289149286892,236.72808452857083,241.48500947972764,241.58303788470946,246.18416714017127,2022,general
At most primary school,37,71,73341,53.201788386027516,1964.3950859682852,86.54913349967958,47.10393913363603,279.2836203487817,296.8332058191826,297.1410658750801,296.6445819023468,366.5745831640323,2022,general
At most primary school,38,108,101201,83.69951434035146,2529.2253031755286,14.19570952856197,20.976653722130546,123.43306884319325,365.6715869666371,365.97078085336256,366.2421502462468,375.60195565920696,2022,general
At most primary school,39,69,63533,55.943097091708594,2087.3138369036565,74.27022177451089,33.0308658492437,50.90268049674972,275.87188498250435,281.05907048514035,283.1725163653565,279.15226034370875,2022,general
At most primary school,40,125,120327,88.96404979324562,2792.8566046412416,30.11610029336724,65.47931193054481,72.03321504455913,318.97022738171967,317.82173730788094,320.9789955045698,322.1599076244505,2022,general
At most primary school,41,61,55339,35.22915787228514,2277.509614918954,77.63060409476138,30.826737623255447,213.71425817837934,385.04879596639364,386.1078757593757,383.996331952695,503.76595340839896,2022,general
At most primary school,42,96,95383,74.16432848668242,2316.149322206263,13.957413794911043,67.73206441399411,205.71485484834824,242.74923599225397,242.21261315174596,241.41125954624545,282.10424572144467,2022,general
At most primary school,43,86,85788,61.19104766568469,2576.2253675727766,35.157597799226,18.315181027649555,31.389005455308435,306.4046177696738,307.5257423114754,306.1885318628188,307.14543798904145,2022,general
At most primary school,44,75,67704,45.493389827665624,2618.21974329434,32.455984875339716,123.9202385875773,220.87321280869668,317.2400027441986,316.10329892394753,360.5826568203784,376.9342558870358,2022,general
At most primary school,45,84,71156,67.92653049725237,2453.5209328798696,14.031142841081568,87.3079922986115,29.302752637397642,279.95082409200813,280.51967264698914,286.3757446086686,285.7018469966065,2022,general
At most primary school,46,81,77803,56.697980939522694,2958.020029219096,22.01007673225968,130.7682865699266,21.315373443183425,509.5507646648273,509.0636548759616,512.6252984934932,511.10833690640976,2022,general
At most primary school,47,73,72336,53.43352109334046,2601.3724977881,30.834162795841628,607.8985682555482,94.24767750497678,391.32471538472066,391.4818945268178,769.1813720592935,767.6598800117114,2022,general
At most primary school,48,84,74357,69.42288843439553,2672.64662735183,30.974218970641633,59.93069471154924,114.82846268676789,440.1974463501394,439.9824427625037,439.34492042739595,441.4564475184982,2022,general
At most primary school,49,65,60876,50.39987348784904,3851.2909028188446,23.315428083316906,915.3481393871696,297.05329960356573,854.1362099361925,853.2582646161766,1411.7152895788345,1439.0397670704574,2022,general
At most primary school,50,97,94922,67.2583905610046,3021.4526207482636,13.515096605634099,134.18371575258283,66.77596693425478,442.69902390385386,442.1891374986731,469.4707252640829,473.85244953211475,2022,general
At most primary school,51,56,45715,41.56469579712647,2467.1082431003683,23.211199825002733,72.45831054723104,0,350.58696140293915,352.4182725382603,362.6561376608524,362.6561376608524,2022,general
At most primary school,52,94,79635,70.13300434461384,2377.779703229317,0,40.38707854586551,60.412507063477115,305.13252643604346,305.13252643604346,307.689434585744,308.6722085171812,2022,general
At most primary school,53,62,56793,45.87653434242669,3531.632501658068,0,29.512596916286633,97.05186672066394,816.3847733063881,816.3847733063881,816.6652131889363,815.857346654538,2022,general
At most primary school,54,52,44022,42.14695729446813,3174.597583783866,9.170414792603697,82.51703693607742,32.98350824587706,932.0719313193939,931.5105852655374,929.3116551870182,928.1727410215385,2022,general
At most primary school,55,72,60363,56.64160533587917,2364.359696061053,22.417706210758247,57.506005334393585,80.35882908404155,559.8254539896939,559.4213801249299,600.6638933711791,606.1423653765345,2022,general
At most primary school,56,55,59795,29.15987322218431,3277.7057818100734,0,107.69908019065139,0,647.8227798084529,647.8227798084529,640.6306879178882,640.6306879178882,2022,general
At most primary school,57,55,50063,42.834736046375674,2726.9975614059617,24.310169186824602,97.51366611402966,212.4399922763984,833.0469031062452,832.6557711447822,830.5779270222106,873.5041543068543,2022,general
At most primary school,58,45,43946,35.31658984889133,2004.0126282255494,65.5012970463751,30.093941048862998,172.73183755821537,337.9152634460732,384.61008933915843,382.8729273068157,384.0580831993835,2022,general
At most primary school,59,55,42091,39.50361064074924,2237.738788181163,23.48720629113112,120.15477378378591,72.43111353971157,353.82348289362824,353.7108989385236,399.9340349644633,398.69385188622397,2022,general
At most primary school,60,68,59533,53.96023955924495,3088.3838571324586,13.787311239144676,41.186190852132434,43.916259329559516,496.55688368913366,495.19437061066014,492.54360976018205,495.19515522678057,2022,general
Secondary school or above,14,32,32819,22.366280218028955,672.9734032115543,11.580486913068649,7.448429263536367,288.19129162984854,166.74660265820816,166.04636922930268,164.99237913154775,224.36574617256977,2022,general
Secondary school or above,15,45,40459,34.27217342830987,608.3122719296077,6.001136953459057,16.986331842111767,0,143.97836368411402,145.6691942155372,145.54213295551776,145.54213295551776,2022,general
Secondary school or above,16,55,53897,39.519166013191864,1507.5131732749503,16.404623633968495,4.56775578108862,93.4467595599013,466.03912590855487,465.4747945374593,465.9231823133615,482.9538841928774,2022,general
Secondary school or above,17,66,57877,54.393289189819974,906.869337848656,85.92877999896332,17.19163052680685,6.325483352627123,124.20596797218198,139.5363313293493,145.58353132461212,145.58503474119195,2022,general
Secondary school or above,18,107,89641,82.1560420889166,1324.273258999788,12.440735824009103,22.614093997166474,6.148972010575518,147.06360152958987,148.079395096527,150.38943056492494,151.55723014208687,2022,general
Secondary school or above,19,136,113410,103.5149359835829,2166.4566543220762,25.39671986597302,14.54861417276548,100.14839961202716,227.3042077282812,228.61543745672793,229.6490579902633,245.35705281357096,2022,general
Secondary school or above,20,143,111428,110.0981216387736,2440.3434983427264,62.11921599597947,9.175177394072106,53.89309688767635,270.70524542555984,276.2024109995311,277.288136865679,278.83404319107683,2022,general
Secondary school or above,21,129,108014,93.6915829815001,2387.3150963455355,53.07219434517748,54.70741447096364,19.525246727276095,222.77158957120156,224.67377071553295,225.98729748845662,228.12046484164057,2022,general
Secondary school or above,22,202,160829,145.32405409475368,2524.446941575628,54.05695490241188,42.97110595725895,80.48019946651412,165.65484782458793,169.64441026159065,174.1353004006762,194.463929555235,2022,general
Secondary school or above,23,156,118476,107.7227283897766,2843.7496756305072,46.72507512069955,75.46619849871142,35.94398865593031,178.52332151528563,181.73677449085798,192.02224779257045,193.33722001797076,2022,general
Secondary school or above,24,133,105684,97.30446205082475,3236.6526516155077,23.45596305968737,141.13563390232517,18.54206880890201,299.2600191110531,298.6354316518963,312.3178325759668,317.43329079433875,2022,general
Secondary school or above,25,160,107327,128.41235914416842,3338.03213698945,40.988940341200255,31.49393908336206,31.240973846282856,284.21937644557795,286.9457762055821,286.9098274569638,289.9338043926221,2022,general
Secondary school or above,26,139,111881,101.15878784126042,3454.9659062158307,20.64738427436294,41.086437077490075,20.709503847838327,397.2093656044345,398.56742095830646,401.8520876716172,402.89087909357585,2022,general
Secondary school or above,27,166,110691,128.4901816020458,3369.1156432471175,17.185137003008375,14.809228693690844,17.59808837213504,181.76789500104132,183.65576133986943,183.99026228473429,184.08511706642616,2022,general
Secondary school or above,28,161,119917,120.45587573384556,4026.0130804917844,24.201889640334564,181.24831480663016,220.16436368488203,356.4823250742043,357.05334559511596,393.7821631096615,408.3464125818436,2022,general
Secondary school or above,29,132,93133,100.00859204540338,3600.5909646419636,122.8481848539186,69.09393018586323,45.92249793306347,222.65801092643588,237.5025415183073,235.42733495770094,237.99066176473198,2022,general
Secondary school or above,30,149,106441,105.39528834860427,3416.4176194636775,95.95156001916554,74.10000219213775,95.39369228023037,276.0768410832678,286.6130511857741,297.612543218072,308.77550110501954,2022,general
Secondary school or above,31,132,105107,91.18269907168634,3952.154030337339,33.892604679041355,38.17720671950171,110.31028697739764,369.8307813630806,368.7243822085123,369.845368825559,408.8967959737122,2022,general
Secondary school or above,32,138,96853,105.13733644330362,4015.772329922667,16.77439005503185,34.04076916392196,113.89115463640775,261.6165062187457,261.50392726509807,263.48468545203525,272.1391386029488,2022,general
Secondary school or above,33,138,94561,104.42575586867564,4889.685793826207,16.974757035141337,95.68345653423012,61.73898330178403,524.4359319831357,524.6144074324318,527.6254463943762,530.2825829606488,2022,general
Secondary school or above,34,95,63307,62.47530484405345,5810.877433248562,84.99218095945156,153.58491162114774,2.6316205158987156,924.0674818871514,937.4102286588416,959.381005990215,959.2375069612897,2022,general
Secondary school or above,35,120,91491,72.4944464204566,4738.963157031839,0.7864161502224263,53.06678616840273,28.95978839448689,570.8007367403166,570.7826805130688,573.928206649588,577.2865970770581,2022,general
Secondary school or above,36,118,81875,87.66037833234034,4394.371106361323,22.78412213740458,76.80183206106871,29.64812213740458,406.7883577531954,406.78786011894533,418.892511507607,420.15147841850154,2022,general
Secondary school or above,37,89,65576,64.61004164888726,5408.773379996747,154.12849213126754,170.6467813427677,92.85816457240453,869.8503299508201,971.263103328604,997.5633097522756,996.6673985149055,2022,general
Secondary school or above,38,121,85913,83.92483241312759,5744.017537120886,33.958190262242034,654.1487706555857,90.25409425814486,933.4124365175591,933.5312295770881,1029.5685659275186,1027.3701000319268,2022,general
Secondary school or above,39,81,55901,64.63770489243137,4650.802803587294,42.674370762598166,34.605821004990965,246.34800808572297,501.31346320657445,500.9027268272054,500.50051927154436,568.7256524805949,2022,general
Secondary school or above,40,112,71376,87.75019710723367,7211.169347306284,52.248655010087425,532.8272108271688,64.70746469401479,1210.344125387705,1209.6238652136149,1381.6689348122795,1380.8396469619581,2022,general
Secondary school or above,41,77,52232,57.156337094492024,4452.380433450759,17.481620462551692,59.52927962424056,69.37611681217135,518.2293862155752,519.1743599086766,521.4871696326701,525.064062687053,2022,general
Secondary school or above,42,103,62823,80.34381222581202,4870.809788347155,57.95648090667431,97.13507261141089,113.6208076659822,670.9084381187804,673.5625400073814,668.5789170403789,688.907508094572,2022,general
Secondary school or above,43,95,60295,72.19934169376427,4982.60817646571,61.20739696492247,318.4016778616248,115.70208972551622,789.9952927410918,831.0819697396814,840.8472938031653,845.9165568620642,2022,general
Secondary school or above,44,67,45888,50.739673926689285,5007.966973936541,67.29297419804742,2.058147010111576,629.5981520223152,677.5260828118662,676.495134372057,676.454886375474,834.8352686321247,2022,general
Secondary school or above,45,61,43478,42.065325658067195,5490.349180428416,0,185.77748133155464,359.98205989235936,855.4282940196242,855.4282940196242,870.4927857608822,897.9235936467339,2022,general
Secondary school or above,46,65,41883,42.32063454642137,4514.536486561771,9.913329990688347,158.5181736424484,32.19205883055177,568.8075917629661,568.2248110120887,566.338388183265,564.9777789781077,2022,general
Secondary school or above,47,52,33357,34.984664202677415,5233.690429794845,19.294301046257157,287.4639006305523,9.389333573163054,794.4340616313483,797.8868984361253,818.8022126431306,817.8754177027192,2022,general
Secondary school or above,48,70,49569,54.50439985108418,4078.290776493373,14.422320401864068,89.92851715117648,40.970969759325385,468.84290699943915,468.71395700320403,475.63849148453556,490.4822537985941,2022,general
Secondary school or above,49,57,36965,43.23378680659567,4800.649019342622,4.628702826998512,138.92510933766172,10.128499932368456,693.726573068896,693.2689052378427,722.4776299203606,721.6309278957324,2022,general
Secondary school or above,50,58,41687,43.232149826821974,4201.232518530956,159.54374265358504,53.18524560014712,30.009955141890757,396.666591970567,430.6567288481844,433.7190317988694,432.0479764897575,2022,general
Secondary school or above,51,49,35507,21.993733110295512,5893.106861557815,2.3995268538598022,46.14822429380122,31.900751964401387,1110.0692341673034,1109.756593848462,1108.2885959530165,1109.1766440511562,2022,general
Secondary school or above,52,47,32296,39.664009854325315,5863.1988378333745,30.013004706465196,173.85296682767734,159.74424077285113,1085.952480985765,1087.0217232581272,1181.8928585226645,1192.2062423086736,2022,general
Secondary school or above,53,43,33285,16.344923444767627,5228.779480246357,29.92579239897852,32.765509989484755,87.81733513594712,2078.089166560674,2075.9978418592436,2074.4040474074327,2064.4889622499677,2022,general
Secondary school or above,54,31,18152,27.56370564770735,5021.625716174526,0,308.67489349199354,127.20912296165712,700.1645425681176,700.1645425681176,700.5118937794512,733.3780760168169,2022,general
Secondary school or above,55,37,23505,31.110778659420767,5829.8923633269515,117.1495426504999,421.0247465078353,44.322484577749414,1074.344366589331,1078.2569717369415,1242.3339458578037,1239.237396415685,2022,general
Secondary school or above,56,41,26019,34.171258338094425,6586.603232253353,81.4366424535916,654.5507769962976,226.257734732311,1178.929506234987,1189.3086314569387,1331.997205279019,1393.3989556372521,2022,general
Secondary school or above,57,41,31683,16.939114008285685,5790.064082736273,0,71.85767341055667,188.35232353838543,1316.931594950058,1316.931594950058,1344.022648968287,1321.3296064396498,2022,general
Secondary school or above,58,43,29661,32.25754829997911,6217.927143386939,32.404504231145275,240.21835631525124,0,921.2912278344725,922.0522094262778,951.5410326721786,951.5410326721786,2022,general
Secondary school or above,59,22,11799,18.14751605807303,4720.631974461112,0,407.58256349408146,0,1220.3727331160928,1220.3727331160928,1276.9150004887351,1276.9150004887351,2022,general
Secondary school or above,60,38,22807,30.902881542209055,7068.0110273161745,30.60463892664533,675.266058666199,53.075810058315426,1378.5005574229738,1403.6991764076054,1470.9093245476254,1467.6562299017985,2022,general
At most primary school,14,45,48995,35.553210834014116,862.4632105316869,0,0,0,194.17221424916585,194.17221424916585,194.17221424916585,194.17221424916585,2022,males
At most primary school,15,48,47935,40.745519222021905,808.7448628350892,63.065818295608636,4.558255971628246,0,298.9451040420796,307.02064829850406,306.7656266176237,306.7656266176237,2022,males
At most primary school,16,43,46111,33.86534576127294,981.7888139489493,28.00850122530416,3.36687558283273,0,170.31927299772627,173.56509049105608,172.99172321339876,172.99172321339876,2022,males
At most primary school,17,28,33901,21.769481851131562,1319.0480615124432,24.728179109760774,46.262155491971725,62.77100970472848,377.01613623471303,381.05277214847115,386.6281154455402,403.7979264043197,2022,males
At most primary school,18,40,40949,34.49321162886657,2056.851205157635,19.461281105765707,71.28989718918655,150.09890351412733,476.1410904539811,475.68482387347103,469.517973756957,490.4838274053367,2022,males
At most primary school,19,35,36900,28.127502918289625,1189.3131436314363,16.281842818428185,12.522583559168924,0,237.07969040430118,243.6278085744588,243.32703148005095,243.32703148005095,2022,males
At most primary school,20,47,50777,38.59484503667463,1758.7339477847584,32.481241506981505,4.970262126553361,0,342.45855965199837,341.45805018492564,344.493311377599,344.493311377599,2022,males
At most primary school,21,26,26970,19.448086043115886,3078.3843529847977,104.23581757508343,69.55871956494872,0,706.6914518318796,723.6719915438011,716.3744642277868,716.3744642277868,2022,males
At most primary school,22,45,38592,35.98826506228936,1986.5772914939191,80.19537728026533,16.69484608208955,32.882462686567166,253.48545864020215,255.59011619503855,255.28111133910565,255.64933040675928,2022,males
At most primary school,23,38,44516,31.691098720374306,2618.1286878126216,42.75990655045377,58.42618384401114,0,659.3772010963227,658.1515859763936,658.0053590045537,658.0053590045537,2022,males
At most primary school,24,35,32252,27.665553545916737,1832.485597792385,4.946204886518665,25.820879325313157,0,231.21140505029464,231.65772156217795,231.74069974064216,231.74069974064216,2022,males
At most primary school,25,42,48945,34.2635902575166,2118.6188579017266,88.95699254264991,7.325058739401369,0,472.17356305736547,479.867312164744,479.01607387668383,479.01607387668383,2022,males
At most primary school,26,27,28199,23.293247469934116,1685.5980117498257,0,1.6005886733572112,0,251.03501139315003,251.03501139315003,250.62498221799507,250.62498221799507,2022,males
At most primary school,27,38,40712,29.33735140047538,2486.5382633294034,50.17783454509727,124.63155826292002,0,522.0724312351717,520.6275287390595,530.124246943089,530.124246943089,2022,males
At most primary school,28,47,46911,33.90326828151465,2294.3554461284843,26.187887702244677,55.355087292959006,33.275777536185544,368.0473493585169,367.42375721477634,368.4961317651841,369.0650674910557,2022,males
At most primary school,29,30,34749,25.896726280954407,2652.1382869531017,135.655702322369,39.078342782046484,0,876.7022736988796,877.4443781451903,876.0291168339259,876.0291168339259,2022,males
At most primary school,30,54,50273,39.40170431471407,3335.035108308635,50.30732202176118,13.974698148111312,25.043263779762498,642.8670460282193,641.0889752790038,640.192184298599,637.6106669879503,2022,males
At most primary school,31,38,37632,31.236357468433724,3072.7014508928573,33.04156037414966,127.76989884495464,29.66889880952381,500.58811408083693,501.0932724106039,513.1220838293573,514.6623170621671,2022,males
At most primary school,32,51,47760,41.06293605180234,2155.188407314349,3.2600502512562812,5.122007607481854,29.690619765494137,283.63972401753074,284.0703570486522,285.42516366251886,289.64206580102274,2022,males
At most primary school,33,50,47596,36.579866640344335,3029.476286522677,20.925497941003446,48.423712076645096,0,503.1964128778784,501.66525159516954,501.9638980756203,501.9638980756203,2022,males
At most primary school,34,59,60684,42.61237354212034,2692.7335404170235,26.792894337881485,225.05575330125458,63.515918528772,266.65530615146116,267.07468901002267,279.5165276685713,278.7476928006181,2022,males
At most primary school,35,40,47634,24.37344041529544,2857.5669339827296,1.8894067262879455,21.131614672992683,0,473.9139792572206,474.0918770855225,478.4884871612857,478.4884871612857,2022,males
At most primary school,36,45,44707,25.610768141277138,2685.8852603246323,11.70957568166059,57.27831584912131,45.37991813362561,339.08954161833805,341.1842973444253,339.7649773347073,345.82024739053537,2022,males
At most primary school,37,48,47811,36.09646640700719,2524.008944942935,111.64794712513857,36.50484895386696,377.0680387358558,397.9580583546866,394.07888534073123,393.2415819962155,500.9652018988726,2022,males
At most primary school,38,67,65346,53.01285657141708,3043.9210765259795,20.32289658127506,25.764137565165935,8.569767085973128,520.0887385475014,520.1034688979138,520.263500495076,520.027736599374,2022,males
At most primary school,39,39,37778,31.799513088943176,2424.907529955706,104.6704431150405,6.8159157887306545,0,423.9305440349226,432.1409411412575,433.5777039708064,433.5777039708064,2022,males
At most primary school,40,70,70855,52.03203916958979,3159.7394208830237,3.3815538776374288,96.24750076447204,66.97127937336815,396.12872015093035,396.49464922296147,397.37022909956124,396.8959887646998,2022,males
At most primary school,41,29,28391,13.96406980343368,2459.6544531717796,144.02451481103168,10.035750766087844,0,282.3228898962307,278.03933803856097,274.88886939650087,274.88886939650087,2022,males
At most primary school,42,57,61084,43.723409828172535,2859.0395106192564,0,67.08692128871718,205.7003470630607,320.51350423336527,320.51350423336527,318.94788168317666,384.27832594657286,2022,males
At most primary school,43,56,61559,40.117350479014874,2926.518979082398,39.40934713039523,18.79842914927143,43.74340064003639,381.08925119795555,382.3345422755844,380.3815587560746,380.97351132283376,2022,males
At most primary school,44,47,45616,26.334837185961142,3164.7829745410963,35.5313924938618,133.8090436104291,36.34689582602596,419.4537156079536,416.3653865644786,500.0824846312469,496.1877840679114,2022,males
At most primary school,45,50,41880,41.14200593592979,2893.9328915950337,11.709646609360076,88.93823623049984,0,334.7539049392147,337.2279355059684,343.06602725623674,343.06602725623674,2022,males
At most primary school,46,48,44029,34.148506653492646,3960.631757856564,24.525653546526154,195.8878996419027,18.533239455813213,811.8746203724768,810.4776002441354,810.1863874344928,807.8260946857515,2022,males
At most primary school,47,44,45579,32.273486174753785,3295.3252813795825,33.65804427477566,912.0556250319958,68.22878957414599,562.2505244495648,562.2622470816392,1198.2942020195608,1196.3695705051584,2022,males
At most primary school,48,45,38742,37.91715171826594,2968.919551649373,25.918899385679623,71.68361640252611,0,758.0821726856751,758.3103313725971,758.9105783993203,758.9105783993203,2022,males
At most primary school,49,38,39421,30.00903566291733,4951.032909701259,3.1544100859947743,1397.7038465115886,402.66144102551095,1297.4586387792972,1297.1252358946156,2210.4059508609466,2247.3860409855565,2022,males
At most primary school,50,62,62335,44.69161657799755,3457.940060426192,9.343065693430656,74.90829122215983,85.58594689981551,613.5270438602402,613.1323825862428,642.3847070763701,649.2799673091696,2022,males
At most primary school,51,38,30363,30.398630763437076,2903.6208543292823,11.560122517537792,103.46825632074125,0,416.7760135281746,418.1094695356627,432.54542096826964,432.54542096826964,2022,males
At most primary school,52,56,47713,42.46363008290472,2788.728159341619,0,56.52652316978601,67.90602141973885,416.3315059549291,416.3315059549291,419.0944994748432,420.1022729253278,2022,males
At most primary school,53,39,39709,29.798967010007022,4287.334777170582,0,33.02847381366105,107.59945268494968,1175.0434547408572,1175.0434547408572,1174.9543166847498,1172.3916445135878,2022,males
At most primary school,54,26,22795,21.21994915742702,4374.417613511735,0,107.29143818088762,0,1718.6317058354095,1718.6317058354095,1712.2506305360448,1712.2506305360448,2022,males
At most primary school,55,42,36657,32.83086885198919,2776.762373716707,31.07728401123933,54.776486528266545,89.00346454974493,923.4907885520222,922.5982709834981,995.2556560194593,1001.8269951381477,2022,males
At most primary school,56,36,39282,21.25077574618247,2868.4270715170646,0,152.09478896186548,0,450.4543884165127,450.4543884165127,437.4292643317179,437.4292643317179,2022,males
At most primary school,57,37,31671,31.04277657510907,3733.9453416900847,0.9159799185374633,17.876290612863503,220.49351141422753,1189.3753549566914,1189.3753702520598,1188.5973522008665,1244.6347894953803,2022,males
At most primary school,58,23,23952,18.33306077058521,2217.5815364061455,120.17869071476287,10.764584725005566,102.74298597194388,435.2003650277936,555.5294035556182,556.6352677939768,555.6016100390934,2022,males
At most primary school,59,29,20680,20.677588281289434,2794.9437459703418,47.804642166344294,227.75392891682785,0,558.8011367491234,556.035114215653,658.9936085972281,658.9936085972281,2022,males
At most primary school,60,46,42269,37.44136987755657,3615.7569653094856,0,43.43411641313176,24.603531350792938,618.6360062866029,618.6360062866029,615.0205572629746,621.2808490349893,2022,males
Secondary school or above,14,19,18568,12.926888915118145,917.9897738043948,1.2634640241275312,1.4406505816458424,186.7729426971133,262.82370942053035,262.75775163761523,262.3632736154376,281.7008520710964,2022,males
Secondary school or above,15,29,28647,21.791174794513477,755.4196324222432,6.0878975110831846,10.568296854819003,0,198.77589301209565,201.4703505628211,199.8445594090727,199.8445594090727,2022,males
Secondary school or above,16,36,38850,27.027673862549968,1884.7519948519948,22.75830115830116,6.336894036894037,129.63963963963963,649.8950755551685,648.5515059069904,649.0680097102335,671.1547706727076,2022,males
Secondary school or above,17,42,38587,35.4224800898563,959.1043615725504,94.1327390053645,21.66532770103921,9.487651281519684,157.70652133781,179.21457852149257,190.40525078893643,190.31164822146368,2022,males
Secondary school or above,18,65,56366,50.349148963549105,1401.6924741865664,15.165170492850299,35.9640563460242,6.670688003406309,174.6930138534853,177.17249847433214,181.84271023050695,184.32382837782134,2022,males
Secondary school or above,19,82,74511,61.92419563051606,2425.113417258302,32.36501992994323,16.715764562726754,10.280361288937204,332.2534328512049,334.5131518921463,336.16465671265416,338.8414764884869,2022,males
Secondary school or above,20,93,75994,73.42919029143329,2550.9142695475957,44.93209990262389,3.0753085769929207,63.89320209490223,374.7476292777191,377.7830826883441,378.1614282389781,381.19832624609035,2022,males
Secondary school or above,21,82,73599,60.73127626316255,2391.501314555904,66.23106292205057,68.98870908572127,19.16602127746301,288.2716829654641,292.0174568860602,293.38759462870377,293.6860051071716,2022,males
Secondary school or above,22,125,97978,90.3094554283539,2773.7966856505204,51.17603951907571,39.26561745153674,18.360754455081754,202.61390294896262,206.99192253247256,211.12020122575984,210.79492597392868,2022,males
Secondary school or above,23,96,76417,64.49108325049816,3135.643288360792,50.1179057016109,116.04660394065894,22.97918002538702,243.24644946687613,248.20068514125515,265.5906219905568,270.34166120143203,2022,males
Secondary school or above,24,84,64802,59.69056031270792,3235.958921020956,4.844294929168853,221.6752569365143,0,356.1403450544756,356.47275649870755,387.1026722264797,387.1026722264797,2022,males
Secondary school or above,25,85,62059,67.1801767307835,3638.075669927005,59.652910939589745,38.82676163006172,22.288467426158977,353.3592838430763,360.1467058117219,360.63640522501805,358.7894464929817,2022,males
Secondary school or above,26,80,64490,58.50479853674423,3744.53862180183,28.14777484881377,33.49123895177547,26.78864940300822,615.7299909835372,618.158582486776,622.2130120624014,624.2912469001933,2022,males
Secondary school or above,27,98,67929,75.292132523253,3519.8352814458235,4.28388464426092,20.17302379445205,7.953156972721518,220.8465966687748,221.03877446501738,221.97284655107234,223.1820456370402,2022,males
Secondary school or above,28,86,66782,63.77933988580102,3790.773982110948,33.07355275373604,265.82936519820714,375.8003653679135,486.7605000851262,488.328206626438,576.6088424408812,612.4454239345501,2022,males
Secondary school or above,29,79,55014,59.01957005618651,4096.9567382848,137.00403533645982,96.37880054773936,77.74202930163231,296.28839743220476,311.14617163489964,305.7330180890054,309.021877817862,2022,males
Secondary school or above,30,98,66778,71.19784920704463,3921.3259232082423,83.87238312018928,103.34141982888578,71.05334092066249,348.77659127434674,367.19531362586594,386.099458068463,402.0255008041221,2022,males
Secondary school or above,31,76,63615,53.01183264729003,4301.108905132437,26.66902460111609,42.15122219602295,159.39217689748227,470.2619987741362,470.17875118201584,470.4642036975788,553.5937188089691,2022,males
Secondary school or above,32,84,60723,62.55709006323991,4364.28086782054,22.170347314855984,41.77878782888417,111.40259868583568,353.8644537726459,353.6242306704577,357.05420967957497,368.78293315606635,2022,males
Secondary school or above,33,91,63270,69.01764600427792,5701.000980190717,19.00632211158527,54.78939465781571,52.61419314050893,706.79723175598,707.0124388682354,715.541786325601,717.6906922947519,2022,males
Secondary school or above,34,59,42859,36.347447154694194,6493.749395303981,116.65694486572248,125.25412787668091,0,1360.9384814629873,1383.1678348396024,1399.5570528402725,1399.5570528402725,2022,males
Secondary school or above,35,70,52332,52.23377072704404,5270.979248515886,1.3748757930138347,56.06193788376774,16.864633493846977,808.1344534818071,808.0856623860424,812.7518400624301,811.2899935359518,2022,males
Secondary school or above,36,66,44661,49.68707064950427,4673.213892807296,11.273818320234657,81.86225118111999,54.35256711672376,513.1578677175269,513.6742608449385,536.2147519056981,538.8296597405367,2022,males
Secondary school or above,37,50,34823,39.02036570998379,6541.1181068068045,285.78382103781985,273.3059567910098,163.17568848175057,1381.6303283431967,1574.553590075836,1613.3628336917423,1608.154816090833,2022,males
Secondary school or above,38,75,58206,51.386544834862214,6351.819749395823,48.89100779988318,944.2525970976645,84.24389238222864,1400.7673259251578,1400.5314202317272,1545.723855594936,1542.8932446688063,2022,males
Secondary school or above,39,44,32386,35.7423703709358,5550.194689886576,73.65960600259372,38.977747586405656,292.98153523127274,770.4693906136414,767.0998461029627,766.056229663956,890.4723549535023,2022,males
Secondary school or above,40,73,46100,57.472057007512326,8076.222487346349,75.54013015184381,767.1012292118584,74.77223427331887,1646.6236389648227,1644.851778779584,1935.705342316786,1935.1651777969448,2022,males
Secondary school or above,41,43,33863,31.59007180463559,5283.252167065331,26.633789091338627,72.33804841075312,49.858547677406015,795.7162417141205,796.4954820536575,800.119133098256,805.6091226465447,2022,males
Secondary school or above,42,58,36439,45.473535344900895,5440.266106826934,5.491369137462609,58.74841058572774,0,1045.562926940157,1045.1857038203957,1040.783363685252,1040.783363685252,2022,males
Secondary school or above,43,52,32190,40.633863201635776,5761.701563632599,92.42000621310966,120.05798902350627,8.97794346070208,1367.50519635329,1446.6076883993865,1445.1408058163588,1444.7443892738631,2022,males
Secondary school or above,44,35,23633,26.20072295625836,5168.017870491826,15.25832522320484,0,973.723183683832,1119.9444638200225,1119.4653445310637,1119.4653445310637,1400.1442330118298,2022,males
Secondary school or above,45,32,19322,24.594535283840045,6053.4283890556535,0,208.20739743987852,267.8449435876203,1360.565290770472,1360.565290770472,1383.2329446417993,1395.5221952111083,2022,males
Secondary school or above,46,37,25240,23.847757701137276,4593.947966191231,9.60380348652932,181.88061278394082,4.80190174326466,689.1988459150197,689.1945258917871,696.8778158351496,696.8362458128164,2022,males
Secondary school or above,47,26,15080,20.593682680747495,5990.487113174183,36.783819628647215,617.1861184792219,0,1120.195155908097,1128.0164041763674,1161.7370405270512,1161.7370405270512,2022,males
Secondary school or above,48,39,28711,29.775908490976633,4651.0151916222585,19.706732611194315,74.15856872511117,31.108286022778724,733.2051838890578,733.297937980979,740.0470466990453,754.7256094609025,2022,males
Secondary school or above,49,36,25868,26.850930049020402,5029.312599865986,1.731869491263337,101.65713107571774,14.47348074841503,868.2920996198887,868.1849601407507,911.1271826445152,909.4419478161176,2022,males
Secondary school or above,50,37,29385,27.350984924776878,4057.3929442459307,221.0005104645227,17.716238443650386,0,481.20043687791133,545.214214184649,541.0889563857193,541.0889563857193,2022,males
Secondary school or above,51,25,19792,8.776050158835506,4801.37917677176,4.304769603880356,82.79026879547291,0,1130.2452227406927,1129.2920640594539,1132.4071957724782,1132.4071957724782,2022,males
Secondary school or above,52,31,21641,26.18164723269132,6174.84245182755,30.5300124763181,259.3449162854459,238.39471373781248,1568.4817756471648,1570.0233886634717,1717.8153081772416,1731.681189000503,2022,males
Secondary school or above,53,27,19120,13.252022470566017,6985.3033472803345,22.332635983263597,13.519874476987448,0,2879.0587034600694,2878.406647277356,2878.113589537847,2878.113589537847,2022,males
Secondary school or above,54,14,8750,12.832892566249992,4732.13619047619,0,268.8457142857143,0,956.1653894595825,956.1653894595825,913.7392552172731,913.7392552172731,2022,males
Secondary school or above,55,22,15907,18.584263730291195,5644.343370843025,173.10617966932796,65.88294461557805,48.02916954799774,1121.109088460981,1131.9446727557618,1124.9709667295297,1121.5487945402704,2022,males
Secondary school or above,56,20,12388,18.01671748973266,9591.913572274243,89.02970616725864,503.98288666451407,363.3354859541492,1936.0891038560403,1925.3997062287347,2010.610806890095,2160.428519954136,2022,males
Secondary school or above,57,30,24821,11.264070941471765,5573.898123900461,0,55.886816271168236,240.42410324590733,1746.6250885233205,1746.6250885233205,1777.8575982088175,1746.5791125777764,2022,males
Secondary school or above,58,30,21504,22.11852977708798,6283.0364505828375,44.69633556547619,331.3391307043651,0,993.0423468856864,994.3315627046186,1047.6793508459737,1047.6793508459737,2022,males
Secondary school or above,59,15,8554,12.007085683604371,5084.752162730886,0,350.3701971787078,0,1740.1232351924293,1740.1232351924293,1839.609110706861,1839.609110706861,2022,males
Secondary school or above,60,23,12857,18.321361337889556,8403.633169998186,54.289492105467836,937.3622669881516,20.300225558061758,2105.180287175208,2153.6094744387665,2263.6837163512287,2260.6501509713476,2022,males
At most primary school,14,31,28392,25.12212908999942,549.5660749506903,25.017962806424343,48.8529632760402,0,110.05096053734243,112.46945001276791,117.82430266371992,117.82430266371992,2022,females
At most primary school,15,12,12764,9.679155247951286,642.228925101849,147.60263240363523,0,0,194.10390756652785,269.897903315696,269.897903315696,269.897903315696,2022,females
At most primary school,16,8,11402,5.574273043222937,766.7865286791791,0,0,0,261.2662568137442,261.2662568137442,261.2662568137442,261.2662568137442,2022,females
At most primary school,17,18,16384,15.422315463965383,537.8338623046875,0,1.1850992838541667,0,162.0787659599237,162.0787659599237,162.2661942072594,162.2661942072594,2022,females
At most primary school,18,13,14237,10.194230938780096,785.0716443070871,193.80838659830022,0,0,184.29201082921455,358.50594924794586,358.50594924794586,358.50594924794586,2022,females
At most primary school,19,16,16777,13.138713482383727,730.6011205817488,35.33945282231627,1.6689515407999047,204.36013590033974,150.4161565049856,159.95731698170175,160.16838856603817,226.0142829924147,2022,females
At most primary school,20,25,26631,15.697833192194304,982.923535228368,13.23269873455747,11.600672148999287,0,419.69358348746454,420.14481475265217,421.65637953694346,421.65637953694346,2022,females
At most primary school,21,19,19976,15.364143458324167,708.5007008410092,46.33059671605927,4.280136163396075,0,219.6562611357224,235.84819223207134,239.9725843933463,239.9725843933463,2022,females
At most primary school,22,28,27317,20.949627080891155,1036.6681919683713,10.506278141816452,8.877255921221218,0,186.93966105137352,186.9624186293568,185.46503965819036,185.46503965819036,2022,females
At most primary school,23,22,24174,18.72721080242892,1251.9547861338629,77.87912633407794,5.332864510079699,0,444.4339436573655,445.1986960919828,444.7992792622324,444.7992792622324,2022,females
At most primary school,24,14,18052,8.474166608026811,1413.6270219366274,0,6.746713198906862,19.02005317970308,557.5096543373775,557.5096543373775,557.046761557257,555.8811493638362,2022,females
At most primary school,25,23,21306,16.82600413791355,980.8397634469163,61.85112174974186,0,19.431146156012392,268.66405394730356,279.1965348883241,279.1965348883241,289.7602613800493,2022,females
At most primary school,26,24,27906,19.49218988139509,1081.2157779688955,67.62703361284312,18.453259752980244,29.02601591055687,223.32445762599153,239.98580709521576,246.50270005001042,263.8383059927235,2022,females
At most primary school,27,18,15463,13.76274038955499,1608.9973485093449,0,0,0,548.1494775228317,548.1494775228317,548.1494775228317,548.1494775228317,2022,females
At most primary school,28,25,23457,18.79153210601887,2077.3080530332095,36.92501172357932,98.07910929218001,167.18818831620982,800.7629629257171,798.39330025,799.651867181918,784.806225033931,2022,females
At most primary school,29,30,34596,22.7269013762453,1374.6383975026015,11.290322580645162,82.15015223339884,60.58503873280147,266.98926266182895,269.67411159422494,274.4048401434055,267.9086109108165,2022,females
At most primary school,30,39,31766,31.012021091445746,1447.903890952591,6.51640118365548,53.65092919053915,163.72221872442233,361.0578675512625,360.6209170906794,360.29951280789885,377.6730472783333,2022,females
At most primary school,31,27,19770,21.733486981857443,1718.3099983139437,0,67.12323216995448,136.752655538695,506.419166274544,506.419166274544,499.88784376887725,510.0987437777635,2022,females
At most primary school,32,38,39458,21.790439163348136,1966.9070066061806,31.185057529525064,42.786845084224574,243.9606670383699,471.70138353700986,470.88374079201066,469.6003549202322,536.6133303685286,2022,females
At most primary school,33,38,36650,30.99269136651114,1466.2682582992268,34.892223738062754,274.68167348794907,60.711232378353806,268.3204436409865,266.5515610306,363.3138522521392,359.63477230205007,2022,females
At most primary school,34,25,25549,20.15381957981283,1765.9258679400368,24.952052917922423,47.23227914986888,0,526.377202612558,523.5273331054894,550.175565818977,550.175565818977,2022,females
At most primary school,35,39,35876,29.083781092224985,1476.5393020403612,0,59.00317993458952,104.15319433604638,316.0181896628723,316.0181896628723,324.9599227006967,338.7943751655328,2022,females
At most primary school,36,34,29709,24.966327967420106,1474.8019006586107,41.13904877309906,54.096962761003965,29.43159760790782,256.37647769868175,276.88467834883295,279.654531636687,286.4580304677201,2022,females
At most primary school,37,23,25530,17.253612882171577,916.3849719284501,39.54563258911085,66.95325760543152,96.1590285938112,262.40907193167067,271.04138684998605,278.3427662699684,274.82167722628856,2022,females
At most primary school,38,41,35855,30.745487555989193,1591.1884880769767,3.028866266908381,12.251429368288942,332.7722772277228,376.1299965617173,376.88922298614426,377.1044768738739,464.8403543318961,2022,females
At most primary school,39,30,25755,24.322237477093402,1592.1239888694752,29.678509027373327,71.48353070601178,125.56785090273733,276.5266430507271,276.24699810669904,289.3435617056558,274.91503324643446,2022,females
At most primary school,40,55,49472,36.937952063706184,2267.3981241914616,68.40596701164294,21.412364569857697,79.28304225959465,522.9877765973146,520.0044361907487,528.0882472535089,533.4099871767278,2022,females
At most primary school,41,32,26948,24.865364267231683,2085.6113626243136,7.681460590767404,52.73103136905645,438.8723962198803,622.9424317341814,623.8944144266676,621.5701702273539,839.1668554267454,2022,females
At most primary school,42,39,34299,31.510124746914475,1349.3017677872047,38.81454269803784,68.88101693926937,205.74069214845915,298.2270911759385,299.38654950200413,299.424845151788,342.2761614280853,2022,females
At most primary school,43,30,24229,22.743481473621088,1686.2288992529614,24.355111643072352,17.087384951917123,0,453.451718824844,454.73011685931783,453.2134575422354,453.2134575422354,2022,females
At most primary school,44,28,22088,22.437192522047905,1489.4607630085718,26.10467222021007,103.49794005795002,601.9558131111916,350.19672396731494,351.2296425538638,352.6358477902109,511.33696039876077,2022,females
At most primary school,45,34,29276,26.861293067790555,1823.5013663068726,17.352097281049325,84.97589037664527,71.2210229084119,466.9654470441954,465.45115126080833,478.03224287770985,478.99803901717274,2022,females
At most primary school,46,33,33774,22.815597195266047,1650.9793529539488,18.7306804050453,45.87601902844397,24.942263279445726,288.15974770245776,289.675780566436,296.0486037925188,294.7789434190703,2022,females
At most primary school,47,29,26757,21.336013831244053,1419.2641178009492,26.023844227678737,89.78463579624024,138.5693463392757,360.8840705113701,360.7923076328095,368.216445495462,378.1529581696742,2022,females
At most primary school,48,39,35615,31.665579798868126,2350.360915344658,36.47339604099396,47.14586550610698,239.73887406991437,378.9320433557828,377.45834333561754,371.6900656126579,388.57941183421735,2022,females
At most primary school,49,27,21455,21.169076861417576,1830.6463139905227,60.35889070146819,29.077138196224656,103.01095315777208,555.628776867049,558.5239648377276,554.56736312003,570.1574597838122,2022,females
At most primary school,50,35,32587,22.584226566600805,2186.5048025286155,21.4956884647252,247.57045242990557,30.794744325446754,495.7148173948799,494.47846755593326,580.5334192626052,579.4638790978142,2022,females
At most primary school,51,18,15352,11.812362960716124,1603.7788778877887,46.254559666492966,11.127214695153725,0,579.0075974408095,590.8572677209694,591.5959984126234,591.5959984126234,2022,females
At most primary school,52,38,31922,27.6807629071386,1763.5455171981705,0,16.263861913413947,49.21214209635988,419.0650804317461,419.0650804317461,422.4834061094868,423.72269443973715,2022,females
At most primary school,53,23,17084,16.781136052501303,1775.1245609927416,0,21.340508663076562,72.53570592367127,405.3287328302921,405.3287328302921,408.5356649223054,414.79294800779286,2022,females
At most primary school,54,26,21227,20.963803384102015,1886.1490240417081,19.018231497620956,55.912595593662154,68.4034484383097,583.3150406969834,581.5757752905304,581.2935174368265,581.1045216359702,2022,females
At most primary school,55,30,23706,24.016143172126398,1726.654264743103,9.027250485109255,61.72670772518912,66.99147895047668,276.27578469177524,275.37829182978146,269.72107747376583,290.0564413491722,2022,females
At most primary school,56,19,20513,8.415246825282148,4061.4666309169793,0,22.682152781163165,0,1859.6933874376448,1859.6933874376448,1855.3255659479319,1855.3255659479319,2022,females
At most primary school,57,18,18392,12.911356581986848,993.0347977381471,64.59493257938234,234.64912280701756,198.571842830216,302.38743431899263,321.7668361536774,371.05297360456746,488.9173396527961,2022,females
At most primary school,58,22,19994,17.09043917927252,1748.1657497249175,0,53.24972491747524,256.5756393584742,532.3431705145537,532.3431705145537,526.4866013996232,536.5003993653189,2022,females
At most primary school,59,26,21411,18.970514343932006,1699.5575483007176,0,16.229196830289727,142.3893325860539,405.2882162517422,405.2882162517422,405.2638845422635,412.3837626109111,2022,females
At most primary school,60,22,17264,16.592946785113977,1797.1689643188138,47.54402224281743,35.68239303367316,91.20134383688601,739.8657700617063,734.4018440959496,730.0335014298879,727.9587259641435,2022,females
Secondary school or above,14,13,14251,9.452287175535634,353.7351764788436,25.022805417163706,15.27612097396674,420.3319065328749,116.41469224157873,118.39123406366467,115.56142707131201,376.0395864054457,2022,females
Secondary school or above,15,16,11812,13.810218960762379,251.54080596004064,5.790721300372502,32.5516423975618,0,121.90548578024463,122.29630185618979,135.62413285307952,135.62413285307952,2022,females
Secondary school or above,16,19,15047,12.819047499879828,533.5164816907024,0,0,0,150.33465947935457,150.33465947935457,150.33465947935457,150.33465947935457,2022,females
Secondary school or above,17,24,19290,19.033843345369043,802.3803352341455,69.51788491446345,8.242612752721618,0,202.90480841842296,221.61040650743539,220.1079238111658,220.1079238111658,2022,females
Secondary school or above,18,42,33275,31.902996648390005,1193.1294127723515,7.825694966190834,0,5.265214124718257,263.7658173215569,263.19198957191577,263.19198957191577,263.23497841261565,2022,females
Secondary school or above,19,54,38899,43.73881533897525,1670.9998543235902,12.048947273708835,10.397439522866911,272.290547314841,226.15709418080436,225.24694025170143,225.55087520506595,321.4851510567603,2022,females
Secondary school or above,20,50,35434,36.79262321546445,2203.2064213279145,98.97979341875035,22.257342288950348,32.446238076423775,301.0492650501248,331.9560121405212,339.0004118229804,335.8656517119998,2022,females
Secondary school or above,21,47,34415,33.521117494523985,2378.3625618674027,24.930989394159525,24.16581916799845,20.2934766816795,342.8237750103646,341.3877726055154,344.30527346746396,355.70789513634236,2022,females
Secondary school or above,22,77,62851,55.10142483192087,2135.7373072823025,58.54799446309526,48.74756699707774,177.31778332882533,277.65929580447596,285.8613357935288,296.55923212315236,376.0182695829845,2022,females
Secondary school or above,23,60,42059,44.497196474061,2313.4081505345666,40.56064100430348,1.7356570531871893,59.49975035069783,230.92575117374741,233.7443422066072,233.4452278705909,228.58506055472938,2022,females
Secondary school or above,24,49,40882,37.613932408354216,3237.7522829933305,52.95729171762634,13.472392087797402,47.9330756812289,535.4152916490856,532.434792325554,531.110733885898,551.5420525349275,2022,females
Secondary school or above,25,75,45268,63.29422567304591,2926.695174663486,15.402050013254396,21.441194662896528,43.51418220376425,452.9667500442477,452.8514576688092,451.9000349255041,463.5820193718055,2022,females
Secondary school or above,26,59,47391,42.65552073733979,3060.913355559776,10.440800995969699,51.42203512621947,12.436960604334157,420.62559689129284,420.8227481417323,427.6821824595783,427.2195579860445,2022,females
Secondary school or above,27,68,42762,53.66912120920222,3129.691988993343,37.6792479304055,6.288644123287031,32.91941443337543,309.77225236127583,316.8308196967976,316.3975906245778,315.16414731123155,2022,females
Secondary school or above,28,75,53135,57.089394955724266,4321.670132680907,13.051660863837395,74.94377528935729,24.555377811235534,524.1175238337484,524.13187503312,525.9144533806675,523.2595112132944,2022,females
Secondary school or above,29,53,38119,40.98915137037497,2884.2272963613946,102.41821663737244,29.715933436518974,0,307.16466663449853,339.87652922687397,337.711915486734,337.711915486734,2022,females
Secondary school or above,30,51,39663,35.064505348197,2566.33651850171,116.28848044777249,24.868139071678893,136.37395053324258,413.50180115397956,419.031986979664,418.4440254445374,436.4753793010458,2022,females
Secondary school or above,31,56,41492,38.41223696686525,3417.1409106976444,44.96770461775764,32.0842973745943,35.058565506603685,592.5982673259222,588.9548839636316,592.509478354462,592.907954376457,2022,females
Secondary school or above,32,54,36130,43.11198402258905,3430.0406956361285,7.705507888181566,21.035629186271795,118.07362302795461,364.8033014241539,364.2843561041487,364.71285369620324,378.18203460637164,2022,females
Secondary school or above,33,47,31291,35.44076842005552,3249.216910080641,12.866958550381899,178.370724276416,80.18919178038414,619.8974619578304,619.8156153831002,613.1701913159745,625.839593746467,2022,females
Secondary school or above,34,36,20448,30.715518157107276,4379.578067944705,18.62284820031299,212.96622326551903,8.147496087636933,865.7410198280345,864.19855604531665,953.2668520882263,952.754673027686,2022,females
Secondary school or above,35,50,39159,24.326591145160965,4027.9780425104486,0,49.06407211624403,45.12372634643377,615.0567783852806,615.0567783852806,617.617650619015,646.3903107497279,2022,females
Secondary school or above,36,52,37214,38.12149943195494,4059.7282922197737,36.59778577954533,70.72875799430322,0,655.6671262520364,655.3699991271914,665.8830727581927,665.8830727581927,2022,females
Secondary school or above,37,39,30753,26.656333371768934,4126.568703324338,5.049263486489123,54.40119663122297,13.234481188827106,822.3696279284862,822.6128447189662,847.0061746975401,847.0973369979477,2022,females
Secondary school or above,38,46,27707,34.866223473916044,4467.165638045741,2.587793698343379,44.70771525847861,102.88013859313531,641.2664396281456,641.4340187297628,648.1924267322288,644.3976622090563,2022,females
Secondary school or above,39,37,23515,29.102329127469417,3412.116619037494,0,28.584591395563113,182.12204975547522,497.91169540223007,497.91169540223007,497.51595947874193,528.1042054537285,2022,females
Secondary school or above,40,39,25276,30.30853311191956,5633.42960384027,9.76815951891122,105.54313709975207,46.3506884000633,1607.6363881251484,1607.2475511549585,1602.1760457497626,1597.2410301093767,2022,females
Secondary school or above,41,34,18369,29.51423478159328,2920.679768450469,0.6097229027165333,35.91648973814579,105.3564882864246,353.3150192325608,353.63295721229036,350.86518886749593,364.25974854318713,2022,females
Secondary school or above,42,45,26384,34.93926525074352,4084.332423691126,130.41616130988479,150.15097533858906,270.5427531837477,704.0932025174574,722.8839674538211,711.0910049312076,817.6502614004723,2022,females
Secondary school or above,43,43,28105,31.782953199019357,4090.2752772341814,25.458103540295323,545.5741860878848,237.93835616438355,539.0874010983936,537.4823712343423,631.4078123237521,672.5411356089024,2022,females
Secondary school or above,44,32,22255,24.539325023798117,4838.005938740358,122.54953942934172,4.243731745675129,264.16535609975284,756.0967234320776,753.7357590556193,753.6055392343158,888.2547476064648,2022,females
Secondary school or above,45,29,24156,19.60836705441911,5039.95108185682,0,167.83614836893526,433.6810730253353,1002.2841637004177,1002.2841637004177,1021.162944414316,1099.322258686925,2022,females
Secondary school or above,46,28,16643,18.796316039588856,4394.104728714775,10.382743495763984,123.08778465420897,73.73069759057861,981.9921329890033,980.0299956451537,962.4491266352533,958.3683099092558,2022,females
Secondary school or above,47,26,18277,16.089017711761635,4609.272090605679,4.864036767522022,15.416461490762522,17.136291513924604,1092.1115133912099,1092.6097302374724,1090.0729315191466,1088.156221837185,2022,females
Secondary school or above,48,31,20858,25.00850834825698,3289.936635024131,7.14833636973823,111.63582318534857,54.54693642727011,482.22898747657996,480.47011597149293,501.5264439429469,541.0906921459048,2022,females
Secondary school or above,49,21,11097,18.423281961317564,4267.615812081343,11.381454447147878,225.7997657024421,0,1120.283049500948,1118.5431161656056,1152.2376530307745,1152.2376530307745,2022,females
Secondary school or above,50,21,12302,17.542921381240497,4544.8129030509945,12.745894976426598,137.90779277082316,101.69281417655665,685.5717578839002,685.6266150745628,711.7287767149585,700.1005449159233,2022,females
Secondary school or above,51,24,15715,19.46488271512644,7268.065457630714,0,0,72.07763283487114,1517.988370970368,1517.988370970368,1517.988370970368,1516.191032174288,2022,females
Secondary school or above,52,16,10655,13.501143736149258,5230.23033004849,28.962928202721727,0.21324104489285153,0,970.8151766040079,971.7558877744979,971.768915170077,971.768915170077,2022,females
Secondary school or above,53,16,14165,4.991762544952917,2857.8132721496645,40.175079421108364,58.74338157430286,206.3536886692552,1488.5627756580259,1474.4652898428892,1474.6120204442032,1427.9528967983977,2022,females
Secondary school or above,54,17,9402,14.76286817570427,5291.040026944622,0,345.7420407005602,245.59668155711552,1041.2945236342443,1041.2945236342443,1070.6855344914138,1144.083287715592,2022,females
Secondary school or above,55,15,7598,13.933538520355704,6218.353514082653,0,1164.5415460208828,36.562253224532775,2172.1101213618394,2172.1101213618394,2719.5384010073544,2713.7097872525424,2022,females
Secondary school or above,56,21,13631,16.45180724545095,3855.3447411537427,74.53598415376715,791.3885016995574,101.67999413102487,964.2250657666663,1032.780498777316,1518.0533847462361,1508.172083281966,2022,females
Secondary school or above,57,11,6862,10.313449547441342,6571.972457009618,0,129.62693092392888,0,1207.994796825428,1207.994796825428,1255.8775760518056,1255.8775760518056,2022,females
Secondary school or above,58,13,8157,10.450374946108123,6046.281864247477,0,0,0,2096.3147956090334,2096.3147956090334,2096.3147956090334,2096.3147956090334,2022,females
Secondary school or above,59,7,3245,6.675570576081988,3760.7909604519773,0,558.3975346687212,0,810.4105155021609,810.4105155021609,672.4016910722993,672.4016910722993,2022,females
Secondary school or above,60,15,9950,12.676905591705877,5342.172445561139,0,336.5956113902848,95.42713567839196,1485.6449992584978,1485.6449992584978,1486.966434643275,1485.917354665071,2022,females
At most primary school,14,33,19375,28.22667359443032,791.916129032258,14.121290322580645,5.266236559139785,0,126.83225681832937,128.057317849966,126.92991815901864,126.92991815901864,2022,urban
At most primary school,15,20,11570,19.274798223892216,1503.6145203111496,0,18.88504753673293,0,819.7477632978829,819.7477632978829,818.0802921764042,818.0802921764042,2022,urban
At most primary school,16,17,12337,15.181972720410895,1049.7406176542108,22.922914809110804,0,0,236.20340650710284,235.0977115003877,235.0977115003877,235.0977115003877,2022,urban
At most primary school,17,18,11710,15.303294596353076,2058.239111870196,70.49530315969257,0,0,696.3975827397059,700.3251117641448,700.3251117641448,700.3251117641448,2022,urban
At most primary school,18,20,13372,17.50039089766311,2214.8399641040983,265.9415195931798,0,0,645.340811799809,656.6368977789245,656.6368977789245,656.6368977789245,2022,urban
At most primary school,19,20,12594,16.816551399481114,1173.7500661690754,21.013974908686677,0,0,440.3100566729861,449.75623876786767,449.75623876786767,449.75623876786767,2022,urban
At most primary school,20,32,20367,28.31467693367276,1499.8949280699171,18.40722737762066,15.0856778121471,0,336.5006241322481,335.8358775905895,336.270411947994,336.270411947994,2022,urban
At most primary school,21,16,8149,14.810590679967893,1598.0611117928581,14.092526690391459,7.620403321470937,0,376.99052621375773,378.83981516805784,380.02167223659256,380.02167223659256,2022,urban
At most primary school,22,42,24209,38.23534948305111,2115.0738912525644,71.91127266718989,0,0,270.14887516005126,273.01495275406916,273.01495275406916,273.01495275406916,2022,urban
At most primary school,23,21,13646,18.767035107165007,3092.05334896673,137.96350578924228,26.088230983438372,0,854.3916847843702,837.9402635182347,837.2219764458031,837.2219764458031,2022,urban
At most primary school,24,25,15224,21.21797860937893,1949.3534879138203,10.478520756699947,40.07597652828866,0,291.70015874919375,292.4759752510203,295.12955196090434,295.12955196090434,2022,urban
At most primary school,25,29,17414,26.53821877621574,2585.4038130240037,0,1.4729527966004363,23.773974962673712,855.9218972861056,855.9218972861056,855.7912517819348,856.7710428270343,2022,urban
At most primary school,26,21,14476,18.725300523117443,2031.7510016579165,0,21.000276319425257,55.95468361425808,214.66341294754457,214.66341294754457,224.8585076239857,250.35722916784292,2022,urban
At most primary school,27,23,13795,20.592860856829198,2149.1417180137732,25.574483508517577,0,0,616.6411018660639,617.1448410853984,617.1448410853984,617.1448410853984,2022,urban
At most primary school,28,39,25160,33.11723424415821,2832.860691573927,28.944753577106518,140.4656862745098,62.04292527821939,401.5340327610562,399.70065663956444,401.3799747303375,399.2891756846161,2022,urban
At most primary school,29,21,13896,18.571704627489332,1219.2278353483016,0,86.50690846286702,0,212.37582746420898,212.37582746420898,221.8137017982677,221.8137017982677,2022,urban
At most primary school,30,51,29153,45.03791611645328,2508.1236350747204,8.50341302781875,23.097108359345523,56.56364696600693,447.0388541466079,446.3703642174597,444.8749113324313,444.1357977456632,2022,urban
At most primary school,31,34,18982,31.059138817285717,2193.2480068837144,3.3189337266884418,83.13332806518457,109.26667369086503,447.4492723020983,447.46286683625175,448.5407744518678,454.3101668469488,2022,urban
At most primary school,32,47,30075,41.1592326820022,1955.4395455804934,16.798004987531172,55.92137711277362,8.246051537822112,314.14184432286646,313.8646392205185,312.62901454847076,314.408937506729,2022,urban
At most primary school,33,43,24415,38.43087204273935,2968.426923339477,6.7007986893303295,22.26431838350741,14.937538398525497,648.8323046886513,648.1720584617826,650.181361394432,648.6728605851923,2022,urban
At most primary school,34,43,29141,33.39329543376218,2789.7405316678673,10.508904979238872,20.43398190407559,6.67101334888988,355.4403116889694,356.8325239616099,360.734879945371,361.66193672940045,2022,urban
At most primary school,35,38,20175,33.710458309305054,3098.2291945477077,4.4609665427509295,108.17090871540687,28.550185873605948,428.2656191526683,428.5206804405466,427.342296138896,442.47598751931827,2022,urban
At most primary school,36,47,26280,40.825477653993225,2204.2475900558093,36.70091324200913,61.98154490106545,33.27181633688483,266.80230088144333,269.26381477458796,266.9321710541464,269.5277783957823,2022,urban
At most primary school,37,37,21609,32.40289921810253,2287.431162941367,0.9671895969272063,5.803908865133355,61.99916701374428,350.73006100916393,351.13849258447726,352.6330371984034,354.1891766308436,2022,urban
At most primary school,38,55,31690,48.57008224919249,3213.0302934679708,13.09561375828337,28.02435047859472,44.7948879772799,475.84404586943754,475.41620705109,474.43530109478183,474.3923298514544,2022,urban
At most primary school,39,34,19290,30.513712076408577,2551.6006566442024,79.36547433903577,13.929065146016935,0,320.99464899839546,337.6131656583693,340.77735701104785,340.77735701104785,2022,urban
At most primary school,40,67,35699,60.15106934853576,2297.4269120516915,10.644555869912322,17.858576804205534,30.87735417425324,270.120702483873,269.84114140037246,271.68992936186305,278.48315312563574,2022,urban
At most primary school,41,36,19478,30.533726593632153,2560.424427559298,13.861792791867748,8.682872984906048,45.132970530855324,353.32633717490023,354.6090479714416,354.5149281416481,350.51711044224965,2022,urban
At most primary school,42,55,36168,46.87046877626808,2721.4690094374405,13.666777261667773,56.03917827914178,77.96947577969476,411.713376088806,410.5463100801376,407.22458567100597,400.6597098580244,2022,urban
At most primary school,43,44,27103,40.24827575513123,2693.3976435572936,34.26926908460318,11.218386033526425,0,415.84135074001,417.45598098188896,417.09839572254674,417.09839572254674,2022,urban
At most primary school,44,43,23456,39.02148783589106,2556.7364213847204,33.56923601637108,50.8043428831287,0,321.85216814296626,321.3577873067601,323.79433073545397,323.79433073545397,2022,urban
At most primary school,45,47,26382,39.22719050300715,2302.0653602203524,19.911303161246305,67.95921461602607,57.55439314684254,385.6046522590519,383.5752624742942,392.80692974432094,394.01422047377366,2022,urban
At most primary school,46,45,25709,39.073786877491834,2572.851465764259,10.047065230075072,0.949732259779325,0,272.468838157774,271.23326664991737,271.0711226101105,271.0711226101105,2022,urban
At most primary school,47,37,21882,32.33258551334205,2835.4844621149805,5.4620235810255,140.13877463973432,22.210035645736223,421.2957093793785,420.56424839703334,442.1220439546234,444.2318146518753,2022,urban
At most primary school,48,44,27032,39.70902780162773,2760.1531988014203,0,94.74450034526981,0,500.5759159343224,500.5759159343224,504.82304969096714,504.82304969096714,2022,urban
At most primary school,49,34,20481,31.05546106663802,3260.887977475058,63.229334505151115,9.419299187865175,0,681.3558511858741,678.5938214157005,677.3003453007367,677.3003453007367,2022,urban
At most primary school,50,54,29324,44.00599658656786,3553.9394011731006,31.52639476196972,318.62865457190924,2.938719137907516,712.6391723703266,710.9630411559508,778.7940727328604,779.5196753307526,2022,urban
At most primary school,51,35,18193,31.24364293324616,2655.8612286776965,39.031495630187436,110.75505230949634,0,347.1507190078119,349.26984371225706,371.4389374270568,371.4389374270568,2022,urban
At most primary school,52,60,33197,53.81161373735211,3200.381861814823,0,66.52408350152122,73.2581257342531,406.3441016335886,406.3441016335886,408.3214861216291,404.73346808563565,2022,urban
At most primary school,53,37,21989,30.619097574142764,3752.7711431473313,0,37.40744235754241,33.88967210878166,716.0516203500981,716.0516203500981,714.6203453467875,714.312669090726,2022,urban
At most primary school,54,29,16773,24.848410434452664,2189.8129334843698,24.068443331544746,31.205111389336036,45.07243784653908,553.3160666091073,550.8123373418368,553.9633165895169,550.9952987698003,2022,urban
At most primary school,55,42,23676,36.59468863768206,2942.166230219069,9.038688967731035,102.75454750239344,117.6887987835783,1064.776509850066,1064.336011199695,1150.364531814037,1157.1064103720023,2022,urban
At most primary school,56,29,16819,26.355955565497883,2407.1210535703667,0,128.96400895812278,0,301.71517792674456,301.71517792674456,318.93492820638437,318.93492820638437,2022,urban
At most primary school,57,31,17606,28.424204410635454,4759.5247595516685,1.3648756105873,211.07349767124845,377.4470824340187,1641.203513962988,1641.073485352264,1630.1938671457892,1711.1970185693242,2022,urban
At most primary school,58,23,14760,19.109534645338183,2587.2960000000003,169.49322493224932,3.17920054200542,78.28410117434508,685.7149870878833,801.7591746610439,802.1403218641466,804.9381846773408,2022,urban
At most primary school,59,39,19812,33.516865710640786,2049.355777643179,0,85.47319806178074,76.16333535231173,225.75129784096745,225.75129784096745,236.2960862421311,239.92116913333123,2022,urban
At most primary school,60,39,22603,35.61310086819617,3190.4493282602607,0,36.25108761373859,51.345691574864695,690.2924059530015,690.2924059530015,686.2255890990413,690.7529954003809,2022,urban
Secondary school or above,14,15,8340,10.942943007196432,298.7906618705036,45.57074340527578,7.589928057553957,0,85.96879533422833,93.24276591475665,91.83074677354342,91.83074677354342,2022,urban
Secondary school or above,15,24,13285,21.20354226088093,883.9598200978548,13.127587504704554,28.942416258938653,0,206.08977423268786,211.4107765782067,211.67109916890024,211.67109916890024,2022,urban
Secondary school or above,16,29,16213,24.145190134344695,673.6561709739099,54.53401591315611,1.5998478587142007,129.9574415592426,200.2321813246971,202.5443026947993,202.39612618779077,233.30910855386497,2022,urban
Secondary school or above,17,36,21170,30.704491580000273,780.4292237442922,1.9839395370807746,7.510628247520075,0,160.55117710120211,160.5797033166035,159.57486408602526,159.57486408602526,2022,urban
Secondary school or above,18,67,35596,61.60737649839986,1571.3442861557478,4.407798629059445,41.06453908678878,15.484885942240702,186.2506647906861,186.48441880267302,189.8735325325235,192.6318951908104,2022,urban
Secondary school or above,19,91,52737,78.81001958723674,2080.099123954719,9.35191611202761,23.251859858037683,140.08438098488728,191.26291610980076,190.6395858018536,194.05540365135545,226.3596624008838,2022,urban
Secondary school or above,20,102,59172,89.49152286606335,2295.3332572838503,115.19924964510241,12.46712972351788,20.81981342526871,172.54405990620825,192.6039971316835,196.68346388580647,198.10979889648735,2022,urban
Secondary school or above,21,85,45413,75.44401619415308,2891.7977044018235,72.54090238477968,35.93244225221853,7.068460572963689,314.541858370433,317.1933382756049,318.10900825742914,318.21232459392706,2022,urban
Secondary school or above,22,140,73348,120.86038958354825,2999.015592336078,69.6920161422261,34.39403028485212,140.27240006544145,204.88736587652278,210.3412504146244,212.96945522436673,250.82777094690272,2022,urban
Secondary school or above,23,116,62490,99.42384329845378,3013.507749026511,46.53544567130741,103.25252040326453,0,188.29479306676438,191.53071142192448,208.1512453094236,208.1512453094236,2022,urban
Secondary school or above,24,93,50210,80.20576921681979,3265.535417911439,6.252141007767377,72.14100776737702,7.737502489543916,300.13618668209983,300.5053864617149,308.281644898164,308.9707889800999,2022,urban
Secondary school or above,25,126,68510,112.83497921302795,3388.705437162458,54.710553203911836,16.898263027295286,22.10480221865421,308.0683687433849,312.70360892806406,313.55718865566155,319.85937847767,2022,urban
Secondary school or above,26,102,59029,87.65136901540392,3592.3528745757735,39.13415439868539,60.53182898801155,39.25189313727151,296.24850414688495,299.9972642542075,308.61702216392734,311.3015604844486,2022,urban
Secondary school or above,27,145,81750,126.1277837828779,3313.2957859327216,13.39743119266055,14.783873598369013,16.477064220183486,174.09054919109778,176.33488011283782,177.0897360787903,178.04251896293255,2022,urban
Secondary school or above,28,125,68681,109.97200671086004,4370.952037778522,27.49694966584645,247.69981266046406,42.31519634251103,360.4188516325465,361.358492124981,428.03522530936215,426.5233465458816,2022,urban
Secondary school or above,29,108,61423,93.72211428673492,3806.210083790545,110.28800286537616,46.097146020220436,48.88071243670937,246.449216589306,257.91642048947773,258.98949065755716,263.23293676383685,2022,urban
Secondary school or above,30,125,68954,108.17694047714984,3732.2814992603767,81.30173739014415,100.07364813257148,35.74846999448908,307.0081135994147,320.0255889301353,334.3269695346332,343.8853984735571,2022,urban
Secondary school or above,31,100,56278,87.25116522186227,4135.262541905066,34.913287607946266,43.99054692775152,28.626639184050607,349.42437401380784,347.4404633934282,345.0993822740136,345.0541801821656,2022,urban
Secondary school or above,32,107,57411,95.56755266972162,4304.547261035922,3.1457386215185243,34.116574640167684,111.61798261657174,261.01408293388965,261.6921191711383,261.95904302798897,269.2685685767765,2022,urban
Secondary school or above,33,111,60358,93.11738743522837,4653.513039144217,20.808343550150767,63.857980715066766,59.93737367043308,497.9510015745389,498.3822875350099,498.0220977955919,499.8643758429333,2022,urban
Secondary school or above,34,83,44486,74.92350723652025,5932.94149844895,18.331609944701704,95.31650406869576,3.7449984264712493,889.8749114464796,889.1676619998844,890.6390540456537,890.4562502972,2022,urban
Secondary school or above,35,95,53547,79.97936776527234,4312.2534222272025,1.3436793844659831,56.79683268903953,32.999047565689956,310.4581935308125,310.4302149810715,317.35656733446535,329.13590105552987,2022,urban
Secondary school or above,36,96,52377,82.2729152933147,4743.997346163393,30.644175878725395,106.31002157435516,46.34553334478874,450.62957018289626,450.4151726738685,464.9248168972864,466.331315972875,2022,urban
Secondary school or above,37,73,42374,61.81702578297408,4743.444175673762,8.569641761457497,236.00163622347037,75.21751545759192,459.1085925411833,458.9277264742039,543.1635083554246,539.6785276616849,2022,urban
Secondary school or above,38,99,52864,87.22195167260256,5469.295494098063,20.85445671912833,164.70786672719933,88.75605326876513,767.7301031175142,767.7260137958248,785.9465675062737,783.2998164576046,2022,urban
Secondary school or above,39,66,38023,56.02981742690122,3894.166754946568,0,39.80923826806582,140.4702416958157,372.1711935331614,372.1711935331614,373.6089894314331,392.33223786600536,2022,urban
Secondary school or above,40,100,55775,84.84056544111208,6022.31567309129,66.8632900044823,231.2692365157627,82.8069923800986,909.3375401498838,909.1047148880292,911.5174121005024,911.4427389877719,2022,urban
Secondary school or above,41,62,31664,55.83684158527996,4605.037049435742,18.41523496715513,88.19426899107292,80.57394306889002,639.7809273806591,640.9544578972726,643.2381146697128,648.6465445561075,2022,urban
Secondary school or above,42,89,46259,77.91278317633441,5948.918768960274,66.62703473918589,3.1525396859710186,154.30510819516203,751.1319940611721,754.0075781079248,754.0995082035398,776.6997301670372,2022,urban
Secondary school or above,43,82,44012,70.94244745595012,5602.168916053197,74.93638098700355,413.84234223999516,158.50807734254295,913.3054213140073,962.2088679772296,970.9026521376012,975.2828186855593,2022,urban
Secondary school or above,44,55,29196,48.56239617045888,5477.116380097731,72.04891080969996,1.2414114947253048,258.28880668584736,821.6788504660277,822.4110151976253,822.4308215462207,866.7588604694483,2022,urban
Secondary school or above,45,51,28690,44.32036313664652,6296.019577088416,0,275.1126989659579,235.45834785639596,961.6996829967428,961.6996829967428,976.2445067439768,1005.2267386420172,2022,urban
Secondary school or above,46,60,32296,52.44661398229601,5014.985756750062,12.85608124845182,118.24890595326562,22.848030715878128,552.5751937150302,551.7230187627526,555.8292961422218,553.8845147780507,2022,urban
Secondary school or above,47,43,21143,38.20556995705418,5926.920809093633,30.44033486260228,79.44000378375821,14.813413422882277,868.6213828519782,872.5152483470197,866.4953486138519,865.0033662993474,2022,urban
Secondary school or above,48,61,36716,51.880403394662935,3994.586706068199,19.471075280531647,116.52957838544503,55.31348730798562,536.1831446269798,536.0810191429987,544.2508869613761,562.7310286556631,2022,urban
Secondary school or above,49,49,26707,41.14353852480392,5324.108198849241,1.6774628374583442,139.4902709651652,14.018796570187591,696.2094564254733,696.1084182990451,717.3077918144966,715.8105064348898,2022,urban
Secondary school or above,50,48,27707,39.59503528815284,4375.559485569231,5.659219691774641,67.13556141047388,45.15194716136716,450.56999172111676,450.6421056605167,455.41818970856366,452.6871874996549,2022,urban
Secondary school or above,51,45,26074,36.93907477232476,6257.027255759249,3.2676229193832937,62.8436373398788,43.44174273222367,935.7404605615479,935.4100095378712,933.3256624243513,933.663251651913,2022,urban
Secondary school or above,52,40,24332,35.30348934627455,5841.620897035454,39.83642939339142,228.0681989424078,212.0294262699326,1314.1515508592797,1315.48809608207,1432.757195963939,1445.190413684928,2022,urban
Secondary school or above,53,38,19771,33.52320242393992,6834.307403098815,0.25694198573668503,55.16160032370644,0,1779.3429505528313,1779.317511725973,1776.3257029746349,1776.3257029746349,2022,urban
Secondary school or above,54,27,14403,25.026744395486592,4778.692517762503,0,389.020805850633,160.32076650697772,603.0562566432776,603.0562566432776,609.0325151694284,662.2189039788874,2022,urban
Secondary school or above,55,32,17645,29.704216736028275,6455.931992065741,61.02578634173987,501.4557476149996,59.04222159251913,1165.812392715755,1179.4541946466447,1382.6851897983488,1377.815201231552,2022,urban
Secondary school or above,56,37,20939,34.47324995909443,7602.9281643504155,56.07240078322747,813.351003709187,281.15000716366586,1234.5450274337213,1246.0370764036734,1394.1312413356627,1459.4156152264254,2022,urban
Secondary school or above,57,36,19396,30.90358189451154,7591.787842854197,0,115.56936138035334,156.9687908159758,1087.3775353672795,1087.3775353672795,1109.688770637121,1096.326205447041,2022,urban
Secondary school or above,58,38,21887,31.99362913456584,6549.896414919054,12.706172613880385,223.7660102648452,0,977.6240775417338,976.2724846453964,992.737169972666,992.737169972666,2022,urban
Secondary school or above,59,21,10771,17.539170751449333,3672.7450252220465,0,446.4828397239501,0,964.0737557159375,964.0737557159375,1070.202211607525,1070.202211607525,2022,urban
Secondary school or above,60,35,19394,29.723688182603553,7502.527972568836,35.99051252964834,726.7090337217696,62.416211199340005,1496.2841542877798,1524.3360980216912,1592.0356008225165,1587.6770618277726,2022,urban
At most primary school,14,43,58012,38.99321295903191,732.8878507894918,7.527925256843412,22.150589533200026,0,172.1866126665237,172.0834797230073,172.822196750701,172.822196750701,2022,rural
At most primary school,15,40,49129,36.41609570127457,601.8395448716644,99.88112927191679,0,0,119.91040731201039,150.89739114438242,150.89739114438242,150.89739114438242,2022,rural
At most primary school,16,34,45176,26.8246428613864,908.9674605985479,22.328227377368513,3.436559234992031,0,180.4538232490707,184.9074245091985,184.26482941416037,184.26482941416037,2022,rural
At most primary school,17,28,38575,24.299021937139887,762.849989198531,0.3320803629293584,41.160077770576805,55.16526247569669,136.43021337673352,136.39829213643935,154.9133727870217,193.44722986581445,2022,rural
At most primary school,18,33,41814,30.000912788197653,1573.3061893145837,0,69.81513368728177,146.99382981776438,441.534847796424,441.534847796424,436.7903544228344,467.63202827677003,2022,rural
At most primary school,19,31,41083,27.944126032443382,1006.7605010994004,22.613733174305676,11.929102873045622,83.45422680914247,148.49991969400622,154.13241231126935,154.177069167642,164.70537538447655,2022,rural
At most primary school,20,40,57041,33.42827314344736,1488.9484815016099,28.519836608755107,4.454033063936467,0,360.4622852432431,360.1777664519084,363.2601245679227,363.2601245679227,2022,rural
At most primary school,21,29,38797,25.559789030525344,2169.0964765316908,93.35515632652009,48.95739361290821,0,569.0856117111139,584.1735045305437,582.8663309814667,582.8663309814667,2022,rural
At most primary school,22,31,41700,28.194105363253684,1289.7082014388488,39.35251798561151,21.265887290167864,30.431654676258994,197.01872022476482,200.13608841883652,200.77588133269384,205.37419407570528,2022,rural
At most primary school,23,39,55044,36.14978129673095,1900.6469672746653,34.58142576847613,43.125802388392316,0,516.1229434269961,516.3936707676183,517.7002775128227,517.7002775128227,2022,rural
At most primary school,24,24,35080,18.894449240109616,1566.2247149372863,0,9.818985176738883,9.78762827822121,314.76390623214945,314.76390623214945,313.2730975046198,312.5635404367046,2022,rural
At most primary school,25,36,52837,32.66381232322644,1505.9778185741052,107.34523156121656,6.300035959649488,0,197.81711271208167,222.93592342718713,221.78984686565389,221.78984686565389,2022,rural
At most primary school,26,30,41629,27.55186655765098,1160.079712059702,45.333781738691776,6.151761192117674,0,213.72993603994243,221.47953480051237,221.15507774288602,221.15507774288602,2022,rural
At most primary school,27,33,42380,27.790395272014425,2276.1788998741545,39.87824445493157,119.7262859839547,0,496.0959959908437,495.26893538079383,507.3706347930919,507.3706347930919,2022,rural
At most primary school,28,33,45208,27.22276099222314,1882.0374343773963,30.224738984250575,30.15589055034507,86.7486580546216,529.6230848842863,528.719137021904,526.4330483082795,520.4832036520847,2022,rural
At most primary school,29,39,55449,34.58736401549661,2214.174346396388,92.05756641237895,54.065898393118,37.800501361611566,623.8462251147852,626.3614634494311,625.2880180065697,622.5597034368625,2022,rural
At most primary school,30,42,52886,35.94498270613037,2657.357460701635,47.048368188178344,32.777586065625435,90.96547290398215,630.417196443301,630.0176162604589,628.4051164068458,626.9328581259126,2022,rural
At most primary school,31,31,38420,28.540105006806254,2810.2721499219156,30.724102030192608,118.61598906819364,45.44508068714212,527.9814253132768,529.14704902208,539.9919500912275,540.1986862124755,2022,rural
At most primary school,32,42,57143,31.091244811167048,2130.3076608975143,15.41746145634636,4.393801515496211,188.93344766638083,355.6039904974826,355.47715316178113,356.69448371598986,400.4398281856223,2022,rural
At most primary school,33,45,59831,39.88182964839637,2096.8317705982963,35.28555431131019,197.69475689859772,31.093691675998507,262.77419959914243,260.3804641333789,303.2834780333598,300.4257206202027,2022,rural
At most primary school,34,41,57092,34.90648461771987,2228.467269202924,34.28080992082954,249.9221286111306,64.10705527919849,325.6210582692285,324.6123277900036,354.1286732723262,355.222957711698,2022,rural
At most primary school,35,41,63335,32.02059077898147,1998.6246677719007,0,14.85803005184074,49.90289729217652,356.8344513367587,356.8344513367587,360.87892304661835,357.9251974690682,2022,rural
At most primary school,36,32,48136,24.016668213482472,2201.369771757797,16.229017782948315,52.74707772422581,42.14724945986372,335.8754143040373,344.7702520338489,346.686857443442,355.09844636911856,2022,rural
At most primary school,37,34,51732,30.869822703483788,1829.4595221526329,122.297610763164,64.35539575762262,370.04561973246734,402.76102281235956,404.3446775827707,403.3079831606002,527.1044386392276,2022,rural
At most primary school,38,53,69511,47.516849569499,2217.47924654611,14.697242163110875,17.763615351047555,159.28414207823224,483.597382780632,484.4008909648122,485.23694978769316,504.88203603285797,2022,rural
At most primary school,39,35,44243,32.646910727673365,1884.884237807864,72.04868566778926,41.359273406715936,73.09630902063603,378.91397880170683,382.4049673487667,385.5920427372051,379.34257310932213,2022,rural
At most primary school,40,58,84628,50.59283953804705,3001.845882371477,38.329867183438104,85.56737525799184,89.39417214160798,465.73340503460383,463.5743848493266,467.82835219498014,467.24495403494757,2022,rural
At most primary school,41,25,35861,17.261253973425823,2123.8436624745545,112.26680795292937,42.85423812312354,305.2796445535075,595.247049622399,598.1023183005697,594.1255578103309,838.5119288978328,2022,rural
At most primary school,42,41,59215,37.00193157546761,2068.5836302738608,14.134932027357934,74.87397618846576,283.7406062653044,237.68694421734594,237.4793005844382,239.78495389428988,365.59722052901924,2022,rural
At most primary school,43,42,58685,33.75701206311621,2522.1106841611995,35.5678623157536,21.592755104938796,45.88566073102155,395.23681413814205,396.6367745462826,394.0995207323088,396.2472689756088,2022,rural
At most primary school,44,32,44248,22.593069144211963,2650.8122401012474,31.86584704393419,162.6791983065148,337.95877779786656,469.5446239013242,467.4443958247105,558.0326783538494,587.6860071241703,2022,rural
At most primary school,45,37,44774,35.296718382901936,2542.76247747949,10.566400142940099,98.70879304953768,12.656154613540599,380.48672408459123,383.18629913990765,390.19982807436924,388.16117588470433,2022,rural
At most primary school,46,36,52094,30.203987416070166,3148.105232848313,27.913963220332477,194.83526573757695,31.83476024110262,829.4955261236356,828.761441850787,833.2103893450035,830.2033520776214,2022,rural
At most primary school,47,36,50454,30.62711435886292,2499.8376739207993,41.83810996154914,810.7669197024352,125.49054584373886,553.1692910117097,553.9194171559726,1187.4875407644797,1184.2481904153026,2022,rural
At most primary school,48,40,47325,36.57195200166454,2622.66294770206,48.666666666666664,40.045078358866,180.41838351822503,655.5004846604784,655.1499967971804,651.7232925058843,656.1712244753089,2022,rural
At most primary school,49,31,40395,27.18572686884709,4150.635928539011,3.078351281099146,1374.6705450344514,447.6647274827743,1339.321998686043,1339.0430945763292,2310.2191029236687,2351.7541303558564,2022,rural
At most primary school,50,43,65598,37.606830769726635,2783.4172789820827,5.463581206744108,51.732065001981766,95.31286522963099,491.50891215857416,491.23083800289913,499.18970583175997,510.8898367418151,2022,rural
At most primary school,51,21,27522,19.086322554361438,2342.3359494222805,12.753433616742969,47.14283118959378,0,567.9103968668442,570.3589632984091,577.8246387685601,577.8246387685601,2022,rural
At most primary school,52,34,46438,30.8312959734172,1789.7284551444936,0,21.70259270425083,51.229596451182225,365.0275234807669,365.0275234807669,368.291234738417,375.2797057623301,2022,rural
At most primary school,53,25,34804,22.21960553489975,3391.91817032525,0,24.52467149369804,136.9574378423936,1358.494498654673,1358.494498654673,1359.6767701622487,1358.5908463322296,2022,rural
At most primary school,54,23,27249,21.423567320504972,3780.7773679768065,0,114.10186306531126,25.54222173290763,1600.1135213226512,1600.1135213226512,1593.602368569772,1592.5561898167716,2022,rural
At most primary school,55,30,36687,27.461907675244024,1991.471547596333,31.051871235042384,28.30480369976649,56.26788780767029,294.44836284193644,294.21510501342266,290.8019943213552,303.40153959771663,2022,rural
At most primary school,56,26,42976,16.50787791566217,3618.4160513620004,0,99.37688089476296,0,987.6435485863619,987.6435485863619,972.8684879912119,972.8684879912119,2022,rural
At most primary school,57,24,32457,22.128735637447438,1624.471947499769,36.75663185137258,35.91418389458874,122.93341960131866,243.64937726783057,247.68631919968018,239.3060408375869,247.5476555209951,2022,rural
At most primary school,58,22,29186,19.68008024860841,1709.033440690742,12.910299458644555,43.705315333835856,220.4961282806825,267.3101821943196,273.43107785068025,268.8038365966859,278.0044838569263,2022,rural
At most primary school,59,16,22279,14.978896200749395,2405.261756212876,44.37362538713587,150.99598650448107,69.11216840971318,736.0603961114774,735.0105709585504,842.3364196084821,837.2723858143953,2022,rural
At most primary school,60,29,36930,26.566861011453113,3025.914703493095,22.22583265637693,44.20671992057044,39.369076631464935,654.3096797584393,650.9302340433284,647.7950236465105,650.5139928858388,2022,rural
Secondary school or above,14,17,24479,14.335263867669388,800.4575350300257,0,7.400220597246621,386.3781200212427,230.33446922323807,230.33446922323807,228.85398214931473,304.09678661931326,2022,rural
Secondary school or above,15,21,27174,18.723246690180442,473.55192463384117,2.5171119452417754,11.141164348274085,0,176.4967751044334,176.40436537112086,175.12886527580707,175.12886527580707,2022,rural
Secondary school or above,16,26,37684,22.678137123403463,1866.2681774758519,0,5.844655556734954,77.73856278526695,716.8026912126181,716.8026912126181,717.4682373070002,742.4684950097669,2022,rural
Secondary school or above,17,30,36707,28.675713593647657,979.7910480289863,134.3422235540905,22.774947557686545,9.973574522570626,174.48937474802062,204.4775130097912,217.06690617706522,216.8561337353182,2022,rural
Secondary school or above,18,40,54045,37.81494321917104,1161.5433065038394,17.731520029604958,10.461960711752553,0,199.13226529191567,201.9189168863109,204.05225437509702,204.05225437509702,2022,rural
Secondary school or above,19,45,60673,41.38001865151815,2241.5186601398755,39.34287079920228,6.9837489492855145,65.43602590938309,428.5011003275036,432.11913261273406,432.2528152328873,446.92269038944823,2022,rural
Secondary school or above,20,41,52256,37.0769345742416,2604.545618365993,2.0141227801592163,5.447540314349866,91.34357777097367,623.2523013662908,623.1588617123106,622.760711379286,625.5757004496544,2022,rural
Secondary school or above,21,44,62601,40.32197490697919,2021.345404493006,38.94889857989489,68.32744950826132,28.561844059999043,240.55734254773805,241.64388335540227,246.20220564181156,254.6779275416068,2022,rural
Secondary school or above,22,62,87481,57.336184349775145,2126.547267406637,40.94781724031504,50.162511478682994,30.3477326505184,219.53823563673777,223.70700772456834,235.7108385313284,240.5301248080953,2022,rural
Secondary school or above,23,40,55986,34.434317083016175,2654.270484287739,46.93673418354589,44.451886781219116,76.06365877183582,311.04295249868835,317.0704981801305,322.41864386099826,329.07100920190805,2022,rural
Secondary school or above,24,40,55474,36.91968433223577,3210.5106085733855,39.02729206475105,203.58327024071338,28.32137577964452,526.8854412054247,524.6825049943801,555.3285193365967,569.148764666735,2022,rural
Secondary school or above,25,34,38817,31.321226270202065,3248.596379593134,16.771002395857487,57.254553417317155,47.36584486178736,565.9747773864868,565.1855868663101,562.124052898044,557.1329785291326,2022,rural
Secondary school or above,26,37,52852,33.25932187955549,3301.5220373874213,0,19.368393501349683,0,878.8053986058527,878.8053986058527,879.413588510684,879.413588510684,2022,rural
Secondary school or above,27,21,28941,19.767791777677097,3526.7906833442753,27.88431636778273,14.880849544475542,20.764659134100413,534.6445846646072,537.313241424377,535.6067728371278,530.4071028599182,2022,rural
Secondary school or above,28,36,51236,34.32119298167445,3563.6281846097795,19.784916855336093,92.1711947328701,458.5681942384261,696.8503530989151,697.0156908106675,694.0510103549519,772.2065730599452,2022,rural
Secondary school or above,29,24,31710,21.635763518230366,3202.3019972668976,147.17754651529486,113.63923052664775,40.1923683380637,397.9016556276022,453.4593876938217,435.05180799643966,432.2076404483921,2022,rural
Secondary school or above,30,24,37487,22.11481252648045,2835.4141257858278,122.89860484968122,26.3237922479793,205.10577000026677,406.56689144344824,417.7943760250267,416.3592273530394,465.43633608360966,2022,rural
Secondary school or above,31,32,48829,28.09728971544655,3741.1118051431185,32.71621372545004,31.477025265040584,204.45500283301593,727.2200308020177,726.6585476687317,734.6513590260153,871.7335393848574,2022,rural
Secondary school or above,32,31,39442,28.423174911548895,3595.4372158274596,36.61198722174332,33.930428202592836,117.19993915115866,534.2140265698129,532.9711029310961,541.3389546597032,562.978843954124,2022,rural
Secondary school or above,33,27,34203,25.1555124730115,5306.4596185519795,10.209630734146128,151.84584198267208,64.91828202204485,1255.298769261033,1255.1742174829562,1269.7209260355887,1277.850479951835,2022,rural
Secondary school or above,34,12,18821,9.387032418952618,5522.362370047642,242.5535306306785,291.31023856330694,0,2131.03852652973,2278.4005316191165,2483.327737190275,2483.327737190275,2022,rural
Secondary school or above,35,25,37944,18.083827382763623,5341.140738983765,0,47.80290252301638,23.2595403752899,1619.4465707616648,1619.4465707616648,1622.0983136338195,1619.0150721353343,2022,rural
Secondary school or above,36,22,29498,20.176070117855822,3773.570592356544,8.827717133364974,24.40673943996203,0,718.3795894753334,718.3936973005946,732.0265217464419,732.0265217464419,2022,rural
Secondary school or above,37,16,23202,14.35167605524912,6623.869479642559,419.9637962244634,51.288682010171534,125.0754245323679,2874.654397974241,3270.4814651472166,3275.7278357160935,3275.276937110427,2022,rural
Secondary school or above,38,22,33049,19.536268252463206,6183.453104985526,54.91845441616993,1437.0409593835416,92.65030711973131,2393.7342590455137,2393.937343922842,2756.0650788031876,2752.0328452463154,2022,rural
Secondary school or above,39,15,17878,14.179002861593473,6260.019297460566,133.4343886340754,23.53917291270463,471.5292538315248,1508.4840974280708,1495.260586131126,1491.436962985971,1762.930487647014,2022,rural
Secondary school or above,40,12,15601,11.378625531089899,11461.429822874601,0,1610.9245133858942,0,5469.210319559467,5469.210319559467,6750.896226010601,6750.896226010601,2022,rural
Secondary school or above,41,15,20568,14.207562659113707,4217.368809153378,16.04434072345391,15.400136133800078,52.13730066122132,525.9172908677131,526.7661085801387,530.919759292915,525.7277345527331,2022,rural
Secondary school or above,42,14,16564,12.668269911819054,1859.9281574498914,33.74184979473557,359.6041616356757,0,409.245103293637,403.4800312944066,406.39536199051776,406.39536199051776,2022,rural
Secondary school or above,43,13,16283,11.503223696487083,3307.9716063788414,24.09875330098876,60.43112448565989,0,534.9944963807353,539.2872971680487,523.7286639666042,523.7286639666042,2022,rural
Secondary school or above,44,12,16692,11.634770996303152,4187.377106797668,58.97435897435897,3.4867002156721782,1279.0558351306015,721.9851823970233,701.3342944674274,700.9026348979414,1754.8935930711216,2022,rural
Secondary school or above,45,10,14788,8.294154088609208,3927.2788747633217,0,12.45942656207736,601.5688395996754,973.7380724189277,973.7380724189277,966.9236758212621,1112.8199271652325,2022,rural
Secondary school or above,46,5,9587,4.262539108009271,2828.6587740342825,0,294.17440283717536,63.669552519036195,743.0308850411769,743.0308850411769,606.3422882681431,660.1306379802851,2022,rural
Secondary school or above,47,9,12214,7.4203164206074,4033.6765187489764,0,647.5629059549151,0,1095.9669613911474,1095.9669613911474,1406.7339486601934,1406.7339486601934,2022,rural
Secondary school or above,48,9,12853,8.650815197256073,4317.400606862211,0,13.9396768588397,0,675.8498508435841,675.8498508435841,685.9085763439051,685.9085763439051,2022,rural
Secondary school or above,49,8,10258,7.37439253709252,3437.8078897770847,12.312341587054007,137.45369467732502,0,1771.88452793247,1769.5367526030689,1904.312509018334,1904.312509018334,2022,rural
Secondary school or above,50,10,13980,9.39218139982815,3855.733428707678,464.52789699570815,25.53707677634716,0,699.5006999690318,965.294542528577,965.1592285791456,965.1592285791456,2022,rural
Secondary school or above,51,4,9433,2.2863669314958837,4887.1850595427395,0,0,0,2647.322660491823,2647.322660491823,2647.322660491823,2647.322660491823,2022,rural
Secondary school or above,52,7,7964,6.657785042669459,5929.124811652436,0,8.21195379206429,0,830.1741178232764,830.1741178232764,825.0884757712712,825.0884757712712,2022,rural
Secondary school or above,53,5,13514,3.2541503522474815,2879.8899906270044,73.33136007103744,0,216.2942134083173,1206.2211985368997,1209.1747500935583,1209.1747500935583,1100.2009336532483,2022,rural
Secondary school or above,54,4,3749,3.8349681401620046,5954.932426424824,0,0,0,3164.2090416427222,3164.2090416427222,3164.2090416427222,3164.2090416427222,2022,rural
Secondary school or above,55,5,5860,4.7188616774773005,3944.8293515358364,286.14334470989763,178.839590443686,0,2150.549787849643,2091.1269058375906,2077.9681253416566,2077.9681253416566,2022,rural
Secondary school or above,56,4,5080,3.6381302167082974,2397.4639107611547,185.98425196850394,0,0,1238.706684181548,1426.158966317459,1426.158966317459,1426.158966317459,2022,rural
Secondary school or above,57,5,12287,3.206232427433126,2945.9008165812106,0,2.8553213423401425,237.8937087979165,1010.3142589141239,1010.3142589141239,1010.3016686109386,858.2183936392522,2022,rural
Secondary school or above,58,5,7774,4.913239462543415,5283.297423034045,87.8633907898122,286.53846153846155,0,2062.297569192942,2095.124120583788,2319.0330157926733,2319.0330157926733,2022,rural
Secondary school or above,59,1,1028,1,15700,0,0,0,NA,NA,NA,NA,2022,rural
Secondary school or above,60,3,3413,2.7881137086970393,4598.915909756812,0,382.94696747729273,0,1995.5431791286546,1995.5431791286546,2301.61076035912,2301.61076035912,2022,rural
At most primary school,14,37,39348,29.237421903373193,614.9293483785707,0,2.17291857273559,0,114.26696440605626,114.26696440605626,113.90204100795746,113.90204100795746,2022,indigenous
At most primary school,15,39,39610,32.21169234311883,597.9843473870235,71.6990658924514,5.516283766725574,0,123.55277742664678,153.65361027465374,153.0996075177868,153.0996075177868,2022,indigenous
At most primary school,16,32,37689,22.95952465729598,1049.9495874127729,12.359043752819124,0,0,209.7731278633268,210.9583290110334,210.9583290110334,210.9583290110334,2022,indigenous
At most primary school,17,27,28744,21.10509942737987,1031.4557820762593,0.4456582243250765,12.051790518600985,0,410.80541782268085,410.7744348612889,409.6770007953613,409.6770007953613,2022,indigenous
At most primary school,18,32,34913,29.315657474051303,1821.0570561109043,94.17265774926246,83.61498582190015,0,551.5971545942084,557.5677359880169,551.0988698867204,551.0988698867204,2022,indigenous
At most primary school,19,25,28779,21.464038073847174,746.5464980251804,14.727405399770666,14.837207686160047,0,115.7744776381742,118.02821354686787,118.73035471606812,118.73035471606812,2022,indigenous
At most primary school,20,45,48088,31.965456685431246,1481.2835565352411,15.140991515554816,11.67261063051073,0,438.98620742368803,438.5703143430425,441.858260723735,441.858260723735,2022,indigenous
At most primary school,21,26,28794,20.83002061510049,2371.706119330416,108.96367298742794,2.9693686184621795,0,719.3595077826451,737.1439467036827,737.4623650820075,737.4623650820075,2022,indigenous
At most primary school,22,42,41608,34.50952891005286,1557.6998213484585,38.98529129013651,5.991335800807537,30.498942511055567,249.4125496370505,254.09816629011877,253.2621498225375,255.34540231761514,2022,indigenous
At most primary school,23,33,38765,29.179255798359833,2020.362569328002,48.56571649683993,11.425684681198675,0,718.0879263345532,716.4628793174331,716.4239972043935,716.4239972043935,2022,indigenous
At most primary school,24,21,21526,16.151017129740264,1283.730837127195,0,3.616169593359968,0,379.66139249853677,379.66139249853677,379.3417867917561,379.3417867917561,2022,indigenous
At most primary school,25,39,40670,30.282226769751592,1630.1252028522251,107.05679862306368,8.81546594541431,10.179493484140645,468.2193194546195,482.44037438309743,481.57617824291884,482.8370098197704,2022,indigenous
At most primary school,26,29,32515,24.776071558861652,1229.1200471577222,5.314470244502537,6.619457686196115,24.911579271105644,223.11033326418098,222.33578820997758,222.12099248933012,234.71909139787942,2022,indigenous
At most primary school,27,29,34229,22.46117550053722,2462.1850867198377,52.109030354377865,67.09223173332555,0,690.523314080342,689.4771522738512,689.0497216566106,689.0497216566106,2022,indigenous
At most primary school,28,41,46998,30.492113701061513,2245.5419379548066,19.91574109536576,62.933617742598976,53.07318041902493,528.5848194982161,528.1109496853055,526.4147635479827,520.3230565416663,2022,indigenous
At most primary school,29,27,30438,20.333100858098295,1513.1795781588803,127.82048754845917,51.641040804257834,68.86129180629476,273.1218756046553,303.0088926873533,299.8753571628174,289.47537032884514,2022,indigenous
At most primary school,30,53,50252,40.229607979242985,2891.6025232826555,18.508716071002148,32.30800929979569,95.73350314415346,683.7481997804971,682.7585396082192,681.3713104740287,679.3533095506561,2022,indigenous
At most primary school,31,28,26674,22.85132918193081,2493.393941666042,44.253580265427004,62.54168228737098,65.45699932518558,474.82796812292634,478.4919775715575,479.0458440282934,481.6468747704153,2022,indigenous
At most primary school,32,40,37718,34.59997851010844,1666.6605864573944,5.973275359244923,49.679419198614276,0,254.7352798337622,254.30246907246266,257.32661500707036,257.32661500707036,2022,indigenous
At most primary school,33,39,39658,28.747783428218725,2708.421125624086,12.842805991224974,58.40246608502698,56.10637618303159,640.9341238742956,639.8888452525945,640.9112772534413,635.6572775042276,2022,indigenous
At most primary school,34,29,33213,21.253365351556003,2841.8967472576,9.220485954295006,77.73060749304992,110.19781410893324,496.76564517201183,498.117232412651,519.3808211042297,516.9242169541391,2022,indigenous
At most primary school,35,35,35515,28.334774953098123,2097.9634145196865,0,19.714205265380826,81.59932422919893,452.9861667018085,452.9861667018085,453.6665054370527,462.68070745156547,2022,indigenous
At most primary school,36,28,27484,21.682806344419653,1550.8166933488576,15.543588997234755,19.006209673507012,12.10886333866977,301.2475468847317,302.9643656405239,301.91096661663033,302.2667473176954,2022,indigenous
At most primary school,37,35,38840,26.596633978155417,2036.4362341228973,103.70236869207002,4.2357535187092346,374.2260556127703,485.1303575871097,487.10317349065565,487.7342544932722,617.0503763368375,2022,indigenous
At most primary school,38,58,60304,46.45438569082677,2961.842332183603,16.941164765189704,22.564838153356327,182.62138498275405,596.1656276966855,596.4689952542046,596.9469289035037,610.5224660519833,2022,indigenous
At most primary school,39,30,29653,26.535101021493784,2176.09629155004,55.10133881900651,7.3657527625085715,109.06147775941726,457.1814073303744,457.6430397895003,456.7675020015171,444.51190468495486,2022,indigenous
At most primary school,40,60,66049,43.598076484786915,3021.2622446971186,4.190828021620312,61.36681352733072,44.2096019621796,500.709273152899,500.3312240170414,503.6273031214933,504.1281340931562,2022,indigenous
At most primary school,41,29,25441,24.435956163427406,2543.714260445737,20.376557525254512,41.07330031576327,356.77187741572004,628.4567197678905,626.9692371514049,624.8201111774515,854.6769634157163,2022,indigenous
At most primary school,42,36,35959,28.458650893887533,2042.1196362523985,28.424038488278317,48.03085921929605,0,329.4878406569492,329.26749451087966,325.0620019445691,325.0620019445691,2022,indigenous
At most primary school,43,40,48701,29.20176842406768,2704.3213212596593,25.395782427465555,22.594116821694282,55.29249912732798,461.21062713102236,462.54220924608023,459.6728372646887,461.49538940890625,2022,indigenous
At most primary school,44,26,31423,14.64461033346964,2521.4985838398625,0,191.40252893315937,400.9801737580753,586.4308518696313,586.4308518696313,752.9143195809061,812.9441128962992,2022,indigenous
At most primary school,45,47,46465,41.01448986139605,2810.308845367481,10.181857311955236,100.1085942824348,36.94537106782883,407.2746876889719,409.1934900314502,412.33816068708967,410.9931959154425,2022,indigenous
At most primary school,46,42,44659,28.466648850029767,3360.8170954716106,5.78382856758996,37.41687005978638,37.13473208087955,907.6399482632543,907.1621930722345,907.5348308123633,904.0569011092881,2022,indigenous
At most primary school,47,27,29741,18.67479639025232,2900.154097037759,0,141.7330733106934,92.29682929289532,738.2642686181182,738.2642686181182,751.513673692682,751.8862406997346,2022,indigenous
At most primary school,48,39,35675,33.70579279172748,2818.02926419061,64.55921513665031,118.78906797477225,0,827.5657355796063,826.6798736505181,824.515952046255,824.515952046255,2022,indigenous
At most primary school,49,30,27870,25.505392917738096,3505.5507116373637,0,71.24267432125343,359.2811864609497,1220.8376601390373,1220.8376601390373,1248.7125411358877,1260.0739934809621,2022,indigenous
At most primary school,50,39,47259,28.87448265831405,2997.7168793245733,7.583740663154108,128.05444465604435,134.1227773193113,703.3256909803965,702.8881080191253,759.6721186666937,772.5648638598507,2022,indigenous
At most primary school,51,21,21763,16.34486472719831,2381.1799843771537,0,80.66129056962123,0,691.202919405626,691.202919405626,707.0251550350507,707.0251550350507,2022,indigenous
At most primary school,52,40,37969,34.03120129014266,2423.522347177961,0,27.563933735415734,18.457162421975823,509.15754707293723,509.15754707293723,510.8400080047105,510.11721475569226,2022,indigenous
At most primary school,53,30,28959,24.09779650465384,2763.895852757347,0,35.45366437607191,164.60052718210804,572.7970362102777,572.7970362102777,579.6228495651935,584.2102569702699,2022,indigenous
At most primary school,54,22,21739,18.987084973515422,3554.497830320315,6.246837481024886,72.28230369382216,34.77620865725194,1888.2700911361399,1887.7260391075802,1886.9997143618068,1884.6925537999075,2022,indigenous
At most primary school,55,33,26697,28.179065589320125,1900.9243860109127,25.890549499943813,15.097264361788467,42.45795407723714,313.1885864349028,313.1266241279007,311.9632785330048,341.04522283320205,2022,indigenous
At most primary school,56,20,21306,16.648297654399364,1965.8797991176195,0,205.83736193247597,0,608.6036618501473,608.6036618501473,594.3205427730288,594.3205427730288,2022,indigenous
At most primary school,57,11,11288,8.493470598696653,2963.536314375148,0,47.587408457358855,492.73564847625795,1428.231419360555,1428.231419360555,1422.6231167288572,1917.552928826086,2022,indigenous
At most primary school,58,18,16350,13.834891236269392,1798.02874617737,23.045871559633028,27.7986748216106,171.26197757390418,297.04389611709905,310.63850635701164,315.7784948009046,328.0582364964052,2022,indigenous
At most primary school,59,15,11139,12.719589729017068,1766.199838405602,50.992010054762545,16.919344944190083,0,354.4843662365599,368.4273924808513,374.307163748965,374.307163748965,2022,indigenous
At most primary school,60,30,25469,24.185398143756505,4023.652937558077,0,30.36894525370712,20.071459421257213,720.8316269818412,720.8316269818412,716.7387523740357,721.7285147059475,2022,indigenous
Secondary school or above,14,12,13193,7.013435814652792,1058.6523156219207,2.903054650193284,16.501174865458957,454.040021223376,415.4503356141451,414.6825726510618,408.9081141797443,505.75285499392646,2022,indigenous
Secondary school or above,15,15,13667,10.311234497629602,344.7647618350772,12.760664374039658,0,0,153.47952418656368,172.39457902198293,172.39457902198293,172.39457902198293,2022,indigenous
Secondary school or above,16,19,16879,15.419148558588871,491.2745127080988,0,0,0,148.4481569871322,148.4481569871322,148.4481569871322,148.4481569871322,2022,indigenous
Secondary school or above,17,28,23520,24.763742100936472,737.9698129251701,191.67942176870747,0,15.56547619047619,130.0093200486343,204.32630938190715,204.32630938190715,204.57481832054444,2022,indigenous
Secondary school or above,18,42,42199,34.81454392328441,846.7622455508424,16.53830659494301,0,0,154.6504544522159,161.21961302190826,161.21961302190826,161.21961302190826,2022,indigenous
Secondary school or above,19,43,42255,35.631288149421096,2212.6329546799197,44.521358419121995,11.806689543643751,113.95053839782274,542.3864217406563,546.260022991834,547.6840507567174,572.1165827251659,2022,indigenous
Secondary school or above,20,42,38123,34.38287174288605,2912.8082478643687,0,7.676380837464697,30.303229021850328,779.6025335613889,779.6025335613889,779.0194596979869,778.2324993129947,2022,indigenous
Secondary school or above,21,37,35784,31.042916301790672,1565.6251863030031,99.82785602503913,30.46519859900141,30.44936284372904,187.4043502288983,196.93755969199495,197.80806000431787,202.56146251997808,2022,indigenous
Secondary school or above,22,57,55222,42.692965312858796,1910.9846619101083,66.57745101589946,63.66544734586457,49.871428054036436,266.09967333944013,281.46987379794535,295.49751982095074,304.20916722368503,2022,indigenous
Secondary school or above,23,37,31551,29.4917336894782,2000.4837141981764,20.30363538398149,29.835293123303014,37.37440968590536,341.54597204696216,342.47548480126557,353.49331975398337,348.9455658338259,2022,indigenous
Secondary school or above,24,44,41603,33.19997869673467,2522.769191324344,26.85864000192294,59.5304425161647,0,509.6130036208223,509.9969573932132,508.37069711682693,508.37069711682693,2022,indigenous
Secondary school or above,25,35,25430,30.75290304767577,3147.056488399528,20.416830515139598,17.487219819111285,0,632.5270743701774,631.184274866952,630.7281131675146,630.7281131675146,2022,indigenous
Secondary school or above,26,29,29243,21.226849939501893,3571.689828904923,0.18465957665082242,27.125864879344345,0,1394.3217047822764,1394.3081723018815,1395.626034796925,1395.626034796925,2022,indigenous
Secondary school or above,27,39,28099,29.930792403062778,2656.6782566402126,34.485212996903805,12.699147063359312,0,303.39074859323654,311.0705305411371,309.0286301151526,309.0286301151526,2022,indigenous
Secondary school or above,28,37,35866,29.00414730212065,2919.5532723656574,45.01198907042882,146.1918437145672,655.0828082306363,521.3648274394343,529.0756703642628,525.345484484681,701.8571827617525,2022,indigenous
Secondary school or above,29,26,21249,19.829097918774742,3276.933032142689,217.4050543554991,178.82723892889078,176.17299637630006,500.52347257015373,516.4958252559602,494.02285938929333,515.6389730607817,2022,indigenous
Secondary school or above,30,40,33336,28.071445308154445,2264.112051035917,92.20962323014159,19.207463402927765,124.34005279577634,286.7573350151916,311.97686404107276,317.007214052148,355.0336216599553,2022,indigenous
Secondary school or above,31,34,32311,22.900027192666766,3782.6558034931345,11.869022933366345,99.64150495703217,30.082634396954596,800.2924931125036,799.012619851232,802.0780524234044,801.0912060724187,2022,indigenous
Secondary school or above,32,24,18362,17.67816261183109,3575.271008060124,53.066114802309116,64.3466579530189,35.37740986820608,461.4712093317772,461.80339324789094,462.2500204059978,464.26300828233406,2022,indigenous
Secondary school or above,33,20,13511,17.11281662842666,3813.7626131793845,71.14203241802976,18.281400340463325,129.67211901413663,679.2698990811781,698.7479041037337,700.0884890252827,740.4824262817536,2022,indigenous
Secondary school or above,34,21,21651,12.986457361488483,6843.724115899189,210.84938340030484,318.8228411312795,0,2929.5010511842092,2988.5243839919826,3073.1657475737416,3073.1657475737416,2022,indigenous
Secondary school or above,35,28,21057,22.938128025036136,4667.713056624084,0,86.139209447373,0,1250.4081862939615,1250.4081862939615,1257.2670282360623,1257.2670282360623,2022,indigenous
Secondary school or above,36,19,14214,15.017648084589736,2698.4300689461093,0,21.039116364148022,0,547.673099929652,547.673099929652,554.4109060597556,554.4109060597556,2022,indigenous
Secondary school or above,37,22,17342,18.554615028015316,3846.5877638104025,3.5843616653211856,9.937339022796293,59.5952023988006,586.9867327937748,587.0482828343617,592.3017224620198,617.5465856745277,2022,indigenous
Secondary school or above,38,30,27718,20.172518770094406,4206.3677032974965,88.49844866151959,327.62885730091153,156.6671477018544,1000.2763196063166,1007.9001115904493,1128.5114264945048,1128.4994656042488,2022,indigenous
Secondary school or above,39,20,16969,17.21013767000308,3465.350800086432,0,39.26768420845856,128.46956214273087,575.6271295162527,575.6271295162527,577.882463348663,572.2478521232588,2022,indigenous
Secondary school or above,40,13,11145,11.585776149653302,6568.147151188874,0,562.1504411544788,105.11978465679677,3404.7751004020765,3404.7751004020765,3394.8381487133124,3376.057115027685,2022,indigenous
Secondary school or above,41,11,8819,8.32050824634172,5549.094681936727,0,118.31462372906982,69.84918925048191,1226.315864228096,1226.315864228096,1212.0087297847333,1290.5336486248407,2022,indigenous
Secondary school or above,42,14,11547,12.956659157303934,3184.942697959066,0,131.81490141739556,0,502.11093538679364,502.11093538679364,475.4004468445746,475.4004468445746,2022,indigenous
Secondary school or above,43,18,16788,13.80593998877251,3897.8604757366375,0,456.21872766261623,0,548.9528758372829,548.9528758372829,691.1655115298332,691.1655115298332,2022,indigenous
Secondary school or above,44,8,5786,5.746939484588502,6423.753024541998,3.1023159350155547,0,0,1707.192378212948,1711.7448900204304,1711.7448900204304,1711.7448900204304,2022,indigenous
Secondary school or above,45,8,8252,4.781237550232639,3790.984003877848,0,90.63459363386654,1108.4949103247698,1197.199726861586,1197.199726861586,1211.2397691706983,1558.4489305129723,2022,indigenous
Secondary school or above,46,8,6271,5.655025999885822,3020.5070961569127,0,164.4607452293627,0,863.2582409248959,863.2582409248959,807.4504118390385,807.4504118390385,2022,indigenous
Secondary school or above,47,10,8811,5.604806849910929,6098.357167177392,0,57.04989974652896,0,1162.1390748725205,1162.1390748725205,1141.7841748846586,1141.7841748846586,2022,indigenous
Secondary school or above,48,10,7132,7.961752600911419,4099.880818844644,0,264.36016077771546,0,815.5951145842303,815.5951145842303,944.3622799596163,944.3622799596163,2022,indigenous
Secondary school or above,49,11,7675,9.098291707861208,2047.1691639522257,0,235.27035830618894,0,543.670853448426,543.670853448426,770.0542011790369,770.0542011790369,2022,indigenous
Secondary school or above,50,7,7708,6.463571328950835,3323.6312921639856,765.9574468085107,14.391973706971111,0,812.8651710977377,1415.8935269443232,1410.2215908937915,1410.2215908937915,2022,indigenous
Secondary school or above,51,8,6169,6.261037968581753,3454.1281677203224,0,0,93.20797536067434,1036.3030290119293,1036.3030290119293,1036.3030290119293,1120.5672081469095,2022,indigenous
Secondary school or above,52,8,6687,7.015219315179451,5211.612083146403,23.538208464184237,389.4654428991576,625.6916404964858,980.5913966583083,966.2099179255399,876.1269905062352,1316.855324783988,2022,indigenous
Secondary school or above,53,3,1423,2.5714788236056063,2111.876317638791,0,229.51510892480675,0,1001.6083296575924,1001.6083296575924,1078.6090252716633,1078.6090252716633,2022,indigenous
Secondary school or above,54,3,1475,2.54916124466441,6996.316384180791,0,0,0,2496.0577731527073,2496.0577731527073,2496.0577731527073,2496.0577731527073,2022,indigenous
Secondary school or above,55,6,4623,5.31777415222049,3601.312279183791,362.7081981397361,226.69262383733508,0,1050.3451713645977,937.7247269445634,919.2130944495098,919.2130944495098,2022,indigenous
Secondary school or above,56,3,2286,2.86305766333379,17506.34295713036,69.16010498687665,0,0,9281.792628430503,9226.069667242882,9226.069667242882,9226.069667242882,2022,indigenous
Secondary school or above,57,4,2673,3.578381353568125,3805.1584985659065,0,0,1050.7544581618656,692.3484272997702,692.3484272997702,692.3484272997702,1150.584435310267,2022,indigenous
Secondary school or above,58,4,3307,3.1625324205690637,4126.121862715452,0,267.1605684910795,0,1832.7980831935158,1832.7980831935158,1578.5966377042425,1578.5966377042425,2022,indigenous
Secondary school or above,59,4,1976,2.816410673660491,8960.855263157895,0,917.004048582996,0,5243.284934757689,5243.284934757689,4583.71996917374,4583.71996917374,2022,indigenous
Secondary school or above,60,5,3054,4.136618294067556,10313.22309539402,0,1966.8194717310628,0,3547.8489680586317,3547.8489680586317,4262.887343258741,4262.887343258741,2022,indigenous
At most primary school,14,39,38039,31.016578123694103,884.971345198349,18.673203817135047,34.21576101720164,0,225.3142083813892,225.11315411393696,225.30112668277962,225.30112668277962,2022,non-indigenous
At most primary school,15,21,21089,18.139911740719448,1103.8188154962302,98.0160273128171,0,0,649.1602729488291,654.0758765983285,654.0758765983285,654.0758765983285,2022,non-indigenous
At most primary school,16,19,19824,16.21312907457047,728.5418684422922,41.651533494753835,7.831416464891041,0,183.7455571756158,197.90343056281714,195.98896449898257,195.98896449898257,2022,non-indigenous
At most primary school,17,19,21541,14.943652489915367,1108.6186032836608,38.32226916113458,57.626541633783646,98.78835708648623,226.65667910295284,244.41867546616552,271.63546856099015,328.5924845820794,2022,non-indigenous
At most primary school,18,21,20273,15.268943317472864,1569.7972673013367,13.235337641197653,0,303.18157154836484,326.68814401395133,328.0946237694285,328.0946237694285,473.0885642579678,2022,non-indigenous
At most primary school,19,26,24898,19.8407125099882,1392.0029051864942,30.920154229255363,2.5336707098294373,137.7038316330629,325.9629579442094,335.51396883867545,335.81878694309114,338.6512411672821,2022,non-indigenous
At most primary school,20,27,29320,21.686260329551732,1509.1236925875396,43.43792633015007,0,0,164.27202065319986,163.62082216308684,163.62082216308684,163.62082216308684,2022,non-indigenous
At most primary school,21,19,18152,13.979135607351768,1591.3469590127809,33.0123402379903,103.34941971499927,0,322.64508987262076,330.5387834748566,334.08075200903414,334.08075200903414,2022,non-indigenous
At most primary school,22,31,24301,22.004502672804076,1653.0958259605227,72.41677297230567,26.233488333813423,0,255.67419558469152,256.6008273007389,257.530595816002,257.530595816002,2022,non-indigenous
At most primary school,23,27,29925,21.20235227433754,2288.8560289612924,63.609022556390975,76.42105263157895,0,487.0338010651353,485.3457473851912,487.40372042158936,487.40372042158936,2022,non-indigenous
At most primary school,24,28,28778,17.48524661643652,1980.2116373618737,5.543296962957815,30.465112238515534,11.93098894989228,279.1107390245555,279.6028544021535,278.69976285915914,276.491009176134,2022,non-indigenous
At most primary school,25,26,29581,20.698719227134138,1970.737297589669,44.54886582603698,0,0,496.18861214865115,495.07978299567725,495.07978299567725,495.07978299567725,2022,non-indigenous
At most primary school,26,22,23590,17.712195525940597,1599.8197329376856,72.67486222975838,14.618906316235693,0,276.3855817065193,287.2893046285168,292.68662547859327,292.68662547859327,2022,non-indigenous
At most primary school,27,27,21946,22.186689080603845,1906.2124507123547,11.81080834776269,126.56064886539689,0,245.25105988511538,244.00541641673522,305.1468030467111,305.1468030467111,2022,non-indigenous
At most primary school,28,31,23370,25.109018149800214,2174.66595350164,49.57851946940522,82.99743260590502,127.87334189131364,399.84023622282365,396.2406824257378,405.77667502191304,404.08154927408503,2022,non-indigenous
At most primary school,29,33,38907,28.1753230827154,2407.227062825027,31.200041123705248,67.54954121366335,0,807.4125162110453,807.7898603705621,806.8529095568459,806.8529095568459,2022,non-indigenous
At most primary school,30,40,31787,29.796186020695632,2150.172240223991,56.815679365778465,24.641624982959492,51.87655330795608,254.15876901313118,259.03385564690944,255.0562738416659,255.44199688544475,2022,non-indigenous
At most primary school,31,37,30728,29.33704157240406,2704.181842836067,2.0502473314241083,145.3731547774017,67.49869825566259,569.0731658993162,569.0152877512814,581.6019820207251,582.2792436105212,2022,non-indigenous
At most primary school,32,49,49500,28.530220830720854,2377.3517373737373,23.452525252525252,1.1939814814814815,223.11563636363636,423.30193335110096,422.7520525614361,422.54036605757426,465.7086733392277,2022,non-indigenous
At most primary school,33,49,44588,39.32074042596047,2030.122903023235,39.59473400915044,225.52555246553632,0,238.05149865742987,235.17520816619367,297.3674919901238,297.3674919901238,2022,non-indigenous
At most primary school,34,55,53020,42.01620228420844,2152.688900414938,36.91361750282912,231.65511442223064,3.6665409279517163,266.8763487997098,266.0322453196985,288.2670037779412,288.89487087261307,2022,non-indigenous
At most primary school,35,44,47995,24.813648801493947,2387.342362051603,1.8751953328471715,50.489247143799695,17.472653401395977,406.4262974009927,406.7194083939814,414.53851941641875,410.8075297975851,2022,non-indigenous
At most primary school,36,51,46932,28.038285520985553,2583.9537202761444,28.093837893121965,77.67710020171027,54.768246256995944,319.33514822108054,327.92583766559983,325.9302827516054,333.34390263487256,2022,non-indigenous
At most primary school,37,36,34501,26.818427924479447,1883.2937209549482,67.23863076432568,95.36341941779465,172.40079997681227,339.91915788837315,337.54098230235564,335.4380602160468,388.27058312795305,2022,non-indigenous
At most primary school,38,50,40897,37.94437777809892,1891.3169647325394,10.14744357776854,18.634822440113783,36.15790889307284,278.2239956929826,278.79993067160177,278.6726605578145,284.4771831047542,2022,non-indigenous
At most primary school,39,39,33880,29.42055882366812,2009.6082251082253,91.04752066115702,55.493900039354585,0,333.28719415824344,348.4200985248659,355.69291806938105,355.69291806938105,2022,non-indigenous
At most primary school,40,65,54278,46.99819307253222,2514.9177690162987,61.66365746711375,70.48366741589594,105.89079676234694,381.7537494528276,379.1003163513125,385.53193993476555,389.7279274738971,2022,non-indigenous
At most primary school,41,32,29898,14.789531473731499,2050.989032042277,126.34958860124424,22.107666064619707,91.98274132048967,319.23466654854377,333.87278260579757,327.7033092636058,307.56447032862224,2022,non-indigenous
At most primary school,42,60,59424,45.71957447688926,2481.9717757135168,5.203284868066774,79.65377344731645,330.1982364028002,335.82781508905435,335.1395183218961,334.80236139122024,405.7372705935815,2022,non-indigenous
At most primary school,43,46,37087,35.22131857805129,2408.015454651675,47.976379863564055,12.696272728089808,0,387.7119308465811,389.87599750038294,389.14839991574814,389.14839991574814,2022,non-indigenous
At most primary school,44,49,36281,39.488857727927304,2701.9900085444174,60.566136545299194,65.47377874553256,64.88244535707395,333.34917534002693,330.54615190012623,325.98721429380225,320.92487810916316,2022,non-indigenous
At most primary school,45,37,24691,27.838749543418746,1782.0961078935645,21.27495848689806,63.21905417628556,14.920416346037017,268.5140014120921,265.60769356607693,292.0569431907104,290.67545157499325,2022,non-indigenous
At most primary school,46,39,33144,29.93075500693337,2415.281850913187,43.87370263094376,256.5521663046102,0,319.08556917755993,319.5038385864549,352.9884580452904,352.9884580452904,2022,non-indigenous
At most primary school,47,46,42595,35.88433741435601,2392.754971240756,52.36342293696443,933.3881324099073,95.60981335837539,441.6264410422292,442.65331690322046,1144.1398682111274,1141.4301815107092,2022,non-indigenous
At most primary school,48,45,38682,35.726035813491734,2538.5655154852384,0,5.647760370887407,220.73057235923685,371.4430483699878,371.4430483699878,371.0766274568565,383.21968315306225,2022,non-indigenous
At most primary school,49,35,33006,25.290171438456976,4143.23112969359,43.00278737199297,1628.1039810943464,244.50857419863055,1207.9781841063955,1205.2053711466883,2460.2574855860794,2515.989743775073,2022,non-indigenous
At most primary school,50,58,47663,40.12669229168533,3044.987173838547,19.396177328325955,140.2610340655575,0,558.1242061289939,557.1352183698062,579.3049356930968,579.3049356930968,2022,non-indigenous
At most primary school,51,35,23952,26.930988773448266,2545.1834224003564,44.30110220440882,65.00501002004007,0,331.06055839907776,336.366087853819,351.0272624650029,351.0272624650029,2022,non-indigenous
At most primary school,52,54,41666,36.12122018404172,2336.0957775324405,0,52.072433158930544,98.64517832285317,357.7641603641008,357.7641603641008,363.9635845205179,368.00888553309824,2022,non-indigenous
At most primary school,53,32,27834,21.819596156482746,4330.399679049604,0,23.33140224186247,26.77301142487605,1578.7525515559048,1578.7525515559048,1576.8071235916207,1576.1936207358738,2022,non-indigenous
At most primary school,54,30,22283,23.542710948378986,2803.971929273437,12.022618139388772,92.50190728357941,31.23457344163712,587.2548276135233,585.5632135029848,575.2513475595223,574.4098429388839,2022,non-indigenous
At most primary school,55,39,33666,29.034718353643214,2731.8619972672727,19.663755717935008,91.13596308837799,110.41406760529911,1014.3911061704077,1013.6924443930485,1093.7657997148783,1096.926247856868,2022,non-indigenous
At most primary school,56,35,38489,15.536745778922894,4003.881166653676,0,53.37357859821421,0,969.782895412279,969.782895412279,968.2416840340463,968.2416840340463,2022,non-indigenous
At most primary school,57,44,38775,34.556060191552426,2658.13748549323,31.387234042553192,112.04796905222437,130.8416075650118,991.8705818949256,991.4034238859156,989.2253276830286,993.449735964755,2022,non-indigenous
At most primary school,58,27,27596,21.53575832054734,2126.0533758515726,90.65516741556748,31.453833888969417,173.60269604290477,518.8865714129219,595.8855482564531,591.8502594004827,591.3915062425472,2022,non-indigenous
At most primary school,59,40,30952,27.299613062831042,2407.4361376755405,13.588782631170846,157.30712070302403,98.49760920134402,474.29453335699856,472.9152888306122,538.8871392547799,535.5880740550134,2022,non-indigenous
At most primary school,60,38,34064,29.859477997255933,2389.1010891263504,24.095819633630814,49.274038085173004,61.7445592609989,662.6257938856758,660.2259211136972,657.2158483413015,661.7866791821972,2022,non-indigenous
Secondary school or above,14,20,19626,16.50347323714031,413.712122694385,17.413634974014062,1.3629878732293896,176.70437175175786,91.04588639893718,91.64248135386993,91.287507872222,165.028689134647,2022,non-indigenous
Secondary school or above,15,30,26792,24.211295657037976,742.7517994177367,2.553000895789788,25.651313825022395,0,194.28755308069995,194.0700261541742,193.09059999731608,193.09059999731608,2022,non-indigenous
Secondary school or above,16,36,37018,24.902138774857484,1970.8848398076611,23.884596682694905,6.650503358726386,136.05543249230104,689.1028319586143,687.5287216593622,688.0501747939355,711.1283074135304,2022,non-indigenous
Secondary school or above,17,38,34357,30.077722784651854,1022.4940089840983,13.534359810227901,28.960619378874757,0,192.6976800338018,191.6023796235271,204.80960184399217,204.80960184399217,2022,non-indigenous
Secondary school or above,18,65,47442,48.239043376924315,1749.0126725264531,8.796003541166055,42.72901648328485,11.618397200792547,216.48444608316248,216.000392307526,219.34972022746962,221.45100182466527,2022,non-indigenous
Secondary school or above,19,93,71155,68.28934565097781,2139.0351158269505,14.03965989740707,16.176890825193823,91.95207645281428,188.46224091562416,188.81424095097316,190.603811500821,214.6131628341822,2022,non-indigenous
Secondary school or above,20,101,73305,76.2173144810419,2194.633469749676,94.4249369074415,9.954641566059614,66.16124411704523,137.61552308214226,161.68751461372773,166.40444622107475,173.39444547090886,2022,non-indigenous
Secondary school or above,21,92,72230,62.64866737359528,2794.3945888135127,29.908625224975772,66.71743043056901,14.113249342378513,308.20487065325017,311.314057941378,312.5793785423297,315.646672149993,2022,non-indigenous
Secondary school or above,22,145,105607,104.66223520049819,2845.226946761736,47.50997566449194,32.150015308328676,96.48555493480546,200.99843888831649,203.9201242437634,208.18854394766086,240.52240397639005,2022,non-indigenous
Secondary school or above,23,119,86925,78.26060602382134,3149.8282991467736,56.31521426517112,92.0287604256543,35.424791486914,199.58815410616478,204.05907378524518,217.55426554582723,220.7447639424066,2022,non-indigenous
Secondary school or above,24,89,64081,65.54227641081286,3700.1237834407493,21.2468594435168,194.11578054857654,30.58004712785381,357.50734086506304,356.15464801681145,381.9937930460536,391.6040700090343,2022,non-indigenous
Secondary school or above,25,125,81897,97.66399640616828,3397.3323646368817,47.376826989999635,35.8431932793631,40.941670635066,318.03583570515866,322.43454034795,322.4246279822856,326.9669388674203,2022,non-indigenous
Secondary school or above,26,110,82638,81.83064941361947,3413.6609657381186,27.888501657832958,46.02664633703623,28.037948643481208,304.0534169586934,307.06783585731284,313.67253473009595,315.92804819078157,2022,non-indigenous
Secondary school or above,27,127,82592,98.89274878452082,3611.497207154849,11.299399457574584,15.527109163115071,23.58521406431616,214.59047392644248,216.545936086377,217.3025885330925,217.17644508723612,2022,non-indigenous
Secondary school or above,28,124,84051,94.15749927165115,4498.15841461335,15.321864106316402,196.2075109159915,34.57722097298069,435.4546777785254,435.459876506011,489.97598354890846,488.66882271538464,2022,non-indigenous
Secondary school or above,29,106,71884,80.7903000159726,3696.2646529130266,94.89705636859385,36.65662734405431,7.4202882421679375,248.44271705311257,267.9985602626332,268.35255821120865,269.2757270486409,2022,non-indigenous
Secondary school or above,30,109,73105,78.69832304486647,3941.8708501470487,97.65788933725463,99.13108998472518,82.1941043704261,353.1200871169422,365.81277813743867,380.49632168105217,393.130221136767,2022,non-indigenous
Secondary school or above,31,98,72796,70.12554198758228,4027.386971811638,43.66792131435793,10.895859662618825,145.9198765499936,409.03740167371325,407.4143954035059,408.70419855555417,473.5960840352288,2022,non-indigenous
Secondary school or above,32,114,78491,87.82483995064173,4118.822173497599,8.284389293039967,26.95108079270235,132.2584754940057,301.7943094478911,301.7959327426125,304.43329995509646,315.0247896690733,2022,non-indigenous
Secondary school or above,33,118,81050,87.63376647493105,5069.041723421757,7.945095619987662,108.58634587703065,50.41455891425046,605.1215855262499,604.8601622946696,608.1464582288228,610.1460070480938,2022,non-indigenous
Secondary school or above,34,74,41656,61.85457887669082,5274.048080308559,19.57701171499904,67.70133154087446,3.9994238525062418,646.9340145749441,645.9991291805081,650.7260422826065,650.470640271121,2022,non-indigenous
Secondary school or above,35,92,70434,51.603817320044094,4760.264139004837,1.0215236959423006,43.17943038873271,37.61762785018599,628.69076176506,628.6599881003337,632.1553587637063,637.7240569609233,2022,non-indigenous
Secondary school or above,36,99,67661,72.64598600544589,4750.648812954779,27.570535463560986,88.51627968844682,35.87650197307163,468.68861399159647,468.39340254904886,482.72635520274326,483.9363499023449,2022,non-indigenous
Secondary school or above,37,67,48234,46.208976898796266,5970.439900623351,208.25496537711987,228.42807977775013,104.81749388398225,1171.7031198194538,1313.282148389126,1347.8370551833973,1344.47890774221,2022,non-indigenous
Secondary school or above,38,91,58195,67.92005339412248,6476.392794340866,7.980926196408626,809.6686427814532,58.621874731506146,1196.8616961004975,1196.8816118946897,1315.659342404418,1313.4572102093991,2022,non-indigenous
Secondary school or above,39,61,38932,47.94405354801666,5167.49691247988,61.27452994965581,32.573889516764275,297.7268057125244,648.5150223710406,646.8364184696962,646.0450343760006,745.8618626606122,2022,non-indigenous
Secondary school or above,40,99,60231,76.63839778814696,7330.152634579093,61.916621009114905,527.4013105100918,57.22966578672112,1299.8568225045929,1298.8672295329764,1514.8751542670093,1514.9843232685207,2022,non-indigenous
Secondary school or above,41,66,43413,49.1001674501196,4229.591799691337,21.032870338377904,47.587512189129214,69.2800159706386,569.7632379200883,571.1395988352032,574.4540714680601,573.7374600367854,2022,non-indigenous
Secondary school or above,42,89,51276,67.70725870585962,5250.45537873469,71.00787892971371,89.32541539901709,139.2074264763242,796.2529749343455,798.9973632337278,793.8504777060915,817.773633017259,2022,non-indigenous
Secondary school or above,43,77,43507,63.22325496417166,5401.17862259713,84.82543039051187,265.2223588541308,160.34793251660653,977.565868632181,1029.6031140474563,1036.5903187370227,1042.0935794879808,2022,non-indigenous
Secondary school or above,44,59,40102,45.07846870091789,4803.694416737319,76.5545359333699,2.355100743105082,720.4378833973368,734.8077822460906,733.8688628634002,733.8351434733634,923.2906604695448,2022,non-indigenous
Secondary school or above,45,53,35226,40.424675726861345,5888.440403868354,0,208.06553871193623,184.63634815193322,942.0094435888911,942.0094435888911,957.9198704996356,986.8947914590224,2022,non-indigenous
Secondary school or above,46,57,35612,36.764294064365245,4777.623600658953,11.658991351229922,157.4717323748549,37.86083342693474,640.0206001247872,639.1821856881153,638.6595137834084,636.5766929059004,2022,non-indigenous
Secondary school or above,47,42,24546,33.55871841641441,4923.310790624406,26.220158070561396,370.1730085010456,12.75971645074554,903.0333554838344,907.6135673183775,937.629048248145,936.5726318086167,2022,non-indigenous
Secondary school or above,48,60,42437,46.54474212494897,4074.6623347550485,16.846148408228668,60.613379833635754,47.85658741192827,533.4206973014228,533.2668488238395,536.0810845586368,554.1825857260599,2022,non-indigenous
Secondary school or above,49,46,29290,34.13754272146421,5522.156629111187,5.8415841584158414,113.67929896437919,12.782519631273471,824.3142935297204,823.5401850749166,854.9256888855564,853.4589063416286,2022,non-indigenous
Secondary school or above,50,51,33979,37.238197659175405,4400.312840283705,21.981223696989318,61.98534388887254,36.817593219341354,443.23038880002326,442.7675635373662,447.4402483511602,444.9544480101872,2022,non-indigenous
Secondary school or above,51,41,29338,16.796239954424163,6405.959120139977,2.904083441270707,55.85196673256527,19.009475765219168,1345.7437771968855,1345.2588385825695,1341.946127475481,1340.1910070902045,2022,non-indigenous
Secondary school or above,52,39,25609,32.91853919824175,6033.340609421167,31.703697918700456,117.5524229762974,38.076457495411766,1322.8124281954308,1324.6404631899284,1447.1067508258088,1444.2904250813458,2022,non-indigenous
Secondary school or above,53,40,31862,15.153284835834334,5367.984589793485,31.262318749607683,23.978406879668572,91.73937605925553,2203.2144471719726,2200.8399136554954,2199.8555011662825,2188.869809542,2022,non-indigenous
Secondary school or above,54,28,16677,25.054979959877414,4846.973876196757,0,335.9756950690572,138.46015470408346,733.5835057134344,733.5835057134344,737.0393185535198,775.5660374050638,2022,non-indigenous
Secondary school or above,55,31,18882,25.949004187737696,6375.529781449705,57.02785721851499,468.60431451470544,55.17424001694736,1275.4046538765679,1288.9652782021633,1491.660975839826,1486.9854822366187,2022,non-indigenous
Secondary school or above,56,38,23733,31.31565427197389,5534.796675515106,82.6191379092403,717.5981404233206,248.0512366746724,861.3670764682995,882.3138264444449,1121.7353310297628,1214.5029664553817,2022,non-indigenous
Secondary school or above,57,37,29010,14.696664054291487,5972.954555900264,0,78.47868551074343,108.89003791795932,1472.0585230381373,1472.0585230381373,1502.1460389283554,1478.350740793992,2022,non-indigenous
Secondary school or above,58,39,26354,29.16321159021863,6480.414813690521,36.47074447901647,236.83754521767727,0,1002.963056898069,1003.4949084827863,1041.6060620961553,1041.6060620961553,2022,non-indigenous
Secondary school or above,59,18,9823,15.352615883286722,3867.666361260986,0,305.10706165801355,0,1065.2112897242666,1065.2112897242666,1193.8254456607629,1193.8254456607629,2022,non-indigenous
Secondary school or above,60,33,19753,26.766263852061382,6566.270650871598,35.33640459677011,475.57972628630256,61.28183060800891,1495.471900123037,1527.0063286329737,1554.4881010165657,1551.4246172328021,2022,non-indigenous
At most primary school,14,76,77387,60.124204117630306,747.6664685283058,9.17867342060036,17.92333768376256,0,127.073685972753,127.1582786489625,127.48603880192546,127.48603880192546,2022,p99
At most primary school,15,60,60699,50.31567264211113,773.7293036129096,80.84251799864907,3.5997298143297254,0,241.59346386782843,250.42509911209916,250.23127663169944,250.23127663169944,2022,p99
At most primary school,16,51,57513,38.41431613736359,939.164432389199,22.455792603411403,2.699389703197538,0,149.26751554288074,152.05717770706244,151.61940460619036,151.61940460619036,2022,p99
At most primary school,17,46,50285,36.02033081143086,1064.510655927878,16.671174306453217,31.575022372476887,42.31878293725763,253.34913509238976,256.23323691848844,260.46774162037576,271.9643851158461,2022,p99
At most primary school,18,53,55186,44.46231434414182,1728.7548472438662,64.43971297068097,52.89838002391911,111.37607364186569,372.3098269229448,376.4408402901535,372.94258808829113,390.17923582038406,2022,p99
At most primary school,19,51,53677,41.25974467111574,1045.9405331892617,22.238388881643907,9.130229583123747,63.873726176947294,171.14500068355468,175.88736600209657,175.85918299714356,180.452159008427,2022,p99
At most primary school,20,72,77408,53.50800675372662,1491.8286266708005,25.85908433236875,7.251349989665151,0,273.1854111258912,272.9017159194829,274.8283302869868,274.8283302869868,2022,p99
At most primary school,21,44,45562,33.77752756854782,2114.62701373952,82.01439796321496,43.05119763545645,0,465.5641835009207,477.665503714613,476.84737321899814,476.84737321899814,2022,p99
At most primary school,22,72,65495,55.83056799508197,1589.6672392294577,51.636002748301394,13.539774028551799,19.375524849225133,182.8996454316692,185.67039144312403,185.47827279362835,186.4956517318077,2022,p99
At most primary school,23,60,68690,50.33626275450168,2137.3325326345416,55.11937691075848,39.741107390692484,0,457.04177804502865,455.94332644987827,456.53937850409653,456.53937850409653,2022,p99
At most primary school,24,49,50304,33.272368861702894,1682.174787293257,3.1712189885496183,18.97595949957591,6.825500954198473,235.37802104935966,235.67343358926286,235.87563515296588,235.39747649961356,2022,p99
At most primary school,25,65,70251,50.93300211008761,1773.5487324023857,80.73621727804587,5.103486071372649,5.893154545842764,340.43011044902585,346.57045328504694,346.1281336972243,346.68608772675674,2022,p99
At most primary school,26,50,55454,41.74456850235126,1389.5045593344632,34.03181014895228,10.10011300657602,14.60670104951852,176.49032320537225,180.06929980365635,181.60068955300304,186.58410463280188,2022,p99
At most primary school,27,56,56175,42.71863002211977,2244.982141106661,36.36564307966177,90.32487761459724,0,403.92996430729744,403.54791108353083,411.0270775186216,411.0270775186216,2022,p99
At most primary school,28,72,70368,52.570802191565114,2222.0032306351372,29.767081628012733,69.59703511065636,77.91515082613309,362.71313678451287,361.81536740489526,362.5041073391423,358.8468616016184,2022,p99
At most primary school,29,60,69345,48.4306797515629,2014.797654240873,73.6102098204629,60.566731559593336,30.22568317831134,476.50969799584317,479.05065260113827,478.32861374255424,476.5969718281933,2022,p99
At most primary school,30,93,82039,69.61368991613824,2604.326417923183,33.35121100939797,29.337576234067534,78.74059898341032,419.6853758043528,419.3776508564365,418.2342138020421,417.38772477508894,2022,p99
At most primary school,31,65,57402,52.03624229111039,2606.231310175023,21.66161457788927,106.88239318026086,66.54994599491307,375.93609725221444,376.7297265462711,382.75958160630086,383.7204213020601,2022,p99
At most primary school,32,89,87218,59.89765484498844,2070.0086564699945,15.893508220780115,22.16182917134842,126.6278061867963,256.219512583194,256.07708362567666,256.1742884481665,277.97248987065876,2022,p99
At most primary school,33,88,84246,67.42103270980762,2349.425313961494,27.001519359969613,146.85395547958757,26.411540805102522,315.9343635736267,314.64610384429005,329.6373295772313,327.9595916631346,2022,p99
At most primary school,34,84,86233,62.589392866171515,2418.140180286742,26.247492259343872,172.37044789504407,44.69750559530574,249.49014186416804,249.173890673941,263.02570133152403,263.5676907225283,2022,p99
At most primary school,35,79,83510,50.77572494135388,2264.2757434239415,1.0777152436833912,37.40128627310102,44.74434199497066,306.1895324136465,306.30525641995615,309.55659906401667,311.00659210914495,2022,p99
At most primary school,36,79,74416,48.83601487456891,2202.386072887551,23.458664803268114,56.00822851716477,39.01289149286892,236.72808452857083,241.48500947972764,241.58303788470946,246.18416714017127,2022,p99
At most primary school,37,71,73341,53.201788386027516,1964.3950859682852,86.54913349967958,47.10393913363603,279.2836203487817,296.8332058191826,297.1410658750801,296.6445819023468,366.5745831640323,2022,p99
At most primary school,38,108,101201,83.69951434035146,2529.2253031755286,14.19570952856197,20.976653722130546,123.43306884319325,365.6715869666371,365.97078085336256,366.2421502462468,375.60195565920696,2022,p99
At most primary school,39,69,63533,55.943097091708594,2087.3138369036565,74.27022177451089,33.0308658492437,50.90268049674972,275.87188498250435,281.05907048514035,283.1725163653565,279.15226034370875,2022,p99
At most primary school,40,125,120327,88.96404979324562,2792.8566046412416,30.11610029336724,65.47931193054481,72.03321504455913,318.97022738171967,317.82173730788094,320.9789955045698,322.1599076244505,2022,p99
At most primary school,41,61,55339,35.22915787228514,2277.509614918954,77.63060409476138,30.826737623255447,213.71425817837934,385.04879596639364,386.1078757593757,383.996331952695,503.76595340839896,2022,p99
At most primary school,42,96,95383,74.16432848668242,2316.149322206263,13.957413794911043,67.73206441399411,205.71485484834824,242.74923599225397,242.21261315174596,241.41125954624545,282.10424572144467,2022,p99
At most primary school,43,86,85788,61.19104766568469,2576.2253675727766,35.157597799226,18.315181027649555,31.389005455308435,306.4046177696738,307.5257423114754,306.1885318628188,307.14543798904145,2022,p99
At most primary school,44,75,67704,45.493389827665624,2618.21974329434,32.455984875339716,123.9202385875773,220.87321280869668,317.2400027441986,316.10329892394753,360.5826568203784,376.9342558870358,2022,p99
At most primary school,45,84,71156,67.92653049725237,2453.5209328798696,14.031142841081568,87.3079922986115,29.302752637397642,279.95082409200813,280.51967264698914,286.3757446086686,285.7018469966065,2022,p99
At most primary school,46,81,77803,56.697980939522694,2958.020029219096,22.01007673225968,130.7682865699266,21.315373443183425,509.5507646648273,509.0636548759616,512.6252984934932,511.10833690640976,2022,p99
At most primary school,47,73,72336,53.43352109334046,2601.3724977881,30.834162795841628,607.8985682555482,94.24767750497678,391.32471538472066,391.4818945268178,769.1813720592935,767.6598800117114,2022,p99
At most primary school,48,84,74357,69.42288843439553,2672.64662735183,30.974218970641633,59.93069471154924,114.82846268676789,440.1974463501394,439.9824427625037,439.34492042739595,441.4564475184982,2022,p99
At most primary school,49,64,59998,49.47524437314892,3790.5794359811994,23.656621887396245,928.7431803282332,286.76650332788876,865.4894645517703,864.627756390695,1434.4052020221839,1461.6865063058049,2022,p99
At most primary school,50,97,94922,67.2583905610046,3021.4526207482636,13.515096605634099,134.18371575258283,66.77596693425478,442.69902390385386,442.1891374986731,469.4707252640829,473.85244953211475,2022,p99
At most primary school,51,56,45715,41.56469579712647,2467.1082431003683,23.211199825002733,72.45831054723104,0,350.58696140293915,352.4182725382603,362.6561376608524,362.6561376608524,2022,p99
At most primary school,52,94,79635,70.13300434461384,2377.779703229317,0,40.38707854586551,60.412507063477115,305.13252643604346,305.13252643604346,307.689434585744,308.6722085171812,2022,p99
At most primary school,53,62,56793,45.87653434242669,3531.632501658068,0,29.512596916286633,97.05186672066394,816.3847733063881,816.3847733063881,816.6652131889363,815.857346654538,2022,p99
At most primary school,54,50,42368,40.24102332796801,2235.161792705186,9.528417673716012,82.6857927366566,34.27114803625378,405.7345635051626,404.8912512783998,402.4094387157985,401.5810750635674,2022,p99
At most primary school,55,71,59965,56.035122702586854,2048.1921843297478,22.566497123321938,30.2326634981517,80.892187109147,208.53350874482715,208.05087756412212,205.97226209727873,223.96791469734612,2022,p99
At most primary school,56,55,59795,29.15987322218431,3277.7057818100734,0,107.69908019065139,0,647.8227798084529,647.8227798084529,640.6306879178882,640.6306879178882,2022,p99
At most primary school,57,54,49250,41.92844403517176,2111.7092165820645,24.711472081218275,99.12338409475466,215.94686971235197,389.17656057830203,389.2611107005982,388.4686450089191,483.0784635780612,2022,p99
At most primary school,58,45,43946,35.31658984889133,2004.0126282255494,65.5012970463751,30.093941048862998,172.73183755821537,337.9152634460732,384.61008933915843,382.8729273068157,384.0580831993835,2022,p99
At most primary school,59,55,42091,39.50361064074924,2237.738788181163,23.48720629113112,120.15477378378591,72.43111353971157,353.82348289362824,353.7108989385236,399.9340349644633,398.69385188622397,2022,p99
At most primary school,60,68,59533,53.96023955924495,3088.3838571324586,13.787311239144676,41.186190852132434,43.916259329559516,496.55688368913366,495.19437061066014,492.54360976018205,495.19515522678057,2022,p99
Secondary school or above,14,32,32819,22.366280218028955,672.9734032115543,11.580486913068649,7.448429263536367,288.19129162984854,166.74660265820816,166.04636922930268,164.99237913154775,224.36574617256977,2022,p99
Secondary school or above,15,44,39581,33.33892000413434,621.8060738738284,6.134256335110281,17.363128773906674,0,146.77073631741808,148.49767695874877,148.31659009985117,148.31659009985117,2022,p99
Secondary school or above,16,55,53897,39.519166013191864,1507.5131732749503,16.404623633968495,4.56775578108862,93.4467595599013,466.03912590855487,465.4747945374593,465.9231823133615,482.9538841928774,2022,p99
Secondary school or above,17,65,56999,53.424248639027475,920.8385527231471,87.25240793698136,17.45644660432639,6.42291970034562,125.33532630988921,140.86049068233544,147.01871445925758,147.00724805446842,2022,p99
Secondary school or above,18,105,88880,81.02047932458701,1318.2862197344734,12.547254725472547,22.807718271827184,6.2016201620162015,148.10860907931422,149.14651574507192,151.50321808339314,152.6917860270912,2022,p99
Secondary school or above,19,136,113410,103.5149359835829,2166.4566543220762,25.39671986597302,14.54861417276548,100.14839961202716,227.3042077282812,228.61543745672793,229.6490579902633,245.35705281357096,2022,p99
Secondary school or above,20,143,111428,110.0981216387736,2440.3434983427264,62.11921599597947,9.175177394072106,53.89309688767635,270.70524542555984,276.2024109995311,277.288136865679,278.83404319107683,2022,p99
Secondary school or above,21,128,107316,92.8478667068348,2376.2839292370195,53.41738417384174,55.06324002633966,19.652241976965225,224.0620099786629,226.01093320059857,227.3649485454613,229.52811995787695,2022,p99
Secondary school or above,22,202,160829,145.32405409475368,2524.446941575628,54.05695490241188,42.97110595725895,80.48019946651412,165.65484782458793,169.64441026159065,174.1353004006762,194.463929555235,2022,p99
Secondary school or above,23,155,117997,107.04192315898038,2831.038599032179,46.91475206996788,75.77254788963562,36.089900590692984,178.4055364758435,181.6852766632162,192.12467412142192,193.47407006268716,2022,p99
Secondary school or above,24,131,104547,95.77926140361465,3200.068857387905,23.711058184357274,142.67055327587912,18.74372291887859,300.22967634944996,299.62063528313956,313.7925850002885,319.04296405588315,2022,p99
Secondary school or above,25,158,106158,126.63120127665857,3151.2554415745085,41.440305959042185,31.840746811356656,31.584995949433864,233.3745596272567,237.03048068599168,237.18485512947083,241.1195901954696,2022,p99
Secondary school or above,26,137,110018,99.5434009170326,3039.710840226145,20.997018669672237,40.943527422785365,21.060190150702613,229.85875499327236,232.65630786884645,238.1578037809397,240.3341842222482,2022,p99
Secondary school or above,27,165,110183,127.6589954508334,3356.985920393043,17.264369276567166,14.877506814420856,17.67922456277284,182.08954480338033,184.004070577059,184.34933300931604,184.45410023804877,2022,p99
Secondary school or above,28,157,116708,116.98846236663778,3784.8940138922208,24.867344140932925,68.3993742217043,226.21799705247284,338.9491502500471,339.73656706739456,338.7667522807397,358.4573808517872,2022,p99
Secondary school or above,29,131,92625,99.21577570951517,3595.1097253441294,88.36642375168691,69.47287449392712,46.174358974358974,224.04195383063148,232.79511099154044,230.77056950960736,233.49986491576908,2022,p99
Secondary school or above,30,147,105565,104.04010313591871,3381.740234294826,96.74778572443518,74.71489919323008,96.18528868469663,271.9886440070205,283.0170145579528,294.4690962858537,306.0856701348741,2022,p99
Secondary school or above,31,130,103531,89.397057600569525,3843.448374560921,34.408534641798106,38.75835901002276,111.98948463101229,356.5488653318577,355.4788130878179,356.8155178415662,398.85514642321306,2022,p99
Secondary school or above,32,136,95968,103.68168719044316,3974.9770493289434,16.92908052684228,34.354687143978545,114.94143881293765,261.28951866253107,261.19984845623827,263.2808254068285,272.30589511883636,2022,p99
Secondary school or above,33,135,93564,102.6400293978724,4649.476062908811,17.155636783378224,96.70304105567669,62.396862040955924,439.63638474810915,439.94744995919154,444.1484918346218,447.71844674666056,2022,p99
Secondary school or above,34,90,60355,58.43406682559212,4769.042901720376,89.14920056333361,161.09684367492338,2.7603346864385716,569.2071705444686,595.9108606744046,638.5122209328365,638.3476840237308,2022,p99
Secondary school or above,35,119,90902,71.77970797018078,4691.915229587908,0.7915117379155574,53.41063269601696,9.708917295549053,571.295234654259,571.2778147148091,574.5343543230039,573.8127973676366,2022,p99
Secondary school or above,36,113,79059,83.7015751642049,4011.9189592582757,23.59566905728633,61.66048984513676,30.704157654409997,349.2259016736628,349.5372585438836,356.7614954121193,358.7747406861124,2022,p99
Secondary school or above,37,87,63376,63.1654538029386,4375.689901014054,5.729771522342843,176.57052091222755,96.08159240090886,452.49674136825564,452.45192544879455,515.9753677524544,517.6560636386623,2022,p99
Secondary school or above,38,115,79791,78.88144281863777,4387.336650332327,36.563647529169955,651.8682140425194,97.17887982353899,395.9064322462153,397.830119858051,572.1457417536479,570.5634039556436,2022,p99
Secondary school or above,39,79,55022,63.12706967351386,4571.562784401391,43.3561121006143,35.15866380720439,250.28352295445458,504.8053807325475,504.4900412836506,504.1623222774628,575.0720449089005,2022,p99
Secondary school or above,40,107,66529,85.79358285838684,5123.596576931363,56.05525409971591,218.51736335532874,69.42175592598716,630.6985243365618,631.3676177814574,637.9276949533853,639.0305391662458,2022,p99
Secondary school or above,41,76,51884,56.540710054593056,4213.952948885976,17.59887441215018,59.92855857939505,69.84144116362141,346.02881809539,347.6849689984621,351.9212043275049,358.12926063216514,2022,p99
Secondary school or above,42,100,61390,77.92441295009303,4219.818917304664,59.30933376771461,99.40245425422164,116.2730086333279,398.0117553773052,403.95873671869714,397.23862693308087,434.60290420119827,2022,p99
Secondary school or above,43,94,59597,71.22656356769961,4348.004541615629,18.58986190580063,322.1307979708151,117.05719247613135,380.4973872924261,379.9053481689429,408.9875137360774,422.23734392713993,2022,p99
Secondary school or above,44,64,44861,48.92779627867967,4636.344229954749,67.3388912418359,1.2973406745279865,644.011502195671,418.89323737031964,418.2947161664638,418.20544745102353,662.4218406554486,2022,p99
Secondary school or above,45,60,43098,41.46647721747399,5471.895099540582,0,187.41550265286864,363.1560629263539,864.9688778589638,864.9688778589638,880.3136018751375,908.2325550286373,2022,p99
Secondary school or above,46,65,41883,42.32063454642137,4514.536486561771,9.913329990688347,158.5181736424484,32.19205883055177,568.8075917629661,568.2248110120887,566.338388183265,564.9777789781077,2022,p99
Secondary school or above,47,49,32162,33.0182086985844,4823.206838297784,20.0111933337479,298.1448085732645,9.738200360674087,696.8294912817875,701.5244229692591,732.7292385599446,731.7547023073575,2022,p99
Secondary school or above,48,68,48737,53.10081915104733,3747.066817818085,14.668526991813202,91.46370656106586,28.222705541990685,304.0185409036078,304.117470544776,316.9807842322897,329.12429712159076,2022,p99
Secondary school or above,49,54,34643,40.45978523641165,4423.199713265787,4.938948705366164,148.2367770304727,10.807378113904685,603.8982765282628,603.3760264335042,643.4958701294167,642.5665949353455,2022,p99
Secondary school or above,50,58,41687,43.232149826821974,4201.232518530956,159.54374265358504,53.18524560014712,30.009955141890757,396.666591970567,430.6567288481844,433.7190317988694,432.0479764897575,2022,p99
Secondary school or above,51,46,33629,20.14942089126673,4988.133614836402,2.5335276100984268,48.725356091468676,33.68223854411371,725.7711468815075,725.38256397806515,725.9538335794998,729.6980737366957,2022,p99
Secondary school or above,52,45,31131,37.83042998825161,4860.899735526217,21.884937843307313,85.75874262525029,165.72227040570493,431.0148583629574,430.40977949491355,426.0340421531197,466.93660828006347,2022,p99
Secondary school or above,53,41,32085,15.353057746906565,3962.721676796011,31.04503662147421,33.990961508493065,91.10176094748324,710.4601024713553,707.5257749371181,706.5724152266872,685.3842420203056,2022,p99
Secondary school or above,54,31,18152,27.56370564770735,5021.625716174526,0,308.67489349199354,127.20912296165712,700.1645425681176,700.1645425681176,700.5118937794512,733.3780760168169,2022,p99
Secondary school or above,55,34,21754,28.35885129387163,4588.234500934694,126.57901995035395,162.2469430909258,47.890043210444055,763.5699753570482,777.4962326659489,762.3402508777732,759.7619838637394,2022,p99
Secondary school or above,56,37,23494,30.47921826438189,4980.87793337306,46.94390057035839,326.4914446241594,58.993785647399335,747.9378828119533,749.3998625788603,842.0091890002296,835.1271266140631,2022,p99
Secondary school or above,57,37,29162,14.751538038319483,4791.534656973687,0,78.06963399858265,204.63502731865668,1002.1680470169308,1002.1680470169308,1051.8660104572962,1029.3422679973185,2022,p99
Secondary school or above,58,40,28368,30.12390915745124,5649.391462210942,33.881486181613084,251.16739518706524,0,781.0657370777022,782.9169332290736,827.4332109525312,827.4332109525312,2022,p99
Secondary school or above,59,21,10771,17.539170751449333,3672.7450252220465,0,446.4828397239501,0,964.0737557159375,964.0737557159375,1070.202211607525,1070.202211607525,2022,p99
Secondary school or above,60,36,21411,28.909124394495908,6099.876737813896,0,719.293493998412,56.53635981504834,885.5083661415474,885.5083661415474,1027.1184371366226,1023.6811587961116,2022,p99
At most primary school,14,75,75977,59.13350424277054,761.5418481908998,9.349013517248641,18.255963427528506,0,128.63095509223356,128.70008130992412,129.00094841270757,129.00094841270757,2022,p90
At most primary school,15,58,57998,48.45767209883327,809.7623193903238,84.60740025518122,3.7673712886651263,0,250.723599244661,259.7169041590888,259.50145420139154,259.50145420139154,2022,p90
At most primary school,16,51,57513,38.41431613736359,939.164432389199,22.455792603411403,2.699389703197538,0,149.26751554288074,152.05717770706244,151.61940460619036,151.61940460619036,2022,p90
At most primary school,17,44,48493,34.285829223762974,1088.175991036507,17.287237333223352,32.74183902831337,43.88262223413689,263.3948483212145,266.37446778329036,270.7277115377794,282.6702555643676,2022,p90
At most primary school,18,49,51643,41.17368983385263,1259.6298627113065,15.4313266076719,56.52750614797746,119.01709815463857,181.30841847795932,182.20770289006643,177.82559609098266,223.28125363425764,2022,p90
At most primary school,19,49,52878,40.23155659393508,955.1262654916347,20.766481334392374,9.268189669301663,64.83887439010553,118.21261175619917,122.61430036330341,122.74979115339423,130.672504131396,2022,p90
At most primary school,20,69,74179,51.21742225259522,1433.8892453839137,26.984726135429163,7.56700009436633,0,260.71860083574234,260.5125949745335,262.74572498353916,262.74572498353916,2022,p90
At most primary school,21,43,45263,33.38421615572563,2105.4754656120895,82.55617170757573,43.33558682956646,0,469.5078212156661,481.78018099534086,480.977320903873,480.977320903873,2022,p90
At most primary school,22,65,61614,51.0811613606214,1472.011966977202,47.23277177264907,14.392629921771025,20.595968448729185,159.8530784178835,161.5196136346791,161.47913888611325,163.1414351035176,2022,p90
At most primary school,23,56,65598,47.26688801670418,1571.6999247944552,57.71746089819811,41.61432767259164,0,208.6070676716024,209.29668263307715,213.1280252985388,213.1280252985388,2022,p90
At most primary school,24,49,50304,33.272368861702894,1682.174787293257,3.1712189885496183,18.97595949957591,6.825500954198473,235.37802104935966,235.67343358926286,235.87563515296588,235.39747649961356,2022,p90
At most primary school,25,60,66801,47.29713214817831,1486.8599571862696,84.90591458211703,5.367060373347704,0,167.4905753894698,184.0697213151132,183.3019682117809,183.3019682117809,2022,p90
At most primary school,26,50,55454,41.74456850235126,1389.5045593344632,34.03181014895228,10.10011300657602,14.60670104951852,176.49032320537225,180.06929980365635,181.60068955300304,186.58410463280188,2022,p90
At most primary school,27,53,53480,40.185420173915226,1765.7193675517328,38.19820493642483,94.87658937920718,0,239.09620746648702,240.32185271841124,258.5895386130173,258.5895386130173,2022,p90
At most primary school,28,71,69318,51.61781945029914,2025.4179770526175,30.21798089962203,70.65126181751734,79.09537686219068,291.3790062434178,290.6259247298151,292.44732127253667,288.7987451919406,2022,p90
At most primary school,29,59,68142,47.45660079818275,1609.009763924354,74.90974729241877,61.63599542132606,30.759296762642713,177.7640727549172,188.22677506963504,189.16391308672854,186.00747565473634,2022,p90
At most primary school,30,91,79837,67.82819904289076,2206.243157934291,34.27107732003958,30.146741694535947,80.91235893132257,303.91278361839557,304.1354803529546,303.0608608316177,303.40856121602576,2022,p90
At most primary school,31,64,56570,51.09731416337537,2585.7325378586997,21.98020152024041,108.4543597902304,67.52872547286547,381.4650317522187,382.2968758827412,388.547206810874,389.58834724971996,2022,p90
At most primary school,32,86,85268,57.987783617968525,1983.3702561336022,16.256977998780314,22.66864963018561,129.52366655720786,235.8673230465574,235.8083660043173,236.06494838779673,261.5698822720292,2022,p90
At most primary school,33,86,82581,65.64706333368876,2166.005315992783,27.545924607355204,149.81482826961812,26.944050891447997,232.6906143369868,231.1915404278828,253.79910819336723,251.80812703110536,2022,p90
At most primary school,34,81,84458,60.88026098283801,2298.770775612336,26.799119088777854,165.9229538153086,43.335148831371804,225.27900235474294,225.14798497169048,236.97063553291497,237.69283152409986,2022,p90
At most primary school,35,74,78454,47.57272114525305,2059.208801760692,1.1471690417314604,34.73476708219678,47.62790934815306,279.5827750490437,279.7450015326528,281.6026786871834,284.15758108180364,2022,p90
At most primary school,36,78,73723,48.13453743463022,2157.2882546830706,23.679177461579155,56.534708752130726,39.37961468379385,229.72889948923023,234.84239160911108,235.17330405195705,240.1653076659979,2022,p90
At most primary school,37,68,69499,50.29750709311322,1749.3302061900172,91.33368825450727,49.70790946632326,120.90735118490913,227.18871122765205,229.36234983151854,229.56283090190502,248.54079437250215,2022,p90
At most primary school,38,103,97278,79.43170772665533,2036.9685839209963,14.768190135487982,21.44609606831281,128.4108431505582,205.71267510326868,206.7440376251722,207.62747471145659,228.74894333652253,2022,p90
At most primary school,39,67,61629,54.381776924035236,1976.4674098232974,76.56476658715864,34.05133946680946,52.47529572117023,267.973467909337,274.20744112289304,276.7540888666664,272.7709555822373,2022,p90
At most primary school,40,118,114590,83.61229061950205,2420.4371818366935,31.623876429007765,66.46678738691567,75.63959042382989,256.4099670907909,255.36817107964748,259.6474946598169,262.56447153461875,2022,p90
At most primary school,41,59,53087,33.45831416433763,1900.4446395539396,80.92376664720176,32.13443655383301,67.84586308010121,228.06418723407089,234.0577709798534,231.80651479621295,223.7314152924112,2022,p90
At most primary school,42,92,92393,71.20112994923302,2156.5580812399207,14.40910025651294,69.92399315965496,212.37214940525797,217.54187912899502,217.04811981575284,216.81268855576945,266.1923022209352,2022,p90
At most primary school,43,83,80619,63.740583721581444,2196.956323364633,37.411776380257756,19.489484488768156,33.40155546459271,231.2938085365396,233.7743636400386,232.47907591638003,234.61624092950714,2022,p90
At most primary school,44,68,63368,41.37787541984004,2346.1759010857213,34.6768084837773,43.39565448386147,235.9866178512814,279.0028216543581,278.3169944789609,277.53811543907534,308.5973141571995,2022,p90
At most primary school,45,80,67660,64.42141746955927,2281.6307345551286,14.756133609222584,91.81920632574638,30.816829244260518,263.37587872984176,264.1978402434406,271.9813401274342,271.4907377892053,2022,p90
At most primary school,46,79,75933,55.001855621586444,2988.9683317310437,22.552118314830178,133.98871373447645,21.840306586069296,520.6303176581716,520.1014206453145,523.6285368410565,522.0319612333985,2022,p90
At most primary school,47,67,65126,48.20290932923246,2202.846497558579,28.70620028867119,86.41122593127169,104.68169394711789,341.24246555569334,342.4387303327181,349.8073573329188,351.4927461799978,2022,p90
At most primary school,48,76,67042,62.810973314331136,2012.570258494675,34.3538378926643,52.21254338076629,127.35747740222547,230.8678026851169,231.94707974874018,235.15096504540364,245.54336871007177,2022,p90
At most primary school,49,58,53704,44.32391446183548,2328.4985289736333,26.429130046179054,25.91799493520036,269.2614454540941,384.9385803437646,384.83274100430276,382.7191762099335,395.7995932978871,2022,p90
At most primary school,50,90,91652,63.633148367368754,2615.6344178704953,13.997294112512547,113.4885581693071,68.21818763729469,286.241807200953,285.6944383681717,307.71149457949633,316.02524455682243,2022,p90
At most primary school,51,53,41465,41.22090049410767,2333.8770850918445,25.590256843120706,78.3698701716307,0,294.98100318645544,297.67989961115865,312.1076528955897,312.1076528955897,2022,p90
At most primary school,52,91,77474,67.5680254642615,2251.1795785252684,0,38.53970364251233,62.09760693910215,296.6858689314295,296.6858689314295,298.83709133008097,300.31368595451517,2022,p90
At most primary school,53,56,51247,40.88605853683005,2266.229333749618,0,32.706478753227834,107.55491378357108,282.35723156708957,282.35723156708957,287.00048639851747,295.8102908537376,2022,p90
At most primary school,54,46,38288,36.904919513205904,2201.352325358685,10.54377350605934,91.4968571528068,37.92310906811534,423.9063123791446,422.9531622497694,420.25110743138623,419.34753788249526,2022,p90
At most primary school,55,64,54102,50.12410877672591,1769.9871415720922,25.012014343277514,33.50895838724385,60.607740933791725,164.376671342168,164.47518647849947,162.34970315838302,173.48047726288058,2022,p90
At most primary school,56,50,44592,40.40053016024966,2124.1953090987918,0,144.41753005023324,0,299.9410335610197,299.9410335610197,299.0069405450251,299.0069405450251,2022,p90
At most primary school,57,49,45892,38.297781576141126,1832.6651032133416,26.519654841802492,84.11763851361167,137.46586187861354,264.1262070892974,265.0201706044463,269.99053921889896,350.6845291027854,2022,p90
At most primary school,58,43,42026,33.57858108255836,1665.5056631609004,10.244134583353162,31.468812957058326,180.62326496295944,212.07141553098697,215.49989281548554,213.84819139004546,225.9191360147264,2022,p90
At most primary school,59,48,35318,34.115518296623684,1517.3687166128698,27.991392491081037,41.13241359457878,86.32136587575741,193.07349403745877,195.9106814188455,201.29554109343593,207.97903012250006,2022,p90
At most primary school,60,60,52780,47.15789124424837,2067.308756473412,15.55134520651762,46.455807123910574,40.57408109132247,229.38816862320633,227.06296201247935,224.08834663966275,223.89234699168,2022,p90
Secondary school or above,14,32,32819,22.366280218028955,672.9734032115543,11.580486913068649,7.448429263536367,288.19129162984854,166.74660265820816,166.04636922930268,164.99237913154775,224.36574617256977,2022,p90
Secondary school or above,15,41,35968,30.97992686737644,671.555444005783,6.750444839857651,19.107262010676155,0,156.00787139738432,157.86449372264678,157.45502494501076,157.45502494501076,2022,p90
Secondary school or above,16,54,52101,38.62419420527426,1456.0649027849754,16.9701157367421,4.725213207679955,96.66801021093644,477.40201365135044,476.86696171734104,477.34385974449947,495.2012692996871,2022,p90
Secondary school or above,17,64,56429,52.642335121185184,930.1401170792795,88.13376100941005,17.63277747257616,6.487798826844353,126.25506520427632,141.9322859559177,148.17424014966167,148.1537626974985,2022,p90
Secondary school or above,18,100,85322,77.26635451804331,1255.270768891181,13.07048592391177,23.65568083261058,2.0533977168842736,136.22569395096266,137.53602391740623,140.4730922361819,140.46867929998587,2022,p90
Secondary school or above,19,123,105138,93.86998257299462,1864.2788446295979,22.58405143715878,8.446280127071088,100.74216743708268,151.73506745402028,153.99700322264272,154.28989274385924,180.24690066143702,2022,p90
Secondary school or above,20,126,99939,96.91920532840977,1961.13024278143,28.872612293499035,5.107031956159924,60.088654078988185,135.86354473297118,141.3422279394584,141.82281066608076,147.80809482835573,2022,p90
Secondary school or above,21,113,98908,82.550182420112165,2061.063532103908,42.22752456828568,53.04424313503458,21.32284547256036,178.36035832622295,179.1504397572577,182.30901387784422,186.05282473163692,2022,p90
Secondary school or above,22,174,143053,124.3524380296737,2267.386002623736,36.65296079075588,42.09279078383536,49.02763311499933,144.77134888289214,147.49922112419313,152.39216402849718,156.46354795911955,2022,p90
Secondary school or above,23,135,100318,100.75141043649423,2619.765656877795,48.109013337586475,78.08103563999813,29.411471520564604,174.8546731860953,178.8938650121182,190.2083459823973,189.19438050068422,2022,p90
Secondary school or above,24,107,87678,78.50020363772002,2456.660342389197,28.27299892789525,169.80061512960302,0,190.12067780156406,190.14170933353012,228.02335548052466,228.02335548052466,2022,p90
Secondary school or above,25,129,86136,102.98036211105307,2698.9074022476084,37.497910281415436,23.2521825949661,22.348379307142192,201.44018545987177,208.58265962152169,207.37023143789375,206.1870373944165,2022,p90
Secondary school or above,26,120,97743,86.53464215208058,2666.5604123739467,22.616964897742037,43.838007154817575,23.705022354542013,178.20966230588851,183.2938783642396,193.41458276593866,197.3910536736869,2022,p90
Secondary school or above,27,141,96270,108.82090362590243,3011.9934784114125,8.382673730133998,7.953741213946885,16.538381634984937,158.2130332046898,158.9421931767465,158.39561344380394,158.06477319474874,2022,p90
Secondary school or above,28,127,97181,95.20723175192083,2822.671627238521,27.067204494705756,69.39135050404228,268.63532995132795,190.08118584800187,193.45713523963022,192.38408782258472,250.78834609888673,2022,p90
Secondary school or above,29,108,74530,82.22631708309666,3326.65353070352,106.99637729773245,81.98007513752852,50.22809606869717,228.7872315834708,242.84281490614725,240.16938011214543,243.7139088837701,2022,p90
Secondary school or above,30,128,93904,90.7907804264842,2869.5063096353724,67.71734963366843,47.94234892372353,88.96106662123019,203.61477402761903,208.01165728131696,208.6897338217275,217.60383607796552,2022,p90
Secondary school or above,31,103,85993,69.71986811107338,3095.5002112575053,40.55737094879816,30.543086840401735,18.734664449431932,308.250794489083,307.772358222092,307.0060553790802,307.89766543290364,2022,p90
Secondary school or above,32,112,81692,84.06192009678331,3398.104026546867,17.676761494393578,37.19193983703015,96.01552171571268,215.57650082337145,215.29006435855592,218.407312763576,229.69123647381747,2022,p90
Secondary school or above,33,112,78461,84.14280738693365,3528.415915762821,20.457934515236868,96.01806417625741,72.41941856463721,279.6557283096561,281.3486590191717,279.2665380353524,290.68135736692034,2022,p90
Secondary school or above,34,78,50636,49.6486069078441,3569.0590620638804,30.472391184137766,57.004897701240225,3.2901493008926455,383.6002670228083,385.1260168925321,388.5514083954597,388.408099757062,2022,p90
Secondary school or above,35,97,76060,57.13195045694214,3417.204222981856,0.29384696292400736,49.107721973880274,11.603470943991585,271.02899499387814,271.0472499546829,278.6224743473497,277.3272127363682,2022,p90
Secondary school or above,36,99,69042,72.40690432997076,3594.538073443218,19.45916978071319,64.23360659695065,26.78717302511515,301.0517255744233,301.2296353364596,313.062045592203,315.5761627102837,2022,p90
Secondary school or above,37,70,50521,49.65288677943248,3252.2411373488253,7.187704123037944,127.81483607476758,120.52942340808772,308.2046936264696,308.63709493883255,389.29897280159,400.09785080192444,2022,p90
Secondary school or above,38,98,70227,66.85017742672976,3615.0052021777,40.69517422074131,737.0273066864121,110.41337377361984,275.18973152546914,280.57902527965973,567.3633523015388,567.2211125135485,2022,p90
Secondary school or above,39,69,48958,54.695180073009794,3948.626595381075,48.72625515748192,39.51346051717799,281.2839576780097,381.9880879188393,382.9187181850637,383.539594117835,502.8696442331903,2022,p90
Secondary school or above,40,86,55038,68.37832279217498,3786.508003561176,65.18042080017443,168.2517836161682,21.286383952905265,297.86131888405293,304.3566510636849,316.11484630063745,312.84936599291007,2022,p90
Secondary school or above,41,65,46829,48.68270504833528,3787.9391288873703,19.259433257169704,66.39760262515392,64.22629851872415,302.4762653799275,305.4151004250565,313.4899316390023,314.0973641552256,2022,p90
Secondary school or above,42,77,48617,59.0522300129474,3279.2072046129265,74.89149885842401,125.51816579934315,10.613571384495135,293.03670480867424,310.253840645761,301.98050441628504,302.7051877085624,2022,p90
Secondary school or above,43,73,48753,54.811997309366966,3593.3209580265143,14.676019937234631,375.7108109586419,138.74546181773428,279.2349852901481,278.7047947395137,342.67902735522136,372.51047563702406,2022,p90
Secondary school or above,44,50,34315,39.117907254368056,4193.204526689009,87.51100101996211,1.696051289523532,680.1981640681918,365.5865342830483,366.6650510063633,366.54895346941237,703.1570595541988,2022,p90
Secondary school or above,45,48,34836,32.758206646168674,3903.4698779040837,0,231.86454625483216,336.6431277988288,514.722449573221,514.722449573221,574.224843496166,621.2888746668491,2022,p90
Secondary school or above,46,48,31872,29.104711068039897,3232.7183212014725,13.02710843373494,112.72851823962517,23.15198293172691,343.6682392212446,343.5323339510267,332.95045016527274,331.3575420610308,2022,p90
Secondary school or above,47,38,25887,24.6662071222719,4033.902125906182,14.466720747865724,370.41500882038605,12.09873681770773,551.975954032717,555.3453217324683,638.2681899464479,636.9654420004258,2022,p90
Secondary school or above,48,49,36516,38.63269415748619,3249.6879587030344,0,73.80326432248877,6.510844561288202,293.7002966669986,293.7002966669986,314.88291284483995,315.46519833748795,2022,p90
Secondary school or above,49,36,25004,26.84317856543909,2746.664800298619,6.842905135178372,12.904601930357808,14.973604223324267,340.8042518644953,340.14857447863693,351.0904010654861,350.47281421846475,2022,p90
Secondary school or above,50,46,33235,33.74759896727752,3540.6181234642195,22.473296223860387,32.93114688330576,24.974424552429667,342.5725404904717,343.61551618380327,342.3634644493033,336.02075411620837,2022,p90
Secondary school or above,51,34,20674,26.78924600004914,4263.395085614782,4.121118312856728,35.43508754957918,26.97591177324175,585.1470529743533,584.7626507077982,584.4713957208578,584.8326265855355,2022,p90
Secondary school or above,52,35,24783,28.941703066614625,4468.166807892507,18.460234838397287,61.121417234932544,39.34551910583868,405.73783580144004,403.38904378427713,395.8834254282566,389.5047192804337,2022,p90
Secondary school or above,53,27,21501,10.095192599996055,2987.2110599507,46.327147574531416,38.700525556950836,135.947165248128,608.1090333643033,608.159536997123,607.3836346171545,572.1498655618154,2022,p90
Secondary school or above,54,22,12709,20.128210093771656,3655.445615967687,0,358.8060954179453,157.5733732000944,556.984354669494,556.984354669494,583.2130377663758,677.2009464937247,2022,p90
Secondary school or above,55,22,15505,18.12521661782234,3424.1977856605395,112.06707513705257,71.55885198323122,67.19122863592389,746.4725732195741,737.5719972040633,737.4147449076576,738.1518995762403,2022,p90
Secondary school or above,56,21,13057,15.589279481626695,2697.43049705139,84.46810140154706,59.572643026728954,106.14995787700084,532.8619349604651,564.0254239551889,572.3277396416158,567.2897792545967,2022,p90
Secondary school or above,57,25,21893,9.10075501925433,3354.931956942097,0,1.6024909027238536,272.5787542441267,743.107492371391,743.107492371391,742.9961476894099,738.6374173360355,2022,p90
Secondary school or above,58,26,17834,19.707950484798957,3273.0450450450453,32.01188740607828,63.31445553437255,0,538.0003942445865,537.5482538601109,523.3796946397748,523.3796946397748,2022,p90
Secondary school or above,59,14,8065,11.715654639027635,2600.9675552800163,0,198.02438520355446,0,604.2133518294005,604.2133518294005,552.5602215040001,552.5602215040001,2022,p90
Secondary school or above,60,19,12107,14.79759722379961,3806.560667382506,0,362.4455549131357,99.9834806310399,637.3476195825788,637.3476195825788,708.654030463368,717.6823328579044,2022,p90
At most primary school,14,44,46681,35.71159707331231,429.02187185364494,13.624386795484243,1.8315803003363254,0,81.17501924062475,83.39184985144779,83.15831758007279,83.15831758007279,2022,p50
At most primary school,15,37,37900,31.1849476837283,626.069525065963,129.1873350923483,5.7651715039577835,0,137.77992301334515,177.16785409105208,176.55611482777914,176.55611482777914,2022,p50
At most primary school,16,39,43351,30.817804581704344,648.8803949159189,25.570344398053102,3.5812322668450554,0,122.61728106761174,128.49896466617182,127.90447306680119,127.90447306680119,2022,p50
At most primary school,17,26,29544,20.428631691998838,589.6725223395613,0,0,0,110.96669210700078,110.96669210700078,110.96669210700078,110.96669210700078,2022,p50
At most primary school,18,30,33170,26.70437296346338,1012.8485076876696,0,88.00874283991558,168.4956285800422,174.73386594368122,174.73386594368122,168.46552723223326,268.0294757414619,2022,p50
At most primary school,19,25,26079,20.634100168949725,815.5155489090839,0,0,0,131.55620232526945,131.55620232526945,131.55620232526945,131.55620232526945,2022,p50
At most primary school,20,42,44922,29.8479434107489,830.8928067910304,8.36338542362317,8.666410667379013,0,125.42431055315481,125.88909359883752,127.39874057625731,127.39874057625731,2022,p50
At most primary school,21,26,25875,21.707908027410014,1161.6249661835748,23.159033816425122,57.858885668276976,0,238.99399243076385,245.67746087506603,249.7018444001215,249.7018444001215,2022,p50
At most primary school,22,31,29385,25.343250479017122,1034.5506891271057,29.538880381146843,8.483494980432193,0,131.14886086223333,134.26209777167412,132.5515358488935,132.5515358488935,2022,p50
At most primary school,23,35,41997,30.926271755045764,1153.9099221372956,77.56625473248089,33.71232865839624,0,164.64454403635466,173.6977069294022,184.34879826737446,184.34879826737446,2022,p50
At most primary school,24,25,30063,16.90575482438438,1152.772527691847,5.306356651032831,13.170674916009713,0,185.95926465316185,188.16429853129588,187.67106555461595,187.67106555461595,2022,p50
At most primary school,25,36,43000,27.97868850132193,1169.5217519379846,86.27441860465116,8.337790697674418,0,157.64225078685325,178.01669747934275,176.44376470582776,176.44376470582776,2022,p50
At most primary school,26,26,31144,22.338900973004982,920.6142435139994,25.99537631646545,11.391493278534123,0,204.95182619382336,206.52541318744264,212.69910708754458,212.69910708754458,2022,p50
At most primary school,27,30,29918,26.053693351369088,1435.6161879136305,43.96483722173942,99.07914967578047,0,213.30813192466042,220.34816012690374,268.752684969941,268.752684969941,2022,p50
At most primary school,28,40,40216,32.13687088884633,1133.93089814999,28.810672369206287,45.63088488827001,97.51674292155693,157.2548322808299,159.32644524276648,158.3623253994184,154.09637300578268,2022,p50
At most primary school,29,40,46450,34.269862337156795,1256.703336921421,107.81054897739504,36.434337997847145,45.123789020452094,150.10686164380493,180.2028847046325,182.56034009570695,178.37541428659713,2022,p50
At most primary school,30,50,44066,40.51564152953273,1245.6462276282546,40.577769709072754,35.18252923644835,75.53215631098806,139.68838768671782,142.04720192119274,141.27415737117215,143.48862886169223,2022,p50
At most primary school,31,39,35604,31.17734733440891,1461.9949911994906,29.013593978204696,65.44311968692656,75.93528816986856,187.62920934409595,197.35516276041434,199.42254043828436,212.15362325145043,2022,p50
At most primary school,32,58,57515,47.01396382032362,1302.9749456663478,15.317743197426758,23.498398968385057,91.90645918456055,147.927562332641,149.58216434108303,151.32560338162432,180.37662027192414,2022,p50
At most primary school,33,51,48596,41.34514424809658,1345.4872486075672,39.69565396328916,220.93845172442175,45.787033226328646,148.12930474667223,147.84416982189077,239.67008854501924,237.38720773621205,2022,p50
At most primary school,34,47,49200,37.696164837562364,1445.8494342818428,29.99918699186992,248.1332147696477,0,150.35480010797525,147.00864783092766,214.3154889821316,214.3154889821316,2022,p50
At most primary school,35,39,41112,29.911536635336354,1229.7178439385095,2.189141856392294,40.487773237335404,20.39793734189531,164.36943916835452,165.59522748515133,179.81439729574495,176.1172138141442,2022,p50
At most primary school,36,41,42363,32.41356914166498,1317.7122803704492,4.418950499256427,81.50331657342493,33.35890596353736,167.4773602036528,167.09271389107948,173.49706261286892,180.56723315254953,2022,p50
At most primary school,37,49,55867,38.015807272317,1424.335296328781,107.589453523547,60.21413953377366,126.42883992338948,190.3332339637909,197.62896802848798,199.37328508035586,236.547320426724,2022,p50
At most primary school,38,58,63509,46.44955064468238,1461.550644895474,20.91073706088901,21.526214132380186,182.2229920168795,144.3458561812264,149.3638290631426,152.69281166049475,224.94860304650783,2022,p50
At most primary school,39,37,38586,31.36187176071342,1466.3340762625476,70.2340227025346,48.071191623905044,83.81278183797232,238.7284548521808,250.47317098351485,258.43924904554956,251.65797191397553,2022,p50
At most primary school,40,61,57460,45.64377382951111,1667.318540433925,9.021928297946397,105.38548555516881,87.59571876087713,164.88287972966165,164.40193640913648,179.2228411039264,191.86113182349712,2022,p50
At most primary school,41,33,34867,18.121993066164144,1653.8025711035266,117.27421343964207,30.07750881922735,103.29920364050056,274.98281179965556,292.1608873321213,286.4790353592234,271.6637778084276,2022,p50
At most primary school,42,54,56665,44.71125548807054,1543.648236124592,8.723197741110033,91.08231124444838,72.83508338480543,176.9941185182043,176.50846593164601,182.64612549992864,178.06970811442835,2022,p50
At most primary school,43,40,40013,33.68656281352203,1412.1744599671772,0,28.641885137330366,51.58323544847924,233.88859284848732,233.88859284848732,230.9567691665771,244.45631956095536,2022,p50
At most primary school,44,32,25978,25.246802906685854,1407.7414863859165,30.310262529832936,51.41530012574743,90.61513588420972,194.97322834359608,201.09961421142853,197.43399987375713,204.03122199630573,2022,p50
At most primary school,45,45,40918,37.454196242059105,1357.8156638480214,0.42279681313847206,68.35316975414243,22.852208482004663,136.23188756200625,136.2695094961207,147.7940026100415,144.89455088556957,2022,p50
At most primary school,46,39,33860,30.282814379304835,1349.7793857058475,31.891317188422917,0.7211065170309116,24.09923213230951,218.40234825317182,223.70119772178248,223.63941111686378,221.3481596756665,2022,p50
At most primary school,47,33,40290,24.67687689986678,1328.4440307768677,10.002482005460411,44.437846446595515,166.20253164556962,185.67413354151583,185.79947106453318,187.44882137667418,225.29481058800283,2022,p50
At most primary school,48,33,27935,27.771438307231172,1084.7855296223377,10.291748702344728,28.290078157627825,0,151.4092017220146,152.32067762639417,153.67596108660052,153.67596108660052,2022,p50
At most primary school,49,30,32363,22.867995356112353,1352.2795579313827,8.761548682137008,43.008991749837776,421.14194192956984,235.72814541686492,235.1024815705889,231.98206433650506,343.222228670463,2022,p50
At most primary school,50,40,41957,32.09276007841807,1359.0767214052482,8.542078794956742,23.561940399297693,21.863654058520233,138.88968839748236,139.8895683889812,141.1578294485517,139.56080247479844,2022,p50
At most primary school,51,24,21206,19.596914587335817,1577.2437046119023,0,37.80062246534,0,301.16601975284334,301.16601975284334,304.74623434085817,304.74623434085817,2022,p50
At most primary school,52,40,39373,30.24706612947891,1297.3293881593986,0,51.731516521474106,53.87321260762452,187.10667733425086,187.10667733425086,204.56876111188285,210.97376221834583,2022,p50
At most primary school,53,27,26028,20.70735658423156,1510.1105220019465,0,32.791288868398134,97.53598688591774,179.7898097688755,179.7898097688755,182.21162671648614,215.59555924060467,2022,p50
At most primary school,54,20,17397,15.968665853114318,1163.5226859037,15.39920675978617,122.24492728631373,43.455768235902745,258.95812432038065,258.0777782436463,237.29803930212108,238.23948170001418,2022,p50
At most primary school,55,29,27914,24.018672751464287,1288.8467316280958,40.81106254925844,32.75035227245588,44.46156050727234,171.22250331163175,177.7183921710709,174.61511908643135,186.66981005857832,2022,p50
At most primary school,56,19,18622,15.043184289447796,862.7781597035764,0,231.2088300576379,0,218.7373483196552,218.7373483196552,248.26148006373782,248.26148006373782,2022,p50
At most primary school,57,22,24271,18.234164726214104,1428.22388515787,0,135.72438987543433,27.27534918215154,286.87409028585904,286.87409028585904,314.29354985495354,319.40044910230426,2022,p50
At most primary school,58,20,18413,15.68231126901212,1150.7589746374845,2.9175039374355074,55.27344810731548,232.84635855102374,262.77568719014357,264.35067585276863,256.95232269300226,289.3343016459771,2022,p50
At most primary school,59,17,13286,12.166451988921304,1148.7306186963722,31.657383712178234,0.9971335741883688,0,171.09563239472817,170.85421519498217,171.1647955508871,171.1647955508871,2022,p50
At most primary school,60,23,20243,19.392820768472948,1470.0438011493686,40.54734970113125,29.018261456635212,11.203872943733636,287.5160759116341,279.8198413839848,278.27606262529133,276.0889591456303,2022,p50
Secondary school or above,14,20,16541,15.294917752372028,320.2112399492171,3.733752493803277,2.209660842754368,209.66084275436793,97.21042879242654,97.78045209246251,97.67878679509577,191.04758569182445,2022,p50
Secondary school or above,15,13,10942,10.862026813729875,495.861816852495,22.189727654907696,27.668616340705537,0,216.6692769811015,231.35394879698245,226.36597653831367,226.36597653831367,2022,p50
Secondary school or above,16,29,28350,22.357750603422605,580.1828924162257,31.11111111111111,2.0282186948853616,0,147.2381255577968,150.21811005938633,150.3682977317479,150.3682977317479,2022,p50
Secondary school or above,17,31,25413,25.4618286396235,531.4693267225435,128.39885098178098,0,0,104.8882809223416,174.99576852568123,174.99576852568123,174.99576852568123,2022,p50
Secondary school or above,18,36,36852,29.32775866820649,738.6212417236513,11.380657766199935,5.020080321285141,0,117.81527421535634,118.02331825492737,117.83170119316239,117.83170119316239,2022,p50
Secondary school or above,19,34,34224,26.317589769107663,1121.0946996259934,1.8154511453950444,4.344904160822814,2.3018934081346423,175.5246411930537,175.74806816642717,175.77239804251911,176.53298943447035,2022,p50
Secondary school or above,20,32,28100,24.760558460173666,973.173487544484,0,10.130486358244363,195.58540925266905,150.6254762497194,150.6254762497194,150.59271705047252,234.68149204241809,2022,p50
Secondary school or above,21,34,29082,27.56195648851325,1007.3765444834147,90.94078811636064,37.48595924168443,37.46647410769548,150.5983259820359,169.02492598713772,175.03856910228524,186.7010902203673,2022,p50
Secondary school or above,22,53,50502,38.03575580445057,1077.1523240003696,31.0086729238446,26.157379905746307,81.02649400023762,136.11625492362234,144.92590090201855,145.11806085208966,180.2443951240532,2022,p50
Secondary school or above,23,26,23188,18.955317228135595,1089.5444482778448,12.161462825599449,20.887959289287565,50.853889943074,197.15126836773584,197.85215738667478,192.2391036935842,187.82219465312556,2022,p50
Secondary school or above,24,29,26924,22.099533322655017,1802.0791610954293,11.484177685336503,87.09701381666915,0,202.6241821588273,204.29751335421807,210.62265435272835,210.62265435272835,2022,p50
Secondary school or above,25,33,24295,25.472452175526687,1368.577334156548,43.52747478905125,36.37579748919531,56.93352541675242,180.64456865094783,191.50829247431506,190.5245032619284,194.129815894887,2022,p50
Secondary school or above,26,33,31965,25.67084266243925,1655.2834836018562,0,7.208405026330883,0,227.44479556561862,227.44479556561862,227.37448825227227,227.37448825227227,2022,p50
Secondary school or above,27,27,21455,20.66579769969401,2157.5314223568707,24.050337916569564,21.527227530490173,0,293.1747030713882,303.31164382646585,301.06553358741417,301.06553358741417,2022,p50
Secondary school or above,28,28,26356,21.80068431375392,1384.7002580057672,15.867354682045834,70.14231421055294,15.622628623463347,233.03014342798843,236.48218314790412,222.34531037775525,223.30250567412878,2022,p50
Secondary school or above,29,19,12716,13.676923246090746,1286.6597200377478,188.94620949984272,45.570541050644856,0,221.43622083153403,282.8463971180442,290.556693312689,290.556693312689,2022,p50
Secondary school or above,30,44,40264,32.717596629024776,1700.8722266375255,25.377508444267832,73.00181303397576,47.90880190741109,197.73174847209384,202.7410616501202,205.5465335855482,208.34853640145914,2022,p50
Secondary school or above,31,30,27480,21.69776884473859,1735.6858927704998,28.449781659388645,54.09297671033479,35.37117903930131,257.0209070931354,260.35442232446195,262.0925864690352,271.6809030709359,2022,p50
Secondary school or above,32,33,29529,24.515573173177405,2112.3799993227,48.90277354465102,0.07960363823134321,77.16482102340072,248.66086855727676,256.72718525307505,256.702815380876,277.1597773546311,2022,p50
Secondary school or above,33,33,22960,24.565837558962073,2127.395905923345,0,53.293771777003485,15.78397212543554,237.72479158554708,237.72479158554708,247.74075728764038,251.6607756573213,2022,p50
Secondary school or above,34,14,12973,6.571328285541559,1529.1499653125722,0,54.51835864230838,0,436.91798875474086,436.91798875474086,456.3964144592457,456.3964144592457,2022,p50
Secondary school or above,35,26,18373,19.707689976023286,1782.5943431484607,0,104.13650465356774,48.035704566483425,193.2525829164792,193.2525829164792,183.38975638646573,180.85070039571238,2022,p50
Secondary school or above,36,18,16449,12.51398562635488,1635.5544106024681,0,12.479988651792409,0,252.3146436659353,252.3146436659353,255.16515495344413,255.16515495344413,2022,p50
Secondary school or above,37,17,11375,12.837582692573475,2220.510637362637,0,2.0366300366300365,20.73846153846154,391.98525195584307,391.98525195584307,391.55494053014337,385.77214153663743,2022,p50
Secondary school or above,38,20,15862,15.55963765035493,1547.9868028411718,0,2583.7599293909975,43.40562350271088,273.6476953003183,273.6476953003183,2168.9357061362416,2164.2525656552893,2022,p50
Secondary school or above,39,18,13909,14.57180936702505,2134.6619258513674,0,30.256189038272584,176.46128406068013,351.9791666653477,351.9791666653477,358.6210276403737,380.0758257424886,2022,p50
Secondary school or above,40,20,15572,16.117260630742617,2252.7367497217224,0,129.02966863601335,0,388.1444556552802,388.1444556552802,384.3683289521909,384.3683289521909,2022,p50
Secondary school or above,41,14,10676,12.041913478912146,2454.8363931559884,13.638066691644811,70.45397776945173,135.87985512676408,474.90897038477783,474.4015829195979,486.61602877996506,502.3536910410025,2022,p50
Secondary school or above,42,12,12091,9.806894006765772,1614.7547762798777,46.2244644777107,359.3306315992612,0,447.1117558637647,440.3553566110903,469.19372873164514,469.19372873164514,2022,p50
Secondary school or above,43,12,8003,9.46561142139478,1830.4710733474947,0,124.56110208671748,36.11145820317381,367.56414881088466,367.56414881088466,368.28297209463904,385.0095720335965,2022,p50
Secondary school or above,44,7,5281,5.55545150730851,3456.5744492835956,22.079151675818974,0,0,473.3237383793033,477.21647110129857,477.21647110129857,477.21647110129857,2022,p50
Secondary school or above,45,10,6466,7.91433566698317,1344.4169502010516,0,28.49520569130838,0,491.1628612568298,491.1628612568298,480.16404225644374,480.16404225644374,2022,p50
Secondary school or above,46,14,11279,7.46336854622943,2568.951443685906,0,105.96093034252445,0,526.4813589474649,526.4813589474649,495.1349812916599,495.1349812916599,2022,p50
Secondary school or above,47,6,2729,4.482287076887706,1653.0597288384024,0,430.4385000610725,0,280.8947186904358,280.8947186904358,605.2425835037667,605.2425835037667,2022,p50
Secondary school or above,48,9,6060,7.852668276961606,2691.4851485148515,0,40.222772277227726,0,291.1368537883986,291.1368537883986,279.76015380109436,279.76015380109436,2022,p50
Secondary school or above,49,7,9199,6.478298455274289,1600.3840997209843,13.729753234047179,0,0,243.42219466367663,240.15106763834785,240.15106763834785,240.15106763834785,2022,p50
Secondary school or above,50,7,4544,5.403487468936655,2206.488409624413,0,24.413145539906104,0,450.9361286232008,450.9361286232008,436.38399435140053,436.38399435140053,2022,p50
Secondary school or above,51,1,829,1,0,0,0,0,NA,NA,NA,NA,2022,p50
Secondary school or above,52,6,3436,4.4299749948218565,2598.7388436166084,66.85098952270081,0,152.7939464493597,472.6438884911466,479.4419188433663,479.4419188433663,410.13795836598996,2022,p50
Secondary school or above,53,3,1853,2.3499697836399114,2001.1872638963841,0,0,0,879.0419660337267,879.0419660337267,879.0419660337267,879.0419660337267,2022,p50
Secondary school or above,54,6,3839,5.578621780058497,2156.666232525831,0,612.7637405574368,0,372.49059131787476,372.49059131787476,561.049576246796,561.049576246796,2022,p50
Secondary school or above,55,3,2739,2.547557430329571,659.7298284045272,612.1942314713399,382.62139466958746,0,628.9214245091393,1252.9096138321208,1643.3356069992146,1643.3356069992146,2022,p50
Secondary school or above,56,2,2086,1.5263664489515298,455.03355704697987,0,0,664.4295302013422,400.63938133657444,400.63938133657444,400.63938133657444,2117.6653013504656,2022,p50
Secondary school or above,57,4,1336,3.2987410457526005,1902.2604790419161,0,0,176.57185628742516,1093.7712939856285,1093.7712939856285,1093.7712939856285,971.754584939781,2022,p50
Secondary school or above,58,7,5996,5.280158146188292,1319.733155436958,0,180.41194129419614,0,447.77565776567275,447.77565776567275,419.47801411252135,419.47801411252135,2022,p50
Secondary school or above,59,5,3492,4.111886980014594,666.96735395189,0,457.35013363879347,0,196.90563199725693,196.90563199725693,306.49832757304983,306.49832757304983,2022,p50
Secondary school or above,60,2,1792,1.598571111400942,2332.742745535714,0,0,0,1496.0386318351716,1496.0386318351716,1496.0386318351716,1496.0386318351716,2022,p50
