education,age,n,weights_total,n_eff,avg_labor_income,avg_add_labor_income,avg_no_labor_income,avg_remittances,se_y1,se_y2,se_y3,se_y4,year,sample
At most primary school,14,95,85145,59.93082829510575,340.079464443009,62.66474837042692,3.659150077319083,0,62.43441629842364,82.32816990904699,82.10135356706681,82.10135356706681,2017,general
At most primary school,15,97,79316,67.81494567950965,438.4168894044077,95.00684603358717,2.704372383882193,0,58.5964262192575,75.93391470917803,75.67507019262581,75.67507019262581,2017,general
At most primary school,16,119,113545,77.57438933636521,615.4021136994144,68.10649522215861,13.288453916949226,0,63.76602154559088,68.8504732726093,69.4876371721712,69.4876371721712,2017,general
At most primary school,17,96,84356,60.47466020509902,731.4042115162723,80.51264877424249,10.709769706165932,0,70.40306412828728,81.64225834545557,82.63249291423247,82.63249291423247,2017,general
At most primary school,18,99,80740,62.85873568245552,781.8293947650897,62.00871934604905,22.510579225497484,0,82.62705482277508,90.28259054140126,92.24194372354643,92.24194372354643,2017,general
At most primary school,19,80,65686,62.20013174521351,1002.7007063910117,147.18113448832324,24.99415527408174,0,107.03041633743156,125.3899875108404,123.18052621575926,123.18052621575926,2017,general
At most primary school,20,100,84002,61.42576410934672,974.988857408157,72.44452513035404,71.4292516844837,20.416180567129356,116.69757060358745,123.42428363310064,137.48460220287197,136.75588838766276,2017,general
At most primary school,21,70,57466,42.776904184529876,1034.0055279063563,83.99523196324783,19.25544379865196,0,154.33227365552588,168.15643681543986,171.6106802831418,171.6106802831418,2017,general
At most primary school,22,80,65830,49.87036273255672,959.2618360423312,85.58666261582864,28.53469795939035,23.925262038584233,116.10775980776717,122.1418620726689,122.86051132394535,120.66590710851445,2017,general
At most primary school,23,92,75886,49.88000164017951,1106.0953151218055,101.68878317476214,23.031279375203155,0,126.43296858894982,134.81761445264243,139.53693855926772,139.53693855926772,2017,general
At most primary school,24,86,72598,59.420700512372754,1289.0388670027642,98.00600567508747,42.59246122482713,3.4639154430333248,141.854149336996,145.65037118685737,144.44348303068622,144.9669430842023,2017,general
At most primary school,25,110,77137,79.76814508369144,1350.317852219644,132.2154089477164,66.04769760296615,11.564273089870404,165.193488391176,174.71240642846533,181.40184159354843,182.31841941027213,2017,general
At most primary school,26,80,58956,55.61713960514984,1134.6044168532464,218.63053802836012,64.4579926838094,8.159474862609404,123.37517018718864,137.7586825088725,138.88153777339005,138.76399286388,2017,general
At most primary school,27,85,67635,63.20815187532695,1090.797476651635,85.92636948325571,82.35335501835834,0,139.93353869724933,146.7118841575558,158.28393433648725,158.28393433648725,2017,general
At most primary school,28,94,68888,52.937783211813446,1672.6190918592497,133.21330275229357,42.47408837533388,0,251.62992874349544,253.8502680823402,260.2100401763465,260.2100401763465,2017,general
At most primary school,29,87,69143,61.26399389353319,1357.7895231621421,90.03210737167899,97.01204508530631,70.12544051217525,155.32816304649762,163.73127016070882,176.72535344975145,189.38212817508725,2017,general
At most primary school,30,144,121240,90.6825560709876,1440.0603671780489,68.43525239194985,77.18373886506103,41.25013746838228,123.90308949552839,128.54711553463778,132.8348866067546,133.60573931565764,2017,general
At most primary school,31,84,55913,51.6747064364611,1414.8137672216958,127.91488562588307,73.74404879008459,16.677695705828697,155.33652207518375,162.83624570204094,167.94958190251702,169.04767576687905,2017,general
At most primary school,32,123,89208,83.32868524173502,1619.14060024512,48.84662810510268,83.90238637043015,134.37053478013928,183.29984593206942,182.43916360073186,185.8063778248033,195.19284401511769,2017,general
At most primary school,33,108,79986,74.0196494248025,1527.783624634311,125.0725126897207,133.22423090707542,50.00791805232583,172.82487346415064,182.5589439714893,217.24304287126077,217.12645510062,2017,general
At most primary school,34,104,86561,61.55867885111371,1573.05968623283,107.85655202689433,113.28668800036968,81.01319685924761,188.26996727654097,190.96933693366879,193.34142804295914,189.32199170370473,2017,general
At most primary school,35,116,76786,73.1558407597292,1426.134030509034,89.12471023363634,54.34639452504363,1.0548797957961087,186.86285911181452,189.52653682842575,187.72057304334348,187.75550240143394,2017,general
At most primary school,36,113,78432,71.30341160585633,1781.0600775193798,125.10206293349653,158.08571968924247,19.21314004487964,214.40159358926797,228.09292754856767,230.5126759475051,229.16617914320682,2017,general
At most primary school,37,103,77553,73.27699495630569,1684.7454192616663,111.0326486402847,160.61425089938493,42.661147860173045,353.6498906821653,355.77427673242147,383.6489544520658,382.8612515393216,2017,general
At most primary school,38,138,103684,93.62021024438593,1689.1987834831475,64.19428262798503,47.86506757712537,50.37296014814243,238.25361289134645,239.17189005993515,243.61940702958245,248.04152165932996,2017,general
At most primary school,39,109,76057,70.36404398768397,1562.7672359765265,147.12426206660794,58.166419045365096,54.23958347029202,176.79948041495183,179.80952633124323,180.04039072436694,182.73495611739156,2017,general
At most primary school,40,140,97572,89.53584668086143,1647.1907061793686,124.07444758742263,110.31573607182388,81.76423564137252,197.0681877549536,217.01704819779178,216.91592095021804,229.8119176620428,2017,general
At most primary school,41,76,62893,46.13689889961487,1507.6131895971464,142.12495826244574,103.33977946671331,31.203790564927733,202.83679589905753,211.13223712471483,210.57352264807204,209.11555844022655,2017,general
At most primary school,42,107,94222,63.98191595836223,1584.6234274727065,124.47189616013246,84.39630871770925,5.065441192078283,196.36261432966612,202.64537933362055,205.96317640847826,205.56839190644473,2017,general
At most primary school,43,89,74595,49.87010874289437,1652.4580043345175,63.31351967290033,59.04125611636169,66.29398753267645,243.5347490028727,244.56149241056812,243.6959436685605,247.82041651613844,2017,general
At most primary school,44,85,60113,53.7282637642282,1775.0209937950194,102.40131086453846,127.67327089536927,229.23577262821686,237.88301129273404,237.75331814713405,255.9497032062223,343.70156560126424,2017,general
At most primary school,45,112,84632,68.60686160241833,1871.6961117938054,104.87427923244162,137.3832130084759,32.02728676308409,230.59398599880154,231.19451732062015,269.1392901620105,281.7998690679704,2017,general
At most primary school,46,93,63889,62.37464698070002,1620.1772462134848,96.77878821080311,50.07322595960703,69.36509675635347,230.0657302131082,232.6052709654293,241.55399588206004,246.9660208834567,2017,general
At most primary school,47,60,38310,39.96878926158442,1733.7642391020622,73.07856956408249,142.38030975376316,97.94940398503437,503.2018287380667,503.77060214110804,503.1855969725794,510.37375820795484,2017,general
At most primary school,48,109,79357,66.79436155912474,1749.286254940753,112.93065514069332,112.09797917427996,69.34526254772736,191.63100857024617,201.6743412333475,203.97489983639238,216.54627431405635,2017,general
At most primary school,49,87,65570,54.474889760384094,1945.3621727415994,61.59142900716791,77.84541965329673,49.84799959330994,512.7185256880475,513.5837397287199,516.0858767404096,524.4956885925598,2017,general
At most primary school,50,103,93829,61.84728372640784,1782.7312629002404,104.23717613957305,164.28955866523143,356.97776451487994,251.12677203917966,249.27223361735426,269.788197691155,326.8106407069906,2017,general
At most primary school,51,66,50031,49.76986117631999,1129.483340328996,153.84861385940718,148.60414209856557,267.8199516299894,171.45674471551015,193.7407597284918,243.52292543766745,303.0090634673315,2017,general
At most primary school,52,88,72197,54.22723394163489,1593.1652654080733,74.51193262877959,72.26624721248805,84.26612370781795,313.68452104479707,313.69942452417087,311.65813814075864,315.4311225843466,2017,general
At most primary school,53,64,39136,44.05661862154414,1677.6740000681384,88.50700122649224,47.83722574270919,0,308.36142689359855,312.0064796315222,313.4422464686077,313.4422464686077,2017,general
At most primary school,54,69,50880,43.19614450574749,1507.6377358490565,39.02724056603773,161.40323309748428,65.03744758909852,226.04282059034367,234.93310771525807,248.65758113472694,255.08564527146973,2017,general
At most primary school,55,71,54948,40.25779622763635,1353.4655674455848,125.64624736114145,51.16654230666569,9.48351168377375,164.39596057341413,178.8863548994202,184.08439087973903,184.4407165132087,2017,general
At most primary school,56,86,62949,53.318197416090655,1370.6814511218076,58.69152806239972,139.0917938860559,63.538843614142664,168.83224779114357,175.41503670427173,188.77032036702477,191.50114407589044,2017,general
At most primary school,57,54,37235,39.25688842621284,1529.6039926592364,22.93863300657983,104.19790967279889,76.42451098876506,180.80957339252262,181.02206834216253,183.88216740144532,195.8532116199419,2017,general
At most primary school,58,62,46027,43.359094483658026,1434.6520303300238,106.92897647033263,144.97302308065554,147.15319269124643,203.60151334503064,238.02756366287733,256.56879187751866,255.47143361681418,2017,general
At most primary school,59,68,58924,37.31147380458917,1293.7498925169145,62.98664381236848,148.167288937162,279.80883850383543,204.11195931072888,208.04650251287447,227.13067916009732,268.2510175349376,2017,general
At most primary school,60,95,71323,67.26896383253212,1410.754786908384,91.83391051974819,167.05657478419772,109.46165098682519,197.28607754142743,206.3724364764339,240.02297853108752,240.34156816826578,2017,general
Secondary school or above,14,16,8712,14.119488625561207,154.1900826446281,14.984504132231406,0,0,67.40065281176607,69.45785616837405,69.45785616837405,69.45785616837405,2017,general
Secondary school or above,15,30,17272,23.837397937429962,191.87992125984252,7.6424270495599815,13.74575420719469,0,66.7058902645774,70.62567102190515,72.18735305759088,72.18735305759088,2017,general
Secondary school or above,16,41,30716,25.778352747486462,351.0986131006641,61.52103138429483,0,9.063680166688371,88.37291136768606,105.19970299299959,105.19970299299959,109.23518869287454,2017,general
Secondary school or above,17,84,68735,50.27976465346442,724.5882156106787,65.77660580490289,46.83305448461483,7.485269513348367,121.27513125264419,131.0389027274835,133.74402295492044,137.0080193762528,2017,general
Secondary school or above,18,110,74677,71.7518650626208,926.4669766684076,72.56502001955087,2.5534412648249574,0.49660091683740193,117.3367370114767,123.08028528325153,122.94236735768185,122.96594367883611,2017,general
Secondary school or above,19,149,109210,92.88574495473904,1419.8870066843695,128.61862466807068,26.06917864664408,10.121783719439613,158.48718842759928,165.29744004949558,168.05422861034012,167.59880223048123,2017,general
Secondary school or above,20,191,123445,121.07765404539234,1845.5400056705416,112.05038681194054,100.36597270039289,11.6468791769614,128.46752420208813,131.35648703221443,142.60566126949848,142.46593058310253,2017,general
Secondary school or above,21,189,126629,120.65809783348449,1870.6423956334384,79.60980502096676,36.36243804078582,26.21832281704823,137.83901518920226,139.48202451052282,140.2253586938051,144.5347362710129,2017,general
Secondary school or above,22,188,134891,118.56124693460235,1871.9963513750608,90.0156274325196,40.7441811042496,10.737805586238766,137.88525278543835,145.43759328298069,146.93936171573193,147.1265050968487,2017,general
Secondary school or above,23,192,126273,130.5961062338045,2303.8409002716335,98.64680493850625,27.925968602419626,30.615412637697684,178.6283740750198,180.99263223652434,180.83097725777662,183.4502329193868,2017,general
Secondary school or above,24,147,86994,94.15960738400746,2437.386797748504,117.5353012851461,144.34472492355795,23.810071192649303,168.036359623001,174.81499617232853,240.34319498069013,242.1323995865685,2017,general
Secondary school or above,25,178,99982,134.7459732233971,2981.2146252992206,124.35918465323758,76.80937985504058,17.657911757449675,168.24622082433956,181.41702208923022,185.98461820812147,186.25724123588543,2017,general
Secondary school or above,26,156,96527,101.20392519909232,2663.6638695218267,112.70078838045313,137.97223402087846,8.338599562816622,200.5622860482742,204.8937998403453,211.43185606686006,210.928232837108,2017,general
Secondary school or above,27,153,93850,107.78871786236273,3019.2441893091814,185.99153969099626,31.09587107085775,26.843899840170486,282.3984926555084,332.48092271250016,332.80329930335233,332.6695063248625,2017,general
Secondary school or above,28,131,77896,90.39122446157084,3430.9560974461674,72.22989627195234,46.126116873780425,2.4956352059155797,250.74872427339716,253.1716653889967,257.06026433236406,256.79398246705915,2017,general
Secondary school or above,29,127,79498,96.44886128685408,3744.039321743943,137.70233213414173,493.8906743985174,73.2869422291546,233.18190886177348,249.04760550913858,500.70086681803576,508.3893647854439,2017,general
Secondary school or above,30,173,109868,104.00996539859173,3561.631002657735,157.33839698547348,148.26767499787624,23.390796228201115,315.93660841923815,323.8547568683534,375.1247860336417,374.77600099011113,2017,general
Secondary school or above,31,115,70873,88.46826316138298,3963.4491520042893,53.09723025693847,121.82534956894727,39.40748474971663,326.9313781348581,326.20495928149876,337.9452621936387,338.4456953457211,2017,general
Secondary school or above,32,131,84870,74.10866861659527,3602.5275480146106,106.85831271356192,80.36126625034366,74.06543340795726,491.79776252230744,494.3634463874537,496.05002655151117,501.43357332831187,2017,general
Secondary school or above,33,119,85238,75.22037219147465,3435.8315285827134,68.39648982848026,109.76246900834526,3.5617916891527255,277.4761794146913,277.59609090754515,281.16088914322944,280.87272434190737,2017,general
Secondary school or above,34,110,70835,79.57592342005759,2924.2544481306322,85.63633796851839,168.42283122750052,52.43307216300793,293.6370731617175,295.5832906628572,303.5246010031193,299.9332757581818,2017,general
Secondary school or above,35,112,69335,77.60975836992816,4495.822634071296,57.22896084228744,67.76435662604264,3.9691353573231414,554.6518053135591,563.5500409343027,576.919516320181,576.7018976451128,2017,general
Secondary school or above,36,101,59679,71.64026393094068,3495.0136424314524,80.10690527656294,178.45920117070773,9.69185140501684,252.03925669849804,254.45684448894772,258.7363664848673,257.5013764302468,2017,general
Secondary school or above,37,82,53005,59.53876913625417,4059.627091783794,68.95387227620036,194.5919410118542,0,630.4760005386878,630.2631792522436,651.3494365241272,651.3494365241272,2017,general
Secondary school or above,38,111,63638,75.03240070441389,4125.586350398608,90.11989691693643,108.44490189299894,41.41990634526541,387.4037131685487,400.3625327268735,406.20992531268024,414.2945907590397,2017,general
Secondary school or above,39,78,43852,58.01821345464051,3810.74593899176,42.29818480342972,78.08860865334914,23.345343427893823,273.4645832417484,271.38896608801997,272.7591378194852,271.77626916423117,2017,general
Secondary school or above,40,105,64367,69.04313962747864,4506.231837225079,132.86855065483866,77.16347921554006,19.381049295446424,385.7969102657957,399.4010481885614,400.31794928084406,399.89226569305424,2017,general
Secondary school or above,41,52,29592,39.15621518946589,6383.143141164279,101.57745336577453,55.962196990177524,49.585473551410296,2478.2295357063904,2475.8998076107873,2478.1041734548435,2476.4876905379992,2017,general
Secondary school or above,42,93,50847,68.79101624751763,4007.0873011190433,78.32768894920055,203.9536911387758,41.762542529549435,383.6055112999108,381.9994331039142,381.83269345984127,387.11474881328127,2017,general
Secondary school or above,43,83,41697,65.9398709730467,5134.0210406823835,150.7995779072835,181.83418471352854,21.08560967615576,491.5983825049075,499.3214836880393,541.0718232924648,539.5848547424976,2017,general
Secondary school or above,44,49,33822,31.795339031173686,5931.787576626653,46.53598249659984,117.08014260934698,90.82845485187157,1100.3230222550355,1096.6252438215706,1087.6033215150007,1079.4134333672507,2017,general
Secondary school or above,45,83,42956,56.56218018171451,5121.273454232238,63.848146941055965,89.7493171307074,0.8939379830524258,522.1926472795723,517.303871681726,512.2025404294048,512.1017424952962,2017,general
Secondary school or above,46,45,22587,34.29686134576907,5102.876396452237,43.57373710541462,183.7738522158764,0,1454.2699793013487,1454.1361518690778,1448.5381959791011,1448.5381959791011,2017,general
Secondary school or above,47,43,21275,33.924054517950815,5000.369808068939,28.36521739130435,79.14923619271445,0,948.6823647092226,946.4347417103432,942.4379601753358,942.4379601753358,2017,general
Secondary school or above,48,55,36045,30.937317906543797,4248.509821057012,169.86405881536967,341.28959171406115,4.653812364174412,409.62085125406503,448.9594197316913,415.3981260838406,415.37367967471044,2017,general
Secondary school or above,49,53,31517,36.65124561567995,4137.215143150258,26.223308055969795,317.4561876659157,391.8139416822667,506.6908241836825,516.7852421920275,565.3653719408687,548.6161059101762,2017,general
Secondary school or above,50,69,41304,51.154998149326666,4822.400655303763,81.54077086964944,268.1257666731228,66.39066434243657,571.5931310650142,568.1458662902264,568.0608543741484,570.3422562297494,2017,general
Secondary school or above,51,41,21550,32.133604497794735,3736.5172273781905,22.501160092807424,514.2242846094355,0,468.2135511992721,469.58577924936554,631.2452632100855,631.2452632100855,2017,general
Secondary school or above,52,41,21793,27.743059413749044,5269.854907539118,102.2282384251824,287.092185564172,0,843.2414785819168,842.8033355322332,892.4980219903573,892.4980219903573,2017,general
Secondary school or above,53,43,19977,29.641660738911817,4763.408849343412,148.1153326325274,394.47114181308507,0,675.7627447928443,716.1419272286417,760.6444351139447,760.6444351139447,2017,general
Secondary school or above,54,43,20732,34.78260571200318,5210.430317062191,14.611229017943277,238.20663708277058,112.94858190237315,663.2155976788309,661.9413692284677,662.8552237273551,663.3306595088067,2017,general
Secondary school or above,55,33,17996,26.48498525095458,4790.979199081277,118.96643698599689,536.438189968141,7.126583685263392,660.888945710339,690.9998682612802,824.2765875980108,823.578013210278,2017,general
Secondary school or above,56,32,14550,23.945326576691212,5139.762978235967,27.64536082474227,631.733104238259,2.5017182130584192,683.1074191173077,683.2590950529805,742.0172182312899,741.3286877800269,2017,general
Secondary school or above,57,21,11042,16.75394520817497,6385.600464891625,20.952725955442855,1141.4991245547305,29.12515848578156,1592.8580398230615,1593.1304685490168,1931.314407136866,1928.9556252791965,2017,general
Secondary school or above,58,25,13551,21.41626151244643,5056.602686148623,54.003394583425575,228.2303889011881,0,875.399164654829,869.0196259748792,979.2564754113932,979.2564754113932,2017,general
Secondary school or above,59,21,9825,16.28241808789008,3323.8968617472437,20.844783715012724,411.993893129771,91.19592875318067,1454.2842085986288,1452.6566817684557,1546.9532263178924,1539.0159825980854,2017,general
Secondary school or above,60,25,14020,17.622144901861816,3229.722182596291,55.836091298145504,775.5860675225869,47.45601521635758,583.5210563934681,586.0801624917194,825.8233789699491,815.5556630368017,2017,general
At most primary school,14,63,58877,36.89615695225177,425.76882313976597,54.59500314214379,4.197875797566678,0,86.87540351119104,111.82087779959848,111.43946942452081,111.43946942452081,2017,males
At most primary school,15,61,49073,46.286608069417014,463.6909094614146,94.2752633831231,4.371039064251217,0,75.8180537503393,96.83946108017153,96.32965321295758,96.32965321295758,2017,males
At most primary school,16,90,90299,58.7455904816965,698.4961405995637,40.927695766287556,6.812229371310867,0,73.93997097509278,78.68987235626639,79.24664305122549,79.24664305122549,2017,males
At most primary school,17,63,57310,38.40475325977282,844.8170650846274,43.254056883615426,15.763973710230909,0,92.40365547465957,98.4019151047604,99.986659946564,99.986659946564,2017,males
At most primary school,18,69,60118,42.318072005546846,890.2169954644754,36.1051598522905,25.10902170176431,0,104.60445539653297,110.67448346754004,114.0883520077973,114.0883520077973,2017,males
At most primary school,19,60,50205,46.96135345338682,1085.020416293198,160.90887361816553,32.16793314078943,0,129.89773872251394,153.37133899759266,149.58541116401454,149.58541116401454,2017,males
At most primary school,20,65,53529,42.18508977593709,1169.098445079614,53.46718601132097,104.40882512283062,32.03870799006146,136.4455489600003,143.07475219741315,164.70536858307676,162.28033833676443,2017,males
At most primary school,21,55,49452,33.979602514704254,979.0965313165628,64.49162824557146,22.375906603035943,0,119.24831989324225,139.75916583726675,146.14758886367284,146.14758886367284,2017,males
At most primary school,22,48,41031,28.888118614007634,1276.0694759247074,87.90353635056421,18.094591081539974,0,144.98816159957573,150.74617991236906,150.5059964093079,150.5059964093079,2017,males
At most primary school,23,72,56910,42.55541588888701,1272.4412068763545,87.04832191179055,10.365518655186554,0,132.4104457667563,140.23389740494886,141.0774144187746,141.0774144187746,2017,males
At most primary school,24,56,48060,37.00960261943284,1550.3282702177835,73.23491468997086,21.30727215980025,3.651685393258427,191.33369359581127,194.66456526564366,194.78437464152137,194.97342609745183,2017,males
At most primary school,25,81,57660,58.190585920333746,1508.6301161984045,133.0041623309053,74.65350763094,10.141056769568737,205.5069770263611,217.92992659765233,227.01426548910337,228.1467578050829,2017,males
At most primary school,26,50,33802,36.92054646179681,1443.216643985563,262.2202828235016,72.70033331361063,11.675344654162476,157.46223901538448,172.59674713171307,171.1639686270447,170.52219870878557,2017,males
At most primary school,27,47,39708,34.23818074247303,1355.5162771565765,43.6524126120681,108.30132886739868,0,189.41460446345775,194.76057268760613,219.69781762189655,219.69781762189655,2017,males
At most primary school,28,65,45618,39.40794445246111,2058.9115626872435,134.6967863562629,43.55418913586742,0,252.86465388727993,256.919974794956,257.3141562975536,257.3141562975536,2017,males
At most primary school,29,53,45285,38.11347481970252,1689.776460196533,116.16363034117258,118.66768981634833,50.89838430679768,202.5766036499524,213.44132880689588,235.0893315686888,261.91649664912956,2017,males
At most primary school,30,91,85526,58.29142784983945,1520.5591876544363,75.83962771554849,85.5648457778921,7.510386705017578,130.5967601493765,140.04238040939134,148.92559289402226,149.6278247614875,2017,males
At most primary school,31,59,41082,34.199206905710795,1637.7405230190027,133.93225743634682,58.74957402268633,5.221264787498175,193.0510595933727,204.39601123680336,211.52207148422158,212.6038278227295,2017,males
At most primary school,32,62,48422,42.584305712692334,1912.0630911569122,32.78014125810582,80.32066003056462,12.837140142910247,249.3074054336337,249.78924793862248,252.26883444489306,258.09779324119313,2017,males
At most primary school,33,63,49382,40.79974524815634,1875.2575634846705,99.50812036774533,153.17875609196332,66.46011367164824,261.3790985662663,278.2135911047223,339.1947193115903,337.745035135087,2017,males
At most primary school,34,59,47664,35.39444429886247,1655.6585368412218,92.88039191003692,158.88124510462123,117.69364719704599,234.05148426278373,239.21341929627246,246.3075627749656,237.90922292533617,2017,males
At most primary school,35,74,51424,44.98906275721194,1693.1919466915579,65.17132078406969,52.692658097386435,1.1862165525824517,256.39892972997325,260.81346838840784,257.8603742572336,257.8905272679339,2017,males
At most primary school,36,63,46174,36.81229286118859,2016.442023649673,140.48912808073808,179.79788409061376,0,276.0285492088289,309.2042767660992,301.08440367937527,301.08440367937527,2017,males
At most primary school,37,56,43932,40.3926285621889,2034.5722745758599,142.44628061549668,185.56112097483992,45.70700172994628,346.6106313295814,347.3493066599514,411.7733720075187,409.0874246286256,2017,males
At most primary school,38,77,62193,49.23229465390943,1918.5715916582253,82.53195697264965,37.00778222629556,13.304551959223707,316.1230248067283,317.3347279673435,316.8575716716963,315.8822449883721,2017,males
At most primary school,39,67,47713,46.51936057238341,1985.3554167627271,194.37951920860144,65.79838478681562,31.842474797225076,210.67349524974463,209.7293377782165,208.5606637473061,207.75316656134382,2017,males
At most primary school,40,89,60880,58.60302786720978,1809.8058571506788,177.09839027595268,113.96692126587824,51.64257555847569,220.87664237491688,261.6457454387475,259.71175864191434,266.45337933722544,2017,males
At most primary school,41,45,38660,26.444869768629886,1727.129211933092,177.0497930677703,73.8810463010864,10.139679255043973,295.32310537752386,307.84491696751286,304.46208879548874,302.43781113374746,2017,males
At most primary school,42,61,55123,35.50869352911731,1926.4421460491387,153.424614044954,84.267846452479,8.658382163525207,266.6078926056577,274.8423543489087,274.1682975816956,272.90020698071396,2017,males
At most primary school,43,52,41717,31.427210553946118,2261.100658404647,56.8257544885778,25.200258088229422,31.23906321164034,356.77206864397544,357.020661965432,360.29415351992384,358.6898491163205,2017,males
At most primary school,44,47,35970,28.982893868167977,1983.3545547215272,120.8621073116486,41.27212491891391,113.91437308868501,369.9359207558425,365.49110212523834,366.48205317993677,371.20325378655275,2017,males
At most primary school,45,60,50395,36.29364571532282,1951.7580381651617,140.276416311142,125.87649733769884,14.683996428217085,220.766112798737,222.56253637344585,321.3082320383804,322.3098668894044,2017,males
At most primary school,46,45,34658,30.288950428403208,2016.5237367034067,112.94275491949911,38.01243580125801,28.04547290668821,372.364925711996,375.3375407774107,385.226181374246,398.02640308425026,2017,males
At most primary school,47,31,19692,17.539218570378708,2010.2378630916107,47.097298395287424,210.5428600446882,62.04930936420882,601.012658101351,601.8892202532256,599.7413976351842,632.5417933204205,2017,males
At most primary school,48,59,46838,37.419578782587195,2059.89353374041,139.4397711260088,25.206474087991232,60.186173619710495,253.3521443181156,271.1839084210347,270.81477930092484,291.57733859435706,2017,males
At most primary school,49,63,49739,40.494854165495305,2177.7417720501016,37.74221435895374,81.48905620673247,65.71369213963555,674.1023929526389,675.6485600469972,679.3957413507371,690.2652258517604,2017,males
At most primary school,50,70,67878,42.884533821910914,2131.330882858462,112.60865081469696,169.71736055864935,396.812909435556,323.48050272823906,318.8198283548258,346.3132930794382,414.301326321902,2017,males
At most primary school,51,32,23984,22.253724659179642,1364.9488825883923,253.1971314209473,181.67961279742053,535.461140760507,280.2819268151623,332.249083410752,458.831893581687,584.9966375358608,2017,males
At most primary school,52,52,44606,29.80945895635032,1807.8755025482374,97.78549970855939,38.813761975220075,14.211720396359235,475.77589197075963,474.215490481373,471.4680071761349,471.9045810830999,2017,males
At most primary school,53,34,21890,24.71481660094749,2121.0385716461096,114.83554134307903,34.100015227653415,0,492.3865033975786,494.64937590076454,496.6218965123258,496.6218965123258,2017,males
At most primary school,54,45,37101,27.860175350090447,1781.3616614107436,45.275491226651575,136.49982031032405,60.95073807534387,304.85200807572346,318.1874355706967,343.3894415250277,352.7216179489832,2017,males
At most primary school,55,37,26659,19.999714680658037,1449.8219112994987,218.8322892831689,75.63627667954538,0,218.75519574575512,260.35030423793995,262.8672119934544,262.8672119934544,2017,males
At most primary school,56,53,39441,30.550033885838747,1522.4407342613017,59.32970766461297,132.03428750116205,41.1996315171184,209.41978923658044,220.04050494482365,237.48306336551784,238.5039605557593,2017,males
At most primary school,57,40,28136,28.95829791741992,1470.368448488295,22.011657662780777,89.44445431712633,101.13970239787699,180.5159989746781,179.03442530956184,188.28251586905955,210.08292593591096,2017,males
At most primary school,58,44,33735,30.357105846048412,1678.8216096042686,114.2134281903068,154.34879699619586,158.65322859542513,266.2536810057945,314.78587126943404,336.59663825800396,329.5783049352753,2017,males
At most primary school,59,38,35206,22.23979274719987,1551.0021492548617,54.49000170425496,132.27726334526312,76.03408509913082,309.01120054672293,313.9730424546362,326.38903019579345,382.553189034195,2017,males
At most primary school,60,55,43004,37.74772959740197,1764.7290174557406,34.40493907543485,195.68837201190587,129.05156109509193,304.11925857741716,313.185183722435,373.1387421925591,363.59020408112775,2017,males
Secondary school or above,14,6,3616,5.798829542088056,213.02654867256638,31.489214601769913,0,0,122.33189529390229,123.95805463679056,123.95805463679056,123.95805463679056,2017,males
Secondary school or above,15,20,12704,16.103521286688302,207.86366498740554,10.390428211586901,18.688339630562552,0,86.21655699689502,92.28240838732937,94.45667220167192,94.45667220167192,2017,males
Secondary school or above,16,27,21464,16.765998986550468,363.94637532612745,44.562989191203876,0,12.970555348490496,114.17573453804053,128.69539770417305,128.69539770417305,136.05988887440463,2017,males
Secondary school or above,17,60,55263,35.92351687091262,680.1539004397156,45.025604835061436,48.38173823353781,0,133.47921190295133,138.90155533483795,141.9432070646335,141.9432070646335,2017,males
Secondary school or above,18,77,55121,49.010432041448524,969.5300838156056,30.76936194916638,2.3859630026063874,0,151.3381396766033,155.20944152458213,155.0219714388359,155.0219714388359,2017,males
Secondary school or above,19,98,75688,62.773570348759996,1445.0602385230595,94.30794841982878,24.230921678469507,10.926434837754995,204.79979672737056,211.84645102484038,214.49661048987397,213.8449417707876,2017,males
Secondary school or above,20,125,85339,78.90135693527512,1780.2871606182403,122.47835104700079,101.78653175375074,10.71900303495471,151.09894456256782,156.71360706158055,181.50887349188343,181.40321415487463,2017,males
Secondary school or above,21,119,75403,76.54596960083133,2108.083638360985,68.56371762396722,38.91436680238187,0,187.1131181939524,189.98115945881833,190.12337036700643,190.12337036700643,2017,males
Secondary school or above,22,127,94912,77.9245917156037,1832.6846693077098,103.0279416722859,21.77093869408856,14.593869408855921,170.02080202783335,182.5146033063592,183.27255744486112,183.69782066585736,2017,males
Secondary school or above,23,134,87394,91.54769294927141,2346.0321875643635,95.15902693548756,18.60987787109718,1.270872905081203,182.74311563266323,188.05647669795394,187.95765881870602,188.0034202075349,2017,males
Secondary school or above,24,97,52107,71.82275300963542,2645.714141094287,109.60458287754045,232.11340766755586,38.536728910383125,183.27945752250903,196.80264209758545,311.1762959996511,313.7917367160529,2017,males
Secondary school or above,25,111,65495,85.40606833755689,3100.7295060691654,146.38644171310787,95.11039646792376,6.069776318802962,209.15992620118922,234.0869205169356,242.34621249338178,242.24492482115485,2017,males
Secondary school or above,26,99,60711,60.49412054166892,2745.066056123822,121.978142346527,87.20117990699104,0,278.11501783888497,279.1843914438983,285.70312838431425,285.70312838431425,2017,males
Secondary school or above,27,93,60841,63.65017698577124,3139.4225220931057,229.76476389276968,14.435810829320141,12.751817579154409,411.8876987631739,498.94074194249487,498.50923870228615,498.93788473494135,2017,males
Secondary school or above,28,88,54139,61.44612445237591,3201.5734960010345,88.21884408651803,60.43508376586195,3.5907571251777832,269.9967903468259,276.0282219064445,285.13718744911597,284.6676240508096,2017,males
Secondary school or above,29,75,50637,57.64670473305562,4139.937002587041,166.4822165610127,734.5078697395186,0,333.21904802619633,362.5670232269254,785.0802158442983,785.0802158442983,2017,males
Secondary school or above,30,101,60314,61.4389083759401,3734.341755921787,201.97673840236098,197.02124852162572,16.92641841031933,484.9551721980733,500.00965394253194,600.3460904903354,599.9922116082917,2017,males
Secondary school or above,31,64,40531,52.40716824031649,4180.833522488959,79.0111272852878,22.52185569893004,59.16524799947365,403.23583380576673,401.142777177618,399.5403423663447,400.30795910171304,2017,males
Secondary school or above,32,79,52336,47.168162527056126,3988.848297538979,161.58218052583308,45.87557321919902,22.451085295016814,733.4772929994147,736.5452119162064,738.9122800345482,740.75651906629,2017,males
Secondary school or above,33,76,56786,46.5380771016338,3680.6474805996786,101.4401436973902,132.64419633947332,5.346388194273237,384.0781729279009,382.70580904720634,387.86915999191257,387.26661643224605,2017,males
Secondary school or above,34,71,44436,50.332895878691936,3183.910327962313,75.40327662255828,87.92940971284544,0.2651003690701233,268.8331212762747,277.31001254098567,285.3454030554747,285.36265210489836,2017,males
Secondary school or above,35,61,38646,42.45079080556188,4949.325363556383,54.87191429902189,36.10119201642257,0,893.219073993144,912.1926217762499,935.5073002408947,935.5073002408947,2017,males
Secondary school or above,36,55,33092,37.97474528620659,3382.3117571215603,90.26652967484588,233.05834239896853,0,349.062625772167,353.04003862114456,344.95775764281495,344.95775764281495,2017,males
Secondary school or above,37,52,33562,37.76580615721852,4478.44671056552,97.93516476968,280.75303418548754,0,928.781658049362,927.1202960816765,959.7128248444529,959.7128248444529,2017,males
Secondary school or above,38,67,40449,47.835551054851926,4536.533132257081,95.78802937031818,52.84555860466266,31.358006378402433,501.03550337059414,526.368888082507,535.5440943687113,541.6343603900685,2017,males
Secondary school or above,39,47,25875,33.31516384781511,3974.765423510467,47.48096618357488,91.30595813204508,24.005410628019323,376.31659204243283,373.2910462198055,372.99841775136986,371.4378996765818,2017,males
Secondary school or above,40,57,35534,37.49391433845809,5284.655475507026,210.13114200484043,40.8479672051181,35.107221252884564,595.9606236486013,621.3775183801373,618.0470526140363,615.824724453028,2017,males
Secondary school or above,41,31,17764,24.35424423048664,8318.596843803949,97.78203107408241,66.4283569766569,0,4014.8866302487445,4010.180304801989,4012.803535840717,4012.803535840717,2017,males
Secondary school or above,42,50,27163,36.31008046027864,4421.391108002307,89.6101314287818,31.513455803850828,2.748837266379511,618.8343045410378,616.761388515713,623.8516710578974,623.3260274261255,2017,males
Secondary school or above,43,58,30153,45.95234069742271,6048.161719674107,205.6800318376281,227.2861738467151,2.096198277672758,617.4809081688018,623.2145010613175,684.6430158571576,684.8260611807768,2017,males
Secondary school or above,44,26,20361,15.818952935474847,7452.171754006844,29.96512941407593,107.89423816773899,0,1796.6416436260045,1790.249697536699,1777.195371039837,1777.195371039837,2017,males
Secondary school or above,45,45,24068,28.269248701950044,6154.826256163094,36.046410171181655,20.874397540302475,0,833.6871067743955,830.1949460105495,829.0156629112895,829.0156629112895,2017,males
Secondary school or above,46,25,10726,17.744216441448458,3832.288442414072,61.34626142084654,100.31698676114115,0,678.3088425293151,687.5624541922996,661.4142116264755,661.4142116264755,2017,males
Secondary school or above,47,26,12799,20.084088412732683,6155.057035705914,10.899289006953667,89.93671380576608,0,1462.0633332182922,1461.1116525318582,1455.1610511508215,1455.1610511508215,2017,males
Secondary school or above,48,38,25499,19.810693964313334,4176.336712550818,204.45311580846308,427.67690236218414,6.578558636286391,557.2892229378725,624.8323358818398,580.6131961962992,580.5438695692691,2017,males
Secondary school or above,49,35,21846,24.128081824240354,4764.373188074094,34.940034788977385,355.9537977966981,0,683.2431775282184,698.7508907237589,775.3188983195728,775.3188983195728,2017,males
Secondary school or above,50,41,24217,31.207565562494967,5387.932100039917,37.01531981665772,241.7172509669516,60.45340050377834,865.7935519215415,869.3142223689292,841.180922858891,849.2387191844457,2017,males
Secondary school or above,51,27,13545,22.256521149982174,3515.7202104097455,28.59357696566999,112.1323981789098,0,528.8457739088828,532.3181536416184,590.5923757832405,590.5923757832405,2017,males
Secondary school or above,52,27,15972,17.87507803996403,5184.714479505802,36.52391685449537,298.9732031054345,0,1116.1805687641113,1126.7366916653089,1199.8407430896343,1199.8407430896343,2017,males
Secondary school or above,53,22,9378,17.26932780171635,6218.185362906092,295.3134996801024,704.5798677756451,0,1016.3477793973186,1089.4883379578664,1155.5867745790429,1155.5867745790429,2017,males
Secondary school or above,54,27,12501,20.734275418841648,4837.876943177879,5.055595552355811,120.79033677305816,187.31701463882888,860.1330692254991,859.4357164241434,837.9630320696896,844.2447158645733,2017,males
Secondary school or above,55,21,11164,16.233118376371614,4536.566493490983,93.96273737011823,231.04323420518335,0,966.6046438902523,1011.217884042244,1068.9865330899147,1068.9865330899147,2017,males
Secondary school or above,56,23,10976,16.811038589348613,5294.781158892129,36.647230320699705,807.5725826044704,3.316326530612245,843.46418965256,843.2621510687763,920.5161510783622,919.3706783565457,2017,males
Secondary school or above,57,12,5344,9.78769338332568,9273.78000249501,43.293413173652695,2330.7135728542917,60.17964071856287,2525.366622230701,2520.3420035070985,2990.3816340619555,2975.2797257343823,2017,males
Secondary school or above,58,15,7953,12.715682697219586,4891.162663984241,0,119.1688670941783,0,892.6693585163483,892.6693585163483,914.5899742295832,914.5899742295832,2017,males
Secondary school or above,59,13,6059,9.286957170665934,4134.082631897453,33.80095725367222,630.7377455025581,0,2394.812326296005,2390.463575695531,2534.2193866332427,2534.2193866332427,2017,males
Secondary school or above,60,17,8994,11.996285975717363,3525.0524423689867,60.43162108072048,1208.9967385664518,73.97524275442888,683.1493975361943,689.5178859018007,1076.7712468665454,1053.4132323310434,2017,males
At most primary school,14,32,26268,25.54221903248356,148.01564641388762,80.75224607887924,2.451652200395919,0,58.508277475966736,99.89399975948213,99.71384125013591,99.71384125013591,2017,females
At most primary school,15,36,30243,22.450395274297826,397.40667261845715,96.19392917369309,0,0,90.7186293725359,121.89005213231594,121.89005213231594,121.89005213231594,2017,females
At most primary school,16,29,23246,19.725712919852157,292.6236771917749,173.68243998967563,38.445323926697064,0,93.43698937592414,131.6903661375088,136.89749958530027,136.89749958530027,2017,females
At most primary school,17,33,27046,22.75481225974786,491.0843624442308,159.4629520076906,0,0,85.13664322415072,140.69633606537678,140.69633606537678,140.69633606537678,2017,females
At most primary school,18,30,20622,23.234912494319214,465.8539423916206,137.52371254000582,14.93550577053632,0,95.1756954904309,137.60781283345494,135.83497416444695,135.83497416444695,2017,females
At most primary school,19,20,15481,15.270366399420842,735.7372650345585,102.66197274077902,1.7295394354369873,0,160.2364560144043,177.51139887400808,179.21560889329533,179.21560889329533,2017,females
At most primary school,20,35,30473,19.7775321747273,634.0151390848729,105.78019886456863,13.497194237521741,0,198.39062018452097,219.89736991918943,228.0076615377869,228.0076615377869,2017,females
At most primary school,21,15,8014,12.28112100837058,1372.8325430496632,204.34614424756677,0,0,603.4448346250115,613.8431277648295,613.8431277648295,613.8431277648295,2017,females
At most primary school,22,32,24799,21.48885575787503,435.09012460179844,81.75329650389129,45.80829872172265,63.5106254284447,128.45391481474357,146.46571588637278,155.35441729165981,154.2551980564716,2017,females
At most primary school,23,20,18976,9.152271380648562,607.2154300168634,145.5962795109612,61.01654721753794,0,273.05220084907694,318.31250463771875,366.2766582987325,366.2766582987325,2017,females
At most primary school,24,30,24538,22.90476986793209,777.278792077594,146.52253647404027,84.28152253647404,3.096150188822778,151.15855803809114,174.88122995918522,173.82266686085876,176.49667489223094,2017,females
At most primary school,25,29,19477,21.729008646902226,881.647875271688,129.88037172049084,40.570929814653184,15.777583816809571,227.05321522856423,239.03764331535717,241.62886174968472,243.84475241750766,2017,females
At most primary school,26,30,25154,20.05562862133641,719.89063369643,160.05454400890514,53.381917388884474,3.4348413771169595,153.96586815939364,177.54734879840004,184.08304969596682,183.85275100129732,2017,females
At most primary school,27,38,27927,29.631868554599144,714.4070970745157,146.03358756758692,45.45923300032227,0,188.1169077691119,211.42059099778587,211.52122447155213,211.52122447155213,2017,females
At most primary school,28,29,23270,14.699551346979764,915.3397650766366,130.30511388053287,40.35668242372153,0,544.0598987855351,544.7465914178757,576.1702400863331,576.1702400863331,2017,females
At most primary school,29,34,23858,23.492324025950655,727.6433062285188,40.4317210160114,55.90734764020454,106.62042082320396,178.49534357915675,184.69542117552504,184.7836220205991,178.45878934226224,2017,females
At most primary school,30,53,35714,34.84041612382014,1247.2860456216983,50.70364562916503,57.113106904855236,122.04830971981109,259.63718856398646,259.4133005171017,258.07007374612544,262.4601336429856,2017,females
At most primary school,31,25,14831,19.72914149419177,797.3046996156698,111.24671296608456,115.27887532870339,48.41210977007619,188.21821888235462,190.0274508792421,206.18807212222018,216.09171233247488,2017,females
At most primary school,32,61,40786,41.1327470608901,1271.3768368230928,67.92110037758054,88.15468747446019,278.6575458899295,262.1882230395213,260.0514132039958,267.92978845741436,295.82945290549713,2017,females
At most primary school,33,45,30604,35.126548911198846,967.1066527251339,166.32270291465167,101.02600967193831,23.460985492092536,153.4467466498303,167.06838034111402,181.57596709512475,181.96104034681554,2017,females
At most primary school,34,45,38897,26.29832170137511,1471.8438697071754,126.20819086304856,57.41556761018416,36.06533494442588,311.1654394391703,313.7672511837457,310.9327139353094,306.9530634740453,2017,females
At most primary school,35,42,25362,29.483090118746215,884.6473069947165,137.69261099282392,57.699511079567856,0.7885813421654444,215.82405738013242,223.0549377912663,222.4796341540134,222.5655119729574,2017,females
At most primary school,36,50,32258,36.695914587811686,1444.1350982701965,103.07706615413231,127.00699568065802,46.71476842953686,324.510583332423,325.126396740814,342.0963195381376,339.1913663484143,2017,females
At most primary school,37,47,33621,32.958303900504944,1227.632501511952,69.9849796258291,128.01659181265677,38.68118140447935,668.8888603554714,672.5198177379735,692.2315608083927,692.3522408047462,2017,females
At most primary school,38,61,41491,47.47151765053498,1345.3800502920312,36.7069966980791,64.13961260675005,105.9367091658432,350.7238009413957,351.12873923590365,367.2609053072625,384.67374519871476,2017,females
At most primary school,39,42,28344,24.14496240077251,851.4015194279801,67.5769122212814,45.31911515664691,91.9418571831781,263.7839194311821,267.01651731911056,268.65089180437315,291.9308312153152,2017,females
At most primary school,40,51,36692,31.248337293969843,1377.3768396380683,36.09620625749482,104.25762654892984,131.74261419382972,379.8265772384966,378.78774449378744,382.22099853740036,426.05141471339914,2017,females
At most primary school,41,31,24233,20.09905631979128,1157.409359138365,86.40779102876243,150.33662773903356,64.80831923410226,237.77545533372205,240.74689706461004,252.9389216489253,254.54804109218352,2017,females
At most primary school,42,46,39099,28.744887669094577,1102.7166466320537,83.65344382209264,84.57741885981739,0,268.29385563823945,274.5006839372223,288.8378926757276,288.8378926757276,2017,females
At most primary school,43,37,32878,19.233426515752807,880.1864063101973,71.54547113571385,101.9801488330596,110.77316138451243,180.71880280970674,191.2363488361612,187.8386478369705,236.96068746161944,2017,females
At most primary school,44,38,24143,25.774328261033656,1464.630479504066,74.89707161496086,256.39999171602534,401.049993787019,251.15785801767205,258.9429951944666,343.78500239920623,627.7232623185733,2017,females
At most primary school,45,52,34237,34.04997427309698,1753.849315068493,52.7642608873441,154.3204720039723,57.555665897518274,437.6784864669905,436.97921007859026,450.34584909201675,487.27071847132555,2017,females
At most primary school,46,48,29231,33.14029525747209,1150.2454386325019,77.61383462762136,64.37321108868439,118.35608315372949,241.73416283084268,244.71151032269384,265.061584803113,270.1673680657948,2017,females
At most primary school,47,29,18618,23.723839743623966,1441.3419271672574,100.55859920507037,70.28572707415763,135.9204354209188,779.8177538390927,781.4322256032141,778.9922455067876,776.8460839386513,2017,females
At most primary school,48,50,32519,29.65849518705374,1301.9101448384022,74.74885451582152,237.25017681970542,82.53734739690643,276.43818396189073,281.6421615741429,301.9539038893899,316.1851602273771,2017,females
At most primary school,49,24,15831,14.054935089865412,1215.2548586107428,136.52264544248627,66.39757437938222,0,294.77718483616087,304.3089638525429,294.14817011605976,294.14817011605976,2017,females
At most primary school,50,33,25951,19.29069322154763,870.926515355863,82.34056491079342,150.09248198527996,252.78409309853186,262.60262880776247,269.5815862585014,298.6823910714254,415.82565668031026,2017,females
At most primary school,51,34,26047,27.75432634663848,912.667370522517,62.36879487081046,118.14834721848965,21.376742043229548,204.45606523422876,208.0073872461019,211.4226233748076,210.82485537014261,2017,females
At most primary school,52,36,27591,25.91582302843433,1246.0461019897793,36.88586858033417,126.3484318557984,197.5221388617061,345.06424981805037,346.5599560570932,346.89821148837774,369.90082841508263,2017,females
At most primary school,53,30,17246,19.342283637256592,1114.920290695427,55.08871622405196,65.27359001121033,0,278.8979835709391,287.0353693974477,293.19089093040606,293.19089093040606,2017,females
At most primary school,54,24,13779,18.04107971573405,770.615356702228,22.203352928369256,228.457556184532,76.04122214964802,170.43755367542184,170.9975814994256,164.12691940052227,173.72676214048704,2017,females
At most primary school,55,34,28289,20.278887989680076,1262.6612346377271,37.829545052847394,28.106743492759257,18.420587507511755,248.13453777183287,245.3727003077482,255.94866665865726,257.69356460965366,2017,females
At most primary school,56,33,23508,23.616597368655647,1116.0643894277125,57.62080993704271,150.93266122171175,101.01888718734048,275.41471267547666,282.5831704857007,304.80327044900787,315.3778485157777,2017,females
At most primary school,57,14,9099,10.374658889914345,1712.7726123749862,25.80503352016705,149.8186613913617,0,490.6205537096028,496.7450942831967,479.75806848732907,479.75806848732907,2017,females
At most primary school,58,18,12292,13.288410230720304,764.5364464692483,86.9370322160755,119.24151209458728,115.59171276711142,142.83474894364463,169.50719154010963,223.456856716453,261.1658353227758,2017,females
At most primary school,59,30,23718,15.071997420195192,911.8954802259886,75.59870140821317,171.7537735053546,582.2834977654103,189.21188003558785,200.9929252415548,278.9821130508392,364.9636927302993,2017,females
At most primary school,60,40,28319,30.116068641281093,873.2249373212331,179.04304530527207,123.57757453770732,79.71326671139518,171.43670002144754,211.17913575412484,222.49254001589438,249.27665881852678,2017,females
Secondary school or above,14,10,5096,8.321786305970269,112.44113029827315,3.2731554160125587,0,0,79.89197955967953,81.8047240371619,81.8047240371619,81.8047240371619,2017,females
Secondary school or above,15,10,4568,8.370958864542631,147.42775831873905,0,0,0,96.97261811073678,96.97261811073678,96.97261811073678,96.97261811073678,2017,females
Secondary school or above,16,14,9252,9.384893829484263,321.2926934716818,100.86251621271076,0,0,140.0113891488218,190.5581073535875,190.5581073535875,190.5581073535875,2017,females
Secondary school or above,17,24,13472,20.278017260161143,906.8605997624703,150.89853028503563,40.480255344418055,38.190320665083135,239.3284448896379,275.6141926908023,281.37799848547604,299.339863409973,2017,females
Secondary school or above,18,33,19556,24.315752623449274,805.0882934478761,190.37124156269175,3.0254994204677166,1.896331901547692,160.4759901443175,188.999649158017,188.85291348899685,189.0317278101426,2017,females
Secondary school or above,19,51,33522,30.253312028774616,1363.049360618897,206.08734562376947,30.219706461428316,8.304993735457312,238.53279887138794,256.12967142074484,263.83703211360256,263.4024824297421,2017,females
Secondary school or above,20,66,38106,43.27200464312143,1991.674801868472,88.69679315593345,97.18460784828285,13.724872723455624,238.56871893638206,238.54671715195016,225.1206024326586,224.6193036729118,2017,females
Secondary school or above,21,70,51226,44.76594991303225,1521.1366363435234,95.86928512864561,32.60608219784224,64.8108382462031,186.4501895014716,188.47050510350982,191.55253755775828,214.3056417969059,2017,females
Secondary school or above,22,61,39979,42.20850186611057,1965.3241076565196,59.123789989744616,85.78753845769029,1.5833312489056754,233.66301733962862,236.30793526734277,242.02321787731546,241.82294041675047,2017,females
Secondary school or above,23,58,38879,39.09495995950573,2209.0013889246125,106.48679235577046,48.86710477807213,96.57741539991596,416.8725699947151,415.57729312641186,415.1846837180344,427.7781969941733,2017,females
Secondary school or above,24,50,34887,28.590375295566513,2126.230410563629,129.38057155960672,13.253981903478852,1.8144294436322985,321.0816961935813,321.5472848177499,322.34645120967144,322.0770869033397,2017,females
Secondary school or above,25,67,34487,49.6367832895993,2754.241356646466,82.52674920984718,42.053527416127814,39.665187848561295,282.60942289008227,281.9884346925709,281.60736916706986,284.03817028893485,2017,females
Secondary school or above,26,57,35816,41.19738944153349,2525.6806176010723,96.97492740674559,224.03325329461694,22.4731963368327,274.66494481376134,292.51181785333716,308.8126966757341,306.60066890928107,2017,females
Secondary school or above,27,60,33009,46.25162152163822,2797.73581447484,105.31030930958224,61.80309410564795,52.817918345501724,316.992561090709,321.4441685854902,326.2884808365243,324.3971195575527,2017,females
Secondary school or above,28,43,23757,29.051767471195955,3953.6881199927043,35.79323988719114,13.517910510586354,0,533.827580098153,532.3938532260516,529.7598882210091,529.7598882210091,2017,females
Secondary school or above,29,52,28861,39.576832188816915,3049.4316898236375,87.20765046256193,71.72467458970006,201.86983588002263,254.70972598683534,247.89789176100766,255.41254146323678,360.0769379527417,2017,females
Secondary school or above,30,72,49554,43.19717718741922,3351.418378603813,103.00742624207935,88.92790356647967,31.258828752472052,358.24833288525593,358.8835155449044,358.8611387445391,358.22275166362306,2017,females
Secondary school or above,31,51,30342,36.20123887729547,3673.0659893876473,18.481313031441566,254.475468547448,13.014962757893349,546.7849157417241,546.3023032822704,591.2816522881363,591.4743402923792,2017,females
Secondary school or above,32,52,32534,27.054046332233835,2981.070526218725,18.826458474211595,135.83686809696525,157.0951414930022,461.34645748285936,459.5792778172158,467.11122408314645,506.0168694691163,2017,females
Secondary school or above,33,43,28452,29.653504731900718,2947.2149585266416,2.446225221425559,64.09391255447771,0,342.1287965463927,342.4944118900879,342.60220313620084,342.60220313620084,2017,females
Secondary school or above,34,39,26399,29.252021124198667,2487.18983673624,102.86109322322815,303.9130270085988,140.24457997146357,648.2747804670461,645.0143204066326,666.0659416646746,655.6097290999575,2017,females
Secondary school or above,35,51,30689,35.19451357574069,3924.7363659074367,60.19713904004692,107.63710124148717,8.967382449737691,567.5907415865954,566.0479593398788,578.0334618718786,577.1721513973579,2017,females
Secondary school or above,36,46,26587,33.85750548514541,3635.29012299244,67.46154135479746,110.50137285139354,21.754993041712115,367.1699770407557,370.1318544809424,395.21679789521386,391.1938458919232,2017,females
Secondary school or above,37,30,19443,21.77328332406507,3336.6715784601142,18.92712030036517,45.862906958802654,0,615.2702441718155,616.6250614756101,617.0870362916216,617.0870362916216,2017,females
Secondary school or above,38,44,23189,27.19803546656417,3408.7643063521496,80.23286903273103,205.42786091106416,58.97106386648842,591.7829131885841,589.3668874710538,601.2035746758742,627.4874839552824,2017,females
Secondary school or above,39,31,17977,24.767395382005557,3574.6662726446752,34.838404628135955,59.06436001557546,22.395282861434055,395.62361917138776,392.53439159194863,397.72752602936583,396.60176561846004,2017,females
Secondary school or above,40,48,28833,31.572707963672823,3546.8968542988937,37.649568203100614,121.91898172233205,0,403.0993637632314,398.3507609727579,416.98099201411276,416.98099201411276,2017,females
Secondary school or above,41,21,11828,14.872312596100203,3476.362656408522,107.2776462631045,40.24349002367264,124.05591252395448,701.743323975685,715.8836082737922,723.4935652925949,720.9934301213938,2017,females
Secondary school or above,42,43,23684,32.492480407724166,3531.925406744356,65.38794122614424,401.7240893993132,86.5070652479874,417.355038991017,413.58839071634594,410.25151493145495,435.13805933470087,2017,females
Secondary school or above,43,25,11544,20.24900649693417,2746.2798856548857,7.451489951489951,63.11330561330561,70.68607068607069,457.78760755821463,456.9243154288874,451.4886354961344,448.8195572488653,2017,females
Secondary school or above,44,23,13461,18.545184041472773,3632.0667360027737,71.60092117970433,130.9746675581309,228.21484287942945,845.4477449708556,847.9983026043249,835.2597474357167,822.4448672014379,2017,females
Secondary school or above,45,38,18888,29.406970498775934,3804.2706568544404,99.27445997458705,177.51305943809123,2.0330368487928845,503.8140841456368,494.07945027579973,486.6166308126615,486.3201280816265,2017,females
Secondary school or above,46,20,11861,16.764861094344923,6251.879549222943,27.501896973273755,259.2445830874294,0,2808.562642362485,2806.9944273201527,2797.166265124748,2797.166265124748,2017,females
Secondary school or above,47,17,8476,13.853460174851241,3256.7593990876203,54.739263803680984,62.85983954695611,0,775.068337651147,769.0162170114112,757.9479365757015,757.9479365757015,2017,females
Secondary school or above,48,17,10546,12.121413675915296,4423.015993425627,86.2317466337948,132.41513369998103,0,519.3835627363212,506.75334905436455,455.1630475974128,455.1630475974128,2017,females
Secondary school or above,49,18,9671,12.773213495311598,2720.5162858029157,6.532933512563334,230.49322717402544,1276.8896701478648,464.879866458667,464.8451111053709,449.9854234311053,502.7922509915815,2017,females
Secondary school or above,50,28,17087,20.055766345299222,4020.886346345175,144.64563703400245,305.5539298882191,74.80540761982795,580.5722641577038,554.111975644716,647.5821077932428,637.4430835192147,2017,females
Secondary school or above,51,14,8005,10.320597943773057,4110.120674578388,12.192379762648345,1194.5908806995628,0,931.7992901954092,931.0743144086297,1432.2207190915415,1432.2207190915415,2017,females
Secondary school or above,52,14,5821,11.899504375215319,5503.46818988719,282.5115959457138,254.49235526541833,0,1110.0823065281395,1053.7085800885595,1087.732863600706,1087.732863600706,2017,females
Secondary school or above,53,21,10599,13.420259049363882,3476.221931314275,17.87432776677045,120.08680064156997,0,709.5411930172156,713.3084132636187,690.035100548271,690.035100548271,2017,females
Secondary school or above,54,16,8231,14.055391211386986,5776.253391649455,29.1240432511238,416.5350504191471,0,1061.9316142163716,1057.0398536238258,1085.6178589508224,1085.6178589508224,2017,females
Secondary school or above,55,12,6832,10.258298839540458,5206.70862607338,159.82435597189695,1035.4764344262296,18.77195550351288,790.4381504029112,822.4982473934275,1301.9206632199953,1297.2092819114796,2017,females
Secondary school or above,56,9,3574,7.626866491521375,4663.691475470994,0,91.71796306659205,0,1148.6910431786253,1148.6910431786253,1155.1682418072628,1155.1682418072628,2017,females
Secondary school or above,57,9,5698,7.4471939987925655,3676.855036855037,0,26.167076167076168,0,1228.8858443947363,1228.8858443947363,1221.7977659243738,1221.7977659243738,2017,females
Secondary school or above,58,10,5598,8.704604682402076,5291.641002739073,130.72525902107895,383.1725616291533,0,1783.7950182558268,1761.0401700735442,2072.6677577153205,2072.6677577153205,2017,females
Secondary school or above,59,8,3766,7.179310191222088,2020.4142326075412,0,60.06372809346787,237.9182156133829,908.7430769294735,908.7430769294735,919.9008591852087,900.893327459873,2017,females
Secondary school or above,60,8,5026,5.7266420015053,2701.2302692664807,47.61241543971349,0,0,1142.4404850509814,1138.0903698731217,1138.0903698731217,1138.0903698731217,2017,females
At most primary school,14,22,15862,10.797824427782311,427.1011852225445,16.580506871769007,4.060017652250662,0,119.88903582594278,124.25048281829615,122.92368706561025,122.92368706561025,2017,urban
At most primary school,15,27,14074,21.63731216764761,701.0132158590309,175.49666050873952,0,0,92.05566366709553,112.68364998409312,112.68364998409312,112.68364998409312,2017,urban
At most primary school,16,28,20203,17.80424561253974,681.1973469286739,155.55273969212493,44.66663366826709,0,125.64561443421235,131.29081146670384,130.67831711717832,130.67831711717832,2017,urban
At most primary school,17,31,19643,15.29087627782301,868.474859576779,45.920684213205725,4.5665122435473195,0,132.3627970921816,132.02404747287153,133.2202258744725,133.2202258744725,2017,urban
At most primary school,18,33,22649,17.617311732198367,1064.548398016101,119.27431674687624,62.58186527734853,0,147.6544917188338,154.29592695874166,164.5869332342859,164.5869332342859,2017,urban
At most primary school,19,34,22951,29.063249105105772,1200.3756815244071,156.46638490697572,13.809975600191713,0,155.7618136415469,169.5867286282681,170.24558592616617,170.24558592616617,2017,urban
At most primary school,20,38,26087,23.773120872624848,1137.8764646503366,99.02863495227508,215.153141411431,65.74155709740484,172.2551285320282,182.16411540024527,245.15524776507374,237.35845520466424,2017,urban
At most primary school,21,34,16106,27.062468871767855,1513.2147439877479,86.80305476220042,68.70317480028147,0,293.50678174712897,299.57971636507756,306.2495349563505,306.2495349563505,2017,urban
At most primary school,22,33,21509,17.462306691509518,1056.7766981263658,124.91887117020782,20.503045236877586,22.130271049328186,206.50634074545752,219.3177327846555,219.30004332800254,216.13085983701,2017,urban
At most primary school,23,33,27474,12.402106078873327,1015.9595981655383,71.9989808546262,4.677149304797263,0,276.29101277091365,283.4803156125973,282.08005715063297,282.08005715063297,2017,urban
At most primary school,24,39,27405,25.968704633544064,1377.8924770419023,137.78580550994343,44.84339840661679,9.176184394575198,203.2763051831918,220.63661715935106,216.21745518962524,218.15288622268582,2017,urban
At most primary school,25,49,27205,35.890739762515885,1510.5193714390737,67.01415181032898,110.32915211664523,28.41511976965019,213.69431456750212,213.3833431472065,248.65729073486614,252.58693881751933,2017,urban
At most primary school,26,37,20294,28.85098974076967,1508.8858775992903,117.945304030748,89.19302913833316,4.257415985020203,194.8945127980873,196.2181525860348,205.58991530871987,204.83148013359673,2017,urban
At most primary school,27,41,23857,32.66627219641301,1564.3586787944837,116.52890137066689,150.69906107222198,0,240.48658896432923,242.99528807169784,270.4581722571114,270.4581722571114,2017,urban
At most primary school,28,56,35645,25.563248509808464,2182.4613269743304,167.76540889325292,41.62996212652546,0,398.65974433384605,398.1997311570696,415.54628271280563,415.54628271280563,2017,urban
At most primary school,29,46,27939,34.720503820850055,1725.5831155970745,123.7492394144386,84.41023300762375,114.02295477051194,233.15302894688176,244.3763123817552,261.114519195637,298.7118948345686,2017,urban
At most primary school,30,66,45956,35.04118019145246,1647.5131303130531,68.20001740795544,71.29055872283634,16.737023819885685,207.42779516326962,220.38311769750445,217.78486884575852,218.52160190178012,2017,urban
At most primary school,31,41,25336,22.001789310382012,1779.81126986633,123.55541521945058,69.17429744237448,8.466214082728134,266.27907662565485,274.79056232801497,283.3447042169959,285.2092862973674,2017,urban
At most primary school,32,68,38961,50.88905247052656,1925.2465114687336,62.22350555683889,129.87709932154377,19.487692821026155,236.7221343237421,231.3129850229161,227.2287937783331,233.70141167954012,2017,urban
At most primary school,33,51,29190,37.1733378962201,1996.9748772410642,165.0853031860226,314.6499942902821,0,285.325026156211,307.50873299762776,404.987091478623,404.987091478623,2017,urban
At most primary school,34,57,40643,31.359230363303286,2144.671841809578,144.06023177422927,31.211606754750715,18.188864011022808,283.48399290678793,282.09277455141665,278.38358171216214,278.18580779721754,2017,urban
At most primary school,35,62,29353,42.003541397613546,1864.2280743592364,77.35359247777059,21.69454570231322,0.6813613599972745,241.20780018028722,244.99251633218918,243.75300529635345,243.7398511349625,2017,urban
At most primary school,36,68,40096,38.842391271258606,2483.4470021947327,138.83716580207502,92.0463803538175,37.58292597765363,326.61501235191787,354.2585022549411,360.53471237785453,355.5650025139263,2017,urban
At most primary school,37,41,21622,32.78660463795875,2563.3980744920295,98.07742114512996,193.1186985477754,0,839.343243318523,840.3858329986413,859.3825358751242,859.3825358751242,2017,urban
At most primary school,38,77,50275,54.717455523724766,2122.567856787668,89.56539035305818,47.55677109232554,99.5747389358528,392.5663707213582,391.9753020990715,400.7055112313392,408.3851416839798,2017,urban
At most primary school,39,53,28333,42.52808896857162,1858.6975964423111,39.63858398334098,15.850186472782031,91.97755267709032,210.74056738255186,216.48318173530672,215.2542834456687,222.26748616627285,2017,urban
At most primary school,40,67,38388,44.292059539522505,2231.5835677815985,188.51729707200167,223.73411830085792,113.75950817963947,323.1714969380996,377.9071587839664,367.30988213349525,391.4621948982424,2017,urban
At most primary school,41,32,22485,17.395500510381332,1945.844577866726,278.80320213475653,102.7730338744348,0,435.69372632571543,448.622225858093,438.73221122023216,438.73221122023216,2017,urban
At most primary school,42,57,43013,34.97076808196927,1696.2226633033424,60.278194964313116,48.85743844884105,0,285.4134070237084,285.7442753737987,292.4774562122383,292.4774562122383,2017,urban
At most primary school,43,50,41409,23.587546207381997,1946.0355075788675,73.33966046028641,51.74074476563066,87.951894515685,392.0811158109219,390.97107003822117,387.06636013459683,394.1577342819624,2017,urban
At most primary school,44,45,21695,35.82949307001752,2132.0341399708072,62.13044480294999,9.776062072674195,590.1820696012907,369.4580168186672,370.4777769178863,370.6286050000881,585.7597435319035,2017,urban
At most primary school,45,62,39891,34.86897817639595,2169.7047120068855,81.90932791857813,209.18753603569726,19.616789083586106,260.71110538488267,261.8443715495542,385.8829869918396,386.68490721608293,2017,urban
At most primary school,46,55,31014,32.34021144520236,1623.7284747748329,95.92216418391693,34.90552653640292,24.42982738978096,289.2747938807747,291.11482671706796,305.0664322732962,303.48315774917415,2017,urban
At most primary school,47,29,15996,22.057358161882338,2881.299887471868,144.576144036009,30.89522380595149,27.7006751687922,988.3748197761767,981.6270757663625,979.2359351617195,978.7155212736966,2017,urban
At most primary school,48,59,34236,31.558214180651348,1877.179586789734,129.20399579390116,164.69213693188456,78.39794368500993,250.3460547450368,255.32666324667883,267.3678401700076,276.5385912329508,2017,urban
At most primary school,49,45,29008,22.461820988058022,2612.4686523257956,103.32977109762824,111.33445945945945,54.054054054054056,1154.3145657205557,1152.1513697637906,1158.9435413065798,1173.8339141248703,2017,urban
At most primary school,50,56,44289,26.34449466132335,1923.1925233504182,43.79642800695432,76.41494878336984,573.709047393258,334.6469113317423,334.1481369752256,345.9883119779972,426.4977778891792,2017,urban
At most primary school,51,37,24549,27.548115496005213,1411.208766141187,57.888305022607845,121.28386084972911,19.5119964153326,269.605725019954,268.7748261416917,266.72533646595247,266.83515738626346,2017,urban
At most primary school,52,50,36491,26.567211373810288,1445.374731668996,38.299580718533335,91.88589880609831,63.67323449617714,242.76234346453518,244.68072856676952,244.23896228344316,258.9156158073401,2017,urban
At most primary school,53,39,19818,25.129792442042298,1695.9089548222153,64.49742658189524,46.13104248662832,0,276.45162864882553,279.8763260293506,283.89346470623593,283.89346470623593,2017,urban
At most primary school,54,41,23810,25.99155016648516,1822.4789164216716,46.37547249055019,173.26193476130476,13.66115077698446,278.7018018665646,295.66512556153805,336.280327488889,335.1849599327875,2017,urban
At most primary school,55,46,30324,25.831810356422782,1502.133722464055,43.58791716132436,31.900200061557403,7.8980345600844215,227.4196679032318,231.5793903649997,237.0015690261354,235.47402799695436,2017,urban
At most primary school,56,48,32721,30.70275966251231,1434.3679797887187,107.46936218330735,64.55258091134134,43.40331896946915,207.3205976365042,222.36337766572464,239.77118822686697,236.2769093513324,2017,urban
At most primary school,57,29,18108,21.22344681297807,1887.1015205065903,12.96664457698255,98.5487215595317,113.85391355570282,274.9075829250499,277.06934342475085,272.26753741211536,297.00672621461644,2017,urban
At most primary school,58,39,22189,31.364511104883743,1902.9213273844398,121.6828158096354,146.79150329742964,90.60134901678009,268.087164277743,328.1585200713458,350.1620707540119,353.2806324488781,2017,urban
At most primary school,59,36,23014,17.73455171859115,1253.9818661104835,88.48570435387155,72.57220242750789,658.1119898033081,287.32312550448506,300.7693344727364,303.5339802813543,447.40200615796306,2017,urban
At most primary school,60,55,34514,39.95844391751659,1904.6229742519945,179.60161094048792,323.45719611365433,0,313.38167049895077,326.10002842743216,386.640830279869,386.640830279869,2017,urban
Secondary school or above,14,7,3274,6.122051795195146,356.9578497251069,26.05986560781918,0,0,130.3827998328993,128.86349401857245,128.86349401857245,128.86349401857245,2017,urban
Secondary school or above,15,14,7954,11.244738713958018,323.88106613024894,0,29.848713435587968,0,115.82700080726391,115.82700080726391,117.14915052595944,117.14915052595944,2017,urban
Secondary school or above,16,23,13591,16.24451406054367,547.2036641895372,77.1952027076742,0,20.484143918769774,130.69215199910832,156.44782614105748,156.44782614105748,164.53036100140827,2017,urban
Secondary school or above,17,46,31846,26.842603166405777,1049.4630722853733,91.17675689254537,24.02342523393833,16.15587514915531,189.0465520183517,204.90741927285018,208.9687673443795,216.54183560589948,2017,urban
Secondary school or above,18,73,44538,55.42525914140914,1200.3721410181568,64.40567605191073,1.8022063556214167,0.8326522669780112,144.34348961170807,148.9989486497428,148.85741171472745,148.87260506779828,2017,urban
Secondary school or above,19,94,57434,59.20358244143517,1756.190177711228,123.23223177908555,49.01826444266462,4.847302991259533,220.66932408722323,225.97833291419406,230.76224570273607,230.49832656918633,2017,urban
Secondary school or above,20,123,67146,80.31322859696077,1948.6444662873935,88.6852530307092,98.21322193429243,13.370103952580942,158.2117035017522,161.53680089592567,157.94619738582801,158.34114948284704,2017,urban
Secondary school or above,21,139,83839,89.91942190265156,2261.4972536647624,92.01111654480611,43.12598154399106,39.599708965994346,156.48415914272914,158.50939656719362,159.72241073082617,166.2355580392116,2017,urban
Secondary school or above,22,133,82556,84.18344601117668,2142.092658316779,98.82346528417075,59.121485214076905,0.7667522651291244,170.41906118423793,180.6650976858818,182.3010288717906,182.22767711897757,2017,urban
Secondary school or above,23,149,86362,108.97827081363765,2462.1890569154643,72.95694865797458,35.806209135190635,43.477841334537565,195.9225147639252,200.29507974777707,200.32771052064302,204.13789740512317,2017,urban
Secondary school or above,24,116,64534,72.46393297645376,2585.591363983843,80.32571977562215,183.51579529137098,32.09677585975352,193.14432480144703,201.2528695473568,295.80470071503885,298.12544269281125,2017,urban
Secondary school or above,25,147,79582,108.42016056187823,3194.278501001064,142.19245558040762,83.43648165833146,18.018814974910576,190.85000592004155,207.53039832847568,212.9632264416828,213.22341082280698,2017,urban
Secondary school or above,26,121,66270,87.2890158911376,2871.7480232382677,81.20642824807605,139.90971279110707,12.145767315527388,222.74547589743463,228.33420396775253,237.12558249043968,236.25824352302303,2017,urban
Secondary school or above,27,116,62336,90.4376772986302,3218.6332376155033,72.42919019507187,46.81640625,21.001775325119777,208.32666987323321,214.94143680210794,215.60909339767838,216.00361242749582,2017,urban
Secondary school or above,28,104,56250,74.89321182189194,3843.668554074074,62.34524444444445,51.6864,0,277.28457859774244,280.8451025861328,286.81363174003496,286.81363174003496,2017,urban
Secondary school or above,29,103,61311,79.60490118452525,3965.7886132450403,131.56986511392736,116.99586262389022,95.02642810153696,272.5461893941707,290.6391492125678,292.0970934320183,312.8895170060254,2017,urban
Secondary school or above,30,131,76605,83.4098061968252,3703.5813001762285,91.82213954702695,209.3782770924439,25.703283075517263,299.5713710195202,312.43896892864115,401.87918106801806,401.1240129888682,2017,urban
Secondary school or above,31,93,54808,70.84794802956357,4206.984433537683,29.217632462414247,155.96800953632072,19.79504208631343,389.4607437086328,389.4756574867478,404.07737229423503,404.13333911722134,2017,urban
Secondary school or above,32,109,63964,64.22668840065111,4134.863071415171,82.54096054030393,104.42114314301794,77.46544931523982,586.2410885152324,590.6228287521368,591.5079832270814,596.3560714249193,2017,urban
Secondary school or above,33,99,64777,66.212486335782,3535.57011233411,63.423128579588436,141.4040991915855,4.686848727171681,312.03544061706765,314.07323301943467,318.2111776183867,317.8011156621209,2017,urban
Secondary school or above,34,83,48644,62.297015047186676,3263.7001582929033,65.03474220869994,240.20862456486583,67.01031987501028,371.09689190432334,374.71503435583185,383.0638544210696,376.79404708506115,2017,urban
Secondary school or above,35,97,59340,65.90546117016834,4684.061835748792,61.379676440849344,79.17832266037524,4.63768115942029,642.9953624067344,653.449499820387,668.9852874385883,668.7046509632152,2017,urban
Secondary school or above,36,91,50642,63.62861518530909,3395.551357239709,76.50764187828285,187.49818990824483,11.421349867698748,267.68945368287865,271.5849000748013,276.9766031486478,275.50424174740976,2017,urban
Secondary school or above,37,68,41640,53.491347084878406,4518.650728466218,53.68395773294909,233.34404018571882,0,733.3263174475875,733.4755597569351,757.6507094468988,757.6507094468988,2017,urban
Secondary school or above,38,97,53254,64.93823666327854,4360.947606439579,87.71942013745446,125.59713824313667,25.678446689450556,428.8677634411885,444.8774189887417,451.1863798494031,456.76884041681075,2017,urban
Secondary school or above,39,68,37388,50.64731106622856,3978.173034574373,36.77757569273564,53.698379159088475,19.386969080988553,292.60352978281605,290.97804853518807,295.1639476694868,294.92320630587966,2017,urban
Secondary school or above,40,96,56466,64.51903761442615,4433.199282163898,146.7847908475897,87.86493937354633,22.092940884780223,412.8691349881774,428.26670317158096,429.4992634965441,429.05290671473034,2017,urban
Secondary school or above,41,45,23688,34.857063769041446,4469.063442812113,114.92654508611956,69.9102217719239,9.456264775413711,461.6711806323074,453.7547254265687,478.63199098059346,477.13659992027254,2017,urban
Secondary school or above,42,82,43746,63.94057097417101,4295.844221947912,84.60266081470306,216.45255185235985,44.27833401911032,407.14339281193025,404.599501690391,401.5814629757432,407.05611039737704,2017,urban
Secondary school or above,43,77,37453,61.565460256638765,5253.917158394076,167.88748564867967,196.55408111499747,23.474933027171833,504.5799475861367,512.8590498198947,561.1995182381404,559.3819557801822,2017,urban
Secondary school or above,44,46,31693,29.562751570919772,5995.341855194101,46.32316284353012,124.94508513972592,96.92992143375508,1174.5314763506415,1170.9594434617954,1160.9840559886281,1151.9373812796628,2017,urban
Secondary school or above,45,73,34591,48.22930528465065,5292.938866564521,72.6275909918765,96.92887359910576,1.11011534792287,614.6384133442936,609.0423083498019,602.2401764586085,602.1076045895319,2017,urban
Secondary school or above,46,38,18481,30.503288137866818,5701.616579189438,44.667496347600235,201.70445322222824,0,1667.969222920298,1667.936962101615,1660.2960696510884,1660.2960696510884,2017,urban
Secondary school or above,47,38,18069,29.32796767255028,3968.3629789510583,27.12214289667386,93.19276108251702,0,514.660459922311,512.9056311709751,509.4047678328155,509.4047678328155,2017,urban
Secondary school or above,48,49,29097,34.73233402804669,4139.799778900459,40.64852046602743,323.8724496225269,5.765084602078107,398.5631802561521,400.5988311241539,373.61255318472513,373.69921199831936,2017,urban
Secondary school or above,49,42,22883,29.783369190468648,4488.883771067313,33.356640300659876,355.5011726317936,130.26264038806102,560.8067843686276,575.83413389145,621.4708546450976,621.7484385167872,2017,urban
Secondary school or above,50,60,33776,46.41449189675609,5379.846459024159,92.33775461866414,246.7333807042476,81.18782567503553,627.2705658747913,621.9185172374721,622.4347883045402,623.6593033292037,2017,urban
Secondary school or above,51,36,18434,27.740332176358095,3748.5721809337815,26.304654442877293,593.6150591298688,0,501.35850788273973,503.0750051669824,703.2807768585488,703.2807768585488,2017,urban
Secondary school or above,52,35,15929,26.770496466322047,4847.337225605291,135.98468202649255,392.78046330592,0,845.7612253623902,848.1100642535507,923.0191352993894,923.0191352993894,2017,urban
Secondary school or above,53,42,19570,28.80050853325785,4839.597270482031,151.19570771589167,402.6750127746551,0,685.5713934541684,726.8228364326001,771.3453340752131,771.3453340752131,2017,urban
Secondary school or above,54,39,18813,31.203174846110585,5327.7847233296125,16.10163185031627,262.50465103917503,10.293414128528145,724.236675457512,722.711231670778,722.1681187666145,722.8077086910322,2017,urban
Secondary school or above,55,32,16869,25.969049846862244,4944.03708973067,126.91445847412413,572.277056533681,7.602703183354081,678.6758612055709,709.4561856711707,845.5892918585388,844.7767761690983,2017,urban
Secondary school or above,56,31,13606,23.28611152131676,5288.222205889559,29.563427899456123,675.5634768974473,2.675290313097163,706.0658808832325,705.9467322556022,761.6569908015657,760.8877893004261,2017,urban
Secondary school or above,57,21,11042,16.75394520817497,6385.600464891625,20.952725955442855,1141.4991245547305,29.12515848578156,1592.8580398230615,1593.1304685490168,1931.314407136866,1928.9556252791965,2017,urban
Secondary school or above,58,21,10531,18.57924107236344,5936.157534896971,12.23055740195613,293.6805621498433,0,966.3135499177025,963.4348549754787,1097.0916399496207,1097.0916399496207,2017,urban
Secondary school or above,59,19,9440,15.278626937097668,3382.5515536723165,21.694915254237287,427.81779661016947,94.91525423728814,1532.8627602686915,1531.0840827884483,1629.5817945593722,1620.8718036282503,2017,urban
Secondary school or above,60,25,14020,17.622144901861816,3229.722182596291,55.836091298145504,775.5860675225869,47.45601521635758,583.5210563934681,586.0801624917194,825.8233789699491,815.5556630368017,2017,urban
At most primary school,14,73,69283,49.14844746900092,320.1562721013813,73.21550741163055,3.5673734297494812,0,71.75929350361177,97.29348347543134,97.08249038405125,97.08249038405125,2017,rural
At most primary school,15,70,65242,50.90729724129937,381.7696269274394,77.64358848594463,3.2877594187793138,0,66.85871278111118,87.3691871084876,87.05869381835967,87.05869381835967,2017,rural
At most primary school,16,91,93342,60.813372534667984,601.161352874376,49.179576182211655,6.496941355445566,0,73.16546263470312,78.9350542236582,79.56822218706644,79.56822218706644,2017,rural
At most primary school,17,65,64713,45.30544043733594,689.7977531562437,91.01270223911733,12.574495593363519,0,82.40224967286747,99.31341259759759,100.63620332149775,100.63620332149775,2017,rural
At most primary school,18,66,58091,45.24144334629023,671.600569221853,39.681534144703996,6.887254480039937,0,95.37256110444828,104.5844765950777,103.91788994178806,103.91788994178806,2017,rural
At most primary school,19,46,42735,35.6395921223764,896.5385827385828,142.19445419445418,31.000663000663,0,140.0766340396647,170.77128635912246,166.3770337983349,166.3770337983349,2017,rural
At most primary school,20,62,57915,38.888779355551236,901.6184177961956,60.47008547008547,6.690840024173357,0,151.69364157462425,160.1092129856078,159.80612541579418,159.80612541579418,2017,rural
At most primary school,21,36,41360,25.300298110687798,847.3966392649903,82.90183752417795,0,0,125.7076489469938,157.7562502551734,157.7562502551734,157.7562502551734,2017,rural
At most primary school,22,47,44321,32.52042400246568,911.9378323292946,66.49872520926874,32.432462414355875,24.796371923016178,141.48738499810028,147.4306678499381,148.9698935409222,146.01898758629054,2017,rural
At most primary school,23,59,48412,42.93436534594845,1157.2476882453386,118.53786251342642,33.44732022363601,0,131.36074652936773,143.19477225651934,151.30168383834285,151.30168383834285,2017,rural
At most primary school,24,47,45193,34.16722345738185,1235.1581070814802,73.88356603898833,41.227494671003626,0,194.52981518780388,193.1746028435085,192.8468944523658,192.8468944523658,2017,rural
At most primary school,25,61,49932,46.194930758685295,1263.0334988918262,167.73972602739727,41.9213463643889,2.3832412080429384,231.9218926514343,250.72888500631603,249.46025085186463,249.41291987903423,2017,rural
At most primary school,26,43,38662,30.998327096409415,938.1410170192954,271.48104081527083,51.474369751521735,10.207697480730433,141.46175373869204,178.68341540118675,174.86444371317387,175.2152337013354,2017,rural
At most primary school,27,44,43778,34.878342201027436,832.7283643230238,69.24939467312349,45.10808320769946,0,143.2408199402529,157.0621971039866,160.21784984823987,160.21784984823987,2017,rural
At most primary school,28,38,33243,27.66810040770686,1125.937791414734,96.16460608248353,43.37920765273892,0,277.34315482131683,280.6702917974017,279.4740486668754,279.4740486668754,2017,rural
At most primary school,29,41,41204,30.56111257257134,1108.4014739669287,67.1696922628871,105.55689577063717,40.3600621298903,187.83926172341688,198.2716740591078,219.737768990656,215.56433948499878,2017,rural
At most primary school,30,78,75284,55.66164611839396,1313.4239081345306,68.57884809521279,80.78114318226095,56.213803729876204,153.077010853591,156.28511387319824,166.9203016196596,168.67000042537026,2017,rural
At most primary school,31,43,30577,29.848360110788644,1112.3780564912627,131.52712823363967,77.5305294829447,23.481701932825327,166.545941870584,181.0811641963318,188.45527016851642,190.70433151508158,2017,rural
At most primary school,32,55,50247,38.44423559085194,1381.7892676843062,38.474336776324954,48.254073211667695,223.44949283871009,264.2309182648261,266.2648961874522,276.61216281243503,299.9900470000813,2017,rural
At most primary school,33,57,50796,40.62585510863079,1258.1621453132793,102.07910071659185,28.967635246869833,78.7450455416437,197.31780124631058,202.9265795530178,200.02766751485007,203.4314427469544,2017,rural
At most primary school,34,47,45918,30.538430567764145,1067.1135901679806,75.81190382856396,185.93309087213436,136.62035222207703,213.1335458448798,218.3715562096576,241.56995095973076,236.68608099551196,2017,rural
At most primary school,35,54,47433,37.44587559439718,1155.0279552210486,96.40904011974786,74.55236333354415,1.286024497712563,257.1540465749657,261.41920208846886,259.4497667907494,259.55492557446354,2017,rural
At most primary school,36,45,38336,32.74384992657833,1046.42667466611,110.73638355592655,227.15691517111853,0,204.98525635664458,211.3970339190988,224.06521046585883,224.06521046585883,2017,rural
At most primary school,37,62,55931,46.126629146681395,1345.072827829528,116.04092542597128,148.04856877223722,59.153242387942285,277.0305320075077,282.63836706327584,340.8583513770528,340.1943907674276,2017,rural
At most primary school,38,61,53409,41.55990097846502,1281.259481860111,40.31193244584246,48.1552734557846,4.058304780093243,225.95845303699787,229.25767678161552,231.22123483243857,230.6810914857982,2017,rural
At most primary school,39,56,47724,35.96107984471297,1387.0779621713743,210.9368451931942,83.28891123962786,31.835135361662896,255.23832014147314,261.18862740393524,263.13396896204705,264.25264021441154,2017,rural
At most primary school,40,73,59184,47.94440924889709,1268.141078388303,82.27544606650446,36.75016333243219,61.01142200594755,224.72174319675383,226.75969656165665,228.82690630760564,241.20090646895179,2017,rural
At most primary school,41,44,40408,28.811999974025543,1263.7596763017225,66.07045634527816,103.65514460832838,48.56711542268857,188.8813716334865,190.4942714425264,196.44845103838324,195.27472301283402,2017,rural
At most primary school,42,50,51209,30.54589198866482,1490.8856483560833,178.3913960436642,114.24718311234354,9.320158565877092,268.1601362244893,286.5198206043276,289.41506346207206,288.32066730091145,2017,rural
At most primary school,43,39,33186,28.32386751398614,1286.136337612246,50.80304947869583,68.15072620984752,39.26957150605677,266.50168238965495,270.7764874702618,274.2337436312257,276.17785170032596,2017,rural
At most primary school,44,40,38418,27.27167399698337,1573.412367466639,125.1426414701442,194.25091536953164,25.406059659534595,266.8960300141309,267.18425668468666,318.68575198279837,321.81695060041426,2017,rural
At most primary school,45,50,44741,34.06436841889323,1605.9921473964969,125.3497910194229,73.36259992698719,43.0924655237925,372.90179932696583,374.51138230642295,371.5287441908623,406.0510972829596,2017,rural
At most primary school,46,38,32875,30.27528965602922,1616.8270468948035,97.58692015209125,64.38230671736376,111.75665399239544,362.1316565179285,367.2169136907424,379.1124080267328,394.04883807308534,2017,rural
At most primary school,47,31,22314,19.82163661488378,911.1425562427175,21.82486331451107,222.2994383197395,148.30786352364734,174.6262100647507,179.24043750600669,225.28733235580125,295.5025977559949,2017,rural
At most primary school,48,50,45121,35.62923415136648,1652.245938698167,100.58309877883912,72.19164764374312,62.47645220628976,283.0501110037246,302.423552966512,299.4550725449892,322.27083956253205,2017,rural
At most primary school,49,42,36562,32.240365971295226,1416.085197746294,28.476560363218642,51.275481829950955,46.51094943748518,245.90214438144733,251.58998159957747,245.83962013893333,260.9272770777238,2017,rural
At most primary school,50,47,49540,36.148578764555765,1657.1582155833669,158.27149777957206,242.8498856143184,163.21894765172925,365.5594356855946,362.55752056524483,401.8435277423503,480.44862768507517,2017,rural
At most primary school,51,29,25482,22.850043051518668,858.0730319441174,246.29542422101875,174.92411636972506,507.036339376815,192.0310106820105,277.3926190148511,417.65969299860075,564.1980391609927,2017,rural
At most primary school,52,38,35706,27.715680835452325,1744.204988890756,111.5204167366829,52.21525560596725,105.31174965925428,580.5762518206068,579.0185827885246,575.2042441798092,576.7255638708898,2017,rural
At most primary school,53,25,19318,19.50175747521396,1658.9670773371984,113.1380060047624,49.58756945163405,0,588.2192216274382,595.1027170910318,596.1109563703565,596.1109563703565,2017,rural
At most primary school,54,28,27070,19.223548345596992,1230.7124122644993,32.56394532693018,150.9726573082133,110.22657308213273,345.95619876833086,354.0399647015549,350.090564191585,374.7232248402967,2017,rural
At most primary school,55,25,24624,15.388859459530797,1170.383487654321,226.69956140350877,74.8926859974009,11.435997400909681,224.5060183032812,282.84936060846485,294.1263277018271,298.11376015388834,2017,rural
At most primary school,56,38,30228,23.16324540159636,1301.742490406246,5.890829694323144,219.778494552512,85.33500948348109,278.1301262434297,279.72384364942445,302.6957293028182,315.0505858854907,2017,rural
At most primary school,57,25,19127,18.414221279123574,1191.1523152262944,32.37935902127882,109.54613460901693,40.98917760234224,207.843248435058,207.2674496821829,225.24553194547536,227.67518850732887,2017,rural
At most primary school,58,23,23838,17.135930434635764,998.7753866375815,93.19573789747461,143.28033671728613,199.79304751517188,244.5432812592622,269.37304425727893,304.4734081885459,302.92759539144157,2017,rural
At most primary school,59,32,35910,20.407026726023364,1319.236424394319,46.64480646059594,196.61466629536807,37.36192332683561,286.70665835853555,287.8960971862603,327.1575380481127,325.2662345641927,2017,rural
At most primary school,60,40,36809,29.576578104234535,947.678728934047,9.538428101822923,20.407357349199017,212.0984904054262,183.97013888746062,184.19510447722232,182.0561401555978,208.1894109800353,2017,rural
Secondary school or above,14,9,5438,8.158699854162332,32.111805810959915,8.316476645825672,0,0,21.801572672800294,29.153386358484894,29.153386358484894,29.153386358484894,2017,rural
Secondary school or above,15,16,9318,12.604201210524192,79.20154539600773,14.16613007083065,0,0,61.20472386716685,77.31042503165423,77.31042503165423,77.31042503165423,2017,rural
Secondary school or above,16,18,17125,11.624386016392663,195.46277372262773,49.0814598540146,0,0,89.81266152592775,111.41558594538822,111.41558594538822,111.41558594538822,2017,rural
Secondary school or above,17,38,36889,24.22115222591115,444.12616227059556,43.84884382878365,66.52443817940308,0,128.49492812290802,138.0626388010831,146.11489653948354,146.11489653948354,2017,rural
Secondary school or above,18,37,30139,21.662652536979774,521.7027771326188,84.62251567736156,3.6635809637568157,0,149.72222049073784,172.0370382940022,171.88255786833585,171.88255786833585,2017,rural
Secondary school or above,19,55,51776,36.88137109473562,1046.8331530696332,134.59363411619282,0.612252781211372,15.972651421508035,201.69281521103602,220.35910869438965,220.3760093023222,219.5462104950585,2017,rural
Secondary school or above,20,68,56299,45.460796216469,1722.5706436467196,139.9172276594611,102.93348904953906,9.591644611804828,209.4108072514096,215.14460540217672,258.83974882512626,257.8380328627583,2017,rural
Secondary school or above,21,50,42790,33.45751949022504,1104.8354210485315,55.31175508296331,23.110539845758353,0,220.34578505183038,219.86301805048208,218.06746077384736,218.06746077384736,2017,rural
Secondary school or above,22,55,52335,37.773505325350364,1445.9321359192381,76.1216776535779,11.754848571701539,26.466673035890576,212.04021512833705,221.85985793820583,222.59885238836628,225.26339098275423,2017,rural
Secondary school or above,23,43,39911,29.68830622446181,1961.196929835551,154.23617549046628,10.874195084062038,2.7828585268889947,370.7150404752752,370.48004538670193,368.50952051461377,368.7583571152804,2017,rural
Secondary school or above,24,31,22460,22.026686242388056,2011.5527159394478,224.44906500445236,31.795043039477587,0,329.5900701264621,349.83870028541355,353.3651913505501,353.3651913505501,2017,rural
Secondary school or above,25,31,20400,26.384926507556564,2150.035735294118,54.79019607843137,50.95653594771242,16.25,308.98928601514956,314.22002052069183,319.4021720839327,320.43485182965367,2017,rural
Secondary school or above,26,35,30257,21.925767178238175,2207.9102631897854,181.68090028753676,133.72869638981615,0,389.7919372138264,400.0551307657961,405.5107583618417,405.5107583618417,2017,rural
Secondary school or above,27,37,31514,25.6309244847786,2624.8443760445093,410.62258044043915,0,38.39986461043769,841.692814537843,1045.7951030466204,1045.7951030466204,1044.7920303668416,2017,rural
Secondary school or above,28,27,21646,18.832066753916074,2358.4680772429087,97.91647417536727,31.676984200314145,8.980874064492285,465.81351665799974,470.9953299042445,467.7388272504464,466.23699058819625,2017,rural
Secondary school or above,29,24,18187,18.069710322030787,2996.4904785469475,158.37576290757133,1764.4574421289935,0,365.2765874284292,405.66419506988956,2186.485906397816,2186.485906397816,2017,rural
Secondary school or above,30,42,33263,24.210331168147583,3234.7181402759825,308.2229504253976,7.529387006583892,18.065117397709166,850.1658934299913,858.6845302425706,857.8870824260191,858.4197102233413,2017,rural
Secondary school or above,31,22,16065,17.95027497732431,3132.5943925718434,134.56582633053222,5.3428778918974995,106.31808278867102,498.19067569779037,497.042269846414,497.29914876887847,512.7128598091325,2017,rural
Secondary school or above,32,22,20906,13.049864324188752,1973.7937195063619,181.25968621448388,6.7476641474536825,63.66274434771517,384.3127241451951,391.54422697419176,389.68760868836364,433.50543337561436,2017,rural
Secondary school or above,33,20,20461,12.603519944886237,3120.071485590473,84.14153755925908,9.588974145936172,0,554.8941126511477,536.7304307334472,535.3969565250925,535.3969565250925,2017,rural
Secondary school or above,34,27,22191,19.641810570789005,2180.169137638382,130.79626875760442,11.064076277169423,20.47887281630691,352.474934121035,353.98894577317895,352.9931013410934,354.1606490886263,2017,rural
Secondary school or above,35,15,9995,11.733740815472466,3378.2524262131064,32.58629314657329,0,0,502.9454526744454,502.9594172082232,502.9594172082232,502.9594172082232,2017,rural
Secondary school or above,36,10,9037,8.679830313256634,4052.3854523993955,100.27664047803475,127.80605658219912,0,732.3110797903513,714.9449047556406,719.7032214529052,719.7032214529052,2017,rural
Secondary school or above,37,14,11365,8.742691732846094,2377.8194163367066,124.90101187857456,52.60888693356797,0,440.0879784057563,457.3868171325475,433.0066410740419,433.0066410740419,2017,rural
Secondary school or above,38,14,10384,10.466794928294503,2918.5439458140727,102.4306625577812,20.480225988700564,122.14946070878274,798.8256632277032,804.1066035143256,805.7920420755962,903.8659864189182,2017,rural
Secondary school or above,39,10,6464,7.535593039378213,2842.3418162128714,74.22957920792079,219.16254125412541,46.24071782178218,704.224094588908,693.9694806114283,679.5321666109753,665.4107278137371,2017,rural
Secondary school or above,40,9,7901,5.895093239488997,5028.172889507658,33.41349196304265,0.6834577901531451,0,991.6923988952839,1006.9255382470974,1006.2686600116893,1006.2686600116893,2017,rural
Secondary school or above,41,7,5904,5.562789213135997,14062.804369918698,48.01829268292683,0,210.59168925022587,15327.405169010683,15325.983727602317,15325.983727602317,15294.382269165888,2017,rural
Secondary school or above,42,11,7101,6.587868931405251,2228.188518049101,39.67046894803549,126.9539501478665,26.263906492043375,788.8986896424614,793.6723109843979,853.3643698623413,872.7001612227326,2017,rural
Secondary school or above,43,6,4244,5.027324429875782,4075.946277097078,0,51.932139491046186,0,2046.3720899760508,2046.3720899760508,2021.6351837692266,2021.6351837692266,2017,rural
Secondary school or above,44,3,2129,2.265084896189129,4985.697510568342,49.7040864255519,0,0,1945.537001561525,1861.309144427541,1861.309144427541,1861.309144427541,2017,rural
Secondary school or above,45,10,8365,8.955448282270092,4411.401574018729,27.543335325762104,60.060370591751344,0,653.3612075930633,635.9868303687552,641.3567902835981,641.3567902835981,2017,rural
Secondary school or above,46,7,4106,4.5836433187516485,2407.962290956324,38.65075499269362,103.06867998051632,0,1589.3490729184864,1581.47621866537,1569.0949047206213,1569.0949047206213,2017,rural
Secondary school or above,47,5,3206,4.6509054808492,10816.755146600124,35.37117903930131,0,0,5600.508272806055,5582.413778162212,5582.413778162212,5582.413778162212,2017,rural
Secondary school or above,48,6,6948,2.739775622493324,4703.768326616772,710.9959700633276,414.2295144885818,0,1390.1594599531225,2063.065238681183,1804.3805056345875,1804.3805056345875,2017,rural
Secondary school or above,49,11,8634,7.829936115599025,3205.175160219288,7.317581653926338,216.6241989035596,1085.012740328932,1097.233546000994,1096.731370302087,1246.3923129789346,1179.5215868105147,2017,rural
Secondary school or above,50,9,7528,6.461079120958803,2321.2995040736805,33.097768331562165,364.1073326248672,0,617.8762504994496,615.187366443338,676.1280727295635,676.1280727295635,2017,rural
Secondary school or above,51,5,3116,4.408419599723947,3665.201112537441,0,44.55498502353444,0,1476.7640459158981,1476.7640459158981,1451.7300951855757,1451.7300951855757,2017,rural
Secondary school or above,52,6,5864,4.500281247161681,6417.5841291496135,10.53206002728513,0,0,2317.1835011348967,2312.526404534529,2312.526404534529,2312.526404534529,2017,rural
Secondary school or above,53,1,407,1,1100,0,0,0,NA,NA,NA,NA,2017,rural
Secondary school or above,54,4,1919,3.629987885454956,4059.9412888657284,0,0,1119.332985930172,1196.7979578702277,1196.7979578702277,1196.7979578702277,1474.7583993272074,2017,rural
Secondary school or above,55,1,1127,1,2500,0,0,0,NA,NA,NA,NA,2017,rural
Secondary school or above,56,1,944,1,3000,0,0,0,NA,NA,NA,NA,2017,rural
Secondary school or above,58,4,3020,3.5008794038325273,1989.5192052980133,199.66887417218544,0,0,585.7197620039589,721.3975755952537,721.3975755952537,721.3975755952537,2017,rural
Secondary school or above,59,2,385,1.544766708701135,1885.7142857142858,0,24,0,284.46153931056966,284.46153931056966,224.72461605535005,224.72461605535005,2017,rural
At most primary school,14,69,66348,42.97143379699059,322.1752878760475,40.27611985289685,4.536434155262153,0,67.85579176747015,79.58901878752947,79.23890546856632,79.23890546856632,2017,indigenous
At most primary school,15,52,49561,37.01226047757997,337.80956800710237,58.077924174249915,0,0,72.7369596296271,90.7446554534122,90.7446554534122,90.7446554534122,2017,indigenous
At most primary school,16,77,80094,50.61543270863187,569.1937348615377,57.91619846680151,4.3846917372087795,0,70.18444876556073,79.46303660655798,78.86227400252314,78.86227400252314,2017,indigenous
At most primary school,17,52,51332,31.61560822774077,704.4582846307695,83.67723836982779,6.997584352840334,0,92.30509327658675,115.24691081703104,117.19883608482718,117.19883608482718,2017,indigenous
At most primary school,18,55,54572,35.82125481188599,616.8946712599868,68.93168657919813,14.485526765862836,0,81.62303796080003,101.20210948677716,103.4532757055728,103.4532757055728,2017,indigenous
At most primary school,19,35,29934,27.678829159463373,798.9066479588429,81.61121133159618,45.1522794592548,0,190.0743434674828,202.05304178117663,196.8364495303688,196.8364495303688,2017,indigenous
At most primary school,20,58,54018,36.13415070556433,777.2531810384194,72.26674441852715,14.787663371468769,31.74867636713688,142.22802426081483,155.02898591983902,158.15685922122154,157.88895924836683,2017,indigenous
At most primary school,21,30,31531,19.174290326026632,916.1345976975041,64.5161904157813,6.633683253517702,0,261.43036540107926,269.7333425699082,270.29123079868,270.29123079868,2017,indigenous
At most primary school,22,42,40026,25.727824310355594,840.5208864238245,95.00724529056113,13.882164093339329,27.45715285064708,162.5669936442585,171.2517227888851,172.3199212928894,169.1124398913739,2017,indigenous
At most primary school,23,40,42096,21.7468265425987,886.3330957810718,96.86454770049411,7.071178575953377,0,132.67722950522395,152.15402057380123,156.84400526343472,156.84400526343472,2017,indigenous
At most primary school,24,41,40389,30.6349079579765,1091.6858303003294,55.32620267894724,30.61854712916883,0,201.0489963347412,206.7228829287692,205.14866164746374,205.14866164746374,2017,indigenous
At most primary school,25,48,35852,34.33571960537718,905.1443666555097,63.02354122503626,101.43472935029195,3.319201160325784,255.5596423609767,259.0140991283069,284.17138239031704,284.23400221791456,2017,indigenous
At most primary school,26,35,30944,25.27746323575221,764.0362913650465,256.4497802481903,33.02666375818683,0,122.76980291241622,184.0746229441897,189.121754396485,189.121754396485,2017,indigenous
At most primary school,27,36,33694,27.09724767436415,614.2118774856058,4.754555707247581,33.08032092756376,0,130.02663286303044,130.62272968006613,128.68837587642966,128.68837587642966,2017,indigenous
At most primary school,28,41,36236,21.93651925560483,1208.6106542296795,121.6842918644442,31.410314788240058,0,398.3527027043509,394.86021637942474,411.5000461933122,411.5000461933122,2017,indigenous
At most primary school,29,38,37581,27.737859517430948,1110.8229779232415,73.78196429046592,70.65105150652369,44.25097788776243,208.95886651711308,221.80019950271665,236.44272454346088,231.90989176612018,2017,indigenous
At most primary school,30,63,66380,40.694444934439275,1320.0394797629808,63.771768605001505,45.68039570151652,38.5281711358843,197.0135186220327,205.28785646058225,205.78322521091584,206.31777358911586,2017,indigenous
At most primary school,31,38,31233,21.955703890992968,1143.451947192606,191.2856593987129,50.57791438542567,22.988505747126435,201.41347385136473,229.62487605820442,240.3826165895889,242.47363577146788,2017,indigenous
At most primary school,32,55,48744,38.98127601360315,1308.046056950599,56.55670441490235,92.564972099130145,230.33946058318287,252.54067448837995,251.91858918329186,265.8439868905428,290.6334663737277,2017,indigenous
At most primary school,33,45,37724,30.47661635801931,1126.423231894815,89.00673311419786,27.107411727282365,106.03152723288446,138.8147254434553,148.62310718094412,148.91289681760864,160.05603287682337,2017,indigenous
At most primary school,34,43,47702,27.987802159808194,1195.0792978631223,115.50649867930066,114.8240814501139,135.36294774502815,222.6600280714147,230.63430914018997,251.7643568818999,246.18174736034373,2017,indigenous
At most primary school,35,55,42312,38.80762689956405,954.1820838847924,105.4490451881263,39.205522861914666,0,182.42180762891934,192.30282737631626,190.36108158241694,190.36108158241694,2017,indigenous
At most primary school,36,45,42352,29.7218255888161,1579.0267205011962,113.17470249338874,185.9956436531923,35.58096429920665,379.6955246877193,414.9489898185862,412.94198297478295,410.0683524323663,2017,indigenous
At most primary school,37,50,42670,37.43559183956117,1458.6980782751348,147.4794937895477,118.71640887430671,47.05882352941177,582.7832910818971,586.7848244826995,603.4299824144431,602.7594821073792,2017,indigenous
At most primary school,38,45,43188,31.285035109052775,1071.3908956191535,87.34162267296472,57.294271556913955,68.49587848476429,247.93776119595736,249.42745981804813,252.9611388033316,253.59446600853875,2017,indigenous
At most primary school,39,46,40409,28.377399183199323,1154.924760985589,247.53099557029375,76.25199006821913,96.95859833205473,224.64516214219933,244.8596189776794,250.32272840601044,262.6621998105427,2017,indigenous
At most primary school,40,62,50694,42.359920105181395,1367.6217895608947,80.1530753146329,154.83859036572375,95.35447982009705,231.81411698925046,232.57760625194638,238.5020658837276,274.4607503181904,2017,indigenous
At most primary school,41,38,32883,23.875584769189683,1207.99279262841,115.39746981723079,59.5226890287788,47.760240853936686,280.0991792399248,282.8241123681166,283.02969534753265,284.0612341782991,2017,indigenous
At most primary school,42,45,48535,26.159506012587165,1135.2482194979568,142.93530441949108,49.65344253288004,9.833645822602247,159.33369160448981,178.43340306807056,181.044621698052,179.86037726403003,2017,indigenous
At most primary school,43,29,30814,16.507901412822143,994.6803076523659,31.769650159018628,31.13844356461349,42.292464464204585,188.19849438895724,198.91783442969881,193.48226280334248,203.35444241184936,2017,indigenous
At most primary school,44,37,31150,23.15082896083175,1498.1848796147672,141.29245585874799,29.334135901551633,130.95131086142322,367.4681966505615,368.57028490144427,370.81055087358635,384.846365786564,2017,indigenous
At most primary school,45,40,37927,24.926187945705287,1512.8852971937317,138.71951380283176,50.06839894182684,0,215.14401548356886,231.03147272958185,229.22685626348215,229.22685626348215,2017,indigenous
At most primary school,46,32,25177,25.406082601338845,1136.7758933418067,76.05711562140048,60.719505898240456,68.70026876381883,211.34130000475835,221.0002450435811,258.2782758383176,292.64557436956665,2017,indigenous
At most primary school,47,18,15298,11.574131695824944,927.1193184294243,58.16446594326056,109.46134570967882,187.9722839586874,211.8030892910563,227.41236507035254,243.00323790234648,405.8688960208485,2017,indigenous
At most primary school,48,38,34099,23.727929650636092,1386.7511950497083,130.118478547758,36.46001349013167,159.6821021144315,262.86795794220086,307.31965189807266,308.71231517938236,368.9762771861163,2017,indigenous
At most primary school,49,31,26426,19.045266598587354,1948.5756451979112,79.0399606448195,45.80936703751356,0,1322.2957370119157,1320.6313550669502,1317.690314086594,1317.690314086594,2017,indigenous
At most primary school,50,33,40222,19.779402173017353,1289.361767192084,38.240763761125756,52.4039497455787,619.2879518671374,269.8041276602035,270.67289522733444,272.01296705196654,448.94756364414525,2017,indigenous
At most primary school,51,30,23640,23.261169614984393,855.6234771573604,181.22081218274113,99.89945008460236,566.8062605752962,138.1856435337008,184.6405680272624,202.76955746327934,446.40152426267736,2017,indigenous
At most primary school,52,22,25346,15.318442280502687,1009.2724164233673,13.3188668823483,107.5878179331387,0,458.6004160451577,458.4281368341503,462.30675925085046,462.30675925085046,2017,indigenous
At most primary school,53,23,17117,17.690682681073046,996.0732215536211,94.82093824852485,44.89353663998754,0,207.8264878491574,241.06207278069564,249.32769419910196,249.32769419910196,2017,indigenous
At most primary school,54,23,16950,14.109826040569743,1427.3438348082595,50.50182890855457,164.38229105211408,133.4119960668633,320.1918358475478,336.9797051550522,335.0270950117662,383.6280513093166,2017,indigenous
At most primary school,55,30,28654,16.691003965093646,848.1112584630418,86.89153346827668,79.5854272818222,18.185942625811403,189.71396652811967,203.47966002346928,224.6664696484709,228.67079627205305,2017,indigenous
At most primary school,56,23,21854,14.164564094953413,1087.316463805253,43.06099569872792,50.22173667673347,43.67859430767823,269.0336050337272,275.6502122899349,315.78463576715905,340.7453742506763,2017,indigenous
At most primary school,57,18,16337,13.543436744597026,1232.5521209524393,31.604333721001407,93.74421048336089,174.18538695394912,207.5789079789374,206.03627626438728,210.70663850944496,287.991866422774,2017,indigenous
At most primary school,58,20,16404,13.934584956412479,818.058217507925,73.06998293099244,53.10635617329107,284.73746240754286,174.52838929086445,205.44260432555626,201.04349918608466,247.08675036740158,2017,indigenous
At most primary school,59,16,15718,7.431702630730818,820.7852780251941,45.240488611782666,48.20587861051024,69.91983712940578,243.5831434020127,276.7707734115728,331.3763390823536,325.4780989791929,2017,indigenous
At most primary school,60,32,30477,24.01778303262003,895.3023263444564,28.40502674147718,238.40614233684417,175.6975205346108,271.17566194418055,285.30281378552326,433.4345283974598,430.3512055767237,2017,indigenous
Secondary school or above,14,7,4147,6.598732099889532,51.94694960212202,16.551724137931036,0,0,36.20288177169706,52.233817922836984,52.233817922836984,52.233817922836984,2017,indigenous
Secondary school or above,15,17,10888,13.53196253420986,130.86425422483467,12.123438648052902,0,0,71.40123583287473,82.26794392038867,82.26794392038867,82.26794392038867,2017,indigenous
Secondary school or above,16,18,17109,11.996317351447063,178.50400374072126,45.357414226430535,0,0,77.68726818973263,106.02044473376716,106.02044473376716,106.02044473376716,2017,indigenous
Secondary school or above,17,35,36361,21.53711270890553,708.5073292813729,61.209125161574214,70.26814444047193,14.14977585874976,185.26162879817815,205.64904047577,210.3135034738429,219.61770973841027,2017,indigenous
Secondary school or above,18,40,36382,27.28374702777915,461.98042072086935,96.40206695618713,2.2062191926410493,0,113.05929204253134,141.0935141941172,141.13493107846432,141.13493107846432,2017,indigenous
Secondary school or above,19,39,31708,24.878135751057226,907.3519301122745,104.80131197174215,15.557272612589882,0,197.28350643440706,234.4169695493469,234.68104884648912,234.68104884648912,2017,indigenous
Secondary school or above,20,42,35701,29.00874685951915,1504.0831442629992,114.78109856866755,22.8527678963241,15.12562673314473,203.01471462209398,203.68906041143936,200.2644407488169,197.8809928685628,2017,indigenous
Secondary school or above,21,39,34842,22.720415237865655,1252.6397738361748,59.3390161299581,0.6830836346937604,0,255.9953984849978,268.6912155304132,268.65855955610186,268.65855955610186,2017,indigenous
Secondary school or above,22,52,48126,32.11184904100433,1234.329156796742,97.24410921331504,38.04907949964676,1.9892227347656848,204.76049714706204,221.91748247696927,225.7704653098772,225.62061782049506,2017,indigenous
Secondary school or above,23,44,32246,33.242995007561966,1702.4260580123632,128.88010916082615,32.707157476896356,3.44435485538258,283.27202895059014,309.4410794329567,310.8645386790764,311.2792387127998,2017,indigenous
Secondary school or above,24,30,24024,18.466106311441564,2081.0830662393164,143.79349816849816,74.633699633699635,34.0992340992341,324.5938981918171,376.7024329150589,403.15019793917963,408.36319812755596,2017,indigenous
Secondary school or above,25,34,23888,27.018911363854382,2142.9836459031035,76.88044206296048,78.80974059499889,0,307.9885714581278,327.28024458025004,324.9159217042462,324.9159217042462,2017,indigenous
Secondary school or above,26,28,22832,16.9123665325141,1861.7933528965195,67.8968114926419,51.08509985984583,0,322.33238883078013,335.9871667965308,340.2638659642453,340.2638659642453,2017,indigenous
Secondary school or above,27,18,14904,11.511361426827222,1814.2041510109143,364.12104133118623,36.902844873859365,34.44265521560208,584.9293150726072,664.1565386739187,663.7770161979167,669.1894174361328,2017,indigenous
Secondary school or above,28,25,17765,19.563979800195185,1824.3768646214467,132.58091753447792,44.89698846045595,10.942865184351252,269.25418881352437,265.38656815006794,265.93304073742945,263.9141968552903,2017,indigenous
Secondary school or above,29,18,12229,14.184502224063976,3304.9127483849866,146.02175157412708,3.598004742824434,0,614.0268529000325,645.6539422967367,644.7010834082141,644.7010834082141,2017,indigenous
Secondary school or above,30,26,25429,13.762418987494714,3192.8695845950165,213.2879782925007,418.5001212526381,0,995.680442925545,1062.6420214746552,1546.8581874817928,1546.8581874817928,2017,indigenous
Secondary school or above,31,13,9281,11.81972094100593,2875.1076033473405,76.98954854002801,370.10896814280073,0,886.1251602741629,894.6087419761808,1147.1243348495927,1147.1243348495927,2017,indigenous
Secondary school or above,32,23,27949,14.37454821830366,2226.730455472468,134.78890121292355,0,135.2463415506816,406.05592596670186,405.87949093573013,405.87949093573013,499.42814453592194,2017,indigenous
Secondary school or above,33,18,16647,9.696025160444579,2514.754720570273,153.35616026911757,7.31813539977173,0,573.7691909607008,603.7418980427082,603.5384442508038,603.5384442508038,2017,indigenous
Secondary school or above,34,20,15450,14.02083002444427,1551.8146170442287,156.873786407767,189.42516181229774,65.91693635382956,288.78785448993034,293.9903142964528,313.63489386097217,321.4416024941486,2017,indigenous
Secondary school or above,35,14,11258,12.034138890940852,2441.2707260022503,35.30111920412151,16.788061822703856,0,595.1084028599846,589.5550757386185,587.6967106880899,587.6967106880899,2017,indigenous
Secondary school or above,36,12,10464,10.561432851576267,2661.2775707186543,77.17794342507645,63.205593781855256,55.27522935779817,675.457026933646,676.2774017429575,685.0481633681962,673.1789757439342,2017,indigenous
Secondary school or above,37,13,9403,10.135069325795648,4258.560388528484,77.35828990747633,133.22476869084335,0,912.0199874466052,922.8855216738749,896.3249996500922,896.3249996500922,2017,indigenous
Secondary school or above,38,10,9254,8.14941209363336,2707.2509185217205,57.821482602118,28.37691808947482,0,829.0820885913055,834.9839611882261,852.3319615294722,852.3319615294722,2017,indigenous
Secondary school or above,39,6,5722,5.576580099645525,3968.6356751718513,50.318070604683676,170.2420482348829,0,1242.57996227212,1224.983315749275,1183.6521971852476,1183.6521971852476,2017,indigenous
Secondary school or above,40,16,15260,12.360379667727575,4523.475535168196,53.91546526867628,83.49049803407601,0,831.1081244333552,812.8598973445859,805.7241596925207,805.7241596925207,2017,indigenous
Secondary school or above,41,4,4687,3.9260744936513063,4711.925040893251,0,0,0,1682.7687057679627,1682.7687057679627,1682.7687057679627,1682.7687057679627,2017,indigenous
Secondary school or above,42,9,7287,6.364424027823007,3164.702758336764,66.77645121449156,0,0,1078.941660489523,1091.1959748027698,1091.1959748027698,1091.1959748027698,2017,indigenous
Secondary school or above,43,6,3041,5.7114806079033364,4282.187657568782,0,0,0,1136.1008515749502,1136.1008515749502,1136.1008515749502,1136.1008515749502,2017,indigenous
Secondary school or above,44,3,2844,2.6455139011270443,4771.821378340365,0,341.2974683544304,0,1915.2870133152992,1915.2870133152992,1821.7680559366638,1821.7680559366638,2017,indigenous
Secondary school or above,45,5,3546,4.091160389967867,5616.101240834743,0,120.23547659334461,0,1968.0216331654688,1968.0216331654688,1958.5901977863984,1958.5901977863984,2017,indigenous
Secondary school or above,46,7,5865,5.5346809904307825,3245.0273941460646,49.70161977834612,373.28218243819265,0,1152.6114546194165,1183.6570537695845,1177.2882410285656,1177.2882410285656,2017,indigenous
Secondary school or above,47,3,1091,2.2532403980668354,1671.3950504124657,103.94133822181485,0,0,1483.5698185149643,1407.1441522961281,1407.1441522961281,1407.1441522961281,2017,indigenous
Secondary school or above,48,10,11773,5.896547370128128,5175.81858206631,19.960927546080015,720.6036410996913,0,1185.3125685731206,1198.4527613100724,943.442266581261,943.442266581261,2017,indigenous
Secondary school or above,49,4,3817,3.3639491146177143,4892.644223211946,0,42.572701074141996,0,2084.5536708360733,2084.5536708360733,2088.389483208895,2088.389483208895,2017,indigenous
Secondary school or above,50,7,5236,5.3432632545230945,2356.2471352177236,39.037433155080215,574.4843391902216,0,804.9741374386958,805.9810286837802,640.5942058425128,640.5942058425128,2017,indigenous
Secondary school or above,51,6,4657,5.498792238991398,3916.8591009949178,46.575048314365475,919.7623648987187,0,1407.2696251270015,1417.8505444924558,2166.3429813824655,2166.3429813824655,2017,indigenous
Secondary school or above,52,2,2541,1.997764509570529,2069.5151515151515,0,483.27430145611964,0,1001.5599008936279,1001.5599008936279,1501.8395716696657,1501.8395716696657,2017,indigenous
Secondary school or above,53,3,1435,2.816870100255392,2962.8571428571427,0,0,0,2234.973978156835,2234.973978156835,2234.973978156835,2234.973978156835,2017,indigenous
Secondary school or above,54,4,2506,3.341945000840803,6335.932561851556,0,58.45969672785315,0,3252.579035424274,3252.579035424274,3211.5285948707237,3211.5285948707237,2017,indigenous
Secondary school or above,56,2,1275,1.9997921015823652,3921.577516339869,0,2573.4901960784314,0,301.8490222245771,301.8490222245771,2298.2861222831,2298.2861222831,2017,indigenous
Secondary school or above,57,2,1105,1.8260966450460852,6400.045248868778,10.371040723981901,0,0,3758.7993463244097,3743.1013444140062,3743.1013444140062,3743.1013444140062,2017,indigenous
Secondary school or above,58,1,363,1,2000,0,0,0,NA,NA,NA,NA,2017,indigenous
Secondary school or above,59,1,88,1,1500,0,105,0,NA,NA,NA,NA,2017,indigenous
Secondary school or above,60,2,2046,1.9859648456958512,3605.6451612903224,163.03616813294232,183.18670576735093,0,827.9100758249324,1006.5379467301905,1207.243419657447,1207.243419657447,2017,indigenous
At most primary school,14,26,18797,19.072136135524918,403.27605468957813,141.69016332393468,0.56258977496409,0,139.81750035818737,216.22301929406981,216.14630453981746,216.14630453981746,2017,non-indigenous
At most primary school,15,45,29755,33.53220735171734,605.9920685599059,156.516988741388,7.208872458410351,0,87.52835092822563,117.48282745529575,116.12426490419419,116.12426490419419,2017,non-indigenous
At most primary school,16,42,33451,28.361423045307813,726.0419718394069,92.50581447490359,34.60733610355445,0,128.86021680712835,129.11664998629576,132.66327308529395,132.66327308529395,2017,non-indigenous
At most primary school,17,44,33024,31.773286672808542,773.2885477228682,75.59365915697674,16.479933785529717,0,105.83051364664068,110.87676113149227,111.22288681157534,111.22288681157534,2017,non-indigenous
At most primary school,18,44,26168,33.28942594227658,1125.7921634566392,47.571232039131765,39.246407826352794,0,141.24869283542822,142.02424500819214,143.98081926439656,143.98081926439656,2017,non-indigenous
At most primary school,19,45,35752,34.551406281052074,1173.3309185500111,202.08072275676886,8.116406075184605,0,111.50711079731256,148.9451681428038,149.02592910459865,149.02592910459865,2017,non-indigenous
At most primary school,20,42,29984,26.347242276456882,1331.221707132693,72.76480789754535,173.47251867662754,0,180.69958138951947,184.18415475605858,225.5546548320952,225.5546548320952,2017,non-indigenous
At most primary school,21,40,25935,26.53530565689381,1177.3094916779128,107.67727009832274,34.600604074288285,0,160.43292622168576,193.8020958917223,202.90523473688137,202.90523473688137,2017,non-indigenous
At most primary school,22,38,25804,27.037551070527925,1143.447437089857,70.97388001860176,51.26304707280525,18.44675244148194,153.2204295461735,162.5300719400332,161.86085930246634,159.32460937324927,2017,non-indigenous
At most primary school,23,52,33790,33.61663605311207,1379.8778065502615,107.69887540692513,42.91457038571569,0,188.96617688353126,196.21565658342084,202.66497668787775,202.66497668787775,2017,non-indigenous
At most primary school,24,45,32209,29.265331432335895,1536.5129208192327,151.5250395852091,57.60734577292061,7.807548614776407,191.5916452856078,192.05069680979338,188.4561719634264,189.85708450605594,2017,non-indigenous
At most primary school,25,62,41285,45.87110743449966,1736.907650074684,192.30180452949014,35.31750837673085,18.72431472286141,200.50402438853214,217.40839489777596,218.02445092936685,219.8114318172303,2017,non-indigenous
At most primary school,26,45,28012,31.878479974265552,1543.959695844638,176.85277738112237,99.17922081012898,17.172997286877052,182.3034756063561,181.3340572665477,175.36574299901338,173.7215093945548,2017,non-indigenous
At most primary school,27,49,33941,37.8009824915514,1563.9148031387801,166.50746884299224,131.26781277314555,0,204.56773299051255,209.21347395232416,230.05891627896804,230.05891627896804,2017,non-indigenous
At most primary school,28,53,32652,35.79216266887127,2187.5587508677363,146.00777900281759,54.75226121932297,0,280.9907473512375,289.1567735114982,290.2263757604854,290.2263757604854,2017,non-indigenous
At most primary school,29,49,31562,36.73399847585743,1651.8535791986144,109.38121792028389,128.40018587753207,100.93426694548296,213.97043777115334,223.95377268101097,243.83978342596944,278.0756024197499,2017,non-indigenous
At most primary school,30,81,54860,55.92357963283035,1585.2843282901931,74.0780167699599,115.30243954307934,44.543686960748566,144.0670838795383,148.38959884872628,159.546004163967,161.12631520343362,2017,non-indigenous
At most primary school,31,46,24680,37.90653682613944,1758.2272082658023,47.717990275526745,103.06122366288493,8.691247974068071,200.46979851359325,203.0585233076203,205.11140037235995,206.6878194636624,2017,non-indigenous
At most primary school,32,68,40464,47.38980497169784,1993.8932796230395,39.558867141162516,73.46720747660473,18.76383946223804,251.03005067575396,249.73025315762376,245.76849371940455,251.99240899972006,2017,non-indigenous
At most primary school,33,63,42262,44.94581000978246,1886.046826936728,157.26562869717478,227.94646096572177,0,276.0414437829132,290.21832357110293,351.82496302113145,351.82496302113145,2017,non-indigenous
At most primary school,34,61,38859,37.36241597320594,2037.0556842258763,98.46573509354333,111.39943556619231,14.295272652409995,274.9252381349642,276.6204193247902,265.8937041401574,265.17647666895925,2017,non-indigenous
At most primary school,35,61,34474,34.48452921490155,2005.3888534354392,69.08887857515809,72.92969097484094,2.349596797586587,321.3938870683957,322.8175544945764,317.53061755324245,317.5019104553756,2017,non-indigenous
At most primary school,36,68,36080,50.21480905266226,2018.214089061345,139.10282705099777,125.32404841093866,0,204.61281684902042,203.05477707479469,215.39354934975395,215.39354934975395,2017,non-indigenous
At most primary school,37,53,34883,36.3858515557325,1961.2537482441303,66.44970329386807,211.86502976617072,37.28177048992346,369.0989248024381,371.95079917146495,453.4698508012215,451.7374676623299,2017,non-indigenous
At most primary school,38,93,60496,66.28817231100052,2130.250870580975,47.66943268976461,41.1335735696024,37.43503702724147,332.4269902803932,334.44619624359296,341.6074092503459,349.66707421809156,2017,non-indigenous
At most primary school,39,63,35648,51.51378680397624,2025.0794714991023,33.30761894075404,37.66541367444644,5.815192998204668,229.36850568941352,231.00319389691455,229.04285532818503,229.1982989285644,2017,non-indigenous
At most primary school,40,78,46878,48.12673888217209,1949.5173126697669,171.5711421135714,62.168597209778575,67.06770766670932,311.64895827943104,357.5255108209916,355.3663527195879,362.8492761924573,2017,non-indigenous
At most primary school,41,38,30010,22.26671526476867,1835.9176718871488,171.4111962679107,151.35168832611353,13.062312562479173,284.3248708642805,304.13964178255736,296.68224299424253,293.092310693539,2017,non-indigenous
At most primary school,42,62,45687,42.85577862499172,2062.011431041653,104.85753058857006,121.3049481617674,0,304.7541856181403,312.066976514038,315.2189030257589,315.2189030257589,2017,non-indigenous
At most primary school,43,60,43781,35.45640718983121,2115.4159528867162,85.51476667960988,78.67984970649368,83.18677051689089,342.12020568381394,339.79984710232196,337.2720286793603,340.8696303479891,2017,non-indigenous
At most primary school,44,48,28963,33.099584029455265,2072.7610399475193,60.573490315229776,233.43800711252288,334.9417072356685,295.6027791012563,296.5820198352112,336.7977446817061,528.86017508949806,2017,non-indigenous
At most primary school,45,72,46705,46.71840284508556,2163.070006780145,77.39010812546836,208.28759055061911,58.03518538343503,344.48440166001046,342.26446909040743,407.797164759638,429.07615380344015,2017,non-indigenous
At most primary school,46,61,38712,37.01195135526341,1934.5654426706622,110.25547633808638,43.14923882344837,69.79747881793759,349.6068435163545,350.82651758556807,357.008971345163,355.70617332038415,2017,non-indigenous
At most primary school,47,42,23012,32.0939409575695,2270.008546265716,82.99322092821137,164.26429688857988,38.10367054869923,703.5639078835561,702.696883815668,699.2367414243367,696.727306697511,2017,non-indigenous
At most primary school,48,71,45258,45.23668604239763,2022.4331683532928,99.98073268814353,169.08633464433544,1.282248442264351,255.13913851320748,256.80643391268325,257.5270075489598,257.5375716406986,2017,non-indigenous
At most primary school,49,56,39144,36.25959309153815,1943.1927668778528,49.81197629266299,99.47286514748961,83.50023843586075,252.45996822478835,259.80443552854314,277.00897115105465,314.4037638730478,2017,non-indigenous
At most primary school,50,70,53607,47.455353974749194,2152.9125425162138,153.75510660921148,248.23872504212758,160.16316277103118,340.02803763974634,333.7439710650601,362.8850900637245,423.07958032063146,2017,non-indigenous
At most primary school,51,36,26391,26.514062179928064,1374.796028949263,129.3296957296048,192.23185303070494,0,294.29982937585334,324.54521420021354,420.6727019811198,420.6727019811198,2017,non-indigenous
At most primary school,52,66,46851,40.510485208125374,1909.0464237689698,107.6168705043649,53.15757223253861,129.85339338185594,394.7723710259279,392.82158623188616,389.73557548916517,393.04888035589056,2017,non-indigenous
At most primary school,53,41,22019,26.634915975834144,2207.5327822940794,83.5987102048231,50.12557336845452,0,486.78582340269054,486.4376612246715,486.8634852155924,486.8634852155924,2017,non-indigenous
At most primary school,54,46,33930,29.09475817416587,1547.7491895078101,33.29501915708812,159.91502112191768,30.88040082522841,301.67391363269263,312.5876983954419,336.1185586595112,335.0256014471602,2017,non-indigenous
At most primary school,55,41,26294,26.789737500463044,1904.1776070586445,167.87936411348596,20.196939732765397,0,198.89044824982028,219.54701474500948,225.49483291054952,225.49483291054952,2017,non-indigenous
At most primary school,56,63,41095,41.59434776131126,1521.372737964878,67.00372308066675,186.35219613091618,74.10036906355192,205.37552177921387,214.12291194202083,223.90205278563778,221.44753692232445,2017,non-indigenous
At most primary school,57,36,20898,27.97651652122576,1761.8241299007877,16.16422624174562,112.37008326155613,0,249.7750753411244,251.14884807354431,254.33918846924934,254.33918846924934,2017,non-indigenous
At most primary school,58,42,29623,29.69815921067634,1776.0963440569828,125.67869560814232,195.84500782049986,70.96467834678009,275.8041315985087,326.67638795336273,352.6456530522857,351.3930485464223,2017,non-indigenous
At most primary school,59,52,43206,31.21041450586969,1465.8106667283864,69.44255427486924,184.53245691184867,356.1647919270472,244.99665853528268,247.10976471037682,265.1974261980436,315.00068384997695,2017,non-indigenous
At most primary school,60,63,40846,45.15519841489798,1795.3565751032334,139.1609949566665,113.81951925117106,60.04015081036087,256.04290504306545,264.69609079134756,265.1518104785105,271.28741847763473,2017,non-indigenous
Secondary school or above,14,9,4565,7.525155500988526,247.07119386637459,13.56078860898138,0,0,116.75747779851908,117.0131157217194,117.0131157217194,117.0131157217194,2017,non-indigenous
Secondary school or above,15,13,6384,10.855847255369929,295.9429824561403,0,37.18932748538012,0,122.8676364008902,122.8676364008902,125.21390495826313,125.21390495826313,2017,non-indigenous
Secondary school or above,16,23,13607,15.177795287738412,568.1134710075696,81.84463878885867,0,20.460057323436466,137.70090629027163,159.89514751854466,159.89514751854466,168.16347381606022,2017,non-indigenous
Secondary school or above,17,49,32374,32.17310245851014,742.6495335763267,70.90659170939642,20.511830481250385,0,154.75250290372594,162.19417888596922,165.24941712826325,165.24941712826325,2017,non-indigenous
Secondary school or above,18,70,38295,50.21053658183848,1367.7504308656482,49.91873612743178,2.8833181007094053,0.9683944814379596,154.89370838042197,158.30457145714257,157.94856946625094,157.94779659743182,2017,non-indigenous
Secondary school or above,19,110,77502,68.26390063702942,1629.5778818611132,138.36288095791076,30.36986142293102,14.262857732703672,201.11348939725434,205.3019564884798,209.28995014681936,208.35610492977835,2017,non-indigenous
Secondary school or above,20,149,87744,93.9803383463768,1984.4708887977145,110.9393234865062,131.9042992493314,10.23145742159008,155.616133803675,159.86867805228468,175.9733958774698,176.14859333492075,2017,non-indigenous
Secondary school or above,21,150,91787,106.0199418487172,2105.2338666332557,87.3045202479654,49.906186787526195,36.17069955440313,151.04902932608593,151.26819898735172,151.58099727056305,157.2452679753051,2017,non-indigenous
Secondary school or above,22,136,86765,92.54784116183643,2225.6916364125323,86.00620065694693,42.23907489579132,15.5903878291938,161.93663364843133,170.88523047737164,172.39817714728,172.4490654880515,2017,non-indigenous
Secondary school or above,23,148,94027,97.35357412304775,2510.09254079502,88.27847320450509,26.28628833561991,39.933565181632225,216.0948608548751,215.9217053158873,215.502203891714,219.05338206189526,2017,non-indigenous
Secondary school or above,24,117,62970,80.72682136334936,2573.3220184214706,107.51740511354613,170.94052723519135,19.88460113281457,189.5673365559832,191.7088830316432,280.37096254642506,282.3145484975196,2017,non-indigenous
Secondary school or above,25,144,76094,109.11271817467663,3244.3583900614153,139.26406812626487,76.18141158742259,23.20121603981041,190.16880071092848,205.94117803286238,212.76635133320468,212.87135698010647,2017,non-indigenous
Secondary school or above,26,128,73695,88.67933907179018,2912.097381097768,126.58184408711581,164.8913879277201,10.922043557907593,226.7070286639486,230.6029880522568,237.4316259851959,236.60724104521591,2017,non-indigenous
Secondary school or above,27,135,78946,99.85173835758545,3246.7404111671267,152.3629569579206,29.999588326197653,25.409351539871132,303.72900240834025,361.54524651254565,361.97723159075895,361.6675887389812,2017,non-indigenous
Secondary school or above,28,106,60131,70.90152133448716,3905.6011236577915,54.399893565714855,46.48924847416474,0,290.41387296578836,295.9171108540339,301.3473584367963,301.3473584367963,2017,non-indigenous
Secondary school or above,29,109,67269,82.30007658162833,3823.8692414039156,136.18992403633175,583.0222068610108,86.60995902025202,252.61955974166264,270.6964473350621,577.3585357921024,586.2903561914487,2017,non-indigenous
Secondary school or above,30,147,84439,103.22709543471083,3672.6843559650556,140.4890512677791,66.88654926436047,30.434988571631592,305.0839421537779,307.7052350251022,307.4582690027959,306.8842235865844,2017,non-indigenous
Secondary school or above,31,102,61592,76.65388320121347,4127.4460657769405,49.49701259903884,84.41269428930164,45.34560765467376,350.0857704060618,348.8856107288424,349.3622719857544,349.7904048085089,2017,non-indigenous
Secondary school or above,32,108,56921,75.60970508833441,4278.062990811827,93.14400660564642,119.8197618922132,44.024759461944335,565.9354005095497,569.8583960076784,570.0789541283963,571.8910811482909,2017,non-indigenous
Secondary school or above,33,101,68591,69.17829285441495,3659.376390488548,47.77682203204502,134.62565545528327,4.426236678281407,300.3571405904398,299.78716543733066,302.93618115120154,302.52536258022405,2017,non-indigenous
Secondary school or above,34,90,55385,66.64220166843492,3307.1053173241853,65.76419608197165,162.5640967771057,48.671662002347205,342.2728660323621,346.0834622677835,355.93785358913345,351.1213011934035,2017,non-indigenous
Secondary school or above,35,98,58077,65.6078572661086,4894.08951047747,61.47958744425504,77.64591261027027,4.738536770149973,639.2612907632192,650.1029101381478,665.9754224550371,665.6630698499755,2017,non-indigenous
Secondary school or above,36,89,49215,61.557278802741436,3672.2810254326255,80.72965559280708,202.96420468014495,0,267.5446380679248,270.6550529335216,274.01147174321983,274.01147174321983,2017,non-indigenous
Secondary school or above,37,69,43602,49.42577096411865,4016.726082901396,67.14141553139764,207.8260936042689,0,741.676908794331,740.8513933082513,768.5420935846803,768.5420935846803,2017,non-indigenous
Secondary school or above,38,101,54384,68.04499332852401,4366.930791531823,95.6158061194469,122.0692973423556,48.467931744630775,418.8980425516311,433.8349220122537,439.39358348787806,448.615962790472,2017,non-indigenous
Secondary school or above,39,72,38130,53.30801133231227,3787.0521264970716,41.0946761080514,64.25955066002273,26.848675583530028,270.91554090077267,269.3307052744483,273.2249497673316,272.0641115928041,2017,non-indigenous
Secondary school or above,40,89,49107,58.577382309922754,4500.873358177042,157.40322153664448,75.19735814989038,25.403710265338955,433.81912425452595,454.488630013762,456.5184927661165,455.92065504379184,2017,non-indigenous
Secondary school or above,41,48,24905,36.989497938309036,6697.658268085391,120.6938365790002,66.49401057351268,58.91721876463897,2770.5775889126157,2767.5597642504754,2769.8179641422284,2767.789777330725,2017,non-indigenous
Secondary school or above,42,84,43560,64.89232785202415,4148.0068640955005,80.26005509641874,238.0723905723906,48.74885215794307,404.6381255170707,402.21350703082334,400.5324705390784,406.4249678009757,2017,non-indigenous
Secondary school or above,43,77,38656,60.38030427619948,5201.03328504415,162.6627173013245,196.13876241721854,22.744377759381898,525.3510931403549,533.4998072042279,579.0460770444388,577.3445625748622,2017,non-indigenous
Secondary school or above,44,46,30978,29.150150617561163,6038.280696515807,50.80831557879786,96.49540265134397,99.16715088127057,1192.3073426510575,1188.066311241157,1179.6557934138664,1170.3526211108456,2017,non-indigenous
Secondary school or above,45,78,39410,52.561180896844455,5076.750253742704,69.59302207561532,87.00625898672081,0.9743719868053794,546.7410865891419,541.3587652435291,535.7692916859592,535.6575691507215,2017,non-indigenous
Secondary school or above,46,38,16722,32.288682292852656,5754.49010285851,41.424470757086475,117.30654227963163,0,1708.8671506273395,1707.7250185121195,1704.058424501736,1704.058424501736,2017,non-indigenous
Secondary school or above,47,40,20184,31.792702832543107,5180.3099319593075,24.280122869599683,83.42746730083235,0,994.4649425592645,992.7570063512062,987.9745552569826,987.9745552569826,2017,non-indigenous
Secondary school or above,48,45,24272,31.861966125601473,3798.723810700945,242.57374752801582,157.30539991210725,6.91111843550868,336.92309302719605,407.0946140242006,385.8087877370012,386.0957682478453,2017,non-indigenous
Secondary school or above,49,49,27700,33.69605925313839,4033.1186522262337,29.836823104693142,355.3345367027677,445.8050541516246,522.0024386242994,534.3133318447004,593.3909476390702,574.4002214669939,2017,non-indigenous
Secondary school or above,50,62,36068,46.09994849593896,5180.412738900595,87.71099035155817,223.65162101216222,76.02861262060553,620.1672048567582,615.4686021511162,622.3690985773005,624.1447583260812,2017,non-indigenous
Secondary school or above,51,35,16893,27.157310844911713,3686.8012441050532,15.86455928491091,402.42704078612445,0,488.39229034959,488.81401652891753,614.417604612793,614.417604612793,2017,non-indigenous
Secondary school or above,52,39,19252,26.689485737048877,5692.25586952005,115.72096405568253,261.1988364845211,0,879.3219733429673,876.6243944164946,933.2648059025548,933.2648059025548,2017,non-indigenous
Secondary school or above,53,40,18542,27.002287694734438,4902.756907740985,159.5782547729479,425,0,710.3022055742974,754.6182640430649,801.2577901290597,801.2577901290597,2017,non-indigenous
Secondary school or above,54,39,18226,31.703139038275253,5055.678389846007,16.62021288269505,262.92110172281355,128.47854713047295,658.1107430932677,656.6299084597989,661.3099234315221,662.6661710736174,2017,non-indigenous
Secondary school or above,55,33,17996,26.48498525095458,4790.979199081277,118.96643698599689,536.438189968141,7.126583685263392,660.888945710339,690.9998682612802,824.2765875980108,823.578013210278,2017,non-indigenous
Secondary school or above,56,30,13275,21.95087841193416,5256.76384180791,30.300564971751413,445.23666038920277,2.7419962335216574,743.1476576341855,743.084749923191,796.4144739681198,795.6553846585382,2017,non-indigenous
Secondary school or above,57,19,9937,14.94132414394602,6383.994196773004,22.129415316493912,1268.4344704974674,32.36389252289423,1758.6358852875405,1759.166775120377,2140.0586485806425,2137.246486659961,2017,non-indigenous
Secondary school or above,58,24,13188,20.600836383561436,5140.735744616318,55.48983924780103,234.5124355474674,0,898.1611708812529,891.2363935097816,1005.1090623478858,1005.1090623478858,2017,non-indigenous
Secondary school or above,59,20,9737,16.012966039074275,3340.38067851152,21.033172435041593,414.76840916093255,92.02012940330697,1473.2067155905556,1471.5406929776857,1566.9136710730431,1558.7866937020071,2017,non-indigenous
Secondary school or above,60,23,11974,15.849171375763847,3165.488140972106,37.518790713211956,876.8094760870777,55.564834920104666,660.7560581310026,659.9720298708995,936.5684682065097,924.6087815399086,2017,non-indigenous
At most primary school,14,95,85145,59.93082829510575,340.079464443009,62.66474837042692,3.659150077319083,0,62.43441629842364,82.32816990904699,82.10135356706681,82.10135356706681,2017,p99
At most primary school,15,96,78570,66.94690601959921,433.08481608756523,84.51524754995545,2.730049637266132,0,58.87213340680685,74.1190750186844,73.85667971138186,73.85667971138186,2017,p99
At most primary school,16,119,113545,77.57438933636521,615.4021136994144,68.10649522215861,13.288453916949226,0,63.76602154559088,68.8504732726093,69.4876371721712,69.4876371721712,2017,p99
At most primary school,17,96,84356,60.47466020509902,731.4042115162723,80.51264877424249,10.709769706165932,0,70.40306412828728,81.64225834545557,82.63249291423247,82.63249291423247,2017,p99
At most primary school,18,99,80740,62.85873568245552,781.8293947650897,62.00871934604905,22.510579225497484,0,82.62705482277508,90.28259054140126,92.24194372354643,92.24194372354643,2017,p99
At most primary school,19,80,65686,62.20013174521351,1002.7007063910117,147.18113448832324,24.99415527408174,0,107.03041633743156,125.3899875108404,123.18052621575926,123.18052621575926,2017,p99
At most primary school,20,100,84002,61.42576410934672,974.988857408157,72.44452513035404,71.4292516844837,20.416180567129356,116.69757060358745,123.42428363310064,137.48460220287197,136.75588838766276,2017,p99
At most primary school,21,70,57466,42.776904184529876,1034.0055279063563,83.99523196324783,19.25544379865196,0,154.33227365552588,168.15643681543986,171.6106802831418,171.6106802831418,2017,p99
At most primary school,22,80,65830,49.87036273255672,959.2618360423312,85.58666261582864,28.53469795939035,23.925262038584233,116.10775980776717,122.1418620726689,122.86051132394535,120.66590710851445,2017,p99
At most primary school,23,92,75886,49.88000164017951,1106.0953151218055,101.68878317476214,23.031279375203155,0,126.43296858894982,134.81761445264243,139.53693855926772,139.53693855926772,2017,p99
At most primary school,24,86,72598,59.420700512372754,1289.0388670027642,98.00600567508747,42.59246122482713,3.4639154430333248,141.854149336996,145.65037118685737,144.44348303068622,144.9669430842023,2017,p99
At most primary school,25,110,77137,79.76814508369144,1350.317852219644,132.2154089477164,66.04769760296615,11.564273089870404,165.193488391176,174.71240642846533,181.40184159354843,182.31841941027213,2017,p99
At most primary school,26,80,58956,55.61713960514984,1134.6044168532464,218.63053802836012,64.4579926838094,8.159474862609404,123.37517018718864,137.7586825088725,138.88153777339005,138.76399286388,2017,p99
At most primary school,27,85,67635,63.20815187532695,1090.797476651635,85.92636948325571,82.35335501835834,0,139.93353869724933,146.7118841575558,158.28393433648725,158.28393433648725,2017,p99
At most primary school,28,94,68888,52.937783211813446,1672.6190918592497,133.21330275229357,42.47408837533388,0,251.62992874349544,253.8502680823402,260.2100401763465,260.2100401763465,2017,p99
At most primary school,29,87,69143,61.26399389353319,1357.7895231621421,90.03210737167899,97.01204508530631,70.12544051217525,155.32816304649762,163.73127016070882,176.72535344975145,189.38212817508725,2017,p99
At most primary school,30,144,121240,90.6825560709876,1440.0603671780489,68.43525239194985,77.18373886506103,41.25013746838228,123.90308949552839,128.54711553463778,132.8348866067546,133.60573931565764,2017,p99
At most primary school,31,84,55913,51.6747064364611,1414.8137672216958,127.91488562588307,73.74404879008459,16.677695705828697,155.33652207518375,162.83624570204094,167.94958190251702,169.04767576687905,2017,p99
At most primary school,32,122,88320,82.35800585744876,1570.0667421497583,49.3377490942029,84.74597014643719,128.68349939613526,177.10981697458087,176.36713248567384,180.20285714318155,188.19657562465014,2017,p99
At most primary school,33,108,79986,74.0196494248025,1527.783624634311,125.0725126897207,133.22423090707542,50.00791805232583,172.82487346415064,182.5589439714893,217.24304287126077,217.12645510062,2017,p99
At most primary school,34,104,86561,61.55867885111371,1573.05968623283,107.85655202689433,113.28668800036968,81.01319685924761,188.26996727654097,190.96933693366879,193.34142804295914,189.32199170370473,2017,p99
At most primary school,35,116,76786,73.1558407597292,1426.134030509034,89.12471023363634,54.34639452504363,1.0548797957961087,186.86285911181452,189.52653682842575,187.72057304334348,187.75550240143394,2017,p99
At most primary school,36,113,78432,71.30341160585633,1781.0600775193798,125.10206293349653,158.08571968924247,19.21314004487964,214.40159358926797,228.09292754856767,230.5126759475051,229.16617914320682,2017,p99
At most primary school,37,103,77553,73.27699495630569,1684.7454192616663,111.0326486402847,160.61425089938493,42.661147860173045,353.6498906821653,355.77427673242147,383.6489544520658,382.8612515393216,2017,p99
At most primary school,38,138,103684,93.62021024438593,1689.1987834831475,64.19428262798503,47.86506757712537,50.37296014814243,238.25361289134645,239.17189005993515,243.61940702958245,248.04152165932996,2017,p99
At most primary school,39,108,75749,69.87593712446657,1537.6095746038452,147.7224781845305,58.40292721136032,54.46012488613711,171.2846498370627,174.72971863023582,175.0883478469989,177.99626847315844,2017,p99
At most primary school,40,140,97572,89.53584668086143,1647.1907061793686,124.07444758742263,110.31573607182388,81.76423564137252,197.0681877549536,217.01704819779178,216.91592095021804,229.8119176620428,2017,p99
At most primary school,41,76,62893,46.13689889961487,1507.6131895971464,142.12495826244574,103.33977946671331,31.203790564927733,202.83679589905753,211.13223712471483,210.57352264807204,209.11555844022655,2017,p99
At most primary school,42,107,94222,63.98191595836223,1584.6234274727065,124.47189616013246,84.39630871770925,5.065441192078283,196.36261432966612,202.64537933362055,205.96317640847826,205.56839190644473,2017,p99
At most primary school,43,89,74595,49.87010874289437,1652.4580043345175,63.31351967290033,59.04125611636169,66.29398753267645,243.5347490028727,244.56149241056812,243.6959436685605,247.82041651613844,2017,p99
At most primary school,44,85,60113,53.7282637642282,1775.0209937950194,102.40131086453846,127.67327089536927,229.23577262821686,237.88301129273404,237.75331814713405,255.9497032062223,343.70156560126424,2017,p99
At most primary school,45,112,84632,68.60686160241833,1871.6961117938054,104.87427923244162,137.3832130084759,32.02728676308409,230.59398599880154,231.19451732062015,269.1392901620105,281.7998690679704,2017,p99
At most primary school,46,93,63889,62.37464698070002,1620.1772462134848,96.77878821080311,50.07322595960703,69.36509675635347,230.0657302131082,232.6052709654293,241.55399588206004,246.9660208834567,2017,p99
At most primary school,47,60,38310,39.96878926158442,1733.7642391020622,73.07856956408249,142.38030975376316,97.94940398503437,503.2018287380667,503.77060214110804,503.1855969725794,510.37375820795484,2017,p99
At most primary school,48,109,79357,66.79436155912474,1749.286254940753,112.93065514069332,112.09797917427996,69.34526254772736,191.63100857024617,201.6743412333475,203.97489983639238,216.54627431405635,2017,p99
At most primary school,49,87,65570,54.474889760384094,1945.3621727415994,61.59142900716791,77.84541965329673,49.84799959330994,512.7185256880475,513.5837397287199,516.0858767404096,524.4956885925598,2017,p99
At most primary school,50,103,93829,61.84728372640784,1782.7312629002404,104.23717613957305,164.28955866523143,356.97776451487994,251.12677203917966,249.27223361735426,269.788197691155,326.8106407069906,2017,p99
At most primary school,51,66,50031,49.76986117631999,1129.483340328996,153.84861385940718,148.60414209856557,267.8199516299894,171.45674471551015,193.7407597284918,243.52292543766745,303.0090634673315,2017,p99
At most primary school,52,88,72197,54.22723394163489,1593.1652654080733,74.51193262877959,72.26624721248805,84.26612370781795,313.68452104479707,313.69942452417087,311.65813814075864,315.4311225843466,2017,p99
At most primary school,53,64,39136,44.05661862154414,1677.6740000681384,88.50700122649224,47.83722574270919,0,308.36142689359855,312.0064796315222,313.4422464686077,313.4422464686077,2017,p99
At most primary school,54,69,50880,43.19614450574749,1507.6377358490565,39.02724056603773,161.40323309748428,65.03744758909852,226.04282059034367,234.93310771525807,248.65758113472694,255.08564527146973,2017,p99
At most primary school,55,71,54948,40.25779622763635,1353.4655674455848,125.64624736114145,51.16654230666569,9.48351168377375,164.39596057341413,178.8863548994202,184.08439087973903,184.4407165132087,2017,p99
At most primary school,56,86,62949,53.318197416090655,1370.6814511218076,58.69152806239972,139.0917938860559,63.538843614142664,168.83224779114357,175.41503670427173,188.77032036702477,191.50114407589044,2017,p99
At most primary school,57,54,37235,39.25688842621284,1529.6039926592364,22.93863300657983,104.19790967279889,76.42451098876506,180.80957339252262,181.02206834216253,183.88216740144532,195.8532116199419,2017,p99
At most primary school,58,62,46027,43.359094483658026,1434.6520303300238,106.92897647033263,144.97302308065554,147.15319269124643,203.60151334503064,238.02756366287733,256.56879187751866,255.47143361681418,2017,p99
At most primary school,59,68,58924,37.31147380458917,1293.7498925169145,62.98664381236848,148.167288937162,279.80883850383543,204.11195931072888,208.04650251287447,227.13067916009732,268.2510175349376,2017,p99
At most primary school,60,95,71323,67.26896383253212,1410.754786908384,91.83391051974819,167.05657478419772,109.46165098682519,197.28607754142743,206.3724364764339,240.02297853108752,240.34156816826578,2017,p99
Secondary school or above,14,16,8712,14.119488625561207,154.1900826446281,14.984504132231406,0,0,67.40065281176607,69.45785616837405,69.45785616837405,69.45785616837405,2017,p99
Secondary school or above,15,30,17272,23.837397937429962,191.87992125984252,7.6424270495599815,13.74575420719469,0,66.7058902645774,70.62567102190515,72.18735305759088,72.18735305759088,2017,p99
Secondary school or above,16,41,30716,25.778352747486462,351.0986131006641,61.52103138429483,0,9.063680166688371,88.37291136768606,105.19970299299959,105.19970299299959,109.23518869287454,2017,p99
Secondary school or above,17,84,68735,50.27976465346442,724.5882156106787,65.77660580490289,46.83305448461483,7.485269513348367,121.27513125264419,131.0389027274835,133.74402295492044,137.0080193762528,2017,p99
Secondary school or above,18,109,74464,71.38480552349647,921.0363318740152,72.77258809626129,2.560745237072053,0.4980214152700186,117.18530019563659,123.02612772283655,122.88857734049549,122.91265500133395,2017,p99
Secondary school or above,19,148,108697,92.2041338910244,1393.5514319622437,129.22564560199453,26.192213216556116,10.16955389753167,154.2934077778415,161.59283187552435,164.49073883641404,164.03711015508975,2017,p99
Secondary school or above,20,189,122495,119.6949377581379,1830.1026109909249,112.91938446467202,101.14435283072778,11.737205600228581,128.35762003343393,131.4133924709562,142.95304762780455,142.82045496654044,2017,p99
Secondary school or above,21,188,126001,119.8198700394665,1865.013578595937,80.00658724930754,36.54367161107187,26.348997230180714,138.47463718823153,140.15591541896023,140.91582443092,145.2633324464602,2017,p99
Secondary school or above,22,188,134891,118.56124693460235,1871.9963513750608,90.0156274325196,40.7441811042496,10.737805586238766,137.88525278543835,145.43759328298069,146.93936171573193,147.1265050968487,2017,p99
Secondary school or above,23,189,125152,128.80717107271028,2233.7150851231568,99.53039503963181,28.17610452356601,30.88963819994886,151.00181000226524,154.20745813359176,154.1122138775552,157.35318378254493,2017,p99
Secondary school or above,24,146,86614,93.50679858854558,2422.4878243317094,118.05096173828711,144.97800586510263,23.914532677550206,167.36453499461962,174.3530593472444,240.7484669751793,242.56970129731954,2017,p99
Secondary school or above,25,172,95927,129.29952259306629,2814.24469301309,127.13500891302762,80.0562450266001,18.404342190763117,155.12962663843714,170.85733956529668,176.687414785807,177.12925306959855,2017,p99
Secondary school or above,26,153,95427,99.50558401573345,2591.194742228789,113.9999056870697,135.40503037225665,8.434719733408784,191.2151056074145,196.30731211635222,202.1180515216851,201.60717835954915,2017,p99
Secondary school or above,27,150,92379,105.37209872435608,2815.537717807438,142.33544420268674,30.143187304473962,27.271349549139956,183.09455848725506,190.7613388919169,191.00534991039586,191.10245608602187,2017,p99
Secondary school or above,28,129,76659,88.61053337968474,3384.294814264035,73.39542649917166,46.87042617305209,2.5359057644894922,249.01240543247604,251.69479638528207,255.8429837929832,255.57065148529261,2017,p99
Secondary school or above,29,123,76965,93.20524604062942,3626.7181576041057,95.70402130838693,510.1451417310899,75.69889343641049,225.5575788556734,230.25548573375983,506.3916859386998,514.7437232570737,2017,p99
Secondary school or above,30,171,108892,102.59520293200455,3432.119975143567,158.74862248833708,149.59659953593163,23.600448150461006,253.90776209632082,264.6776024244807,327.2475362756302,326.9284720118637,2017,p99
Secondary school or above,31,111,68641,85.04929367245826,3768.872079612282,54.82379335965385,113.99787299136085,40.6888982775115,303.43153815199616,303.0075981886339,314.36581939995875,315.25110535555666,2017,p99
Secondary school or above,32,130,84085,73.20823294919832,3279.5327704108936,107.85591960516145,81.11150224970764,74.75689282670314,301.60312737676935,307.4304837065368,311.3568518149222,321.0845160052485,2017,p99
Secondary school or above,33,115,82781,72.29271407650953,3290.5945547086085,67.27606576388301,111.48512339788115,3.6675082446455103,243.30493888883296,243.72970354968436,249.0171046493154,248.6981709456962,2017,p99
Secondary school or above,34,108,69934,78.11977355770469,2754.166745312247,86.73964023221895,170.5927195641605,53.10859763014652,210.77819369485968,214.45808781169671,227.2555031291767,222.79535371930623,2017,p99
Secondary school or above,35,106,65232,72.50603156823841,3702.91785217889,54.261252146185925,48.15031988390156,4.21878832474859,297.78558906812634,309.9726710475395,313.96573815933846,313.6635299071877,2017,p99
Secondary school or above,36,101,59679,71.64026393094068,3495.0136424314524,80.10690527656294,178.45920117070773,9.69185140501684,252.03925669849804,254.45684448894772,258.7363664848673,257.5013764302468,2017,p99
Secondary school or above,37,78,50023,56.35069416865809,3392.1361107224006,73.06439038042501,206.19206831524164,0,272.85688259566643,275.51221711745916,333.3030961458217,333.3030961458217,2017,p99
Secondary school or above,38,108,62204,72.67305582824616,3928.8405488393028,92.19744710951065,110.94490172121836,42.37476689601955,361.05264093330476,376.36439991635945,383.70934648482984,393.0258913156752,2017,p99
Secondary school or above,39,78,43852,58.01821345464051,3810.74593899176,42.29818480342972,78.08860865334914,23.345343427893823,273.4645832417484,271.38896608801997,272.7591378194852,271.77626916423117,2017,p99
Secondary school or above,40,104,63203,68.10635009636134,4245.441271247672,135.31557046342738,78.58458722950915,19.737987120864517,312.4936263734093,331.2545838432885,333.30195250008234,333.00070740791426,2017,p99
Secondary school or above,41,49,28061,36.61363685715185,4071.3659586852455,101.00424076119882,59.01547818443154,52.2908425691648,445.5440336490803,442.27531725900866,464.3322532383129,461.87974142124654,2017,p99
Secondary school or above,42,92,50246,67.82628901785289,4010.2221669386618,79.26457827488755,188.45148535870186,42.26207061258608,388.6523275295338,387.0139416832399,386.65827607920465,392.031000220015,2017,p99
Secondary school or above,43,78,39476,61.83812256781083,4666.799034012227,128.73974060188468,192.06454554666126,22.27192893572466,369.9426666736345,385.7003237728385,448.1022914795134,446.46862445029814,2017,p99
Secondary school or above,44,49,33822,31.795339031173686,5931.787576626653,46.53598249659984,117.08014260934698,90.82845485187157,1100.3230222550355,1096.6252438215706,1087.6033215150007,1079.4134333672507,2017,p99
Secondary school or above,45,81,42078,54.96920130585524,4909.1121845144735,65.18040306098199,91.6220273460399,0.9125909026094396,481.8733225831483,476.83511463638075,471.76762868096165,471.6600986077966,2017,p99
Secondary school or above,46,43,21422,32.33425363524422,3704.7215090405502,45.94342264961255,193.76808888059006,0,485.6993430740853,489.4530946798565,488.42554946837373,488.42554946837373,2017,p99
Secondary school or above,47,41,19994,31.981877471083028,3845.6512453736123,30.18255476642993,84.22026607982394,0,431.96516515037393,428.9818760093189,426.3132912747176,426.3132912747176,2017,p99
Secondary school or above,48,55,36045,30.937317906543797,4248.509821057012,169.86405881536967,341.28959171406115,4.653812364174412,409.62085125406503,448.9594197316913,415.3981260838406,415.37367967471044,2017,p99
Secondary school or above,49,52,30370,35.76838849361116,3963.0016353857977,27.213697728021074,329.4457249478652,406.61178794863355,499.2104655018029,510.36934371401424,565.3209821466535,550.7551506264291,2017,p99
Secondary school or above,50,67,40396,49.59546525684753,4379.321054889923,83.37360134666798,274.15255635871534,67.88295870878305,366.59386743355327,362.9904313355413,369.6007725021454,374.9124129519964,2017,p99
Secondary school or above,51,39,19788,32.610117636790704,3456.036802607641,24.50475035374975,303.64530692001887,0,449.052433562841,451.0673323714148,577.4297909386617,577.4297909386617,2017,p99
Secondary school or above,52,38,18639,29.751488056879676,4255.7611102169285,119.52679864799613,245.80717849670046,0,682.2937554388816,687.8089250649628,689.1766008182318,689.1766008182318,2017,p99
Secondary school or above,53,38,17015,24.97058405211431,3953.3324664511706,11.13429327064355,417.9165442256832,0,562.7142442289124,563.8592844318339,657.8623985078603,657.8623985078603,2017,p99
Secondary school or above,54,41,20185,33.451116006755015,4995.501180744777,15.00718355214268,244.66187763190487,116.00941293039385,642.6848730664624,641.4335365857576,644.9168285583851,646.5822937236517,2017,p99
Secondary school or above,55,30,16424,23.88810903446434,4081.808836661796,93.04188991719435,492.63729907452506,7.80869459327813,455.37697616342155,473.4561410865146,660.8466975796617,660.1856968396222,2017,p99
Secondary school or above,56,30,13866,22.35040433146857,4899.6467137843165,29.009086975335354,662.8960526948412,2.625126207990769,684.1350113043902,684.7810400515086,759.7536866277283,759.0289374619961,2017,p99
Secondary school or above,57,19,9681,14.76918709381362,5163.657370106394,1.1837620080570188,1301.9763798505664,33.219708707778125,1273.2899502668522,1273.0570376115465,1842.7593584902302,1840.9472305939566,2017,p99
Secondary school or above,58,23,12445,19.579530912046355,4322.979616981385,58.80273202089192,76.15508236239454,0,701.9701978795799,695.7551089434235,710.2050853326891,710.2050853326891,2017,p99
Secondary school or above,59,20,9623,15.728025048766797,2536.522221067581,21.282344383248468,357.66808687519483,93.11025667671204,439.5850317757212,436.46036838484713,445.0233987865118,427.4587681816138,2017,p99
Secondary school or above,60,25,14020,17.622144901861816,3229.722182596291,55.836091298145504,775.5860675225869,47.45601521635758,583.5210563934681,586.0801624917194,825.8233789699491,815.5556630368017,2017,p99
At most primary school,14,95,85145,59.93082829510575,340.079464443009,62.66474837042692,3.659150077319083,0,62.43441629842364,82.32816990904699,82.10135356706681,82.10135356706681,2017,p90
At most primary school,15,96,78570,66.94690601959921,433.08481608756523,84.51524754995545,2.730049637266132,0,58.87213340680685,74.1190750186844,73.85667971138186,73.85667971138186,2017,p90
At most primary school,16,117,112516,76.41851067035955,608.0986970741939,63.034164030004625,13.409981691492765,0,63.0781760623854,67.9568693822157,68.6500467418886,68.6500467418886,2017,p90
At most primary school,17,94,83282,59.239307261651795,731.0509313737261,74.2888619389544,10.847882295494024,0,71.48666844063747,82.6810079803692,83.70685058511376,83.70685058511376,2017,p90
At most primary school,18,98,80449,62.45744475555339,781.0402283848567,58.68816268691966,19.57767239700514,0,83.02923676942531,90.31939614964587,91.49422227363038,91.49422227363038,2017,p90
At most primary school,19,79,65199,61.49148120910706,985.7204343624902,145.29271921348487,25.180847610137167,0,105.03992226694622,123.41723156151573,121.19262830861668,121.19262830861668,2017,p90
At most primary school,20,100,84002,61.42576410934672,974.988857408157,72.44452513035404,71.4292516844837,20.416180567129356,116.69757060358745,123.42428363310064,137.48460220287197,136.75588838766276,2017,p90
At most primary school,21,68,55868,41.12698409351996,927.080827426553,86.39775900336508,19.806209875659295,0,105.99196117493098,128.3112140031967,133.50476791470854,133.50476791470854,2017,p90
At most primary school,22,78,64252,48.50974741326634,957.0867832907925,75.42753532963954,29.235497208906597,24.512855630953123,117.0036329409509,123.61502269171594,124.42260133530819,122.18606165598601,2017,p90
At most primary school,23,90,75473,49.3754942783947,1100.6074898749662,102.24524001960967,23.15731011973377,0,126.70652884989178,135.2849443985684,140.07893264752397,140.07893264752397,2017,p90
At most primary school,24,85,72009,58.689984199656884,1295.4928365435803,97.17174242108625,41.23677827308623,3.492248654103422,143.02154240165365,146.93868726243653,145.8155004243345,146.34312668332413,2017,p90
At most primary school,25,108,76246,78.38730394418039,1285.8309703678444,133.76045956509194,66.81952167982583,11.699411553830148,137.63684874456692,149.98636746421363,158.29397207698673,159.43353059345563,2017,p90
At most primary school,26,80,58956,55.61713960514984,1134.6044168532464,218.63053802836012,64.4579926838094,8.159474862609404,123.37517018718864,137.7586825088725,138.88153777339005,138.76399286388,2017,p90
At most primary school,27,80,65655,60.30480424409331,1054.4476937526972,79.91455334704135,79.81523367095677,0,140.67103162241958,148.14526785252332,160.5870898494059,160.5870898494059,2017,p90
At most primary school,28,91,67827,51.55379959187965,1609.4613354563817,133.2993940466186,38.848172556651484,0,212.41521239480528,215.6221347213717,217.5081927206052,217.5081927206052,2017,p90
At most primary school,29,84,67017,58.692031426714095,1299.8996423792967,73.91154483190832,90.70204326265475,39.44894578987421,153.61148555645752,159.5190047568965,171.2482398705987,168.33043174387473,2017,p90
At most primary school,30,140,119407,88.55819124525652,1428.7974651123188,69.48579229023424,78.36857554414733,41.8833625052691,124.11382463115278,128.9982481503825,133.50403937118384,134.3326513713378,2017,p90
At most primary school,31,82,54601,50.121943713852644,1415.3336416304953,122.40810607864324,75.51603450486255,17.078441786780463,156.91112570512107,165.49969828102004,170.84955980933904,171.99591129795002,2017,p90
At most primary school,32,119,85306,79.80792041485871,1442.4532232980878,51.08093217358685,87.7401833790511,133.2300971404903,155.5436009259912,155.16932808053477,160.67454056110728,171.38164765272984,2017,p90
At most primary school,33,106,78702,72.36855004990552,1437.2014561256385,127.1130339762649,97.78751916512074,50.82378253835142,148.57642288762102,161.21753303487324,174.335652529692,174.6890305624867,2017,p90
At most primary school,34,99,84837,59.48611373583547,1469.163108863664,110.04833975741717,115.58882327286443,82.6594921241125,159.32717177578567,163.8704811053632,167.9705315982532,163.9139647822464,2017,p90
At most primary school,35,112,75012,70.67047986822043,1332.1083604401074,91.23246947155121,54.88955878170604,1.079827227643577,153.31527608933598,157.51814445739197,154.89165049814864,154.9456668672167,2017,p90
At most primary school,36,109,77355,69.68475395488143,1724.544338870575,125.05985392023787,145.93729127615106,19.480641199663886,209.69158234454721,224.1103987785307,221.9074770429278,220.54356172377018,2017,p90
At most primary school,37,98,75311,70.10465751671862,1341.2741144498589,107.33511704797439,93.2415848946369,43.93116543400035,167.71026442720026,173.6039586744869,179.57635590925844,179.23064724118362,2017,p90
At most primary school,38,135,101927,91.58936215048172,1459.9682779505592,65.30085257095764,43.647332568079776,51.2412805242968,145.1058869722249,147.78823977872062,150.96653998061086,159.1052815890381,2017,p90
At most primary school,39,104,71322,69.58877868582331,1372.8768075301684,156.89170242001066,61.82297654767579,57.840498023050394,143.79795559278833,150.60491530001045,151.77054175089793,156.15085027435296,2017,p90
At most primary school,40,134,94724,85.70926452604074,1505.8988033655673,127.30872851653224,113.63252185296228,84.22258350576412,166.05433088895384,191.96468883625928,192.7930008895989,208.8944949391647,2017,p90
At most primary school,41,75,62757,45.94749402046567,1504.8774851145422,142.43295568621826,103.56372595885718,31.271411954044968,203.29454643739655,211.6625490624117,211.12694605098756,209.67070617329972,2017,p90
At most primary school,42,104,89865,61.63306804418989,1520.9645199280403,128.33907527958604,88.48816558170589,5.311033216491404,186.4539868683438,193.97381678076164,198.1687739452077,197.74644658823615,2017,p90
At most primary school,43,88,73860,49.130061122544845,1652.9800275295604,63.94356891416193,59.62879095586244,66.95369618196588,246.61673269611993,247.65198916198727,246.7682037180802,250.9336353659506,2017,p90
At most primary school,44,81,58076,50.970873042240264,1649.6269887733315,105.9930091604105,124.92395022614045,237.2761553826021,204.17529901711842,205.29127138395017,228.2311898218551,332.7246895262132,2017,p90
At most primary school,45,103,80365,63.19497517747217,1784.842796408055,107.96889193056678,144.67760944855763,33.72778365374644,238.5439511204732,239.7554113132206,282.1136825155571,296.06565390881565,2017,p90
At most primary school,46,87,61236,58.54071606602649,1511.5798563481176,100.97165066300869,41.59527619918567,72.37028327563307,214.46363046319993,218.34829555888425,224.63538109526985,231.69688122100192,2017,p90
At most primary school,47,54,35845,36.17903916605388,1143.4639791695727,69.54080066954945,151.57873250569583,103.795973404008,161.14465380893498,168.95029667201985,181.19466690202302,211.5191508357487,2017,p90
At most primary school,48,104,77285,64.602263696722,1658.1221366802527,115.87938150999547,114.90598865670356,71.20439930128744,182.3446079030406,194.35736566338352,197.70151026736625,211.87351550843067,2017,p90
At most primary school,49,81,62890,51.000844376450516,1552.140737796152,46.86198123708062,80.1534557693327,51.97222663910531,190.53450515427957,194.971738009863,205.26849618569145,229.63921497418485,2017,p90
At most primary school,50,95,88310,56.87706492942929,1699.8487562752423,97.83229532329294,174.55695844185257,379.28735892499907,263.3973754742446,261.21699899918343,284.7473742729432,348.3720858864324,2017,p90
At most primary school,51,61,46876,45.71009040505539,896.256527860739,124.65952726341838,102.25162485422534,285.84563529311373,116.82035524546272,132.78369115235807,142.5107844568745,248.98231682183106,2017,p90
At most primary school,52,78,66437,47.809977975916674,1384.176026410986,78.75939611963213,78.53163523337899,59.24050353467696,215.58101733521337,217.21404181395283,215.13024944126636,219.84658136586822,2017,p90
At most primary school,53,59,36694,40.494830633246146,1604.7295924856016,90.24118384477026,51.0208117585073,0,317.6969484561618,321.8204428974537,323.7165482230223,323.7165482230223,2017,p90
At most primary school,54,65,49303,41.0724980796366,1345.9342839178144,33.744518589132504,153.50377258990326,67.11772779208837,166.96127067205686,172.2831224146862,177.3166941392254,188.52670722084247,2017,p90
At most primary school,55,64,50767,35.90455073197596,1232.5112967084917,135.99405125376722,49.9832404252106,10.26454192684224,151.48288700182704,172.92977628144882,177.05134505392132,177.68667358311677,2017,p90
At most primary school,56,80,59824,49.533484776607146,1257.5053935990015,53.67365940090934,135.59256039939376,43.63644468217883,144.53638919574442,150.11497278935045,162.1152202934747,168.1189369189902,2017,p90
At most primary school,57,50,34858,35.98842558271191,1397.8963604720104,19.201331114808653,111.30326371755885,81.63597070017404,157.0144839958096,156.1156062016986,162.57365234652687,179.79528842796336,2017,p90
At most primary school,58,56,42284,38.788785842823835,1407.3994655188724,104.60741651688582,156.31381452401223,130.06101598713462,222.8920005833134,259.82355616776374,280.9627427493496,277.2834529485463,2017,p90
At most primary school,59,64,54707,35.00414355337474,1124.4405042620992,67.84186667154111,123.51623497297726,301.37744712742426,163.2776870490194,170.85278179041896,194.07101881745226,253.4831202179653,2017,p90
At most primary school,60,89,68274,63.35492965396046,1251.5382869027742,67.81600609309547,164.16023791389597,114.35002099383854,167.05844838270713,174.03493525222,212.23692078837792,214.21514704106818,2017,p90
Secondary school or above,14,14,7455,12.16375261568604,122.32112676056337,17.51106639839034,0,0,65.40026641817703,68.99178114036644,68.99178114036644,68.99178114036644,2017,p90
Secondary school or above,15,29,16708,22.88779133108618,171.3520469236294,7.900406990663155,14.209759795706649,0,64.88341770513496,69.31960656883373,71.21646825643255,71.21646825643255,2017,p90
Secondary school or above,16,37,28653,23.22724903048208,356.9659372491537,65.95051129026629,0,9.716260077478799,94.77432826631045,113.25499431996585,113.25499431996585,117.69252376275368,2017,p90
Secondary school or above,17,77,61858,45.37850029371884,700.3654229579575,51.463917359112806,48.71269682175305,0,123.31774153286284,128.35638241831998,130.5906921101659,130.5906921101659,2017,p90
Secondary school or above,18,101,69940,65.31552800627529,859.9930809741684,69.10120102945382,2.726384520064818,0.5302354399008674,117.60893080682712,122.68728817006642,122.54892131168167,122.58139308176996,2017,p90
Secondary school or above,19,130,97523,80.47771744766254,1229.4930597568436,124.85505983203961,29.193267229268994,11.334762056130348,121.40802028150667,131.17551751221112,136.15533634430525,135.6269947856286,2017,p90
Secondary school or above,20,147,99465,94.81408074581265,1656.1845975971448,97.67214598099834,77.62155029407329,14.454823304680039,118.99013984918948,120.91028369207297,119.10290380588579,119.128433595408,2017,p90
Secondary school or above,21,163,112014,103.6155975563996,1732.0313539676588,88.41225203992359,36.377498943584435,29.63915224882604,139.04238911827014,141.92198374316825,142.69644099097445,148.5055879476614,2017,p90
Secondary school or above,22,160,118698,99.61188231625162,1645.9074780816302,89.12364151038771,46.30257740933573,12.20267682128876,126.17790744038764,137.47238426771779,140.3711842123849,140.83055632113386,2017,p90
Secondary school or above,23,155,105427,105.7629078588061,1937.1676578738525,110.97032069583693,26.04926473610492,36.66897474081591,143.67986246395628,149.80200348499812,149.34739474504036,154.80826455279026,2017,p90
Secondary school or above,24,114,69187,69.63646808858478,2102.3473605349755,109.37018515038952,37.03405263994681,18.097812209422774,171.73684232483902,178.45703288454607,181.2327261844958,185.25649272260193,2017,p90
Secondary school or above,25,130,73804,95.25803724489762,2310.3304563438296,76.09709500840063,82.85931318085741,12.89189384495872,140.54175407336862,142.2166416092477,145.71439495482886,145.84369057518919,2017,p90
Secondary school or above,26,117,76381,74.38025289930658,2152.456937370987,120.36756523219125,163.84042933888446,10.537961011246253,153.99930195059068,162.539615234093,177.8253620895881,177.17691951902475,2017,p90
Secondary school or above,27,113,71200,77.08601295109004,2333.3161704119852,146.57073033707866,39.109515449438206,35.383426966292134,170.22501519475804,174.14564869983963,176.00932583212162,177.41978726776543,2017,p90
Secondary school or above,28,93,55764,64.1121877214303,2473.2203452645676,62.538196686034,64.4329675059178,3.486120077469335,196.12218179862336,195.74216795112275,210.23137611056794,209.83638186610608,2017,p90
Secondary school or above,29,86,56990,65.56870095056101,3253.322275837866,88.23021582733813,667.0509446101655,0.5293092355383985,217.0324084267564,223.91773852625982,669.2974414018544,669.2808017432837,2017,p90
Secondary school or above,30,118,77173,66.66724870141982,2641.137466039504,122.47845749160976,81.02337173190969,13.228719889080377,194.05463614491364,198.26150784712283,201.96407168653147,202.49420498247974,2017,p90
Secondary school or above,31,77,47175,57.589103384325384,2767.5444462109167,52.22045574986751,86.2627804274863,22.99791556262144,258.74564325405254,259.1186837862841,259.6104229937375,262.0478519841126,2017,p90
Secondary school or above,32,98,68435,54.543824138853864,2558.361413506734,118.92401548915029,76.32440515330849,74.20812936850052,209.16290542219056,227.62908348362527,229.2242763453111,251.062583319409,2017,p90
Secondary school or above,33,90,64330,54.59527756099525,2753.932879941966,80.70542515156225,78.36701383491372,4.719415513757189,228.9425760548601,231.84016391261667,231.8353406226934,231.4601389876461,2017,p90
Secondary school or above,34,93,60338,68.79765044355685,2450.1709784878517,82.129835261361,193.33970714972324,61.55485211088645,196.5116887431219,198.57315672028312,218.30710119044463,213.36112723760158,2017,p90
Secondary school or above,35,77,46386,55.21329201537738,2930.9280278532315,59.67145259345492,47.02586268845484,5.932824559134222,229.31107652488666,229.98020232927595,237.10502548277987,236.71673580544748,2017,p90
Secondary school or above,36,80,49248,56.06743648794168,3056.150280214425,97.07399285250162,205.39446610353042,11.744639376218323,243.2765048391318,250.20852152404242,262.92574048856284,261.3559093648945,2017,p90
Secondary school or above,37,63,40029,44.19627394647402,2924.5352078076726,61.64780534112768,214.3698943266132,0,248.79226803738777,251.6440605530208,331.5378757074507,331.5378757074507,2017,p90
Secondary school or above,38,87,49990,56.60677101218792,3179.771237580849,66.35427085417084,91.69167166766687,1.5499099819963993,217.15483606134896,215.84195365226984,220.64437640339307,221.01164094900523,2017,p90
Secondary school or above,39,64,35614,46.54595218140355,3472.0957839613634,52.08232717470658,88.77243967728046,20.6587297130342,281.88232187142,280.1387273730771,281.966503882603,281.2869136283837,2017,p90
Secondary school or above,40,80,47592,53.641577958672514,3525.2355367848936,74.45053790553034,55.86527147419734,26.212388636745672,265.02844313569756,266.1410290826263,264.822025929527,265.68431663705275,2017,p90
Secondary school or above,41,37,22444,27.691913778429345,3644.451753995129,87.23044020673677,27.11340818630072,65.37753222836096,473.647901715113,461.0277556211272,465.1412608001808,463.51924157781366,2017,p90
Secondary school or above,42,75,41670,54.205988944704664,3254.9153027757775,95.57782577393809,218.66890648748102,16.7986561075114,313.48225811391757,314.69156244825507,315.95263089749943,317.0890436558458,2017,p90
Secondary school or above,43,51,26125,40.202191779208135,3673.3817288676237,159.92612440191388,135.21301435406698,31.23444976076555,347.9832245210587,389.6654662114874,401.8901097933818,398.9868620613297,2017,p90
Secondary school or above,44,27,19124,16.08446080320761,3519.630412047689,79.44153942689813,168.0985498152409,82.09579585860699,662.9354528682852,659.8652557942346,639.7660582268242,626.8045375987933,2017,p90
Secondary school or above,45,54,26097,35.521670927281264,3524.2263478560753,55.809518335440856,62.01670690117638,1.4714334981032302,387.7671423933399,382.15010204340416,375.4918936984771,375.31293966413455,2017,p90
Secondary school or above,46,30,14385,21.625710225120212,3215.4462287104625,45.742092457420924,173.4932221063608,0,506.19390842322815,516.3851404925252,545.7433356162353,545.7433356162353,2017,p90
Secondary school or above,47,26,13008,20.663933263072796,2599.3607267322677,46.392220172201725,91.37453874538745,0,323.4833421276619,322.8989771192216,313.0168395282641,313.0168395282641,2017,p90
Secondary school or above,48,43,28690,22.565626142343632,3661.8019577088417,21.045660508888115,404.99302892994075,5.846868827698386,379.74450685152004,378.8296767933667,342.7233110147961,343.20229066978055,2017,p90
Secondary school or above,49,35,20160,23.320333143026,3352.0162533068788,5.559523809523809,414.00132275132273,198.84920634920636,453.14853951224273,452.99078562212435,543.1913536340131,553.5753263051197,2017,p90
Secondary school or above,50,37,21035,29.23831483314211,3366.275572458601,68.42690753506061,292.59171222565567,69.59828856667458,416.97521834725694,408.7956291762759,430.9613677669405,460.47814091831657,2017,p90
Secondary school or above,51,25,13151,20.759158008955488,2491.952563810103,29.45023192152688,36.80581958279472,0,333.6985006535075,344.2207722801152,339.1430616665093,339.1430616665093,2017,p90
Secondary school or above,52,21,10466,15.154601423910968,2421.0465316262184,157.12784253774126,156.6405503535257,0,347.7958203047933,372.2188837783968,401.1036881997204,401.1036881997204,2017,p90
Secondary school or above,53,20,8075,10.541920323214555,2517.6389576883385,3.2507739938080493,95.17440660474716,0,588.7431480490167,589.0513895740174,599.065581286294,599.065581286294,2017,p90
Secondary school or above,54,19,7371,13.759433461739015,2590.420024420024,41.09618776285443,204.8568715235382,4.938271604938271,337.9233983587305,344.10712430425724,304.08142909144595,302.9693069281363,2017,p90
Secondary school or above,55,15,8476,11.471003862064208,3017.3641261601388,51.46295422369042,119.95044832468146,0,517.0718308147915,532.730280315214,504.57346304532234,504.57346304532234,2017,p90
Secondary school or above,56,18,8396,12.452418258766071,3458.378354772113,40.971891376846116,861.4955534381452,4.335397808480229,467.2454045904994,469.31682795474677,669.8866716145068,668.0496205383806,2017,p90
Secondary school or above,57,12,5209,10.319370668439445,3717.53062008063,2.200038395085429,2419.7414730914443,61.73929736993665,970.1025088100723,969.6148086576842,2504.9172699380724,2502.0849012075087,2017,p90
Secondary school or above,58,11,5885,8.926928693034267,2322.0479467572923,124.3500424808836,0,0,384.65777473833816,408.23202677983517,408.23202677983517,408.23202677983517,2017,p90
Secondary school or above,59,13,6875,10.252613552185904,2283.8671515151514,29.78909090909091,421.504,130.3272727272727,437.16502038036566,431.98829026581353,479.8289727753069,447.9366734805582,2017,p90
Secondary school or above,60,16,9827,11.213996941086004,2144.7165971303552,39.74763406940063,418.4389946066958,67.70462331671246,460.21849152868094,464.84692263661725,575.5939364778837,558.0118050716771,2017,p90
At most primary school,14,75,70041,47.69525789185407,257.91702003112465,30.467726046172956,4.448227942681191,0,56.863271448526916,66.66997984234845,66.40317199967423,66.40317199967423,2017,p50
At most primary school,15,64,59434,45.37266382312154,352.3288689975435,54.427936871151196,3.6090453275902683,0,62.53723038480621,76.31922213549579,75.93613488622456,75.93613488622456,2017,p50
At most primary school,16,81,78538,52.445894410070125,412.8019939392396,79.14222414627314,15.961540910132674,0,58.99057485357106,72.33162079373153,72.85432194521991,72.85432194521991,2017,p50
At most primary school,17,59,56209,37.09855094566117,649.1000017790745,46.17276592716469,9.362083177664314,0,81.06890717335075,89.12095601317961,89.19847354034034,89.19847354034034,2017,p50
At most primary school,18,64,54403,42.22825183323204,598.8186190712522,75.6550925500432,7.354144072937154,0,76.93402258648648,95.5235218713795,94.75514926087207,94.75514926087207,2017,p50
At most primary school,19,48,41789,37.121606257664624,664.401229988753,116.85443537773098,38.646320403295924,0,87.53091616516576,114.08920605648073,110.68147714327364,110.68147714327364,2017,p50
At most primary school,20,62,58052,37.03670856116353,658.1969441190656,63.74052573554744,81.32364087369945,0,110.9442526605727,123.26480297012422,152.97480017485623,152.97480017485623,2017,p50
At most primary school,21,41,41563,26.29838970822353,712.7402497413565,64.72078531386089,5.4543704737386625,0,91.65917070257179,110.39536187598536,111.56594588103962,111.56594588103962,2017,p50
At most primary school,22,50,45260,32.08853034242927,791.813278833407,94.4924878479894,28.528262630726175,24.281926646045072,116.68484292362271,132.5247856777619,134.46489275236948,131.7837622192207,2017,p50
At most primary school,23,51,48791,27.444326392513883,893.1302699268308,100.045090283044,4.184207469956891,0,132.9673449463225,147.934424340233,147.85728442750144,147.85728442750144,2017,p50
At most primary school,24,49,48722,36.632507216910135,854.0759205287139,80.15352407536636,57.489002230340844,3.602068880587825,90.99128650460885,100.23934821474172,102.6700067180256,103.66600743252252,2017,p50
At most primary school,25,55,40529,40.62759627641836,635.6565833518387,129.52774556490414,53.382464819429714,0,97.1485453533326,139.6206414685984,142.1079798915666,142.1079798915666,2017,p50
At most primary school,26,45,38734,32.291695807239904,790.1901688439098,280.9692260029948,75.1506536032082,5.595858935302318,95.864847790241555,151.55249758162955,152.49447820944815,151.28874947474003,2017,p50
At most primary school,27,46,42329,35.3771686441911,643.9999763755345,45.34149164875145,42.59408443383968,0,103.12596878111194,115.89783785290014,114.020675899244,114.020675899244,2017,p50
At most primary school,28,47,42242,26.07827727742723,915.7626769565835,136.00208323469533,29.344136167795085,0,137.83888180234914,149.95116063041334,149.8288032748765,149.8288032748765,2017,p50
At most primary school,29,40,40842,30.535571114954056,789.349648237925,63.865873365653,44.54513735860144,62.28269918221439,115.93176681254893,136.04873329572706,138.8488377851423,134.31051108562633,2017,p50
At most primary school,30,94,91614,65.30341544147494,1104.0780193711296,81.4048071255485,92.57471383558554,51.97349750038204,76.99608554607197,85.10203704711722,100.30542744686561,103.44008303799822,2017,p50
At most primary school,31,47,35644,27.692921306875895,1011.9474946695096,148.35329929300863,82.87185314031348,20.143642688811582,152.1395716976736,174.5523524337616,188.44276347451796,190.84526617757942,2017,p50
At most primary school,32,70,56483,47.19406037810907,835.7724271019599,48.177858824779136,102.26169673471074,198.77957379506518,91.42739953261571,93.82365388996385,110.7055040020181,161.9656457919511,2017,p50
At most primary school,33,64,50631,43.319404719471294,958.4831098207292,79.94094527068397,84.63866010941913,79.00166564621148,99.58631560963424,111.0135554327006,123.47579562205038,132.39917516235775,2017,p50
At most primary school,34,48,52292,31.414548085184798,1034.6095259950534,107.701962059206,159.94726408118512,99.09737627170504,146.20636112135944,155.23295782526213,179.8778219712052,177.95095502091178,2017,p50
At most primary school,35,71,49541,46.30450825620524,882.8979162040868,87.96713832986819,69.18496295997255,1.2313033648896874,116.66138315901269,127.09415934734815,123.7221891724144,123.95467754812873,2017,p50
At most primary school,36,60,49542,38.31515047519246,1081.3962765599558,106.65617052198135,181.40592830325784,30.417120826773242,142.10585388833155,151.70041374196322,160.51083085108488,158.2438970459798,2017,p50
At most primary school,37,63,50638,47.31239059431816,882.3397316902985,46.035092223231565,117.68509485630027,65.33630870097555,108.9316348004664,111.15009104538001,126.16567502441842,130.42700897248946,2017,p50
At most primary school,38,71,61682,46.86876169649762,1073.183635420382,62.96229045750786,39.54300552295105,45.45491391329723,108.57963376491526,109.5620891441017,110.00486058975575,110.24922102942915,2017,p50
At most primary school,39,55,43330,35.87981926630983,888.4244326486652,226.58296792060926,61.33010231556274,90.42234018001385,118.73729980811173,154.9311091115903,162.7997557689624,180.89202798292857,2017,p50
At most primary school,40,75,60766,47.499526047573276,1000.9814534443603,69.0396274232301,103.47552359323745,39.92199585294408,108.11363670777928,114.28554224255836,129.00672980300186,127.61836381985034,2017,p50
At most primary school,41,44,41775,26.526577663518474,1097.250053859964,178.07695990424895,114.45388988629563,46.97785757031718,166.65822105210063,205.73031219748574,206.8862478955065,206.10957912394696,2017,p50
At most primary school,42,56,57758,33.67283035369979,1110.0764814686565,163.50315107863847,105.57470826552166,8.263374770594549,167.86052829794528,196.61609442509385,205.6940468609699,204.95833340531917,2017,p50
At most primary school,43,44,39664,26.411318097663358,958.0739125319349,23.987747075433642,82.91574223477208,124.67728922952803,145.48125824488804,150.36853199077083,159.59810943633377,198.7026893507289,2017,p50
At most primary school,44,43,37300,27.964114986984022,1138.80527256479,144.86407506702412,181.01027703306522,369.43833780160855,159.19868948334843,177.6417140658769,253.33376543057844,492.84789817786174,2017,p50
At most primary school,45,39,33330,26.848852861692393,1029.7409240924092,211.3955895589559,76.35527802780278,26.402640264026402,138.1367287276334,177.5207537241139,184.75336140711755,218.09979316594033,2017,p50
At most primary school,46,42,34490,30.588640217851086,820.1744756934378,63.89794143229922,30.172078863438678,13.888083502464482,129.70821067097276,136.1465525453075,142.12918473800292,141.40347650044168,2017,p50
At most primary school,47,25,18707,15.426550983941617,839.91564654942,39.74929170898594,246.54619482903016,105.04089378307586,151.74440056484693,164.24809046160965,226.133415253289,224.50990570953414,2017,p50
At most primary school,48,39,33457,24.341910256472428,965.3274252523139,57.92868458020743,42.36096581681959,78.48880652778193,126.6484139119074,133.205165893872,136.5475474625418,180.929081344732,2017,p50
At most primary school,49,42,39671,28.19467948198294,1021.2311260114441,24.592523505835498,54.9872913043113,3.60968969776411,151.74375994338908,152.3867663050279,145.7950474679429,144.9407384900912,2017,p50
At most primary school,50,42,45801,26.013120908818806,915.0229907643937,40.65173249492369,82.50838773534784,418.96465142682473,104.61744150345122,111.43330414406539,127.71227535493635,289.75432905355757,2017,p50
At most primary school,51,36,27841,27.815893660723383,877.0791638231385,187.7784562336123,122.60504890868383,481.279408067239,121.05598834041722,158.70109059512666,172.93312659951894,375.63826699849784,2017,p50
At most primary school,52,33,34458,20.84524243325453,656.427912240989,95.68808404434384,110.98123077369551,35.50796138293961,126.50870308319392,129.40031872700823,135.61176093746906,141.9770221252621,2017,p50
At most primary school,53,26,16354,18.17177533292087,711.0081325669561,106.21988504341445,57.96033590151237,0,163.7541238989931,196.11148395247244,196.68525716971607,196.68525716971607,2017,p50
At most primary school,54,26,23987,17.938347362082332,772.9734439488057,22.76674865552174,167.32173677408596,30.120481927710845,151.07862712324444,155.21112353119884,153.98931232248214,159.2746368071872,2017,p50
At most primary school,55,30,29146,16.384897205127643,811.639733296736,101.29794826048172,69.94982158786797,8.2172510807658,169.89317245938895,183.73204381403943,201.0726633097947,199.63311250092656,2017,p50
At most primary school,56,36,30135,22.49018219604334,801.4555832088934,27.999004479840718,222.5736961451247,53.922504286267355,127.6845321701378,137.00994133148683,198.18697950526652,208.42671904064727,2017,p50
At most primary school,57,22,17365,17.16149422804806,1084.021998272387,35.66484307515117,70.6821288031481,163.8736922929264,191.3007771161563,191.77560444512054,184.84197649135302,256.5372579401137,2017,p50
At most primary school,58,20,18968,14.626169705266754,717.0438106284269,40.47448334036272,85.41613946295514,265.93033881625195,134.08151119649563,138.8342270918874,164.2682132808055,218.00556420129777,2017,p50
At most primary school,59,28,31020,15.417411041171507,690.9814313346228,43.16715022566086,97.61309907586502,445.21598968407477,143.96912065602993,153.31251090172586,199.11956169314547,324.6953423519277,2017,p50
At most primary school,60,42,37161,31.304100582614833,628.2396867683863,35.70194558811657,43.4613640644762,161.03800579460545,94.25353592572095,102.17399040535508,105.91791365349754,127.91864562022465,2017,p50
Secondary school or above,14,5,2884,4.699393186055709,60.54923717059639,15.68134535367545,0,0,35.620933950633045,48.615014046054554,48.615014046054554,48.615014046054554,2017,p50
Secondary school or above,15,16,9403,13.110662818224888,170.46155482292886,14.038072955439754,0,0,82.26740806062757,93.13846102908963,93.13846102908963,93.13846102908963,2017,p50
Secondary school or above,16,17,14268,10.134566990025625,376.17781048500143,69.84861227922624,0,19.51219512195122,136.68189796832868,165.45050121422133,165.45050121422133,179.61669140654953,2017,p50
Secondary school or above,17,31,28966,19.39656708875274,375.0655941448595,46.23955672167369,81.10267209832217,0,104.22724181191339,116.73941667402848,131.78304656551325,131.78304656551325,2017,p50
Secondary school or above,18,42,35808,26.768136775581258,486.1470900357462,56.95375335120644,4.735906315162348,1.0356531128984212,108.74924600971094,123.87292038445611,123.91186888765473,124.19259617761179,2017,p50
Secondary school or above,19,42,33926,31.877455804669506,562.2962035017391,93.86488239108648,21.481754406649767,32.582679950480454,114.27972961588479,140.47410621234692,141.30656309425825,142.73199948386454,2017,p50
Secondary school or above,20,31,28162,20.524092014591467,962.9963425893047,93.4123996875222,189.9219989110622,29.4013209289113,146.1399540315801,159.14004817087184,172.32696116950936,171.22781464012652,2017,p50
Secondary school or above,21,43,32419,36.27956090815892,787.9149675601756,150.15176285511583,41.15590651572637,0,110.51289903830403,133.93267350795637,143.41615185299798,143.41615185299798,2017,p50
Secondary school or above,22,43,40925,28.87279635243949,885.1100794135614,73.62492364080636,28.599877825290164,35.39238444308695,143.06276134262714,158.00248784135508,161.6089984866873,171.55160485690132,2017,p50
Secondary school or above,23,38,30167,27.4457014316342,669.2955878940564,34.12205389995691,45.001850808278355,114.00978994707239,128.87822098703182,133.42281490519085,130.5448903914158,225.0724848719719,2017,p50
Secondary school or above,24,23,15343,17.758703348991013,1275.1546416389667,35.239197027960635,22.884485867605203,4.1256599100567035,263.4376942775898,260.96183048211554,262.03063521260697,261.66835328794787,2017,p50
Secondary school or above,25,28,18874,22.071294989204375,1246.4545582988944,32.55112853661121,106.61518491045884,29.349016283423406,197.95027806885804,195.19537929004767,206.06624101408175,212.27917322470626,2017,p50
Secondary school or above,26,27,23249,15.550265038581497,879.5820035270334,40.8381005634651,135.79508796077252,34.62084390726483,169.57752707254045,174.50642738502594,249.81388653031487,255.1565187936337,2017,p50
Secondary school or above,27,20,18569,13.17794867449751,1072.4000215412784,164.5139749044106,16.672949539555173,0,157.0870418343944,199.9216407452403,208.20585470637235,208.20585470637235,2017,p50
Secondary school or above,28,23,18432,18.92262489851898,1081.4608289930557,83.62630208333333,42.37847222222222,10.546875,190.12766374913494,201.48300005761908,208.42923065791263,208.11068632123732,2017,p50
Secondary school or above,29,13,7171,10.924957791147603,1178.0779993492308,151.38474410821362,81.93185515734673,0,258.6041402120873,266.031486773877,269.8066714675381,269.8066714675381,2017,p50
Secondary school or above,30,23,16682,17.607135603778794,1296.3974743236224,86.7054310034768,49.213723374495466,25.1768373096751,169.97157224563645,196.42040161166412,194.75145060810334,201.2325541826432,2017,p50
Secondary school or above,31,13,8244,11.63570297150394,1374.630114830988,28.335759340126152,0,0,269.93258826356885,282.70038897289874,282.70038897289874,282.70038897289874,2017,p50
Secondary school or above,32,20,18307,11.159091435019283,1426.014493545274,208.89905500628174,109.49727790826825,6.7424118278982546,259.1736171607796,305.51323887376947,293.4550276278012,292.01662309596475,2017,p50
Secondary school or above,33,21,21012,12.258367874859315,1457.4210609810266,84.82676565771939,133.5954851196142,14.448886350656768,194.1524666110065,202.55782859968704,199.2754488474187,200.8488180525424,2017,p50
Secondary school or above,34,24,18198,18.043325923504412,1398.5562058101623,150.6495219254863,77.42185496574716,55.963109499212365,188.9450310534658,212.79967149293384,210.36380982659355,222.00059587368892,2017,p50
Secondary school or above,35,10,7390,8.269506183644724,1595.4140279657195,157.35047361299053,25.57510148849797,0,326.2776306976898,300.61897525835667,300.62421753055685,300.62421753055685,2017,p50
Secondary school or above,36,12,8377,9.258368620238576,1725.486252039314,88.22967649516534,162.3592375950022,69.04619792288409,264.04137318547816,298.1796830004576,410.42589005943915,398.5279650408305,2017,p50
Secondary school or above,37,15,11697,9.19345057451755,1858.2823800974609,89.9803368385056,172.39000028497335,0,284.16986594827193,272.35232264329073,257.84170059540645,257.84170059540645,2017,p50
Secondary school or above,38,13,6545,10.496566938271538,1759.1732620320856,108.95339954163484,70.71046600458365,0,247.8808438108182,288.8861630635384,287.2525698953104,287.2525698953104,2017,p50
Secondary school or above,39,11,5793,9.549936412202596,1470.8254790264111,26.566545831175556,45.52908682893147,0,330.47885432679294,337.6031110468489,316.9753031761494,316.9753031761494,2017,p50
Secondary school or above,40,14,7953,9.28127496856483,1303.6667924053816,88.36288193134666,61.43048744708495,0,304.8095121003107,305.7585131604649,304.1452924498924,304.1452924498924,2017,p50
Secondary school or above,41,6,5592,4.89686267189659,839.7482117310443,350.10729613733906,0,40.05722460658083,211.40737089359482,448.0639061689024,448.0639061689024,468.0394145781401,2017,p50
Secondary school or above,42,9,6223,5.826175033508338,702.7716535433071,33.11907440141411,539.9217954898495,0,278.3860803637531,286.6766491459605,552.934604712778,552.934604712778,2017,p50
Secondary school or above,43,4,2005,2.5830838616735066,670.5000831255196,0,109.92518703241895,0,762.4272644123332,762.4272644123332,712.9669250035196,712.9669250035196,2017,p50
Secondary school or above,44,5,5086,2.637126651504975,954.0900511207235,44.651985843491936,370.933280901822,308.6905230043256,264.4012201627574,205.62929795831872,144.07022706309678,559.8105279881863,2017,p50
Secondary school or above,45,6,4254,5.1597333301399555,1868.0206864127879,38.90220968500235,17.87729196050776,9.026798307475318,513.7930209809157,518.3536243336678,530.2796890424818,530.8414760204239,2017,p50
Secondary school or above,46,2,2134,1.6587042750110181,453.3144329896907,0,0,0,261.88999009000344,261.88999009000344,261.88999009000344,261.88999009000344,2017,p50
Secondary school or above,47,7,3517,6.2011737285735125,1688.0227466590845,68.91384702871765,215.46772817742394,0,391.43197344298,366.77317397336174,402.30323894387084,402.30323894387084,2017,p50
Secondary school or above,48,7,4426,3.8672374827657547,1327.096550685344,61.45503840939901,634.342521464076,0,375.11412645311987,357.09255266403903,343.77475083108504,343.77475083108504,2017,p50
Secondary school or above,49,5,5379,3.875661830311845,1632.3530395984383,0,0,191.11358988659603,308.80073660823996,308.80073660823996,308.80073660823996,532.6487267723091,2017,p50
Secondary school or above,50,5,3683,4.428849236162059,957.5677436872115,0,816.7254955199566,0,417.27716103405663,417.27716103405663,608.6827994383818,608.6827994383818,2017,p50
Secondary school or above,51,3,1537,2.9553218132983723,705.7852960312297,0,0,0,410.1071139193789,410.1071139193789,410.1071139193789,410.1071139193789,2017,p50
Secondary school or above,52,2,1357,1.9398273437376552,1273.43404568902,0,0,0,279.23262127087884,279.23262127087884,279.23262127087884,279.23262127087884,2017,p50
Secondary school or above,53,4,1142,3.5709192865630937,966.4798598949212,0,340.2218330414478,0,230.1543937455271,230.1543937455271,494.1737121869344,494.1737121869344,2017,p50
Secondary school or above,54,3,981,2.816548183832288,1541.8844716275908,64.95412844036697,0,0,547.3028895238382,514.6862351434784,514.6862351434784,514.6862351434784,2017,p50
Secondary school or above,55,1,378,1,1000,0,150,0,NA,NA,NA,NA,2017,p50
Secondary school or above,57,3,990,2.8682383789668373,750.2222222222222,11.575757575757576,0,0,557.0702987987376,567.6365714733994,567.6365714733994,567.6365714733994,2017,p50
Secondary school or above,59,3,1152,2.257348138471587,2423.935185185185,0,8.020833333333334,777.7777777777778,1301.114087387609,1301.114087387609,1296.8148062059072,597.4191231229997,2017,p50
Secondary school or above,60,2,2026,1.9995615718720101,1307.4037512339585,0,2029.6150049358341,328.39749917736094,500.0548125279211,500.0548125279211,2500.2740626396057,2166.9041876209917,2017,p50
