age_2021,education,sample,comparison,weights_total_1,weights_total_2,y1_1,y1_2,y2_1,y2_2,y3_1,y3_2,y4_1,y4_2
13,At most primary school,general,2021-2022,70488,77387,217.25660159648925,747.6664685283058,241.08000416146484,756.8451419489062,249.78947716869067,774.7684796326687,249.78947716869067,774.7684796326687
14,At most primary school,general,2021-2022,64220,60699,340.58346309560886,773.7293036129096,368.0063843039552,854.5718216115587,368.0063843039552,858.1715514258884,377.7463407038306,858.1715514258884
15,At most primary school,general,2021-2022,80795,57513,659.4797326567239,939.164432389199,703.2483569527818,961.6202249926104,704.7696350846794,964.3196146958079,704.7696350846794,964.3196146958079
16,At most primary school,general,2021-2022,77224,50285,624.4588469905729,1064.510655927878,769.4690769708899,1081.181830234331,776.1086363479402,1112.756852606808,776.1086363479402,1155.0756355440656
17,At most primary school,general,2021-2022,84220,55186,815.2628750098946,1728.7548472438662,910.0847225520462,1793.1945602145472,912.1629106308873,1846.0929402384663,921.1750217683843,1957.4690138803319
18,At most primary school,general,2021-2022,75043,53677,893.9987207334461,1045.9405331892617,987.4213584211718,1068.1789220709056,987.4878758400739,1077.3091516540294,1043.994145578757,1141.1828778309766
19,At most primary school,general,2021-2022,65399,77408,829.3377013919683,1491.8286266708005,884.1474079624052,1517.6877110031692,884.3117835644786,1524.9390609928344,884.3117835644786,1524.9390609928344
20,At most primary school,general,2021-2022,85248,46946,1216.8987894144145,2069.9747795339326,1293.578242304805,2149.5713372811315,1293.6367969532032,2191.353356338488,1316.4267744306808,2191.353356338488
21,At most primary school,general,2021-2022,62048,65909,1159.8651635293106,1592.8728372958674,1178.3505296974386,1644.1844942774633,1182.691120852673,1657.639219732257,1370.7337115351556,1676.8930393926978
22,At most primary school,general,2021-2022,98305,68690,1177.577144261906,2137.3325326345416,1341.8474255293897,2192.4519095453,1356.3986394384822,2232.1930169359925,1367.1785997660343,2232.1930169359925
23,At most primary school,general,2021-2022,61350,50304,1005.3378755772887,1682.174787293257,1081.2805976636782,1685.3460062818065,1086.0932844335778,1704.3219657813825,1086.0932844335778,1711.147466735581
24,At most primary school,general,2021-2022,95185,70251,1533.110378035755,1773.5487324023857,1670.8075467072895,1854.2849496804315,1688.1872108700602,1859.388435751804,1694.6710896324703,1865.281590297647
25,At most primary school,general,2021-2022,69896,56105,1406.973191122048,1384.985042925467,1470.5962024531686,1418.6219736803018,1472.2701537522414,1428.6048926120666,1526.2970794704515,1443.0421085464752
26,At most primary school,general,2021-2022,63760,56175,1379.854909033877,2244.982141106661,1483.294526348808,2281.3477841863228,1494.353053115851,2371.6726618009197,1501.473504809703,2371.6726618009197
27,At most primary school,general,2021-2022,71105,70368,1253.1220167358133,2222.0032306351372,1321.525856128261,2251.77031226315,1326.2953285047934,2321.3673473738063,1368.3950401987672,2399.2824981999393
28,At most primary school,general,2021-2022,74739,69345,1382.0040630282272,2014.797654240873,1513.684109590263,2088.407864061336,1613.9876659664521,2148.9745956209294,1632.5830445505917,2179.2002787992406
29,At most primary school,general,2021-2022,80356,82039,1456.4950262996333,2604.326417923183,1574.5451407901505,2637.677628932581,1602.4636897058092,2667.0152051666482,1654.8164698342378,2745.755804150059
30,At most primary school,general,2021-2022,115685,57402,1584.705216752388,2606.231310175023,1666.443021999395,2627.892924752912,1718.490910662575,2734.775317933173,1755.0572474103528,2801.325263928086
31,At most primary school,general,2021-2022,60398,87218,1342.797697495502,2070.0086564699945,1428.1606234202015,2085.9021646907745,1486.8908793889423,2108.063993862123,1524.2431095952404,2234.6918000489195
32,At most primary school,general,2021-2022,76669,84246,1250.8807862369406,2349.425313961494,1307.4845635132845,2376.4268333214636,1344.7389188155144,2523.280788801051,1344.7389188155144,2549.6923296061536
33,At most primary school,general,2021-2022,65918,86233,1678.8493279529112,2418.140180286742,1752.4389392882065,2444.387672546086,1849.1668183702984,2616.75812044113,1866.39614369368,2661.4556260364357
34,At most primary school,general,2021-2022,73764,83510,1712.7047927625038,2264.2757434239415,1880.1725277009562,2265.353458667625,2181.3992948231294,2302.754744940726,2191.42003664841,2347.4990869356966
35,At most primary school,general,2021-2022,90414,74416,1964.938276520598,2202.386072887551,2078.5902441362327,2225.8447376908193,2153.5526024730684,2281.852966207984,2196.4927813539202,2320.8658577008528
36,At most primary school,general,2021-2022,81430,73341,1547.5385914282206,1964.3950859682852,1662.8611875230258,2050.944219467965,1727.6811760612386,2098.048158601601,1773.2233185967498,2377.3317789503826
37,At most primary school,general,2021-2022,83209,101201,1670.50571853205,2529.2253031755286,1778.683716104428,2543.4210127040906,1887.9655546074746,2564.397666426221,2157.719347266121,2687.830735269414
38,At most primary school,general,2021-2022,79362,63533,1886.049549322514,2087.3138369036565,1989.197088447032,2161.5840586781674,2019.0409158875366,2194.614924527411,2061.4919629881642,2245.5176050241607
39,At most primary school,general,2021-2022,93229,120327,1634.4805282333464,2792.8566046412416,1754.5408099053584,2822.972704934609,1773.5517936121448,2888.452016865154,1806.317349394144,2960.4852319097126
40,At most primary school,general,2021-2022,117420,55339,1586.5943621188894,2277.509614918954,1693.4555442003066,2355.1402190137155,1708.319735422699,2385.9669566369707,1834.94027139045,2599.68121481535
41,At most primary school,general,2021-2022,58112,95383,2175.3881441584067,2316.149322206263,2333.6053798412263,2330.1067360011743,2352.0823438647208,2397.8388004151684,2399.1581056121513,2603.5536552635167
42,At most primary school,general,2021-2022,100110,85788,1757.6701212000135,2576.2253675727766,1852.9842256850798,2611.3829653720027,1896.1179286118604,2629.698146399652,1938.166748243599,2661.0871518549607
43,At most primary school,general,2021-2022,66424,67704,1750.681540808543,2618.21974329434,1862.4528132401942,2650.6757281696796,1958.049033481874,2774.595966757257,1987.8843540487374,2995.4691795659537
44,At most primary school,general,2021-2022,77129,71156,1767.992190572504,2453.5209328798696,1926.4009602959543,2467.552075720951,2074.6831671615087,2554.8600680195627,2086.5749329046143,2584.1628206569603
45,At most primary school,general,2021-2022,88447,77803,2237.828100444334,2958.020029219096,2352.937103576153,2980.030105951356,2380.5943446357705,3110.7983925212825,2525.1239951609437,3132.113765964466
46,At most primary school,general,2021-2022,70601,72336,1802.0922862282405,2601.3724977881,1889.9585345816633,2632.206660583942,2041.0969391368394,3240.10522883949,2197.2537357827796,3334.3529063444666
47,At most primary school,general,2021-2022,83641,74357,1792.9216253591737,2672.64662735183,1851.618699760484,2703.6208463224716,1881.5226742865339,2763.551541034021,1971.0874690642147,2878.380003720789
48,At most primary school,general,2021-2022,62535,60876,1724.5952293382372,3851.2909028188446,1840.6548759361424,3874.6063309021615,1861.2508088803604,4789.954470289331,2160.3072732603077,5087.007769892897
49,At most primary school,general,2021-2022,64436,94922,2183.341693049434,3021.4526207482636,2262.6020444058186,3034.9677173538976,2321.1863502803817,3169.1514331064805,2477.6755023071987,3235.9274000407354
50,At most primary school,general,2021-2022,89398,45715,1602.839649656592,2467.1082431003683,1695.2054184657377,2490.3194429253713,1820.4574934562295,2562.777753472602,1912.372431896314,2562.777753472602
51,At most primary school,general,2021-2022,53233,79635,1709.613497892911,2377.779703229317,1760.6148504373853,2377.779703229317,1874.90049092355,2418.1667817751827,1974.23224002655,2478.5792888386595
52,At most primary school,general,2021-2022,52977,56793,1802.5333226368675,3531.632501658068,1927.8979148183803,3531.632501658068,2006.0468914182884,3561.145098574355,2215.0662142690853,3658.196965295019
53,At most primary school,general,2021-2022,61289,44022,2319.6921579184955,3174.597583783866,2379.110324310507,3183.76799857647,2542.0233946276385,3266.285035512547,2603.0180266170655,3299.268543758424
54,At most primary school,general,2021-2022,56118,60363,1792.7263830975207,2364.359696061053,1843.6181647005715,2386.7774022718113,1922.0965495325327,2444.283407606205,2114.0550417572495,2524.6422366902466
55,At most primary school,general,2021-2022,58223,59795,1534.7001585856676,3277.7057818100734,1577.1101168495838,3277.7057818100734,1606.6320125494506,3385.4048620007247,1613.7408870492186,3385.4048620007247
56,At most primary school,general,2021-2022,63141,50063,2427.8714147701176,2726.9975614059617,2531.575410588999,2751.3077305927864,2597.9988385782085,2848.821396706816,2667.1897499247716,3061.2613889832146
57,At most primary school,general,2021-2022,64095,43946,1467.2622149413633,2004.0126282255494,1541.1255428140523,2069.5139252719246,1608.2803520815457,2099.6078663207877,1669.5898666042594,2272.339703879003
58,At most primary school,general,2021-2022,60116,42091,1885.3857375740236,2237.738788181163,1970.6401623527845,2261.225994472294,2121.7135038924744,2381.38076825608,2140.6645319049835,2453.8118817957916
13,Secondary school or above,general,2021-2022,4630,32819,194.38444924406048,672.9734032115543,194.38444924406048,684.553890124623,194.38444924406048,692.0023193881593,194.38444924406048,980.1936110180079
14,Secondary school or above,general,2021-2022,19565,40459,286.30462560695116,608.3122719296077,299.8824431382571,614.3134088830668,537.9384956129143,631.2997407251786,537.9384956129143,631.2997407251786
15,Secondary school or above,general,2021-2022,32679,53897,347.16729398084397,1507.5131732749503,353.5426420637106,1523.9177969089187,353.5426420637106,1528.4855526900074,353.5426420637106,1621.9323122499088
16,Secondary school or above,general,2021-2022,59820,57877,712.8957706452692,906.869337848656,753.8240554998329,992.7981178476193,755.8802240053494,1009.9897483744261,787.4750083584086,1016.3152317270533
17,Secondary school or above,general,2021-2022,74292,89641,665.8646399791813,1324.273258999788,723.1207375401569,1336.713994823797,733.6268036935337,1359.3280888209636,733.6268036935337,1365.4770608315391
18,Secondary school or above,general,2021-2022,92518,113410,1091.296821519416,2166.4566543220762,1164.008185794476,2191.853374188049,1228.6196127600394,2206.401988360815,1243.4059246128681,2306.5503879728417
19,Secondary school or above,general,2021-2022,108514,111428,1384.8441752523486,2440.3434983427264,1455.942144178017,2502.462714338706,1456.5199498067839,2511.637891732778,1457.3078665732842,2565.5309886204545
20,Secondary school or above,general,2021-2022,117091,108014,1659.1515153456144,2387.3150963455355,1743.7899589493072,2440.387290690713,1752.6826150885493,2495.0947051616768,1763.7637172512548,2514.6199518889525
21,Secondary school or above,general,2021-2022,132311,160829,1948.42084684317,2524.446941575628,1999.3425011273944,2578.5038964780397,2007.0547598713133,2621.475002435299,2010.483046257177,2701.955201901813
22,Secondary school or above,general,2021-2022,145423,118476,2287.6116914105746,2843.7496756305072,2373.8614937114485,2890.4747507512066,2432.5976175249675,2965.940949249918,2448.9583399233043,3001.8849379058483
23,Secondary school or above,general,2021-2022,135129,105684,2150.3461050798373,3236.6526516155077,2196.7695819056853,3260.108614675195,2204.5004662211663,3401.24424857752,2210.4204883235034,3419.786317386422
24,Secondary school or above,general,2021-2022,119825,107327,2480.5330815773004,3338.03213698945,2525.514596286251,3379.0210773306503,2541.1301467417766,3410.5150164140123,2550.7604409207875,3441.755990260295
25,Secondary school or above,general,2021-2022,152940,111881,2414.5243619502203,3454.9659062158307,2475.8524513970624,3475.613290490194,2520.25483141537,3516.6997275676836,2564.520175123142,3537.409231415522
26,Secondary school or above,general,2021-2022,113506,110691,2618.312694923616,3369.1156432471175,2671.3989634909167,3386.300780250126,2713.027482394469,3401.110008943817,2809.6673076019474,3418.708097315952
27,Secondary school or above,general,2021-2022,117128,119917,2939.762452189058,4026.0130804917844,3003.117286216788,4050.214970132119,3048.276428351888,4231.463284938749,3076.982988696127,4451.627648623631
28,Secondary school or above,general,2021-2022,110104,93133,2808.7069323851388,3600.5909646419636,2894.113329972874,3723.4391494958822,2931.654654538739,3792.5330796817457,2938.4122897442417,3838.455577614809
29,Secondary school or above,general,2021-2022,87272,106441,3035.687486631833,3416.4176194636775,3089.3581599291106,3512.3691794828433,3141.3302510159806,3586.469181674981,3208.913210040639,3681.8628739552114
30,Secondary school or above,general,2021-2022,117021,105107,3143.620630057853,3952.154030337339,3181.159576058998,3986.04663501638,3237.8990216855664,4024.223841735882,3278.1823896280725,4134.53412871328
31,Secondary school or above,general,2021-2022,98793,96853,2931.4019566163593,4015.772329922667,2998.555378417499,4032.5467199776986,3041.79010489947,4066.5874891416206,3058.633403513744,4180.4786437780285
32,Secondary school or above,general,2021-2022,94775,94561,3259.356538292447,4889.685793826207,3309.705680998857,4906.660550861348,3346.128436648202,5002.344007395579,3436.10402796096,5064.082990697363
33,Secondary school or above,general,2021-2022,86279,63307,4080.1781497622055,5810.877433248562,4132.416434860549,5895.869614208013,4268.258876242578,6049.454525829161,4278.501036366516,6052.08614634506
34,Secondary school or above,general,2021-2022,76046,91491,3490.0567989550186,4738.963157031839,3563.069370293419,4739.749573182061,3603.491176393236,4792.816359350464,3607.390132288352,4821.776147744951
35,Secondary school or above,general,2021-2022,81650,81875,3888.7182486221677,4394.371106361323,3993.597305572566,4417.155228498727,4026.9796693202693,4493.957060559796,4061.0958154725454,4523.605182697201
36,Secondary school or above,general,2021-2022,79648,65576,3280.2683139145574,5408.773379996747,3320.603476128298,5562.9018721280145,3419.1184524407395,5733.5486534707825,3509.27032903107,5826.406818043187
37,Secondary school or above,general,2021-2022,63982,85913,4067.2285069759205,5744.017537120886,4155.650172444333,5777.975727383128,4222.855584383108,6432.124498038714,4425.358371625353,6522.378592296859
38,Secondary school or above,general,2021-2022,83662,55901,4266.50344043094,4650.802803587294,4357.687239527304,4693.477174349892,4552.027760512538,4728.082995354883,4629.414945455124,4974.431003440606
39,Secondary school or above,general,2021-2022,64127,71376,3711.6547099245768,7211.169347306284,3788.4724310092993,7263.418002316372,3859.623142358133,7796.24521314354,3880.894993528467,7860.952677837555
40,Secondary school or above,general,2021-2022,74578,52232,3986.4031550859504,4452.380433450759,4060.7482032234707,4469.86205391331,4107.745083447308,4529.391333537551,4157.805311217786,4598.767450349722
41,Secondary school or above,general,2021-2022,58496,62823,3901.1242677561995,4870.809788347155,3977.3787125045583,4928.766269253829,4050.012311383114,5025.901341865239,4249.931394169402,5139.522149531222
42,Secondary school or above,general,2021-2022,71622,60295,4166.169126339207,4982.60817646571,4260.470528143122,5043.815573430633,4376.502264201875,5362.217251292257,4398.409406327664,5477.919341017774
43,Secondary school or above,general,2021-2022,57503,45888,4249.974812908312,5007.966973936541,4305.364792561547,5075.259948134588,4321.930884765432,5077.3180951447,4348.199543212238,5706.916247167015
44,Secondary school or above,general,2021-2022,31605,43478,4315.80276063914,5490.349180428416,4419.899264356906,5490.349180428416,4515.480132363023,5676.12666175997,4546.508978009809,6036.10872165233
45,Secondary school or above,general,2021-2022,45875,41883,4738.894205267938,4514.536486561771,4769.728537693006,4524.449816552459,4909.687665758401,4682.9679901949075,5060.477856494096,4715.16004902546
46,Secondary school or above,general,2021-2022,38592,33357,6726.514502142068,5233.690429794845,6790.030256702598,5252.984730841102,7138.078297747375,5540.448631471654,7164.802316542289,5549.837965044818
47,Secondary school or above,general,2021-2022,31014,49569,4811.700602953505,4078.290776493373,4941.223399110079,4092.713096895237,5120.263778723587,4182.641614046413,5126.5190182928145,4223.612583805739
48,Secondary school or above,general,2021-2022,46533,36965,4720.36781065767,4800.649019342622,4811.2074298526495,4805.277722169621,4941.211226441451,4944.202831507282,5232.587353777606,4954.33133143965
49,Secondary school or above,general,2021-2022,27967,41687,4943.590690218234,4201.232518530956,5003.630737416718,4360.776261184542,5122.4755664414015,4413.961506784689,5243.475316146411,4443.97146192658
50,Secondary school or above,general,2021-2022,44149,35507,4313.274849562466,5893.106861557815,4428.096929337773,5895.506388411675,4466.044938730209,5941.654612705476,4466.044938730209,5973.555364669877
51,Secondary school or above,general,2021-2022,27364,32296,4792.827199970765,5863.1988378333745,4853.499616284169,5893.211842539839,4973.748848852508,6067.064809367517,4983.947162939142,6226.8090501403685
52,Secondary school or above,general,2021-2022,29363,33285,4018.3631100364405,5228.779480246357,4045.792187446787,5258.705272645336,4218.4556301013745,5291.47078263482,4299.080906810158,5379.288117770767
53,Secondary school or above,general,2021-2022,24059,18152,5991.656625379276,5021.625716174526,6034.22364811505,5021.625716174526,6655.948712886377,5330.300609666519,6664.835754464719,5457.509732628177
54,Secondary school or above,general,2021-2022,23371,23505,3860.9957996377275,5829.8923633269515,3934.637492333804,5947.041905977451,4592.963337754767,6368.066652485287,4592.963337754767,6412.389137063036
55,Secondary school or above,general,2021-2022,18696,26019,5058.221009841677,6586.603232253353,5110.587826272999,6668.039874706945,5496.065646840679,7322.590651703242,5532.8578305519895,7548.848386435553
56,Secondary school or above,general,2021-2022,17276,31683,4952.178841552829,5790.064082736273,4976.630103419002,5790.064082736273,5767.613355715058,5861.9217561468295,5767.613355715058,6050.274079685215
57,Secondary school or above,general,2021-2022,21568,29661,3850.556302546983,6217.927143386939,3863.7761189416415,6250.331647618084,4482.307430761622,6490.550003933336,4538.932925321464,6490.550003933336
58,Secondary school or above,general,2021-2022,21418,11799,5259.699738537679,4720.631974461112,5297.018815949202,4720.631974461112,5686.959520029882,5128.214537955193,5686.959520029882,5128.214537955193
13,At most primary school,males,2021-2022,45514,48995,270.302178084399,862.4632105316869,306.2485682061198,862.4632105316869,306.2485682061198,862.4632105316869,306.2485682061198,862.4632105316869
14,At most primary school,males,2021-2022,43751,47935,416.16153535538234,808.7448628350892,432.5703031549755,871.8106811306978,432.5703031549755,876.3689371023261,446.86711922775095,876.3689371023261
15,At most primary school,males,2021-2022,56935,46111,718.2895407043119,981.7888139489493,753.9672433476771,1009.7973151742534,755.8641433213313,1013.1641907570862,755.8641433213313,1013.1641907570862
16,At most primary school,males,2021-2022,51665,33901,710.7066679570308,1319.0480615124432,738.074324978225,1343.7762406222039,738.738862543953,1390.0383961141756,738.738862543953,1452.8094058189042
17,At most primary school,males,2021-2022,54044,40949,1010.6922014161302,2056.851205157635,1089.3872646979005,2076.312486263401,1090.327856314608,2147.602383452587,1090.327856314608,2297.7012869667146
18,At most primary school,males,2021-2022,51884,36900,1019.9226351090895,1189.3131436314363,1078.5688458869786,1205.5949864498646,1078.6650540950325,1218.1175700090334,1080.9856153470562,1218.1175700090334
19,At most primary school,males,2021-2022,46926,50777,977.3133515179929,1758.7339477847584,1053.6995766383952,1791.2151892917398,1053.9286607282388,1796.1854514182933,1053.9286607282388,1796.1854514182933
20,At most primary school,males,2021-2022,53686,26970,1563.9644600081958,3078.3843529847977,1617.2111164921953,3182.620170559881,1617.3040954190417,3252.1788901248296,1634.0458903003887,3252.1788901248296
21,At most primary school,males,2021-2022,38939,38592,1408.8793668729722,1986.5772914939191,1433.1270363046474,2066.7726687741842,1434.7314688786735,2083.467514856274,1436.1139731374715,2116.3499775428413
22,At most primary school,males,2021-2022,55561,44516,1445.594742715214,2618.1286878126216,1579.6940209859433,2660.8885943630753,1584.945006389374,2719.3147782070864,1584.945006389374,2719.3147782070864
23,At most primary school,males,2021-2022,43150,32252,1233.2278949401314,1832.485597792385,1339.224789494013,1837.4318026789038,1346.067392815759,1863.252682004217,1346.067392815759,1863.252682004217
24,At most primary school,males,2021-2022,64685,48945,1723.3400530777355,2118.6188579017266,1861.2627554043954,2207.5758504443766,1886.8372059467674,2214.900909183778,1895.0797351266392,2214.900909183778
25,At most primary school,males,2021-2022,40768,28199,1743.4257015306123,1685.5980117498257,1825.3270457221352,1685.5980117498257,1826.9629284406071,1687.1986004231828,1826.9629284406071,1687.1986004231828
26,At most primary school,males,2021-2022,32109,40712,1894.0830400614575,2486.5382633294034,2023.5498562189211,2536.7160978745005,2023.5498562189211,2661.347656137421,2037.6891940992662,2661.347656137421
27,At most primary school,males,2021-2022,42952,46911,1683.88433600298,2294.3554461284843,1757.4450549450548,2320.543333830729,1761.8530763022288,2375.898421123688,1777.6753895821691,2409.1741986598736
28,At most primary school,males,2021-2022,52040,34749,1582.0865039713042,2652.1382869531017,1701.330258775301,2787.7939892754707,1739.381197156034,2826.8723320575173,1750.1728958493468,2826.8723320575173
29,At most primary school,males,2021-2022,45907,50273,1853.0432468541471,3335.035108308635,1937.4132775684172,3385.342430330396,1969.4535982166844,3399.317128478507,1969.4535982166844,3424.3603922582697
30,At most primary school,males,2021-2022,73752,37632,2010.4668980728204,3072.7014508928573,2126.35522652493,3105.743011267007,2144.674277759699,3233.5129101119614,2174.7638572513288,3263.1818089214853
31,At most primary school,males,2021-2022,33351,47760,1698.69505162264,2155.188407314349,1784.4738888389154,2158.4484575656056,1820.19565630216,2163.5704651730875,1820.19565630216,2193.2610849385815
32,At most primary school,males,2021-2022,51214,47596,1550.5553624659922,3029.476286522677,1624.976633993309,3050.4017844636805,1676.6666015802969,3098.8254965403257,1676.6666015802969,3098.8254965403257
33,At most primary school,males,2021-2022,36721,60684,2362.804889118851,2692.7335404170235,2410.1230449424943,2719.526434754905,2580.883645144014,2944.58218805616,2588.712044878952,3008.0981065849314
34,At most primary school,males,2021-2022,51937,47634,2046.6162594425298,2857.5669339827296,2263.9511074314396,2859.4563407090177,2660.263939965728,2880.58795538201,2666.365948167973,2880.58795538201
35,At most primary school,males,2021-2022,54890,44707,2543.026683670371,2685.8852603246323,2680.051515151515,2697.594836006293,2742.086281654217,2754.873151855414,2756.376559178964,2800.25306998904
36,At most primary school,males,2021-2022,44954,47811,2112.3744828046447,2524.008944942935,2224.206689059928,2635.656892068074,2227.3968019160325,2672.1617410219405,2227.3968019160325,3049.2297797577967
37,At most primary school,males,2021-2022,49421,65346,2101.2074421804496,3043.9210765259795,2212.082960684729,3064.2439731072545,2214.52625402157,3090.0081106724206,2246.55042728125,3098.5778777583937
38,At most primary school,males,2021-2022,44421,37778,2599.821848525097,2424.907529955706,2737.764375708186,2529.577973070747,2742.137307429669,2536.3938888594776,2757.7830605644476,2536.3938888594776
39,At most primary school,males,2021-2022,49584,70855,2053.8526305528662,3159.7394208830237,2132.8149974454122,3163.1209747606613,2164.7436437829406,3259.3684755251334,2182.6728144831663,3326.3397548985013
40,At most primary school,males,2021-2022,62600,28391,2038.166288604899,2459.6544531717796,2204.7645314164006,2603.678967982811,2205.2044941427052,2613.714718748899,2223.1895846645366,2613.714718748899
41,At most primary school,males,2021-2022,40744,61084,2521.6002969762417,2859.0395106192564,2617.3091129982326,2859.0395106192564,2641.0688485830224,2926.1264319079737,2644.1040603115384,3131.8267789710344
42,At most primary school,males,2021-2022,60851,61559,2355.1365603413806,2926.518979082398,2465.509684858644,2965.9283262127933,2514.5365154229185,2984.7267553620645,2514.5365154229185,3028.470156002101
43,At most primary school,males,2021-2022,38579,45616,2321.475673293761,3164.7829745410963,2443.070323232847,3200.314367034958,2467.3111666969075,3334.123410645387,2505.254953040082,3370.470306471413
44,At most primary school,males,2021-2022,45766,41880,2369.712406590045,2893.9328915950337,2561.4687322466457,2905.6425382043935,2699.590645894332,2994.5807744348936,2701.9329961106496,2994.5807744348936
45,At most primary school,males,2021-2022,50574,44029,3132.6301261517774,3960.631757856564,3256.3970024123064,3985.15741140309,3265.1745692780214,4181.045311044993,3356.3651019628,4199.578550500806
46,At most primary school,males,2021-2022,39348,45579,2239.808906001152,3295.3252813795825,2333.878871437769,3328.9833256543584,2359.6803734200807,4241.038950686354,2609.5062857917387,4309.2677402604995
47,At most primary school,males,2021-2022,55175,38742,1962.8563238181544,2968.919551649373,2038.2307143935961,2994.8384510350525,2080.6629753813622,3066.5220674375787,2090.4754931279263,3066.5220674375787
48,At most primary school,males,2021-2022,37255,39421,1969.211211023129,4951.032909701259,2142.481376101642,4954.187319787254,2176.3674316646534,6351.891166298842,2523.0927034402544,6754.552607324354
49,At most primary school,males,2021-2022,37951,62335,2981.0303197983367,3457.940060426192,3091.3228022098674,3467.2831261196225,3174.42118345586,3542.191417341782,3247.3573379708923,3627.7773642415978
50,At most primary school,males,2021-2022,56040,30363,2013.3088210801807,2903.6208543292823,2081.3240780394954,2915.18097684682,2253.852182964549,3018.6492331675613,2339.9516059957173,3018.6492331675613
51,At most primary school,males,2021-2022,28116,47713,2192.246419595011,2788.728159341619,2281.2962488737135,2788.728159341619,2448.2830179731586,2845.254682511405,2516.750557215346,2913.160703931144
52,At most primary school,males,2021-2022,35961,39709,2061.913192996116,4287.334777170582,2208.7553275307505,4287.334777170582,2259.526672413633,4320.363250984243,2511.410657842292,4427.962703669193
53,At most primary school,males,2021-2022,44130,22795,2249.321572626331,4374.417613511735,2311.652413324269,4374.417613511735,2512.281614925598,4481.709051692623,2512.281614925598,4481.709051692623
54,At most primary school,males,2021-2022,36974,36657,2334.549931483385,2776.762373716707,2388.935310398298,2807.8396577279464,2502.056242224266,2862.616144256213,2791.13307098682,2951.619608805958
55,At most primary school,males,2021-2022,35920,39282,1788.6542873051226,2868.4270715170646,1839.7446269487752,2868.4270715170646,1873.4834910913141,3020.52186047893,1885.0063195991092,3020.52186047893
56,At most primary school,males,2021-2022,43245,31671,3042.905229891702,3733.9453416900847,3129.446887886846,3734.8613216086223,3189.479261571665,3752.7376122214855,3236.004871468763,3973.231123635713
57,At most primary school,males,2021-2022,40448,23952,1831.5135894646626,2217.5815364061455,1936.4784826608652,2337.7602271209084,1995.4552347046415,2348.524811845914,2032.9634757383967,2451.2677978178576
58,At most primary school,males,2021-2022,44934,20680,2127.340447471106,2794.9437459703418,2222.147386537292,2842.748388136686,2373.097483716859,3070.5023170535137,2395.8944748594236,3070.5023170535137
13,Secondary school or above,males,2021-2022,4630,18568,194.38444924406048,917.9897738043948,194.38444924406048,919.2532378285223,194.38444924406048,920.6938884101681,194.38444924406048,1107.4668311072815
14,Secondary school or above,males,2021-2022,13325,28647,398.31519699812384,755.4196324222432,418.2514071294559,761.5075299333264,425.0731707317073,772.0758267881454,425.0731707317073,772.0758267881454
15,Secondary school or above,males,2021-2022,24938,38850,438.99871681770793,1884.7519948519948,443.47782500601494,1907.510296010296,443.47782500601494,1913.84719004719,443.47782500601494,2043.4868296868297
16,Secondary school or above,males,2021-2022,46907,38587,741.4782441853029,959.1043615725504,790.0068220095081,1053.2371005779148,792.6290319142132,1074.9024282789542,832.9215255718763,1084.3900795604739
17,Secondary school or above,males,2021-2022,52963,56366,723.6248576049948,1401.6924741865664,727.4161836250465,1416.8576446794168,728.1198194966298,1452.821701025441,728.1198194966298,1459.4923890288471
18,Secondary school or above,males,2021-2022,59250,74511,1260.4442222222224,2425.113417258302,1309.0892855133616,2457.478437188245,1322.9255724331929,2474.194201750972,1346.0141800281297,2484.4745630399093
19,Secondary school or above,males,2021-2022,76483,75994,1482.815586470196,2550.9142695475957,1526.301132277761,2595.8463694502198,1527.120922296458,2598.9216780272127,1528.2388177764992,2662.8148801221146
20,Secondary school or above,males,2021-2022,77598,73599,1762.6014319527135,2391.501314555904,1785.3458325815957,2457.7323774779547,1787.1983287799512,2526.721086563676,1803.9190861877883,2545.887107841139
21,Secondary school or above,males,2021-2022,80235,97978,2109.1756901601548,2773.7966856505204,2159.1822334392723,2824.9727251695963,2169.598510625039,2864.2383426211327,2175.2519037826387,2882.5990970762145
22,Secondary school or above,males,2021-2022,87806,76417,2596.9296365472364,3135.643288360792,2679.1383694356496,3185.7611940624033,2705.3566802572336,3301.807798003062,2724.897106499935,3324.786978028449
23,Secondary school or above,males,2021-2022,92663,64802,2255.0693300814064,3235.958921020956,2302.89284108364,3240.803215950125,2306.873214407765,3462.4784728866393,2315.506289817223,3462.4784728866393
24,Secondary school or above,males,2021-2022,78016,62059,2842.802072651764,3638.075669927005,2876.3869783121413,3697.7285808665947,2899.822982892398,3736.5553424966565,2899.822982892398,3758.8438099228156
25,Secondary school or above,males,2021-2022,97776,64490,2581.858630100093,3744.53862180183,2655.453152273223,3772.6863966506435,2685.7537031923307,3806.177635602419,2739.1353271764033,3832.9662850054274
26,Secondary school or above,males,2021-2022,74371,67929,2821.31964296119,3519.8352814458235,2869.556455697337,3524.1191660900845,2931.1583121557237,3544.2921898845366,3029.522818033911,3552.245346857258
27,Secondary school or above,males,2021-2022,80589,66782,3283.6583342639815,3790.773982110948,3361.589255357431,3823.847534864684,3416.324186096531,4089.676900062891,3423.62046722671,4465.477265430804
28,Secondary school or above,males,2021-2022,74144,55014,3020.5772179812257,4096.9567382848,3127.216001969141,4233.96077362126,3164.231696653359,4330.339574168999,3172.920320592361,4408.081603470631
29,Secondary school or above,males,2021-2022,52618,66778,3183.256806922853,3921.3259232082423,3255.696789438342,4005.1983063284315,3280.8049590127584,4108.539726157317,3286.87132413496,4179.59306707798
30,Secondary school or above,males,2021-2022,65943,63615,3553.7014631323013,4301.108905132437,3592.9901670129257,4327.777929733553,3674.021967204,4369.929151929576,3701.8935128317894,4529.321328827058
31,Secondary school or above,males,2021-2022,60369,60723,3379.4123556792392,4364.28086782054,3468.6092613758715,4386.4512151353965,3498.1910831718264,4428.23000296428,3499.9613074039103,4539.632601650116
32,Secondary school or above,males,2021-2022,54792,63270,3418.170297062831,5701.000980190717,3493.581305969241,5720.007302302302,3523.6732902005156,5774.796696960118,3523.6732902005156,5827.4108901006275
33,Secondary school or above,males,2021-2022,56460,42859,4211.365412091156,6493.749395303981,4281.49642519778,6610.406340169704,4332.063788522848,6735.660468046384,4338.90078226473,6735.660468046384
34,Secondary school or above,males,2021-2022,44899,52332,3763.1370297779463,5270.979248515886,3845.6427426000582,5272.354124308899,3895.135307393632,5328.416062192668,3901.739017943978,5345.280695686514
35,Secondary school or above,males,2021-2022,45450,44661,3928.825922258892,4673.213892807296,4079.462335900256,4684.487711127531,4106.869816648331,4766.349962308651,4131.077737440411,4820.702529425374
36,Secondary school or above,males,2021-2022,45065,34823,3552.91162395059,6541.1181068068045,3622.904744997966,6826.901927844624,3649.7465290876144,7100.207884635634,3669.3996227671146,7263.383573117385
37,Secondary school or above,males,2021-2022,42096,58206,4228.441676960599,6351.819749395823,4355.1234281958705,6400.710757195707,4378.226256651464,7344.963354293371,4443.078815881161,7429.2072466756
38,Secondary school or above,males,2021-2022,44893,32386,4527.129990570171,5550.194689886576,4592.00121771026,5623.85429588917,4789.825303128179,5662.832043475576,4797.451584879603,5955.813578706849
39,Secondary school or above,males,2021-2022,30790,46100,4430.091801991989,8076.222487346349,4546.097810436289,8151.762617498193,4609.761824726643,8918.863846710052,4609.761824726643,8993.63608098337
40,Secondary school or above,males,2021-2022,45452,33863,4442.400297750008,5283.252167065331,4558.027882894776,5309.88595615667,4603.379755933,5382.224004567423,4611.630217958873,5432.0825522448295
41,Secondary school or above,males,2021-2022,35055,36439,4203.299125184235,5440.266106826934,4278.120263395617,5445.757475964397,4355.685993438882,5504.505886550125,4378.664170589075,5504.505886550125
42,Secondary school or above,males,2021-2022,42650,32190,4511.665959359125,5761.701563632599,4651.766662758891,5854.121569845708,4814.955212973818,5974.179558869215,4830.039230168035,5983.1575023299165
43,Secondary school or above,males,2021-2022,36733,23633,4686.69649906079,5168.017870491826,4762.859349903357,5183.2761957150315,4774.299562609462,5183.2761957150315,4815.421351373425,6156.999379398863
44,Secondary school or above,males,2021-2022,18898,19322,5264.709660634283,6053.4283890556535,5427.116793664233,6053.4283890556535,5548.274235368823,6261.635786495532,5548.274235368823,6529.480730083153
45,Secondary school or above,males,2021-2022,25608,25240,5382.612458346351,4593.947966191231,5421.8714789649075,4603.551769677761,5618.151938196397,4785.432382461701,5625.82532151411,4790.234284204966
46,Secondary school or above,males,2021-2022,20058,15080,8403.71657194137,5990.487113174183,8501.635606740452,6027.27093280283,8969.994864891813,6644.457051282052,9021.412420646791,6644.457051282052
47,Secondary school or above,males,2021-2022,21066,28711,5036.361356372036,4651.0151916222585,5209.423162125383,4670.721924233453,5364.439539225924,4744.880492958564,5373.648691414284,4775.988778981343
48,Secondary school or above,males,2021-2022,34285,25868,5397.010597443003,5029.312599865986,5514.255456710904,5031.04446935725,5559.35681298916,5132.701600432967,5848.774342521025,5147.175081181383
49,Secondary school or above,males,2021-2022,13785,29385,4694.3743199129485,4057.3929442459307,4757.130939426913,4278.393454710454,4883.1036150405025,4296.109693154104,4883.1036150405025,4296.109693154104
50,Secondary school or above,males,2021-2022,32928,19792,3854.624979753806,4801.37917677176,4008.5754170715904,4805.6839463756405,4059.4551141885327,4888.474215171113,4059.4551141885327,4888.474215171113
51,Secondary school or above,males,2021-2022,17599,21641,4970.283974468247,6174.84245182755,5037.773036346763,6205.372464303868,5052.092031744229,6464.7173805893135,5052.092031744229,6703.112094327126
52,Secondary school or above,males,2021-2022,18541,19120,4605.00355967855,6985.3033472803345,4624.956097297881,7007.635983263598,4891.172410693418,7021.155857740586,4958.320892436582,7021.155857740586
53,Secondary school or above,males,2021-2022,14348,8750,7119.288843973608,4732.13619047619,7183.36746120249,4732.13619047619,8204.787403587026,5000.981904761904,8219.689364371341,5000.981904761904
54,Secondary school or above,males,2021-2022,14445,15907,4429.874777893157,5644.343370843025,4523.514099457712,5817.449550512352,5359.067347409715,5883.332495127931,5359.067347409715,5931.361664675928
55,Secondary school or above,males,2021-2022,10186,12388,4246.057497218404,9591.913572274243,4334.369886772694,9680.943278441502,4586.74831468028,10184.926165106015,4654.278912232476,10548.261651060166
56,Secondary school or above,males,2021-2022,11121,24821,4743.767796660972,5573.898123900461,4778.89683181968,5573.898123900461,5722.460060546114,5629.7849401716285,5722.460060546114,5870.209043417536
57,Secondary school or above,males,2021-2022,10775,21504,4281.896983758701,6283.0364505828375,4303.28909512761,6327.732786148314,5242.685846867749,6659.071916852678,5276.532590873937,6659.071916852678
58,Secondary school or above,males,2021-2022,13336,8554,5929.375099980004,5084.752162730886,5959.994476104779,5084.752162730886,6102.942136572686,5435.122359909594,6102.942136572686,5435.122359909594
13,At most primary school,females,2021-2022,24974,28392,120.58340674301273,549.5660749506903,122.31320573396331,574.5840377571146,146.8953044499613,623.4370010331548,146.8953044499613,623.4370010331548
14,At most primary school,females,2021-2022,20469,12764,179.0408259644666,642.228925101849,230.0056996759327,789.8315575054842,230.0056996759327,789.8315575054842,230.0056996759327,789.8315575054842
15,At most primary school,females,2021-2022,23860,11402,519.1471081307628,766.7865286791791,582.2223805532273,766.7865286791791,582.8473456272702,766.7865286791791,582.8473456272702,766.7865286791791
16,At most primary school,females,2021-2022,25559,16384,450.11737548417386,537.8338623046875,832.9304745882077,537.8338623046875,851.6479517978012,539.0189615885416,851.6479517978012,539.0189615885416
17,At most primary school,females,2021-2022,30176,14237,465.25682661717923,785.0716443070871,588.9610949098621,978.8800309053873,593.0766724107459,978.8800309053873,618.2291114351361,978.8800309053873
18,At most primary school,females,2021-2022,23159,16777,611.8865235977374,730.6011205817488,783.2201304028672,765.940573404065,783.2201304028672,767.6095249448649,961.1207306014941,971.9696608452047
19,At most primary school,females,2021-2022,18473,26631,453.44286255616305,982.923535228368,453.44286255616305,996.1562339629255,453.44286255616305,1007.7569061119248,453.44286255616305,1007.7569061119248
20,At most primary school,females,2021-2022,31562,19976,626.550662188708,708.5007008410092,743.0885875419809,754.8312975570685,743.0885875419809,759.1114337204646,776.1663392687409,759.1114337204646
21,At most primary school,females,2021-2022,23109,27317,740.2726210567312,1036.6681919683713,749.0484226924575,1047.1744701101877,757.9994807217968,1056.0517260314089,1260.5670229492118,1056.0517260314089
22,At most primary school,females,2021-2022,42744,24174,829.1931421174121,1251.9547861338629,1032.6813509888327,1329.8339124679408,1059.3215129608832,1335.1667769780204,1084.113858085345,1335.1667769780204
23,At most primary school,females,2021-2022,18200,18052,465.0381868131868,1413.6270219366274,469.7260989010989,1413.6270219366274,469.7260989010989,1420.3737351355344,469.7260989010989,1439.3937883152373
24,At most primary school,females,2021-2022,30500,21306,1129.6675409836066,980.8397634469163,1266.886393442623,1042.6908851966582,1266.886393442623,1042.6908851966582,1269.6404918032788,1062.1220313526705
25,At most primary school,females,2021-2022,29128,27906,936.0690458207453,1081.2157779688955,974.1094193445025,1148.8428115817387,975.8366520186762,1167.2960713347188,1105.480499862675,1196.3220872452757
26,At most primary school,females,2021-2022,31651,15463,858.1857339947132,1608.9973485093449,935.2215306520069,1608.9973485093449,957.4986045727887,1608.9973485093449,957.4986045727887,1608.9973485093449
27,At most primary school,females,2021-2022,28153,23457,595.9237381451355,2077.3080530332095,656.4599154619401,2114.2330647567887,661.7808404077718,2212.3121740489687,743.9710155223245,2379.5003623651787
28,At most primary school,females,2021-2022,22699,34596,923.2926560641438,1374.6383975026015,1083.484294462311,1385.9287200832466,1326.5089504677153,1468.0788723166454,1362.995139286606,1528.663911049447
29,At most primary school,females,2021-2022,34449,31766,928.0518447560162,1447.903890952591,1090.9842956254174,1454.4202921362464,1113.4101401105015,1508.0712213267855,1235.5286341161332,1671.7934400512079
30,At most primary school,females,2021-2022,41933,19770,835.8731388961758,1718.3099983139437,857.5468087981623,1718.3099983139437,968.9171694528575,1785.4332304838981,1016.8748638701422,1922.1858860225932
31,At most primary school,females,2021-2022,27047,39458,903.9492981353447,1966.9070066061806,988.799373929333,1998.0920641357056,1075.9008392797723,2040.8789092199302,1159.3111990239215,2284.8395762583
32,At most primary school,females,2021-2022,25455,36650,647.9527270346364,1466.2682582992268,668.7087278203367,1501.1604820372895,676.9194591763244,1775.8421555252387,676.9194591763244,1836.5533879035925
33,At most primary school,females,2021-2022,29197,25549,818.6399858432944,1765.9258679400368,925.2711465789864,1790.8779208579592,928.8882419426653,1838.110200007828,957.9410898379971,1838.110200007828
34,At most primary school,females,2021-2022,21827,35876,918.1677585864602,1476.5393020403612,966.9774896534873,1476.5393020403612,1041.94847360303,1535.5424819749508,1061.2937798750784,1639.6956763109972
35,At most primary school,females,2021-2022,35524,29709,1071.7034868445744,1474.8019006586107,1149.2408137221782,1515.94094943171,1244.1782738430356,1570.0379121927137,1331.386921517847,1599.4695098006216
36,At most primary school,females,2021-2022,36476,25530,851.4197006250686,916.3849719284501,971.0439467046825,955.9306045175609,1111.8182457871842,1022.8838621229925,1213.4877453668166,1119.0428907168036
37,At most primary school,females,2021-2022,33788,35855,1040.5273272562251,1591.1884880769767,1144.7597174539285,1594.217354343885,1410.3120585217632,1606.468783712174,2027.78798685924,1939.241060939897
38,At most primary school,females,2021-2022,34941,25755,978.6204745141811,1592.1239888694752,1037.532640737243,1621.8024978968485,1099.7579872737854,1693.2860286028604,1176.2869933125364,1818.8538795055977
39,At most primary school,females,2021-2022,43645,49472,1158.042303433001,2267.3981241914616,1324.7929048764654,2335.8040912031047,1329.1284530492228,2357.2164557729625,1378.7492572650551,2436.499498032557
40,At most primary school,females,2021-2022,54820,26948,1070.935795938222,2085.6113626243136,1109.58209291013,2093.292823215081,1140.9175848230573,2146.0238545841376,1391.5910008512708,2584.8962508040177
41,At most primary school,females,2021-2022,17368,34299,1363.2009058805465,1349.3017677872047,1668.0581145401504,1388.1163104852426,1674.1421004145554,1456.997327424512,1824.5336250575772,1662.738019572971
42,At most primary school,females,2021-2022,39259,24229,831.6039888942663,1686.2288992529614,903.5767849410327,1710.5840108960338,937.5762075787293,1727.6713958479509,1044.8002156618015,1727.6713958479509
43,At most primary school,females,2021-2022,27845,22088,959.8513437481296,1489.4607630085718,1058.0124139582213,1515.5654352287818,1252.4708744837494,1619.0633752867318,1271.0719877895494,2221.0191883979232
44,At most primary school,females,2021-2022,31363,29276,889.9407475900477,1823.5013663068726,999.6875830330857,1840.8534635879219,1162.796049485062,1925.8293539645672,1188.6226604597775,1997.050376872979
45,At most primary school,females,2021-2022,37873,33774,1042.9473767591687,1650.9793529539488,1146.4950228394898,1669.7100333589942,1199.3633811246357,1715.586052387438,1415.1198303100714,1740.5283156668838
46,At most primary school,females,2021-2022,31253,26757,1251.0004372913534,1419.2641178009492,1331.0561119465865,1445.2879620286278,1639.9955737582525,1535.0725978248681,1678.221536065871,1673.6419441641438
47,At most primary school,females,2021-2022,28466,35615,1463.5410665355162,2350.360915344658,1489.9128785217454,2386.834311385652,1495.53356050493,2433.980176891759,1739.6803789315911,2673.7190509616735
48,At most primary school,females,2021-2022,25280,21455,1364.1059731012658,1830.6463139905227,1395.854786392405,1891.005204691991,1396.8651371308017,1920.0823428882156,1625.6723364978902,2023.0932960459877
49,At most primary school,females,2021-2022,26485,32587,1040.314278522434,2186.5048025286155,1075.1079353092946,2208.000490993341,1098.5654269712415,2455.5709434232463,1374.7796992008055,2486.365687748693
50,At most primary school,females,2021-2022,33358,15352,913.2691608209925,1603.7788778877887,1046.5427383736037,1650.0334375542816,1092.3731238883227,1661.1606522494353,1194.0578771708936,1661.1606522494353
51,At most primary school,females,2021-2022,25117,31922,1169.353625034837,1763.5455171981705,1177.7634669745592,1763.5455171981705,1233.055400724609,1779.8093791115843,1366.9365834560922,1829.0215212079443
52,At most primary school,females,2021-2022,17016,17084,1254.3692700987306,1775.1245609927416,1334.343999764927,1775.1245609927416,1470.351874706159,1796.4650696558183,1588.7825673875568,1869.0007755794895
53,At most primary school,females,2021-2022,17159,21227,2500.673213279717,1886.1490240417081,2552.6004817685566,1905.167255539329,2618.514142238281,1961.0798511329913,2836.3764885288574,2029.483299571301
54,At most primary school,females,2021-2022,19144,23706,746.2688048474718,1726.654264743103,790.4131842875051,1735.6815152282124,801.9842596461903,1797.4082229534015,806.3720573896086,1864.3997019038782
55,At most primary school,females,2021-2022,22303,20513,1125.6954370861915,4061.4666309169793,1154.1252447353868,4061.4666309169793,1176.8555201841305,4084.1487836981423,1176.8555201841305,4084.1487836981423
56,At most primary school,females,2021-2022,19896,18392,1091.0631450207745,993.0347977381471,1232.0703826564802,1057.6297303175295,1312.3851025331724,1292.278853124547,1430.8402358933117,1490.850695954763
57,At most primary school,females,2021-2022,23647,19994,844.2132194358693,1748.1657497249175,864.8775743223242,1748.1657497249175,946.0208835511199,1801.4154746423928,1048.0422816142993,2057.991114000867
58,At most primary school,females,2021-2022,15182,21411,1169.275018662451,1699.5575483007176,1226.2569709743993,1699.5575483007176,1377.6950775040616,1715.7867451310074,1385.2632503403152,1858.1760777170612
14,Secondary school or above,females,2021-2022,6240,11812,47.11538461538461,251.54080596004064,47.11538461538461,257.33152726041317,778.9529914529916,289.8831696579749,778.9529914529916,289.8831696579749
15,Secondary school or above,females,2021-2022,7741,15047,51.32799379925074,533.5164816907024,63.81216897041726,533.5164816907024,63.81216897041726,533.5164816907024,63.81216897041726,533.5164816907024
16,Secondary school or above,females,2021-2022,12913,19290,609.0687679083095,802.3803352341455,622.3886780763572,871.898220148609,622.3886780763572,880.1408329013306,622.3886780763572,880.1408329013306
17,Secondary school or above,females,2021-2022,21329,33275,522.437643583853,1193.1294127723515,712.4545220122837,1200.9551077385424,747.3014440433212,1200.9551077385424,747.3014440433212,1206.2203218632606
18,Secondary school or above,females,2021-2022,33268,38899,790.0468668590438,1670.9998543235902,905.6200903771393,1683.048801597299,1060.6615716804938,1693.446241120166,1060.6615716804938,1965.736788435007
19,Secondary school or above,females,2021-2022,32031,35434,1150.9099414109248,2203.2064213279145,1287.940318233378,2302.186214746665,1287.940318233378,2324.4435570356154,1287.940318233378,2356.889795112039
20,Secondary school or above,females,2021-2022,39493,34415,1455.887477949679,2378.3625618674027,1662.1387123456477,2403.2935512615622,1684.8642586449919,2427.4593704295607,1684.8642586449919,2447.75284711124
21,Secondary school or above,females,2021-2022,52076,62851,1700.7412083621375,2135.7373072823025,1753.0728006503316,2194.2853017453976,1756.6188999411117,2243.0328687424753,1756.6188999411117,2420.350652071301
22,Secondary school or above,females,2021-2022,57617,42059,1816.2235335635894,2313.4081505345666,1908.6317637734232,2353.96879153887,2016.9237320003933,2355.7044485920574,2028.4387131112924,2415.2041989427553
23,Secondary school or above,females,2021-2022,42466,40882,1921.8346324118118,3237.7522829933305,1965.203162530024,3290.709574710957,1981.1178550683683,3304.1819667987543,1981.1178550683683,3352.115042479983
24,Secondary school or above,females,2021-2022,41809,45268,1804.5356263005574,2926.695174663486,1870.7833241646535,2942.09722467674,1871.8058312803464,2963.5384193396367,1899.4063479155207,3007.052601543401
25,Secondary school or above,females,2021-2022,55164,47391,2117.9310147922556,3060.913355559776,2157.517339206729,3071.3541565557457,2226.9146514635145,3122.776191681965,2255.021750296087,3135.213152286299
26,Secondary school or above,females,2021-2022,39135,42762,2232.524277075082,3129.691988993343,2294.8263085047483,3167.3712369237483,2298.4980856862994,3173.6598810470355,2391.8603786039776,3206.579295480411
27,Secondary school or above,females,2021-2022,36539,53135,2181.2790443088206,4321.670132680907,2212.485426530556,4334.721793544744,2236.5245810412616,4409.665568834102,2312.4528220987618,4434.220946645337
28,Secondary school or above,females,2021-2022,35960,38119,2371.862926399703,2884.2272963613946,2413.4914024842415,2986.645512998767,2452.116495179829,3016.361446435286,2454.8927280311455,3016.361446435286
29,Secondary school or above,females,2021-2022,34654,39663,2811.620928800908,2566.33651850171,2836.7926261518633,2682.6249989494827,2929.5544044939497,2707.4931380211615,3090.5430349550797,2843.867088554404
30,Secondary school or above,females,2021-2022,51078,41492,2614.195821423444,3417.1409106976444,2649.4757854001073,3462.108615315402,2674.8531820614226,3494.1929126899963,2731.1605289948707,3529.2514781966
31,Secondary school or above,females,2021-2022,38424,36130,2227.5205340412244,3430.0406956361285,2260.0408338538414,3437.74620352431,2324.7260132556044,3458.781832710582,2365.2510323408983,3576.8554557385364
32,Secondary school or above,females,2021-2022,39983,31291,3041.720956406473,3249.216910080641,3057.72575844734,3262.0838686310226,3102.8240919057266,3440.454592907439,3316.100651110055,3520.643784687823
33,Secondary school or above,females,2021-2022,29819,20448,3831.785083895056,4379.578067944705,3850.144854511106,4398.200916145018,4147.449145958393,4611.167139410537,4164.138728662933,4619.3146354981745
34,Secondary school or above,females,2021-2022,31147,39159,3096.4063901285303,4027.9780425104486,3155.734415299494,4027.9780425104486,3183.0805481533803,4077.0421146266926,3183.0805481533803,4122.165840973126
35,Secondary school or above,females,2021-2022,36200,37214,3838.3620672191532,4059.7282922197737,3885.791625230203,4096.326077999319,3926.6756031307555,4167.054835993622,3973.231772559853,4167.054835993622
36,Secondary school or above,females,2021-2022,34583,30753,2924.987662531687,4126.568703324338,2926.6756306084876,4131.617966810827,3118.5877213274343,4186.01916344205,3300.606343193669,4199.253644630877
37,Secondary school or above,females,2021-2022,21886,27707,3757.147651466691,4467.165638045741,3771.979050534588,4469.753431744084,3924.012313807914,4514.461147002563,4391.274490541899,4617.341285595698
38,Secondary school or above,females,2021-2022,38769,23515,3964.7079926401675,3412.116619037494,4086.360730652497,3412.116619037494,4276.66741898596,3440.701210433057,4434.8350271264835,3622.823260188532
39,Secondary school or above,females,2021-2022,33337,25276,3048.107358190599,5633.42960384027,3088.7308396076432,5643.197763359181,3166.7962524122345,5748.7409004589335,3207.7147513773484,5795.091588858996
40,Secondary school or above,females,2021-2022,29126,18369,3274.8058836320356,2920.679768450469,3284.7282897296805,2921.2894913531854,3334.2922531987456,2957.2059810913315,3449.5978793288928,3062.562469377756
41,Secondary school or above,females,2021-2022,23441,26384,3449.234859149922,4084.332423691126,3527.6327517312966,4214.748585001011,3592.890562120501,4364.8995603396,4057.417103934701,4635.442313523347
42,Secondary school or above,females,2021-2022,28972,28105,3657.559436697501,4090.2752772341814,3684.439182659119,4115.733380774477,3731.050853697823,4661.3075668623615,3763.002393115192,4899.245923026745
43,Secondary school or above,females,2021-2022,20770,22255,3477.606122612743,4838.005938740358,3496.2580243941584,4960.5554781697,3521.889544214412,4964.799209915375,3521.889544214412,5228.964566015127
44,Secondary school or above,females,2021-2022,12707,24156,2904.5772474489127,5039.95108185682,2921.953496760316,5039.95108185682,2979.4965832480784,5207.787230225755,3056.671893444558,5641.46830325109
45,Secondary school or above,females,2021-2022,20267,16643,3925.5356902024637,4394.104728714775,3945.725160770382,4404.487472210539,4014.5204930839955,4527.575256864748,4346.1433282347325,4601.305954455326
46,Secondary school or above,females,2021-2022,18534,18277,4911.400705010611,4609.272090605679,4937.684291931945,4614.136127373201,5155.528254379339,4629.552588863964,5155.528254379339,4646.688880377888
47,Secondary school or above,females,2021-2022,9948,20858,4335.956389894116,3289.936635024131,4373.280475137381,3297.0849713938696,4603.194360675513,3408.720794579218,4603.194360675513,3463.2677310064882
48,Secondary school or above,females,2021-2022,12248,11097,2826.287312214239,4267.615812081343,2843.212524493795,4278.997266528491,3210.877993686044,4504.797032230933,3507.7366917047684,4504.797032230933
49,Secondary school or above,females,2021-2022,14182,12302,5185.830689136464,4544.8129030509945,5243.230209655431,4557.558798027421,5355.146723546279,4695.466590798244,5593.759049029286,4797.159404974801
50,Secondary school or above,females,2021-2022,11221,15715,5659.1818910970505,7268.065457630714,5659.1818910970505,7268.065457630714,5659.1818910970505,7268.065457630714,5659.1818910970505,7340.143090465585
51,Secondary school or above,females,2021-2022,9765,10655,4473.005205666496,5230.23033004849,4521.3923024406895,5259.193258251212,4832.554616828811,5259.406499296105,4861.13287250384,5259.406499296105
52,Secondary school or above,females,2021-2022,10822,14165,3013.290057290704,2857.8132721496645,3053.5284605433376,2897.988351570773,3065.9106449824435,2956.731733145076,3169.625300314175,3163.085421814331
53,Secondary school or above,females,2021-2022,9711,9402,4325.580312703806,5291.040026944622,4336.363960113959,5291.040026944622,4367.539946109223,5636.782067645182,4367.539946109223,5882.3787492022975
54,Secondary school or above,females,2021-2022,8926,7598,2940.375494809172,6218.353514082653,2981.654903278811,6218.353514082653,3353.172567032639,7382.895060103536,3353.172567032639,7419.457313328069
55,Secondary school or above,females,2021-2022,8510,13631,6030.335879357619,3855.3447411537427,6039.677830003918,3929.8807253075097,6584.468272620447,4721.2692270070675,6584.468272620447,4822.949221138092
56,Secondary school or above,females,2021-2022,6155,6862,5328.740861088547,6571.972457009618,5333.899268887085,6571.972457009618,5849.197400487409,6701.5993879335465,5849.197400487409,6701.5993879335465
57,Secondary school or above,females,2021-2022,10793,8157,3419.934988727262,6046.281864247477,3424.996139473116,6046.281864247477,3723.1971339448414,6046.281864247477,3802.5633898514475,6046.281864247477
58,Secondary school or above,females,2021-2022,8082,3245,4154.677390084962,3760.7909604519773,4203.051554895653,3760.7909604519773,5000.552173554401,4319.1884951206985,5000.552173554401,4319.1884951206985
13,At most primary school,urban,2021-2022,12515,19375,390.4085763750166,791.916129032258,416.5647090158476,806.0374193548387,420.4780130510054,811.3036559139784,420.4780130510054,811.3036559139784
14,At most primary school,urban,2021-2022,11374,11570,254.1451263114706,1503.6145203111496,297.08516499619014,1503.6145203111496,297.08516499619014,1522.4995678478824,297.08516499619014,1522.4995678478824
15,At most primary school,urban,2021-2022,20326,12337,511.73841385417694,1049.7406176542108,549.2409229558201,1072.6635324633216,554.5543146708649,1072.6635324633216,554.5543146708649,1072.6635324633216
16,At most primary school,urban,2021-2022,12275,11710,539.3971486761711,2058.239111870196,633.3523421588595,2128.7344150298886,636.1493550577054,2128.7344150298886,636.1493550577054,2128.7344150298886
17,At most primary school,urban,2021-2022,11147,13372,1168.9557130468586,2214.8399641040983,1265.066415478006,2480.781483697278,1265.066415478006,2480.781483697278,1265.066415478006,2480.781483697278
18,At most primary school,urban,2021-2022,17528,12594,1171.7480602464627,1173.7500661690754,1281.984539023277,1194.764041077762,1281.984539023277,1194.764041077762,1523.906036056595,1194.764041077762
19,At most primary school,urban,2021-2022,13759,20367,985.7684667005839,1499.8949280699171,1107.6486905540617,1518.3021554475379,1107.6486905540617,1533.3878332596848,1107.6486905540617,1533.3878332596848
20,At most primary school,urban,2021-2022,21290,8149,1237.365194927196,1598.0611117928581,1352.3487552841711,1612.1536384832496,1352.3487552841711,1619.7740418047206,1352.3487552841711,1619.7740418047206
21,At most primary school,urban,2021-2022,21295,24209,1252.598966893637,2115.0738912525644,1272.955858182672,2186.985163919754,1282.6694059638412,2186.985163919754,1285.1973859278392,2186.985163919754
22,At most primary school,urban,2021-2022,18374,13646,1476.7273955952253,3092.05334896673,1518.941937883241,3230.0168547559724,1519.8109194151157,3256.1050857394107,1519.8109194151157,3256.1050857394107
23,At most primary school,urban,2021-2022,13583,15224,1553.3952980441236,1949.3534879138203,1617.6289724901224,1959.8320086705203,1618.4658028417873,1999.907985198809,1618.4658028417873,1999.907985198809
24,At most primary school,urban,2021-2022,22297,17414,1591.7498617153278,2585.4038130240037,1623.7508035460673,2585.4038130240037,1623.7508035460673,2586.8767658206043,1627.518126504313,2610.650740783278
25,At most primary school,urban,2021-2022,22526,14476,1920.3519266625233,2031.7510016579165,1951.0222631625677,2031.7510016579165,1955.5070807067389,2052.751277977342,1955.5070807067389,2108.7059615916
26,At most primary school,urban,2021-2022,14870,13795,1706.0729657027573,2149.1417180137732,1756.688971082717,2174.7162015222907,1778.5316072629455,2174.7162015222907,1809.0628782784129,2174.7162015222907
27,At most primary school,urban,2021-2022,17023,25160,1393.4236033601599,2832.860691573927,1514.3720260823593,2861.8054451510334,1521.6758699015058,3002.2711314255434,1545.1147467152284,3064.3140567037626
28,At most primary school,urban,2021-2022,18285,13896,1586.6301157597302,1219.2278353483016,1840.6858991887705,1219.2278353483016,1859.8129158691095,1305.7347438111685,1892.6376355847233,1305.7347438111685
29,At most primary school,urban,2021-2022,20950,29153,2040.2595385839302,2508.1236350747204,2161.2542879872713,2516.627048102539,2189.4165791567225,2539.724156461885,2215.4385361972954,2596.2878034278915
30,At most primary school,urban,2021-2022,29549,18982,1390.9204033977462,2193.2480068837144,1462.2566922738504,2196.566940610403,1466.3403048044493,2279.7002686755873,1479.4713752298444,2388.9669423664523
31,At most primary school,urban,2021-2022,16080,30075,1691.4755182421227,1955.4395455804934,1782.3704187396352,1972.2375505680245,1796.2240671641791,2028.1589276807981,1796.2240671641791,2036.4049792186202
32,At most primary school,urban,2021-2022,16176,24415,1562.567919551599,2968.426923339477,1617.2269205407188,2975.1277220288075,1618.557080448401,2997.3920404123146,1618.557080448401,3012.3295788108403
33,At most primary school,urban,2021-2022,22041,29141,1811.522768174463,2789.7405316678673,1914.3847072879332,2800.249436647106,2158.985678205768,2820.6834185511816,2172.0280386552336,2827.3544319000716
34,At most primary school,urban,2021-2022,16243,20175,1640.8395000923474,3098.2291945477077,1718.8949701409838,3102.690161090459,1746.7100289355415,3210.8610698058656,1772.7058425167763,3239.4112556794717
35,At most primary school,urban,2021-2022,30850,26280,3307.9851107509458,2204.2475900558093,3416.707347379795,2240.948503297818,3531.619719070773,2302.930048198884,3550.633009184225,2336.201864535769
36,At most primary school,urban,2021-2022,19011,21609,2395.6128469482583,2287.431162941367,2545.045280802343,2288.398352538294,2555.1065611137415,2294.2022614034277,2562.0935686357025,2356.201428417172
37,At most primary school,urban,2021-2022,24812,31690,2017.2059756032027,3213.0302934679708,2103.6973507442635,3226.125907226254,2108.3289806007847,3254.1502577048486,2108.3289806007847,3298.945145682129
38,At most primary school,urban,2021-2022,29555,19290,3093.530085151977,2551.6006566442024,3150.9328934754417,2630.966130983238,3167.4639795860826,2644.895196129255,3190.9794592003614,2644.895196129255
39,At most primary school,urban,2021-2022,24781,35699,1877.5756493550166,2297.4269120516915,1936.3840105995184,2308.071467921604,1946.4095005582233,2325.9300447258092,1975.5164776777908,2356.8073989000627
40,At most primary school,urban,2021-2022,34831,19478,1693.2512799900474,2560.424427559298,1784.6556324347087,2574.2862203511654,1809.2279722086648,2582.9690933360716,1851.2212157752197,2628.102063866927
41,At most primary school,urban,2021-2022,19116,36168,2694.352575503941,2721.4690094374405,2777.886264560229,2735.1357866991084,2786.754490130432,2791.17496497825,2793.223765432099,2869.1444407579447
42,At most primary school,urban,2021-2022,29164,27103,1556.5928656334295,2693.3976435572936,1640.7601609289993,2727.666912641897,1648.1691240341975,2738.885298675423,1672.4969711516483,2738.885298675423
43,At most primary school,urban,2021-2022,22094,23456,2151.7218400168977,2556.7364213847204,2282.170151775746,2590.3056574010916,2414.8994372529496,2641.1100002842204,2417.4974276575845,2641.1100002842204
44,At most primary school,urban,2021-2022,24276,26382,1519.5466304168726,2302.0653602203524,1667.8857307628934,2321.976663381599,1699.9405379798977,2389.9358779976246,1733.306825671445,2447.4902711444674
45,At most primary school,urban,2021-2022,32274,25709,2228.182820020243,2572.851465764259,2343.615707173989,2582.898530994334,2382.324110222883,2583.8482632541136,2403.9295511350724,2583.8482632541136
46,At most primary school,urban,2021-2022,22561,21882,1800.3059778674112,2835.4844621149805,1836.6181980704164,2840.9464856960058,1919.8133874089506,2981.0852603357403,1931.006005939453,3003.2952959814766
47,At most primary school,urban,2021-2022,30174,27032,1890.5515012925034,2760.1531988014203,1946.7582355670445,2760.1531988014203,1997.7322529329886,2854.8976991466902,2154.8307151852587,2854.8976991466902
48,At most primary school,urban,2021-2022,19523,20481,1943.8017039730914,3260.887977475058,2005.7993477778346,3324.1173119802093,2013.9948095408834,3333.536611168074,2746.502415953832,3333.536611168074
49,At most primary school,urban,2021-2022,19210,29324,2326.05483255249,3553.9394011731006,2402.1094915842446,3585.46579593507,2418.2816241540863,3904.0944505069797,2556.0380010411245,3907.033169644887
50,At most primary school,urban,2021-2022,29444,18193,1982.9574446406739,2655.8612286776965,2070.7556378209483,2694.892724307884,2387.733346918444,2805.6477766173803,2463.368847076937,2805.6477766173803
51,At most primary school,urban,2021-2022,21273,33197,1910.1070840972125,3200.381861814823,1943.8526771024303,3200.381861814823,2173.7332769238,3266.905945316344,2335.6735298265407,3340.164071050597
52,At most primary school,urban,2021-2022,19014,21989,2133.2946688405036,3752.7711431473313,2214.841949791382,3752.7711431473313,2341.9868605588867,3790.178585504874,2407.6998439746153,3824.0682576136555
53,At most primary school,urban,2021-2022,23569,16773,3306.603759175188,2189.8129334843698,3365.4785523356954,2213.8813768159143,3386.723089651661,2245.0864882052506,3442.1560736560737,2290.1589260517894
54,At most primary school,urban,2021-2022,23436,23676,1782.1442225635774,2942.166230219069,1801.0452722307562,2951.2049191868,1926.8246998919042,3053.9594666891935,1961.9697758434318,3171.6482654727715
55,At most primary school,urban,2021-2022,21377,16819,1978.625594486286,2407.1210535703667,2017.8605198733842,2407.1210535703667,2090.939841886139,2536.0850625284893,2098.9390934181597,2536.0850625284893
56,At most primary school,urban,2021-2022,27540,17606,2242.040050835149,4759.5247595516685,2312.7564633260713,4760.889635162256,2416.4371701767127,4971.9631328335045,2484.329327039458,5349.410215267523
57,At most primary school,urban,2021-2022,21361,14760,2347.9992509713966,2587.2960000000003,2391.599737839989,2756.7892249322495,2439.957141519592,2759.968425474255,2491.318657054133,2838.2525266486
58,At most primary school,urban,2021-2022,23137,19812,1755.7225079598334,2049.355777643179,1788.3658930140755,2049.355777643179,1870.9565486738413,2134.8289757049597,1889.779213669303,2210.9923110572713
13,Secondary school or above,urban,2021-2022,960,8340,937.5,298.7906618705036,937.5,344.36140527577936,937.5,351.9513333333333,937.5,351.9513333333333
14,Secondary school or above,urban,2021-2022,4411,13285,363.681704828837,883.9598200978548,363.681704828837,897.0874076025594,384.28927680798006,926.029823861498,384.28927680798006,926.029823861498
15,Secondary school or above,urban,2021-2022,11522,16213,525.5597986460684,673.6561709739099,535.2542961291443,728.1901868870659,535.2542961291443,729.7900347457802,535.2542961291443,859.7474763050228
16,Secondary school or above,urban,2021-2022,13333,21170,519.4082352058801,780.4292237442922,537.406435160879,782.413163281373,546.6316657916448,789.923791528893,688.3852096302408,789.923791528893
17,Secondary school or above,urban,2021-2022,27279,35596,742.7837652895389,1571.3442861557478,779.4181727091657,1575.7520847848073,802.9881960482422,1616.816623871596,802.9881960482422,1632.3015098138367
18,Secondary school or above,urban,2021-2022,35292,52737,1447.678208470286,2080.099123954719,1485.8437984056823,2089.4510400667464,1525.1800030224038,2112.702899924784,1525.1800030224038,2252.7872809096716
19,Secondary school or above,urban,2021-2022,37123,59172,1815.1493189307619,2295.3332572838503,1920.2512772854207,2410.532506928953,1921.9402571631244,2422.9996366524706,1924.2434115418116,2443.8194500777395
20,Secondary school or above,urban,2021-2022,54942,45413,2194.448427432565,2891.7977044018235,2262.8214389720065,2964.338606786603,2281.7732426922935,3000.2710490388217,2305.3890071954665,3007.339509611785
21,Secondary school or above,urban,2021-2022,67922,73348,2395.9271909935906,2999.015592336078,2452.1066321172325,3068.7076084783043,2459.9011120599116,3103.101638763156,2466.5793606391644,3243.374038828598
22,Secondary school or above,urban,2021-2022,68678,62490,2202.915125658872,3013.507749026511,2255.924240659309,3060.0431946978188,2287.3490297717854,3163.2957151010833,2311.310492442995,3163.2957151010833
23,Secondary school or above,urban,2021-2022,67212,50210,2253.608056101093,3265.535417911439,2298.8198932730265,3271.7875589192063,2303.4217500843106,3343.928566686583,2315.323890575096,3351.666069176127
24,Secondary school or above,urban,2021-2022,62641,68510,2836.7601624069434,3388.705437162458,2898.2347557244193,3443.41599036637,2899.1415100865784,3460.3142533936652,2917.563150864982,3482.4190556123194
25,Secondary school or above,urban,2021-2022,81901,59029,2731.1831957688755,3592.3528745757735,2785.1666391944746,3631.487028974459,2851.7368479424345,3692.0188579624705,2907.2975248572466,3731.270751099742
26,Secondary school or above,urban,2021-2022,58552,81750,2969.6230259712165,3313.2957859327216,3055.0610981122195,3326.693217125382,3055.930752436581,3341.477090723751,3103.8949551965206,3357.9541549439346
27,Secondary school or above,urban,2021-2022,66736,68681,3318.2008860784786,4370.952037778522,3384.3190981379366,4398.448987444369,3435.292835451131,4646.148800104833,3468.3910433149526,4688.463996447344
28,Secondary school or above,urban,2021-2022,62786,61423,3500.562934677582,3806.210083790545,3578.776963282685,3916.4980866559213,3625.9605180029516,3962.5952326761417,3630.2088111468584,4011.475945112851
29,Secondary school or above,urban,2021-2022,51891,68954,3272.3888696177246,3732.2814992603767,3314.8073429560686,3813.583236650521,3348.056525537505,3913.656884783092,3389.185044933932,3949.4053547775816
30,Secondary school or above,urban,2021-2022,78972,56278,3650.862779423931,4135.262541905066,3693.588112453359,4170.175829513013,3756.98294437691,4214.166376440764,3793.4367929983623,4242.793015624815
31,Secondary school or above,urban,2021-2022,51622,57411,3668.8349056603774,4304.547261035922,3724.112209910503,4307.692999657441,3762.3523013443883,4341.809574297608,3778.5927931243787,4453.42755691418
32,Secondary school or above,urban,2021-2022,55198,60358,3787.243609369905,4653.513039144217,3827.878596144788,4674.321382694368,3878.0029967873234,4738.179363409435,3907.8640424773844,4798.116737079868
33,Secondary school or above,urban,2021-2022,54441,44486,4371.687801167012,5932.94149844895,4394.885519798191,5951.273108393652,4610.170874585943,6046.589612462348,4619.815872534793,6050.334610888819
34,Secondary school or above,urban,2021-2022,46222,53547,3792.4908016384697,4312.2534222272025,3848.5690760532507,4313.597101611668,3904.3116517387107,4370.393934300708,3910.7263460401255,4403.392981866398
35,Secondary school or above,urban,2021-2022,54709,52377,4043.5212670675755,4743.997346163393,4116.4810177484505,4774.641522042118,4161.12327648711,4880.951543616473,4162.498735735132,4927.297076961262
36,Secondary school or above,urban,2021-2022,45932,42374,4054.9403030566923,4743.444175673762,4090.91337194113,4752.01381743522,4225.379357891376,4988.015453658691,4302.758236813841,5063.232969116282
37,Secondary school or above,urban,2021-2022,39563,52864,4570.6890950298675,5469.295494098063,4663.629594991953,5490.149950817191,4769.062280413517,5654.85781754439,5082.916976299404,5743.613870813156
38,Secondary school or above,urban,2021-2022,56868,38023,4347.92360964573,3894.166754946568,4447.774052777192,3894.166754946568,4699.683445288505,3933.9759932146335,4705.703819957329,4074.446234910449
39,Secondary school or above,urban,2021-2022,44859,55775,4404.662570498674,6022.31567309129,4489.349478365545,6089.178963095772,4575.846205146496,6320.448199611535,4606.2548188026185,6403.255191991633
40,Secondary school or above,urban,2021-2022,51486,31664,4199.786760802289,4605.037049435742,4261.912290072381,4623.452284402897,4322.050321122894,4711.64655339397,4394.563075399137,4792.22049646286
41,Secondary school or above,urban,2021-2022,39273,46259,4290.811121296225,5948.918768960274,4335.083267554469,6015.54580369946,4440.595324183705,6018.698343385431,4462.454277323691,6173.003451580593
42,Secondary school or above,urban,2021-2022,43646,44012,4672.680279979838,5602.168916053197,4766.451759611419,5677.105297040201,4856.679959217339,6090.947639280195,4888.154397501107,6249.455716622739
43,Secondary school or above,urban,2021-2022,39964,29196,4716.151244453342,5477.116380097731,4777.090339639009,5549.165290907431,4794.3542104560775,5550.406702402156,4832.1513945884635,5808.695509088004
44,Secondary school or above,urban,2021-2022,22723,28690,4353.589589842891,6296.019577088416,4481.597775381772,6296.019577088416,4614.539435080462,6571.1322760543735,4657.696882013819,6806.59062391077
45,Secondary school or above,urban,2021-2022,40305,32296,5177.94764917504,5014.985756750062,5213.043170822479,5027.841837998514,5372.344126038953,5146.09074395178,5543.972956208907,5168.9387746676575
46,Secondary school or above,urban,2021-2022,24775,21143,6361.812297342751,5926.920809093633,6406.5816212579875,5957.361143956235,6854.027971745711,6036.801147739993,6895.655956945845,6051.614561162875
47,Secondary school or above,urban,2021-2022,24513,36716,4740.250717306463,3994.586706068199,4901.594494077972,4014.0577813487307,5088.954602319857,4130.587359734176,5096.868770312351,4185.900847042161
48,Secondary school or above,urban,2021-2022,26714,26707,4559.403633550448,5324.108198849241,4651.814354520726,5325.785661686699,4723.60130767887,5465.275932651864,4864.261835242444,5479.2947292220515
49,Secondary school or above,urban,2021-2022,20123,27707,4834.2676290811505,4375.559485569231,4917.711449585052,4381.218705261005,5015.616003246699,4448.354266671479,5015.616003246699,4493.506213832847
50,Secondary school or above,urban,2021-2022,28851,26074,5028.567929476737,6257.027255759249,5091.85447067115,6260.294878678632,5149.924092752418,6323.138516018511,5149.924092752418,6366.580258750735
51,Secondary school or above,urban,2021-2022,16654,24332,4881.9496917657425,5841.620897035454,4936.363045914896,5881.457326428845,5118.811706897242,6109.525525371253,5135.568442015932,6321.554951641186
52,Secondary school or above,urban,2021-2022,18899,19771,5369.0947933753105,6834.307403098815,5380.987486110376,6834.564345084551,5594.865645448613,6889.725945408258,5594.865645448613,6889.725945408258
53,Secondary school or above,urban,2021-2022,23237,14403,6097.485335886732,4778.692517762503,6141.558150793992,4778.692517762503,6785.276502273673,5167.713323613136,6794.477919553586,5328.034090120113
54,Secondary school or above,urban,2021-2022,18751,17645,4139.992507066289,6455.931992065741,4189.7061223401415,6516.957778407481,4976.174399587577,7018.41352602248,4976.174399587577,7077.455747614999
55,Secondary school or above,urban,2021-2022,16966,20939,5466.397500884121,7602.9281643504155,5509.38641989862,7659.000565133643,5912.763369877009,8472.35156884283,5953.307202640575,8753.501576006496
56,Secondary school or above,urban,2021-2022,14265,19396,5461.418974179227,7591.787842854197,5483.425283327492,7591.787842854197,6377.980254702653,7707.35720423455,6377.980254702653,7864.325995050526
57,Secondary school or above,urban,2021-2022,13087,21887,4097.960189501032,6549.896414919054,4119.747077252236,6562.602587532934,4435.57576220677,6786.36859779778,4448.183693741882,6786.36859779778
58,Secondary school or above,urban,2021-2022,18832,10771,5599.020231520815,3672.7450252220465,5633.479662276975,3672.7450252220465,6076.966811809685,4119.227864945997,6076.966811809685,4119.227864945997
13,At most primary school,rural,2021-2022,57973,58012,179.87718420644092,732.8878507894918,203.19700550256152,740.4157760463353,212.94185799136378,762.5663655795353,212.94185799136378,762.5663655795353
14,At most primary school,rural,2021-2022,52846,49129,359.18751340372654,601.8395448716644,383.2706985076133,701.7206741435812,383.2706985076133,701.7206741435812,395.10697750696994,701.7206741435812
15,At most primary school,rural,2021-2022,60469,45176,709.1413782268601,908.9674605985479,755.0162893383387,931.2956879759164,755.2628895246601,934.7322472109084,755.2628895246601,934.7322472109084
16,At most primary school,rural,2021-2022,64949,38575,640.5350351814501,762.849989198531,795.194383285347,763.1820695614604,802.5601625891085,804.3421473320371,802.5601625891085,859.5074098077339
17,At most primary school,rural,2021-2022,73073,41814,761.3084176097875,1573.3061893145837,855.9336553857103,1573.3061893145837,858.3288629179041,1643.1213230018654,868.715736318476,1790.1151528196299
18,At most primary school,rural,2021-2022,57515,41083,809.3531426584369,1006.7605010994004,897.6516734764843,1029.374234273706,897.7384624300907,1041.3033371467516,897.7384624300907,1124.757563955894
19,At most primary school,rural,2021-2022,51640,57041,787.6581719597211,1488.9484815016099,824.5975600309837,1517.468318110365,824.8057319907049,1521.9223511743014,824.8057319907049,1521.9223511743014
20,At most primary school,rural,2021-2022,63958,38797,1210.0860408393007,2169.0964765316908,1274.0150254854748,2262.451632858211,1274.0930714948352,2311.409026471119,1304.4692558658285,2311.409026471119
21,At most primary school,rural,2021-2022,40753,41700,1111.4082071667524,1289.7082014388488,1128.9156299331744,1329.0607194244603,1130.4486459074585,1350.3266067146283,1415.4297106961449,1380.7582613908871
22,At most primary school,rural,2021-2022,79931,55044,1108.8104990554352,1900.6469672746653,1301.1381316385382,1935.2283930431413,1318.8345249861338,1978.3541954315338,1332.0925099982067,1978.3541954315338
23,At most primary school,rural,2021-2022,47767,35080,849.4925436668273,1566.2247149372863,928.7648446277417,1566.2247149372863,934.7081039211172,1576.0437001140251,934.7081039211172,1585.8313283922464
24,At most primary school,rural,2021-2022,72888,52837,1515.172108806205,1505.9778185741052,1685.2025664947134,1613.3230501353219,1707.8988036439468,1619.6230860949713,1715.213697728021,1619.6230860949713
25,At most primary school,rural,2021-2022,47370,41629,1162.8446414749137,1160.079712059702,1242.1377383716838,1205.4134937983938,1242.4750299064106,1211.5652549905114,1322.1935437337272,1211.5652549905114
26,At most primary school,rural,2021-2022,48890,42380,1280.6349764778074,2276.1788998741545,1400.1410104315812,2316.057144329086,1407.9195268289359,2435.7834303130408,1407.9195268289359,2435.7834303130408
27,At most primary school,rural,2021-2022,54082,45208,1208.9603010243704,1882.0374343773963,1260.8250619429755,1912.2621733616468,1264.7968085499797,1942.418063911992,1312.7702562775046,2029.1667219666135
28,At most primary school,rural,2021-2022,56454,55449,1315.7273178162752,2214.174346396388,1407.7708399759097,2306.231912808767,1534.3668296312042,2360.297811201885,1548.3534381974705,2398.0983125634966
29,At most primary school,rural,2021-2022,59406,52886,1250.6258122075212,2657.357460701635,1367.6374776958558,2704.405828889813,1395.4700689604867,2737.183414955439,1457.1086239885983,2828.148887859421
30,At most primary school,rural,2021-2022,86136,38420,1651.18319866258,2810.2721499219156,1736.4892495588372,2840.996251952108,1804.991308318628,2959.612241020302,1849.5971254759913,3005.057321707444
31,At most primary school,rural,2021-2022,44318,57143,1216.286136558509,2130.3076608975143,1299.6418836590099,2145.7251223538606,1374.6548204642208,2150.118923869357,1425.5596446891407,2339.0523715357376
32,At most primary school,rural,2021-2022,60493,59831,1167.5347615977605,2096.8317705982963,1224.6585775764688,2132.1173249096064,1271.5191647518445,2329.8120818082043,1271.5191647518445,2360.9057734842027
33,At most primary school,rural,2021-2022,43877,57092,1612.2026726227107,2228.467269202924,1671.0877376909698,2262.7480791237535,1693.5336280967251,2512.670207734884,1712.866216924585,2576.7772630140826
34,At most primary school,rural,2021-2022,57521,63335,1732.9983889941643,1998.6246677719007,1925.714701297497,1998.6246677719007,2304.1485124273454,2013.4826978237415,2309.658152384926,2063.385595115918
35,At most primary school,rural,2021-2022,59564,48136,1269.3336355292906,2201.369771757797,1385.538860161619,2217.598789540745,1439.8098963579791,2270.3458672649713,1495.142535759855,2312.493116724835
36,At most primary school,rural,2021-2022,62419,51732,1289.2400017088814,1829.4595221526329,1394.173739833491,1951.7571329157968,1475.6716277629141,2016.1125286734195,1532.9565356702287,2386.158148405887
37,At most primary school,rural,2021-2022,58397,69511,1523.1980352872008,2217.47924654611,1640.5903499608999,2232.176488709221,1794.3364756180397,2249.9401040602684,2178.7045653030123,2409.224246138501
38,At most primary school,rural,2021-2022,49807,44243,1169.5420857844613,1884.884237807864,1299.83411300955,1956.9329234756533,1337.577594514827,1998.2921968823694,1391.2648272331198,2071.3885059030054
39,At most primary school,rural,2021-2022,68448,84628,1546.4700648667601,3001.845882371477,1688.7060688405797,3040.175749554915,1710.9701720040516,3125.743124812907,1745.0602842060152,3215.1372969545146
40,At most primary school,rural,2021-2022,82589,35861,1541.6129831656356,2123.8436624745545,1654.9929126962027,2236.110470427484,1665.762799323558,2278.9647085506076,1828.0739626342493,2584.244353104115
41,At most primary school,rural,2021-2022,38996,59215,1920.9896399630732,2068.5836302738608,2115.8170581598115,2082.7185623012188,2139.004265394741,2157.5925384896846,2205.9854942387256,2441.333144754989
42,At most primary school,rural,2021-2022,70946,58685,1840.3275942265948,2522.1106841611995,1940.2238533532545,2557.678546476953,1998.0430397767316,2579.2713015818917,2047.3764764750654,2625.1569623129135
43,At most primary school,rural,2021-2022,44330,44248,1550.8037070456423,2650.8122401012474,1653.2663734115345,2682.6780871451815,1730.3555342506954,2845.3572854516965,1773.7658959320247,3183.316063249563
44,At most primary school,rural,2021-2022,52853,44774,1882.1061371476865,2542.76247747949,2045.1400235874344,2553.32887762243,2246.806832157115,2652.0376706719676,2248.835099237508,2664.6938252855084
45,At most primary school,rural,2021-2022,56173,52094,2243.3697624600195,3148.105232848313,2358.2926791637738,3176.019196068645,2379.6005138886417,3370.8544618062224,2594.755837620684,3402.689222047325
46,At most primary school,rural,2021-2022,48040,50454,1802.9311892867054,2499.8376739207993,1915.00872883708,2541.6757838823482,2098.0552699139603,3352.4427035847834,2322.291517485429,3477.9332494285222
47,At most primary school,rural,2021-2022,53467,47325,1737.824390122256,2622.66294770206,1797.9268832488576,2671.3296143687267,1815.9400190771878,2711.374692727593,1867.39231675613,2891.7930762458177
48,At most primary school,rural,2021-2022,43012,40395,1625.098158653399,4150.635928539011,1765.6963638054494,4153.71427982011,1791.9208282959794,5528.384824854561,1894.2352986763383,5976.049552337336
49,At most primary school,rural,2021-2022,45226,65598,2122.723477645602,2783.4172789820827,2203.34546499801,2788.880860188827,2279.944582025089,2840.6129251908087,2444.3905865357683,2935.9257904204396
50,At most primary school,rural,2021-2022,59954,27522,1416.1600560429663,2342.3359494222805,1510.769006238116,2355.0893830390232,1541.862733651355,2402.232214228617,1641.7726645984144,2402.232214228617
51,At most primary school,rural,2021-2022,31960,46438,1576.1623070504797,1789.7284551444936,1638.6493220692532,1789.7284551444936,1675.9934240717564,1811.4310478487444,1733.6521224447226,1862.6606442999266
52,At most primary school,rural,2021-2022,33963,34804,1617.358390012661,3391.91817032525,1767.2538644996025,3391.91817032525,1817.9727350351855,3416.4428418189477,2107.2213290934255,3553.4002796613413
53,At most primary school,rural,2021-2022,37720,27249,1703.0293920113113,3780.7773679768065,1762.7870802403675,3780.7773679768065,2014.2204489218805,3894.8792310421177,2078.6902262283493,3920.4214527750255
54,At most primary school,rural,2021-2022,32682,36687,1800.314765518226,1991.471547596333,1874.1468443383717,2022.5234188313755,1918.7060308426655,2050.828222531142,2223.1141657997264,2107.096110338812
55,At most primary school,rural,2021-2022,36846,42976,1277.147261575205,3618.4160513620004,1321.3992835043152,3618.4160513620004,1325.6504007671572,3717.7929322567634,1332.2427038665437,3717.7929322567634
56,At most primary school,rural,2021-2022,35601,32457,2571.625684671779,1624.471947499769,2700.8480098873624,1661.2285793511414,2738.4501839835957,1697.1427632457303,2808.6457777403257,1820.0761828470488
57,At most primary school,rural,2021-2022,42734,29186,1027.0173554234723,1709.033440690742,1116.0078547916569,1721.9437401493867,1192.5587276329543,1765.6490554832224,1258.8408449166159,1986.145183763905
58,At most primary school,rural,2021-2022,36979,22279,1966.513354426386,2405.261756212876,2084.6854250610704,2449.635381600012,2278.606975130029,2600.631368104493,2297.6383172431197,2669.7435365142064
13,Secondary school or above,rural,2021-2022,3670,24479,0,800.4575350300257,0,800.4575350300257,0,807.8577556272724,0,1194.235875648515
14,Secondary school or above,rural,2021-2022,15154,27174,263.7818397782764,473.55192463384117,281.31186485416396,476.06903657908293,582.6624433592891,487.21020092735705,582.6624433592891,487.21020092735705
15,Secondary school or above,rural,2021-2022,21157,37684,250.01559767452852,1866.2681774758519,254.58335302736683,1866.2681774758519,254.58335302736683,1872.1128330325869,254.58335302736683,1949.8513958178537
16,Secondary school or above,rural,2021-2022,46487,36707,768.3901951083099,979.7910480289863,815.8950889495989,1114.1332715830767,815.8950889495989,1136.9082191407633,815.8950889495989,1146.881793663334
17,Secondary school or above,rural,2021-2022,47013,54045,621.232797311382,1161.5433065038394,690.4545019462703,1179.2748265334444,693.3802884308597,1189.7367872451969,693.3802884308597,1189.7367872451969
18,Secondary school or above,rural,2021-2022,57226,60673,871.5119001852305,2241.5186601398755,965.5280816412121,2280.861530939078,1045.7270587961184,2287.845279888363,1069.6322767040622,2353.2813057977464
19,Secondary school or above,rural,2021-2022,71391,52256,1161.0874293211564,2604.545618365993,1214.5034761617947,2606.559741146152,1214.5034761617947,2612.0072814605023,1214.5034761617947,2703.3508592314756
20,Secondary school or above,rural,2021-2022,62149,62601,1185.9293726903622,2021.345404493006,1284.9470559998283,2060.294303072901,1284.9470559998283,2128.621752581162,1284.9470559998283,2157.1835966411613
21,Secondary school or above,rural,2021-2022,64389,87481,1476.359999378776,2126.547267406637,1521.7353740545745,2167.495084646952,1529.360900153753,2217.657596125635,1529.360900153753,2248.0053287761534
22,Secondary school or above,rural,2021-2022,76745,55986,2363.4054335787346,2654.270484287739,2479.401850283406,2701.2072184712847,2562.5784958846393,2745.6591052525037,2572.13742480509,2821.7227640243395
23,Secondary school or above,rural,2021-2022,67917,55474,2048.1560458598974,3210.5106085733855,2095.7785851357785,3249.5379006381368,2106.6060166575867,3453.12117087885,2106.6060166575867,3481.4425466584944
24,Secondary school or above,rural,2021-2022,57184,38817,2090.311681006342,3248.596379593134,2117.22620255083,3265.3673819889914,2148.954191731953,3322.6219354063087,2148.954191731953,3369.987780268096
25,Secondary school or above,rural,2021-2022,71039,52852,2049.4477822041413,3301.5220373874213,2119.243528202818,3301.5220373874213,2138.0885757588553,3320.890430888771,2169.3315080448765,3320.890430888771
26,Secondary school or above,rural,2021-2022,54954,28941,2244.001043296818,3526.7906833442753,2262.6173405636227,3554.674999712058,2347.6733267823997,3569.5558492565337,2496.175710594315,3590.320508390634
27,Secondary school or above,rural,2021-2022,50392,51236,2438.5823576493626,3563.6281846097795,2498.2775473620154,3583.4131014651157,2535.7362048208715,3675.5842961979856,2558.626743001535,4134.152490436411
28,Secondary school or above,rural,2021-2022,47318,31710,1890.6869197063838,3202.3019972668976,1985.6368330585965,3349.4795437821926,2010.3839342322162,3463.1187743088403,2020.4712019386563,3503.311142646904
29,Secondary school or above,rural,2021-2022,35381,37487,2688.533040332382,2835.4141257858278,2758.7065798027193,2958.312730635509,2838.1383369605155,2984.6365228834884,2944.520293377802,3189.742292883755
30,Secondary school or above,rural,2021-2022,38049,48829,2090.8222117094624,3741.1118051431185,2117.5966341647177,3773.8280188685685,2160.5225980533874,3805.305044133609,2208.754264238219,4009.760046966625
31,Secondary school or above,rural,2021-2022,47171,39442,2124.3857030802824,3595.4372158274596,2204.535858896356,3632.049203049203,2253.2365083066575,3665.9796312517956,2270.739493898087,3783.1795704029546
32,Secondary school or above,rural,2021-2022,39577,34203,2523.112999132493,5306.4596185519795,2587.010464832268,5316.669249286126,2604.323550715483,5468.515091268798,2778.1408351652053,5533.433373290843
33,Secondary school or above,rural,2021-2022,31838,18821,3581.714774797412,5522.362370047642,3683.6106225265403,5764.91590067832,3683.6106225265403,6056.226139241628,3694.873892832464,6056.226139241628
34,Secondary school or above,rural,2021-2022,29824,37944,3021.3368260461375,5341.140738983765,3120.5946050160946,5341.140738983765,3137.2718895296853,5388.943641506781,3137.2718895296853,5412.2031818820715
35,Secondary school or above,rural,2021-2022,26941,29498,3574.3602687353846,3773.570592356544,3744.0577558368286,3782.3983094899086,3754.574687898247,3806.8050489298707,3855.1772391522213,3806.8050489298707
36,Secondary school or above,rural,2021-2022,33716,23202,2224.9167358721875,6623.869479642559,2271.1944675129516,7043.833275867022,2320.732644244078,7095.121957877193,2428.2854381698107,7220.197382409562
37,Secondary school or above,rural,2021-2022,24419,33049,3251.5353481578554,6183.453104985526,3332.6357208184886,6238.371559401696,3337.9063434211066,7675.412518785238,3359.9997952414105,7768.062825904969
38,Secondary school or above,rural,2021-2022,26794,17878,4093.6960140329925,6260.019297460566,4166.485593789655,6393.453686094642,4238.641051479187,6416.992859007346,4467.498258316538,6888.522112838871
39,Secondary school or above,rural,2021-2022,19268,15601,2098.2210573662724,11461.429822874601,2156.718047193966,11461.429822874601,2192.140768804927,13072.354336260496,2192.140768804927,13072.354336260496
40,Secondary school or above,rural,2021-2022,23092,20568,3510.6423581038166,4217.368809153378,3612.2320861481608,4233.413149876832,3629.929412783648,4248.813286010632,3629.929412783648,4300.950586671853
41,Secondary school or above,rural,2021-2022,19223,16564,3104.985694220465,1859.9281574498914,3246.5806585860687,1893.670007244627,3252.042865317588,2253.2741688803026,3815.742600010404,2253.2741688803026
42,Secondary school or above,rural,2021-2022,27976,16283,3375.9494447621773,3307.9716063788414,3471.0775903155086,3332.0703596798303,3627.366016109046,3392.50148416549,3634.3469998093606,3392.50148416549
43,Secondary school or above,rural,2021-2022,17539,16692,3187.7549081095467,4187.377106797668,3230.500788718475,4246.351465772027,3245.4769371115804,4249.838165987699,3245.4769371115804,5528.8940011183
44,Secondary school or above,rural,2021-2022,8882,14788,4219.131952263004,3927.2788747633217,4262.054717405989,3927.2788747633217,4262.054717405989,3939.738301325399,4262.054717405989,4541.307140925074
45,Secondary school or above,rural,2021-2022,5570,9587,1561.8656493117892,2828.6587740342825,1561.8656493117892,2828.6587740342825,1561.8656493117892,3122.833176871458,1561.8656493117892,3186.502729390494
46,Secondary school or above,rural,2021-2022,13817,12214,7380.455091553883,4033.6765187489764,7477.58471448216,4033.6765187489764,7647.4035367059905,4681.239424703892,7647.4035367059905,4681.239424703892
47,Secondary school or above,rural,2021-2022,6501,12853,5081.113162077629,4317.400606862211,5090.650156386197,4317.400606862211,5238.319745680152,4331.340283721051,5238.319745680152,4331.340283721051
48,Secondary school or above,rural,2021-2022,19819,10258,4937.331180517012,3437.8078897770847,5026.053114015171,3450.120231364139,5234.527305447635,3587.573926041464,5729.052760818743,3587.573926041464
49,Secondary school or above,rural,2021-2022,7844,13980,5224.048104708482,3855.733428707678,5224.048104708482,4320.261325703386,5396.613122556519,4345.798402479733,5828.025667176611,4345.798402479733
50,Secondary school or above,rural,2021-2022,15298,9433,2964.2801673421363,4887.1850595427395,3176.2948097790563,4887.1850595427395,3176.2948097790563,4887.1850595427395,3176.2948097790563,4887.1850595427395
51,Secondary school or above,rural,2021-2022,10710,7964,4654.242141300965,5929.124811652436,4724.647370059135,5929.124811652436,4748.176781823841,5937.3367654445,4748.176781823841,5937.3367654445
52,Secondary school or above,rural,2021-2022,10464,13514,1578.8105409021407,2879.8899906270044,1634.2998375382263,2953.221350698042,1732.525500127421,2953.221350698042,1958.7678548674821,3169.5155641063593
53,Secondary school or above,rural,2021-2022,822,3749,3000,5954.932426424824,3000,5954.932426424824,3000,5954.932426424824,3000,5954.932426424824
54,Secondary school or above,rural,2021-2022,4620,5860,2728.643578643578,3944.8293515358364,2899.4011544011537,4230.972696245734,3037.640692640692,4409.81228668942,3037.640692640692,4409.81228668942
55,Secondary school or above,rural,2021-2022,1730,5080,1055.2601156069363,2397.4639107611547,1199.5953757225432,2583.4481627296586,1409.5375722543351,2583.4481627296586,1409.5375722543351,2583.4481627296586
56,Secondary school or above,rural,2021-2022,3011,12287,2539.5881766854864,2945.9008165812106,2575.6227167054135,2945.9008165812106,2875.921620724012,2948.756137923551,2875.921620724012,3186.6498467214674
57,Secondary school or above,rural,2021-2022,8481,7774,3468.7882718232913,5283.297423034045,3468.7882718232913,5371.160813823857,4554.418897142632,5657.699275362319,4678.967731792634,5657.699275362319
58,Secondary school or above,rural,2021-2022,2586,1028,2788.6697602474865,15700,2846.8136117556073,15700,2846.8136117556073,15700,2846.8136117556073,15700
13,At most primary school,indigenous,2021-2022,48231,39348,155.68970164417075,614.9293483785707,184.61549625759366,614.9293483785707,197.2450982424858,617.1022669513063,197.2450982424858,617.1022669513063
14,At most primary school,indigenous,2021-2022,43409,39610,269.98663871547376,597.9843473870235,274.1056002211523,669.6834132794748,274.1056002211523,675.1996970462004,274.1056002211523,675.1996970462004
15,At most primary school,indigenous,2021-2022,51016,37689,660.0603732162459,1049.9495874127729,686.047906539125,1062.308631165592,686.047906539125,1062.308631165592,686.047906539125,1062.308631165592
16,At most primary school,indigenous,2021-2022,48381,28744,542.0708542609702,1031.4557820762593,693.3692978648644,1031.9014403005845,703.2574771087824,1043.9532308191854,703.2574771087824,1043.9532308191854
17,At most primary school,indigenous,2021-2022,52421,34913,753.0356154976059,1821.0570561109043,871.4671601075904,1915.2297138601668,872.4368732632596,1998.844699682067,886.9158034629887,1998.844699682067
18,At most primary school,indigenous,2021-2022,39485,28779,896.6760035456502,746.5464980251804,980.7376725338736,761.2739034249511,980.7376725338736,776.1111111111111,1085.0810940863619,776.1111111111111
19,At most primary school,indigenous,2021-2022,38094,48088,823.8415411000858,1481.2835565352411,917.9377242260374,1496.424548050796,917.9377242260374,1508.0971586813066,917.9377242260374,1508.0971586813066
20,At most primary school,indigenous,2021-2022,54081,28794,1113.2436160573955,2371.706119330416,1234.1136073667278,2480.669792317844,1234.1136073667278,2483.6391609363063,1253.4179841349087,2483.6391609363063
21,At most primary school,indigenous,2021-2022,35163,41608,930.4381120306382,1557.6998213484585,960.3013205168311,1596.685112638595,962.078046052195,1602.6764484394025,1292.36366824977,1633.1753909504582
22,At most primary school,indigenous,2021-2022,49796,38765,1012.3509318017511,2020.362569328002,1213.5616716202105,2068.928285824842,1215.8674123758267,2080.3539705060407,1237.1487201113878,2080.3539705060407
23,At most primary school,indigenous,2021-2022,33000,21526,848.5592424242424,1283.730837127195,875.2986363636363,1283.730837127195,878.7804545454545,1287.3470067205549,878.7804545454545,1287.3470067205549
24,At most primary school,indigenous,2021-2022,48929,40670,1205.0511557563,1630.1252028522251,1372.101882319279,1737.1820014752889,1382.5924230347375,1745.997467420703,1384.3091963184752,1756.1769609048438
25,At most primary school,indigenous,2021-2022,42357,32515,1150.9239086809737,1229.1200471577222,1215.2271879500438,1234.4345174022246,1215.6043983284935,1241.0539750884209,1304.7576905824303,1265.9655543595265
26,At most primary school,indigenous,2021-2022,34968,34229,1224.5095992526499,2462.1850867198377,1257.4239781133224,2514.2941170742156,1266.6800598642567,2581.3863488075413,1266.6800598642567,2581.3863488075413
27,At most primary school,indigenous,2021-2022,37529,46998,900.8444402995017,2245.5419379548066,941.9627754536491,2265.4576790501724,945.9543552985691,2328.3912967927713,1000.4322257454235,2381.4644772117963
28,At most primary school,indigenous,2021-2022,37227,30438,1365.7478443065518,1513.1795781588803,1495.859591156956,1641.0000657073394,1670.8214244141798,1692.6411065115974,1707.1176610166458,1761.5023983178921
29,At most primary school,indigenous,2021-2022,38491,50252,1333.346721744477,2891.6025232826555,1496.3013085309985,2910.1112393536578,1514.3319304079741,2942.4192486534535,1602.1748027677465,3038.152751797607
30,At most primary school,indigenous,2021-2022,59247,26674,1345.7085928401439,2493.393941666042,1459.3163029351697,2537.647521931469,1559.3308184380644,2600.1892042188397,1617.2004152108968,2665.6462035440254
31,At most primary school,indigenous,2021-2022,35356,37718,1103.504101142663,1666.6605864573944,1189.2250537391108,1672.6338618166394,1251.1244956065918,1722.3132810152536,1314.9326186974392,1722.3132810152536
32,At most primary school,indigenous,2021-2022,39394,39658,976.1794943392395,2708.421125624086,1022.6045083007564,2721.263931615311,1092.4109297524158,2779.666397700338,1092.4109297524158,2835.7727738833696
33,At most primary school,indigenous,2021-2022,34709,33213,1368.6373851162523,2841.8967472576,1407.209225272984,2851.117233211895,1425.5529305559558,2928.847840704945,1455.336444918225,3039.045654813878
34,At most primary school,indigenous,2021-2022,40049,35515,1315.9627706060076,2097.9634145196865,1434.0509875402631,2097.9634145196865,1440.8326695631185,2117.6776197850672,1440.8326695631185,2199.276944014266
35,At most primary school,indigenous,2021-2022,45192,27484,2181.986398772644,1550.8166933488576,2312.3566634212543,1566.3602823460924,2353.759382191538,1585.3664920195993,2371.116289018705,1597.475355358269
36,At most primary school,indigenous,2021-2022,40325,38840,1213.8266170696425,2036.4362341228973,1337.2785451539573,2140.1386028149673,1398.4789997933458,2144.3743563336766,1422.5748873734242,2518.600411946447
37,At most primary school,indigenous,2021-2022,42866,60304,1408.3452775315322,2961.842332183603,1509.7600351482915,2978.7834969487926,1530.7941686495901,3001.348335102149,1998.63775875208,3183.969720084903
38,At most primary school,indigenous,2021-2022,35027,29653,2211.055756987467,2176.09629155004,2321.03020527022,2231.1976303690462,2325.814229023325,2238.563383131555,2364.835555428669,2347.6248608909723
39,At most primary school,indigenous,2021-2022,50665,66049,1368.2310075989342,3021.2622446971186,1444.0472515543274,3025.453072718739,1477.225481101352,3086.8198862460695,1505.7343136287377,3131.0294882082494
40,At most primary school,indigenous,2021-2022,58923,25441,1675.1356855557253,2543.714260445737,1845.0585509902755,2564.090817970992,1860.8958725794682,2605.164118286755,2078.850378177169,2961.935995702475
41,At most primary school,indigenous,2021-2022,20496,35959,1980.825575722092,2042.1196362523985,2054.4653103044498,2070.543674740677,2071.8987932604737,2118.574533959973,2199.3382936507937,2118.574533959973
42,At most primary school,indigenous,2021-2022,40998,48701,1280.8834821210792,2704.3213212596593,1354.3759695594908,2729.717103687125,1382.9354927882662,2752.311220508819,1481.9527619233459,2807.603719636147
43,At most primary school,indigenous,2021-2022,36197,31423,1387.3538414785755,2521.4985838398625,1492.8824764483245,2521.4985838398625,1603.9141227173523,2712.901112773022,1621.0011741304527,3113.881286531097
44,At most primary school,indigenous,2021-2022,33094,46465,1832.9993050099715,2810.308845367481,2015.8662899619267,2820.4907026794363,2107.574253137527,2920.599296961871,2125.8857295380835,2957.5446680296996
45,At most primary school,indigenous,2021-2022,38317,44659,1664.5770806691546,3360.8170954716106,1775.8673695748623,3366.6009240392004,1800.4669815834573,3404.017794098987,2013.7233429896216,3441.1525261798665
46,At most primary school,indigenous,2021-2022,32058,29741,1338.9120500343129,2900.154097037759,1381.886346621748,2900.154097037759,1507.6301027304678,3041.8871703484524,1560.0117235427456,3134.183999641348
47,At most primary school,indigenous,2021-2022,37722,35675,1400.011514058993,2818.02926419061,1452.7139158404468,2882.5884793272603,1480.5241238534543,3001.3775473020323,1587.7099570542389,3001.3775473020323
48,At most primary school,indigenous,2021-2022,26119,27870,1045.9810993274373,3505.5507116373637,1083.2413313424456,3505.5507116373637,1090.3450361805583,3576.7933859586174,1714.4767410697193,3936.0745724195667
49,At most primary school,indigenous,2021-2022,34217,47259,1761.8007423210686,2997.7168793245733,1802.1271882397639,3005.3006199877273,1814.892772598416,3133.3550646437716,2092.1594821287663,3267.477841963083
50,At most primary school,indigenous,2021-2022,38518,21763,925.1197881509944,2381.1799843771537,991.6334960278311,2381.1799843771537,1050.5254426501897,2461.841274946775,1125.3825224570332,2461.841274946775
51,At most primary school,indigenous,2021-2022,18815,37969,1256.2608911329614,2423.522347177961,1317.1019753742582,2423.522347177961,1322.056400035433,2451.086280913377,1478.2550181592703,2469.5434433353525
52,At most primary school,indigenous,2021-2022,25935,28959,1264.341006362059,2763.895852757347,1407.25675727781,2763.895852757347,1516.654225306857,2799.349517133419,1678.8578111946533,2963.9500443155266
53,At most primary school,indigenous,2021-2022,18944,21739,2528.716497747748,3554.497830320315,2600.29272240991,3560.7446678013403,2647.6018968186936,3633.0269714951623,2823.6893123592345,3667.8031801524144
54,At most primary school,indigenous,2021-2022,26636,26697,1946.458176903439,1900.9243860109127,2016.3477999699655,1926.8149355108565,2036.9621314511687,1941.912199872645,2354.54585273064,1984.370153949882
55,At most primary school,indigenous,2021-2022,24724,21306,1031.3291943051286,1965.8797991176195,1065.8695194952272,1965.8797991176195,1093.1729493609448,2171.7171610500955,1093.1729493609448,2171.7171610500955
56,At most primary school,indigenous,2021-2022,29091,11288,1634.2904506548416,2963.536314375148,1718.4162627616788,2963.536314375148,1768.7310794862099,3011.1237228325067,1864.6381756098679,3503.859371308765
57,At most primary school,indigenous,2021-2022,30468,16350,1720.94379895847,1798.02874617737,1833.2183164850553,1821.074617737003,1935.8218677519583,1848.8732925586137,1975.8638790424927,2020.135270132518
58,At most primary school,indigenous,2021-2022,27559,11139,1882.1236256758227,1766.199838405602,1981.5067672992488,1817.1918484603643,2248.1561982171584,1834.1111934045546,2248.1561982171584,1834.1111934045546
13,Secondary school or above,indigenous,2021-2022,2445,13193,103.06748466257669,1058.6523156219207,103.06748466257669,1061.555370272114,103.06748466257669,1078.056545137573,103.06748466257669,1532.096566360949
14,Secondary school or above,indigenous,2021-2022,8023,13667,547.2204910881217,344.7647618350772,580.3315468029416,357.52542620911686,1160.8583655324276,357.52542620911686,1160.8583655324276,357.52542620911686
15,Secondary school or above,indigenous,2021-2022,18112,16879,238.29394876325088,491.2745127080988,243.62963780918727,491.2745127080988,243.62963780918727,491.2745127080988,243.62963780918727,491.2745127080988
16,Secondary school or above,indigenous,2021-2022,30151,23520,562.2146860800636,737.9698129251701,641.7188484627375,929.6492346938776,641.7188484627375,929.6492346938776,704.4033365394182,945.2147108843537
17,Secondary school or above,indigenous,2021-2022,31595,42199,529.0393258426966,846.7622455508424,625.5552302579522,863.3005521457854,629.2841958115736,863.3005521457854,629.2841958115736,863.3005521457854
18,Secondary school or above,indigenous,2021-2022,46404,42255,802.4856693388501,2212.6329546799197,835.7875398672528,2257.1543130990417,955.3778769071632,2268.9610026426853,984.8580941298164,2382.9115410405084
19,Secondary school or above,indigenous,2021-2022,46337,38123,1030.8663271251914,2912.8082478643687,1077.691218680536,2912.8082478643687,1077.691218680536,2920.4846287018336,1077.691218680536,2950.787857723684
20,Secondary school or above,indigenous,2021-2022,47567,35784,1017.7647143327656,1565.6251863030031,1059.9529961247642,1665.4530423280423,1059.9529961247642,1695.9182409270436,1059.9529961247642,1726.3676037707728
21,Secondary school or above,indigenous,2021-2022,33957,55222,1611.3490100224794,1910.9846619101083,1674.0260721893376,1977.5621129260078,1674.0260721893376,2041.2275602718723,1674.0260721893376,2091.098988325909
22,Secondary school or above,indigenous,2021-2022,42844,31551,1619.8334072448883,2000.4837141981764,1721.425928951545,2020.787349582158,1857.8419576447889,2050.6226427054607,1869.4349928422494,2087.997052391366
23,Secondary school or above,indigenous,2021-2022,37579,41603,1556.6314076124077,2522.769191324344,1571.1701127402716,2549.627831326267,1575.2991919245678,2609.1582738424313,1575.2991919245678,2609.1582738424313
24,Secondary school or above,indigenous,2021-2022,33596,25430,1816.472987855697,3147.056488399528,1836.7253988570067,3167.4733189146677,1836.7253988570067,3184.960538733779,1871.0732378854625,3184.960538733779
25,Secondary school or above,indigenous,2021-2022,42483,29243,1715.67303391945,3571.689828904923,1829.2033872372479,3571.874488481574,1839.565963640358,3599.0003533609183,1874.5917386562467,3599.0003533609183
26,Secondary school or above,indigenous,2021-2022,32457,28099,1889.4069846258126,2656.6782566402126,1975.0624672643805,2691.1634696371166,2115.7614433455547,2703.862616700476,2194.326929989422,2703.862616700476
27,Secondary school or above,indigenous,2021-2022,29059,35866,1906.2519930715669,2919.5532723656574,1991.5264347247553,2964.565261436086,1994.2955137249503,3110.7571051506534,2033.9906167911258,3765.8399133812895
28,Secondary school or above,indigenous,2021-2022,25690,21249,2228.0964058647983,3276.933032142689,2312.4969508239265,3494.338086498188,2318.030556636824,3673.165325427079,2318.030556636824,3849.338321803379
29,Secondary school or above,indigenous,2021-2022,29688,33336,2396.949075945388,2264.112051035917,2436.3101646007367,2356.3216742660584,2539.4904619150275,2375.529137668986,2611.3780932812365,2499.8691904647626
30,Secondary school or above,indigenous,2021-2022,26001,32311,2063.6549619886414,3782.6558034931345,2089.5112752073637,3794.524826426501,2108.812968731972,3894.166331383533,2108.812968731972,3924.2489657804877
31,Secondary school or above,indigenous,2021-2022,25448,18362,2111.6378628313946,3575.271008060124,2227.3160300744,3628.3371228624333,2317.588677564707,3692.6837808154523,2317.588677564707,3728.0611906836584
32,Secondary school or above,indigenous,2021-2022,23831,13511,2986.0533268991367,3813.7626131793845,3030.0254640314433,3884.9046455974144,3038.1339501769403,3903.1860459378777,3038.1339501769403,4032.8581649520142
33,Secondary school or above,indigenous,2021-2022,23459,21651,3213.2684328686933,6843.724115899189,3262.3178382141896,7054.573499299494,3605.867577475596,7373.396340430773,3630.623534677523,7373.396340430773
34,Secondary school or above,indigenous,2021-2022,14879,21057,1938.5874946793022,4667.713056624084,2045.648117032955,4667.713056624084,2079.0766628581673,4753.852266071457,2079.0766628581673,4753.852266071457
35,Secondary school or above,indigenous,2021-2022,18448,14214,3702.162790907777,2698.4300689461093,3880.9843433795895,2698.4300689461093,3888.959010913559,2719.469185310257,3888.959010913559,2719.469185310257
36,Secondary school or above,indigenous,2021-2022,6992,17342,1950.8211765827612,3846.5877638104025,1983.4727784134247,3850.1721254757235,2051.118540236461,3860.10946449852,2051.118540236461,3919.7046668973207
37,Secondary school or above,indigenous,2021-2022,15748,27718,2887.057933282533,4206.3677032974965,2969.476018118703,4294.866151959016,3005.995152823639,4622.495009259927,3005.995152823639,4779.162156961782
38,Secondary school or above,indigenous,2021-2022,15031,16969,3526.7418446322044,3465.350800086432,3603.4559687756414,3465.350800086432,3992.8234981039186,3504.6184842948905,4400.780387199787,3633.0880464376214
39,Secondary school or above,indigenous,2021-2022,11588,11145,2186.00333678518,6568.147151188874,2255.29009895294,6568.147151188874,2385.491600506271,7130.297592343353,2385.491600506271,7235.41737700015
40,Secondary school or above,indigenous,2021-2022,10530,8819,1896.8422285533395,5549.094681936727,1946.6143083254192,5549.094681936727,2031.0081038303258,5667.409305665798,2031.0081038303258,5737.258494916279
41,Secondary school or above,indigenous,2021-2022,15171,11547,3369.209236921319,3184.942697959066,3506.506053215565,3184.942697959066,3592.4727001076617,3316.7575993764617,4306.7301650078,3316.7575993764617
42,Secondary school or above,indigenous,2021-2022,11363,16788,5012.437179148699,3897.8604757366375,5089.33148522984,3897.8604757366375,5495.403091906481,4354.079203399254,5495.403091906481,4354.079203399254
43,Secondary school or above,indigenous,2021-2022,11934,5786,3694.121347969387,6423.753024541998,3818.716621976426,6426.855340477013,3840.726565554997,6426.855340477013,3860.962865203061,6426.855340477013
44,Secondary school or above,indigenous,2021-2022,6924,8252,2863.94665896399,3790.984003877848,2917.8576930483346,3790.984003877848,2917.8576930483346,3881.6185975117146,2917.8576930483346,4990.113507836484
45,Secondary school or above,indigenous,2021-2022,3247,6271,6736.4182322143515,3020.5070961569127,6755.82075762242,3020.5070961569127,6755.82075762242,3184.9678413862753,6755.82075762242,3184.9678413862753
46,Secondary school or above,indigenous,2021-2022,4796,8811,5181.476925215457,6098.357167177392,5258.991520711705,6098.357167177392,6287.373505699194,6155.407066923921,6287.373505699194,6155.407066923921
47,Secondary school or above,indigenous,2021-2022,4696,7132,2643.1131104486085,4099.880818844644,2643.1131104486085,4099.880818844644,3007.4284852356614,4364.240979622359,3007.4284852356614,4364.240979622359
48,Secondary school or above,indigenous,2021-2022,13543,7675,5389.271210219302,2047.1691639522257,5514.899209923946,2047.1691639522257,5550.884589825002,2282.439522258415,6274.579487558149,2282.439522258415
49,Secondary school or above,indigenous,2021-2022,5165,7708,7892.748628589868,3323.6312921639856,7900.520167796063,4089.5887389724962,7900.520167796063,4103.980712679468,7900.520167796063,4103.980712679468
50,Secondary school or above,indigenous,2021-2022,7034,6169,5035.84309544119,3454.1281677203224,5241.586626860013,3454.1281677203224,5364.442280352572,3454.1281677203224,5364.442280352572,3547.336143080997
51,Secondary school or above,indigenous,2021-2022,4955,6687,3001.1394550958626,5211.612083146403,3117.2242179616546,5235.150291610587,3168.081937436932,5624.615734509745,3168.081937436932,6250.30737500623
52,Secondary school or above,indigenous,2021-2022,7006,1423,3130.4425016652394,2111.876317638791,3173.2686506803693,2111.876317638791,3230.9097202397948,2341.3914265635976,3230.9097202397948,2341.3914265635976
53,Secondary school or above,indigenous,2021-2022,4528,1475,9778.01089517079,6996.316384180791,9778.01089517079,6996.316384180791,11807.604534746763,6996.316384180791,11807.604534746763,6996.316384180791
54,Secondary school or above,indigenous,2021-2022,2423,4623,3316.2470766267716,3601.312279183791,3405.599119548769,3964.020477323527,3882.280918970973,4190.713101160862,3882.280918970973,4190.713101160862
55,Secondary school or above,indigenous,2021-2022,502,2286,4385.956175298805,17506.34295713036,4385.956175298805,17575.503062117237,4877.988047808765,17575.503062117237,4877.988047808765,17575.503062117237
56,Secondary school or above,indigenous,2021-2022,1727,2673,1788.4771279675738,3805.1584985659065,1810.2489866821077,3805.1584985659065,3463.786913723219,3805.1584985659065,3463.786913723219,4855.912956727772
57,Secondary school or above,indigenous,2021-2022,1295,3307,7858.558558558559,4126.121862715452,7858.558558558559,4126.121862715452,7921.801801801802,4393.282431206531,8455.855855855856,4393.282431206531
58,Secondary school or above,indigenous,2021-2022,1628,1976,4270.943693693694,8960.855263157895,4280.1205978705975,8960.855263157895,5451.097256347256,9877.859311740891,5451.097256347256,9877.859311740891
13,At most primary school,non-indigenous,2021-2022,22257,38039,350.6722978538587,884.971345198349,363.4387982806907,903.644549015484,363.6533375267706,937.8603100326857,363.6533375267706,937.8603100326857
14,At most primary school,non-indigenous,2021-2022,20811,21089,487.83912354043537,1103.8188154962302,563.8710297438854,1201.8348428090474,563.8710297438854,1201.8348428090474,593.9272500120129,1201.8348428090474
15,At most primary school,non-indigenous,2021-2022,29779,19824,658.4850062124316,728.5418684422922,732.7153698915344,770.193401937046,736.8428310778289,778.0248184019371,736.8428310778289,778.0248184019371
16,At most primary school,non-indigenous,2021-2022,28843,21541,762.6557570294352,1108.6186032836608,897.1181915889471,1146.9408724447953,898.3085439563615,1204.567414078579,898.3085439563615,1303.3557711650653
17,At most primary school,non-indigenous,2021-2022,31799,20273,917.8451942933216,1569.7972673013367,973.7461974695221,1583.0326049425344,977.6517186075034,1583.0326049425344,977.6517186075034,1886.2141764908993
18,At most primary school,non-indigenous,2021-2022,35558,24898,891.0257607289499,1392.0029051864942,994.8431857809776,1422.9230594157495,994.9835667547856,1425.456730125579,998.3695839661024,1563.160561758642
19,At most primary school,non-indigenous,2021-2022,27305,29320,837.0055545382409,1509.1236925875396,837.0055545382409,1552.5616189176897,837.3992553256425,1552.5616189176897,837.3992553256425,1552.5616189176897
20,At most primary school,non-indigenous,2021-2022,31167,18152,1396.7613180607693,1591.3469590127809,1396.7613180607693,1624.359299250771,1396.9214767756494,1727.7087189657705,1425.7596710195612,1727.7087189657705
21,At most primary school,non-indigenous,2021-2022,26885,24301,1459.9337300849297,1653.0958259605227,1463.5379703676153,1725.5125989328283,1471.231851714091,1751.7460872666418,1473.234207426694,1751.7460872666418
22,At most primary school,non-indigenous,2021-2022,48509,29925,1347.1869996632927,2288.8560289612924,1473.5367491943075,2352.465051517683,1500.6583228541783,2428.8861041492623,1500.6583228541783,2428.8861041492623
23,At most primary school,non-indigenous,2021-2022,28350,28778,1187.8315226337447,1980.2116373618737,1321.0479600235155,1985.7549343248315,1327.4098059964726,2016.220046563347,1327.4098059964726,2028.1510355132393
24,At most primary school,non-indigenous,2021-2022,46256,29581,1880.127190706791,1970.737297589669,1986.774544563588,2015.286163415706,2011.4414346246972,2015.286163415706,2022.9678960567276,2015.286163415706
25,At most primary school,non-indigenous,2021-2022,27539,23590,1800.795750269315,1599.8197329376856,1863.3724596632653,1672.494595167444,1867.040893520704,1687.1135014836796,1867.040893520704,1687.1135014836796
26,At most primary school,non-indigenous,2021-2022,28792,21946,1568.5224136334168,1906.2124507123547,1757.6152171899603,1918.0232590601174,1770.8628206909327,2044.5839079255143,1786.6310896545338,2044.5839079255143
27,At most primary school,non-indigenous,2021-2022,33576,23370,1646.8742554205385,2174.66595350164,1745.7760007147963,2224.2444729710455,1751.414949170042,2307.2419055769506,1779.6791855293463,2435.115247468264
28,At most primary school,non-indigenous,2021-2022,37512,38907,1398.1367740100945,2407.227062825027,1531.3732050188385,2438.4271039487326,1557.5857059074428,2505.976645162396,1558.6147099594796,2505.976645162396
29,At most primary school,non-indigenous,2021-2022,41865,31787,1569.718515864485,2150.172240223991,1646.4831163660972,2206.9879195897697,1683.4927007444562,2231.629544572729,1703.2156196504636,2283.506097880685
30,At most primary school,non-indigenous,2021-2022,56438,30728,1835.597044544456,2704.181842836067,1883.8787341861866,2706.232090167491,1885.5726283709557,2851.605244944893,1899.7754113658646,2919.1039432005555
31,At most primary school,non-indigenous,2021-2022,25042,49500,1680.6486835449778,2377.3517373737373,1765.506123046615,2400.8042626262627,1819.761906663472,2401.998244107744,1819.761906663472,2625.1138804713805
32,At most primary school,non-indigenous,2021-2022,37275,44588,1541.1982293762576,2030.122903023235,1608.559409792086,2069.7176370323855,1611.4111871227365,2295.243189497922,1611.4111871227365,2295.243189497922
33,At most primary school,non-indigenous,2021-2022,31209,53020,2023.8506520554968,2152.688900414938,2136.3851773526867,2189.6025179177673,2320.287790915014,2421.2576323399976,2323.5550108408897,2424.9241732679493
34,At most primary school,non-indigenous,2021-2022,33715,47995,2183.982302634831,2387.342362051603,2410.106431360917,2389.21755738445,3061.0953581491913,2439.7068045282494,3083.0194275545005,2457.1794579296457
35,At most primary school,non-indigenous,2021-2022,45222,46932,1748.0341426739199,2583.9537202761444,1844.9789040732387,2612.0475581692663,1953.4786387156694,2689.7246583709766,2021.9851178629872,2744.4929046279726
36,At most primary school,non-indigenous,2021-2022,41105,34501,1874.9181162064633,1883.2937209549482,1982.2656408385033,1950.532351719274,2050.6364797469896,2045.8957711370686,2117.2179175282813,2218.296571113881
37,At most primary school,non-indigenous,2021-2022,40343,40897,1949.0613406704178,1891.3169647325394,2064.425542638541,1901.464408310308,2267.4739855737057,1920.0992307504218,2326.7496963537665,1956.2571396434946
38,At most primary school,non-indigenous,2021-2022,44335,33880,1629.277418142175,2009.6082251082253,1727.0313371677755,2100.6557457693825,1776.673737829405,2156.1496458087368,1821.8344460734559,2156.1496458087368
39,At most primary school,non-indigenous,2021-2022,42564,54278,1951.4040307928453,2514.9177690162987,2124.129103624346,2576.5814264834125,2126.2764581962847,2647.0650938993085,2164.1088987563826,2752.9558906616553
40,At most primary school,non-indigenous,2021-2022,58497,29898,1497.4082431577688,2050.989032042277,1540.748499923073,2177.338620643521,1554.6324740300072,2199.4462867081406,1589.2539076077976,2291.4290280286305
41,At most primary school,non-indigenous,2021-2022,37616,59424,2281.400330533106,2481.9717757135168,2485.7016916560324,2487.1750605815837,2504.7472219268393,2566.8288340289,2508.0348300368632,2897.0270704317004
42,At most primary school,non-indigenous,2021-2022,59112,37087,2088.3525313529117,2408.015454651675,2198.8013403933774,2455.991834515239,2252.0431807416426,2468.688107243329,2254.5806914557675,2468.688107243329
43,At most primary school,non-indigenous,2021-2022,30227,36281,2185.7684741015205,2701.9900085444174,2305.015339486772,2762.5561450897167,2382.1275515267803,2828.029923835249,2427.2289950485765,2892.9123691923232
44,At most primary school,non-indigenous,2021-2022,44035,24691,1719.1368381211917,1782.0961078935645,1859.1643162635785,1803.3710663804625,2049.964248135953,1866.5901205567482,2057.0313538473188,1881.5105369027851
45,At most primary school,non-indigenous,2021-2022,50130,33144,2675.9940554558148,2415.281850913187,2794.0219030520643,2459.1555535441307,2824.016251080524,2715.707719848741,2916.0144557483873,2715.707719848741
46,At most primary school,non-indigenous,2021-2022,38543,42595,2187.340762265522,2392.754971240756,2312.545728147783,2445.1183941777203,2484.8060391424297,3378.5065265876274,2727.277460671631,3474.116339946003
47,At most primary school,non-indigenous,2021-2022,45919,38682,2115.6933585952074,2538.5655154852384,2179.3149966970823,2538.5655154852384,2210.9389795073935,2544.2132758561256,2286.0282671660966,2764.943848215363
48,At most primary school,non-indigenous,2021-2022,36416,33006,2211.324207308143,4143.23112969359,2383.901920401289,4186.233917065583,2414.175014645577,5814.33789815993,2480.074619214997,6058.84647235856
49,At most primary school,non-indigenous,2021-2022,30219,47663,2660.6528784318916,3044.987173838547,2783.9981248000704,3064.3833511668727,2894.4630089237457,3204.64438523243,2914.195627474988,3204.64438523243
50,At most primary school,non-indigenous,2021-2022,50880,23952,2115.898093553459,2545.1834224003564,2227.834807389937,2589.4845246047653,2403.3238993710693,2654.4895346248054,2508.152253668763,2654.4895346248054
51,At most primary school,non-indigenous,2021-2022,34418,41666,1957.4439731148432,2336.0957775324405,2003.0663218858351,2336.0957775324405,2177.1191430840454,2388.168210691371,2245.3639568442873,2486.8133890142244
52,At most primary school,non-indigenous,2021-2022,27042,27834,2318.694025343293,4330.399679049604,2427.2259386633136,4330.399679049604,2475.4056221186797,4353.731081291467,2729.3242178832925,4380.504092716343
53,At most primary school,non-indigenous,2021-2022,42345,22283,2226.1803597433777,2803.971929273437,2280.1593419136457,2815.994547412826,2494.7904475144646,2908.496454696405,2504.2957019718974,2939.7310281380423
54,At most primary school,non-indigenous,2021-2022,29482,33666,1653.8348540352304,2731.8619972672727,1687.5627218868008,2751.525752985208,1818.3193417452455,2842.661716073586,1896.779645207245,2953.075783678885
55,At most primary school,non-indigenous,2021-2022,33499,38489,1906.2140461904337,4003.881166653676,1954.4322019562774,4003.881166653676,1985.5914405405138,4057.25474525189,1997.9470332447736,4057.25474525189
56,At most primary school,non-indigenous,2021-2022,34050,38775,3105.8762261380325,2658.13748549323,3226.307063142438,2689.5247195357833,3306.4930641213905,2801.5726885880076,3352.85870288791,2932.4142961530197
57,At most primary school,non-indigenous,2021-2022,33627,27596,1237.4120795789097,2126.0533758515726,1276.4726559015076,2216.70854326714,1311.5088619264282,2248.1623771561094,1392.0879600717676,2421.7650731990143
58,At most primary school,non-indigenous,2021-2022,32557,30952,1888.14706514728,2407.4361376755405,1961.4417483183338,2421.0249203067115,2014.6817069549813,2578.3320410097353,2049.674488845205,2676.8296502110793
13,Secondary school or above,non-indigenous,2021-2022,2185,19626,296.5675057208238,413.712122694385,296.5675057208238,431.1257576683991,296.5675057208238,432.4887455416285,296.5675057208238,609.1931172933863
14,Secondary school or above,non-indigenous,2021-2022,11542,26792,104.9384855311038,742.7517994177367,104.9384855311038,745.3048003135265,104.9384855311038,770.9561141385489,104.9384855311038,770.9561141385489
15,Secondary school or above,non-indigenous,2021-2022,14567,37018,482.5358687444223,1970.8848398076611,490.2038854946111,1994.769436490356,490.2038854946111,2001.4199398490825,490.2038854946111,2137.4753723413833
16,Secondary school or above,non-indigenous,2021-2022,29669,34357,866.0248070376488,1022.4940089840983,867.7505140045165,1036.0283687943263,871.8962553507027,1064.988988173201,871.8962553507027,1064.988988173201
17,Secondary school or above,non-indigenous,2021-2022,42697,47442,767.1128728794372,1749.0126725264531,795.3174305766993,1757.8086760676192,810.838427368043,1800.537692550904,810.838427368043,1812.1560897516965
18,Secondary school or above,non-indigenous,2021-2022,46114,71155,1381.9242384814445,2139.0351158269505,1494.2929334547714,2153.0747757243576,1503.5797010307788,2169.2516665495514,1503.5797010307788,2261.2037430023656
19,Secondary school or above,non-indigenous,2021-2022,62177,73305,1648.6438366813022,2194.633469749676,1737.8311567514247,2289.0584066571173,1738.839568221904,2299.013048223177,1740.2146747725578,2365.174292340222
20,Secondary school or above,non-indigenous,2021-2022,69524,72230,2097.9761796885487,2794.3945888135127,2211.6582175459794,2824.3032140384885,2226.6350600751775,2891.0206444690575,2245.297641821529,2905.133893811436
21,Secondary school or above,non-indigenous,2021-2022,98354,105607,2064.7958632423015,2845.226946761736,2111.6589293097722,2892.736922426228,2122.0338674583645,2924.886937734557,2126.6457795310816,3021.372492669362
22,Secondary school or above,non-indigenous,2021-2022,102579,86925,2566.521534622096,3149.8282991467736,2646.363168874721,3206.1435134119447,2672.654856257129,3298.172273837599,2691.0068906241368,3333.597065324513
23,Secondary school or above,non-indigenous,2021-2022,97550,64081,2379.061682897659,3700.1237834407493,2437.768069366137,3721.370642884266,2446.886470186229,3915.4864234328425,2455.0870510849136,3946.0664705606964
24,Secondary school or above,non-indigenous,2021-2022,86229,81897,2739.259993737606,3397.3323646368817,2793.876306115112,3444.7091916268814,2815.575889008725,3480.5523849062442,2815.575889008725,3521.4940555413104
25,Secondary school or above,non-indigenous,2021-2022,110457,82638,2683.3104141581493,3413.6609657381186,2724.5609279327405,3441.5494673959515,2782.055397877304,3487.576113732988,2829.8743832441587,3515.614062376469
26,Secondary school or above,non-indigenous,2021-2022,81049,82592,2910.211332033708,3611.497207154849,2950.254885933201,3622.7966066124236,2952.2095059778653,3638.323715775539,3056.0874070007035,3661.908929839855
27,Secondary school or above,non-indigenous,2021-2022,88069,84051,3280.7766618598293,4498.15841461335,3336.898963691348,4513.480278719667,3396.0450120549417,4709.687789635658,3421.125823691272,4744.2650106086385
28,Secondary school or above,non-indigenous,2021-2022,84414,71884,2985.40611055828,3696.2646529130266,3071.1186227008156,3791.1617092816205,3118.40096528222,3827.818336625675,3127.215174615585,3835.2386248678426
29,Secondary school or above,non-indigenous,2021-2022,57584,73105,3364.995383555617,3941.8708501470487,3426.043504561452,4039.5287394843035,3451.614699106233,4138.659829469028,3516.978341784755,4220.853933839455
30,Secondary school or above,non-indigenous,2021-2022,91020,72796,3452.126313813814,4027.386971811638,3493.0025498059035,4071.054893125996,3560.4365569838133,4081.950752788615,3612.2273721892625,4227.8706293386085
31,Secondary school or above,non-indigenous,2021-2022,73345,78491,3215.8297520848955,4118.822173497599,3266.1468834503603,4127.106562790638,3293.0611925375506,4154.057643583341,3315.748492285318,4286.316119077346
32,Secondary school or above,non-indigenous,2021-2022,70944,81050,3351.1625942057585,5069.041723421757,3403.6538549184334,5076.986819041745,3449.5877370414223,5185.573164918775,3569.787284102015,5235.9877238330255
33,Secondary school or above,non-indigenous,2021-2022,62820,41656,4403.910003449008,5274.048080308559,4457.339118380559,5293.625092023558,4515.617002281652,5361.326423564433,4520.439245728538,5365.325847416939
34,Secondary school or above,non-indigenous,2021-2022,61167,70434,3867.454934850491,4760.264139004837,3932.185246946883,4761.285662700779,3974.3081781570672,4804.465093089511,3979.1555631849415,4842.0827209396975
35,Secondary school or above,non-indigenous,2021-2022,63202,67661,3943.1718273683323,4750.648812954779,4026.4678464816516,4778.21934841834,4067.2664499013745,4866.735628106787,4111.340740799342,4902.612130079859
36,Secondary school or above,non-indigenous,2021-2022,72656,48234,3408.2067413565296,5970.439900623351,3449.2813256991853,6178.694866000471,3550.7669795566326,6407.122945778221,3649.5945597518903,6511.940439662203
37,Secondary school or above,non-indigenous,2021-2022,48234,58195,4452.544387776257,6476.392794340866,4542.926172409503,6484.3737205372745,4620.150398750536,7294.042363318728,4888.768662492571,7352.664238050234
38,Secondary school or above,non-indigenous,2021-2022,68631,38932,4428.519971538615,5167.49691247988,4522.872800435178,5228.7714424295355,4674.500101994726,5261.3453319463,4679.488615445887,5559.072137658824
39,Secondary school or above,non-indigenous,2021-2022,52539,60231,4048.1523233534454,7330.152634579093,4126.631072473147,7392.069255588208,4184.75754360253,7919.470566098299,4210.721113522019,7976.70023188502
40,Secondary school or above,non-indigenous,2021-2022,64048,43413,4329.943570967607,4229.591799691337,4408.328610313098,4250.624670029714,4449.177140582063,4298.212182218844,4507.467667478557,4367.492198189482
41,Secondary school or above,non-indigenous,2021-2022,43325,51276,4087.383539142143,5250.45537873469,4142.262939026737,5321.463257664404,4210.227739949991,5410.788673063421,4230.042319676862,5549.996099539745
42,Secondary school or above,non-indigenous,2021-2022,60259,43507,4006.588916178496,5401.17862259713,4104.172762574885,5486.004052987641,4165.511870979162,5751.2264118417725,4191.550028488137,5911.574344358379
43,Secondary school or above,non-indigenous,2021-2022,45569,40102,4395.546478965964,4803.694416737319,4432.812383418552,4880.2489526706895,4447.952793200056,4882.604053413795,4475.801257433782,5603.041936811132
44,Secondary school or above,non-indigenous,2021-2022,24681,35226,4723.106016098754,5888.440403868354,4841.281535729238,5888.440403868354,4963.676630471483,6096.50594258029,5003.410298745323,6281.142290732224
45,Secondary school or above,non-indigenous,2021-2022,42628,35612,4586.741617403271,4777.623600658953,4618.446717337587,4789.282592010183,4769.066615057395,4946.754324385038,4931.342583904163,4984.6151578119725
46,Secondary school or above,non-indigenous,2021-2022,33796,24546,6945.771225391565,4923.310790624406,7007.300400441867,4949.530948694967,7258.8020574426955,5319.703957196013,7289.318489367578,5332.463673646758
47,Secondary school or above,non-indigenous,2021-2022,26318,42437,5198.648200217849,4074.6623347550485,5351.282138966994,4091.508483163277,5497.263343212504,4152.121862996913,5504.634724016517,4199.978450408841
48,Secondary school or above,non-indigenous,2021-2022,32990,29290,4445.770698191372,5522.156629111187,4522.329049206831,5527.998213269602,4690.929130039406,5641.677512233981,4804.830473880975,5654.460031865256
49,Secondary school or above,non-indigenous,2021-2022,22802,33979,4275.5615369996785,4400.312840283705,4347.441196678654,4422.294063980694,4493.206188053679,4484.279407869566,4641.614222436629,4521.097001088908
50,Secondary school or above,non-indigenous,2021-2022,37115,29338,4176.334393102519,6405.959120139977,4273.9251246126905,6408.863203581248,4295.781516906911,6464.715170313813,4295.781516906911,6483.724646079032
51,Secondary school or above,non-indigenous,2021-2022,22409,25609,5188.9989513142045,6033.340609421167,5237.4187826319785,6065.044307339867,5373.01162479361,6182.596730316165,5385.464954556949,6220.673187811576
52,Secondary school or above,non-indigenous,2021-2022,22357,31862,4296.610271205141,5367.984589793485,4319.214377301665,5399.246908543092,4527.9223136676055,5423.225315422761,4633.813086132605,5514.964691482017
53,Secondary school or above,non-indigenous,2021-2022,19531,16677,5113.841248101309,4846.973876196757,5166.276863277183,4846.973876196757,5461.60651016333,5182.9495712658145,5472.553892956496,5321.409725969898
54,Secondary school or above,non-indigenous,2021-2022,20948,18882,3924.005450003183,6375.529781449705,3995.829967856916,6432.5576386682205,4675.166101775826,6901.161953182926,4675.166101775826,6956.336193199873
55,Secondary school or above,non-indigenous,2021-2022,18194,23733,5076.76981422447,5534.796675515106,5130.58151038804,5617.415813424346,5513.119343373273,6335.013953847667,5550.926679124987,6583.0651905223385
56,Secondary school or above,non-indigenous,2021-2022,15549,29010,5303.5656097926985,5972.954555900264,5328.314468240187,5972.954555900264,6023.495294445516,6051.433241411007,6023.495294445516,6160.323279328966
57,Secondary school or above,non-indigenous,2021-2022,20273,26354,3594.5328762393333,6480.414813690521,3608.5971489172794,6516.885558169538,4262.599187753827,6753.723103387215,4288.727470034036,6753.723103387215
58,Secondary school or above,non-indigenous,2021-2022,19790,9823,5341.038537982146,3867.666361260986,5380.672696648139,3867.666361260986,5706.3624389422275,4172.773422918999,5706.3624389422275,4172.773422918999
13,At most primary school,p99,2021-2022,70488,77387,217.25660159648925,747.6664685283058,241.08000416146484,756.8451419489062,249.78947716869067,774.7684796326687,249.78947716869067,774.7684796326687
14,At most primary school,p99,2021-2022,64220,60699,340.58346309560886,773.7293036129096,368.0063843039552,854.5718216115587,368.0063843039552,858.1715514258884,377.7463407038306,858.1715514258884
15,At most primary school,p99,2021-2022,80795,57513,659.4797326567239,939.164432389199,703.2483569527818,961.6202249926104,704.7696350846794,964.3196146958079,704.7696350846794,964.3196146958079
16,At most primary school,p99,2021-2022,77224,50285,624.4588469905729,1064.510655927878,769.4690769708899,1081.181830234331,776.1086363479402,1112.756852606808,776.1086363479402,1155.0756355440656
17,At most primary school,p99,2021-2022,84220,55186,815.2628750098946,1728.7548472438662,910.0847225520462,1793.1945602145472,912.1629106308873,1846.0929402384663,921.1750217683843,1957.4690138803319
18,At most primary school,p99,2021-2022,73593,53677,893.8804777628307,1045.9405331892617,977.322041498512,1068.1789220709056,977.3898695075166,1077.3091516540294,1035.0094800683034,1141.1828778309766
19,At most primary school,p99,2021-2022,65399,77408,829.3377013919683,1491.8286266708005,884.1474079624052,1517.6877110031692,884.3117835644786,1524.9390609928344,884.3117835644786,1524.9390609928344
20,At most primary school,p99,2021-2022,84897,45562,1168.182479946288,2114.62701373952,1245.1789580314971,2196.641411702735,1245.237754769505,2239.6926093381912,1268.121955624659,2239.6926093381912
21,At most primary school,p99,2021-2022,62048,65495,1159.8651635293106,1589.6672392294577,1178.3505296974386,1641.3032419777592,1182.691120852673,1654.8430160063108,1370.7337115351556,1674.218540855536
22,At most primary school,p99,2021-2022,98305,68690,1177.577144261906,2137.3325326345416,1341.8474255293897,2192.4519095453,1356.3986394384822,2232.1930169359925,1367.1785997660343,2232.1930169359925
23,At most primary school,p99,2021-2022,61350,50304,1005.3378755772887,1682.174787293257,1081.2805976636782,1685.3460062818065,1086.0932844335778,1704.3219657813825,1086.0932844335778,1711.147466735581
24,At most primary school,p99,2021-2022,95185,70251,1533.110378035755,1773.5487324023857,1670.8075467072895,1854.2849496804315,1688.1872108700602,1859.388435751804,1694.6710896324703,1865.281590297647
25,At most primary school,p99,2021-2022,69896,55454,1406.973191122048,1389.5045593344632,1470.5962024531686,1423.5363694834155,1472.2701537522414,1433.6364824899915,1526.2970794704515,1448.24318353951
26,At most primary school,p99,2021-2022,63409,56175,1243.5702975918246,2244.982141106661,1347.5825040609377,2281.3477841863228,1358.702245212299,2371.6726618009197,1365.8621121081655,2371.6726618009197
27,At most primary school,p99,2021-2022,71105,70368,1253.1220167358133,2222.0032306351372,1321.525856128261,2251.77031226315,1326.2953285047934,2321.3673473738063,1368.3950401987672,2399.2824981999393
28,At most primary school,p99,2021-2022,74739,69345,1382.0040630282272,2014.797654240873,1513.684109590263,2088.407864061336,1613.9876659664521,2148.9745956209294,1632.5830445505917,2179.2002787992406
29,At most primary school,p99,2021-2022,80356,82039,1456.4950262996333,2604.326417923183,1574.5451407901505,2637.677628932581,1602.4636897058092,2667.0152051666482,1654.8164698342378,2745.755804150059
30,At most primary school,p99,2021-2022,115685,57402,1584.705216752388,2606.231310175023,1666.443021999395,2627.892924752912,1718.490910662575,2734.775317933173,1755.0572474103528,2801.325263928086
31,At most primary school,p99,2021-2022,60398,87218,1342.797697495502,2070.0086564699945,1428.1606234202015,2085.9021646907745,1486.8908793889423,2108.063993862123,1524.2431095952404,2234.6918000489195
32,At most primary school,p99,2021-2022,76669,84246,1250.8807862369406,2349.425313961494,1307.4845635132845,2376.4268333214636,1344.7389188155144,2523.280788801051,1344.7389188155144,2549.6923296061536
33,At most primary school,p99,2021-2022,65823,86233,1645.1907387995077,2418.140180286742,1718.886559409325,2444.387672546086,1815.7540424066563,2616.75812044113,1833.0082342038497,2661.4556260364357
34,At most primary school,p99,2021-2022,73764,83510,1712.7047927625038,2264.2757434239415,1880.1725277009562,2265.353458667625,2181.3992948231294,2302.754744940726,2191.42003664841,2347.4990869356966
35,At most primary school,p99,2021-2022,89594,74416,1433.7782589607934,2202.386072887551,1547.92127076962,2225.8447376908193,1623.2646345365388,2281.852966207984,1666.5978190503827,2320.8658577008528
36,At most primary school,p99,2021-2022,81430,73341,1547.5385914282206,1964.3950859682852,1662.8611875230258,2050.944219467965,1727.6811760612386,2098.048158601601,1773.2233185967498,2377.3317789503826
37,At most primary school,p99,2021-2022,83209,101201,1670.50571853205,2529.2253031755286,1778.683716104428,2543.4210127040906,1887.9655546074746,2564.397666426221,2157.719347266121,2687.830735269414
38,At most primary school,p99,2021-2022,78542,63533,1504.833902031185,2087.3138369036565,1608.0143023265684,2161.5840586781674,1638.1697075025677,2194.614924527411,1681.063955166238,2245.5176050241607
39,At most primary school,p99,2021-2022,93229,120327,1634.4805282333464,2792.8566046412416,1754.5408099053584,2822.972704934609,1773.5517936121448,2888.452016865154,1806.317349394144,2960.4852319097126
40,At most primary school,p99,2021-2022,116998,55339,1527.3928614164345,2277.509614918954,1634.6394810167694,2355.1402190137155,1649.5572858795308,2385.9669566369707,1776.6345293651743,2599.68121481535
41,At most primary school,p99,2021-2022,57292,95383,2000.4216266378085,2316.149322206263,2160.9033692894877,2330.1067360011743,2179.644787521236,2397.8388004151684,2227.3943278875468,2603.5536552635167
42,At most primary school,p99,2021-2022,100110,85788,1757.6701212000135,2576.2253675727766,1852.9842256850798,2611.3829653720027,1896.1179286118604,2629.698146399652,1938.166748243599,2661.0871518549607
43,At most primary school,p99,2021-2022,66424,67704,1750.681540808543,2618.21974329434,1862.4528132401942,2650.6757281696796,1958.049033481874,2774.595966757257,1987.8843540487374,2995.4691795659537
44,At most primary school,p99,2021-2022,77129,71156,1767.992190572504,2453.5209328798696,1926.4009602959543,2467.552075720951,2074.6831671615087,2554.8600680195627,2086.5749329046143,2584.1628206569603
45,At most primary school,p99,2021-2022,88447,77803,2237.828100444334,2958.020029219096,2352.937103576153,2980.030105951356,2380.5943446357705,3110.7983925212825,2525.1239951609437,3132.113765964466
46,At most primary school,p99,2021-2022,70601,72336,1802.0922862282405,2601.3724977881,1889.9585345816633,2632.206660583942,2041.0969391368394,3240.10522883949,2197.2537357827796,3334.3529063444666
47,At most primary school,p99,2021-2022,83641,74357,1792.9216253591737,2672.64662735183,1851.618699760484,2703.6208463224716,1881.5226742865339,2763.551541034021,1971.0874690642147,2878.380003720789
48,At most primary school,p99,2021-2022,62535,59998,1724.5952293382372,3790.5794359811994,1840.6548759361424,3814.2360578685957,1861.2508088803604,4742.979238196829,2160.3072732603077,5029.745741524717
49,At most primary school,p99,2021-2022,64065,94922,2051.2105725955407,3021.4526207482636,2130.929920133198,3034.9677173538976,2189.853487343583,3169.1514331064805,2347.248867036083,3235.9274000407354
50,At most primary school,p99,2021-2022,89398,45715,1602.839649656592,2467.1082431003683,1695.2054184657377,2490.3194429253713,1820.4574934562295,2562.777753472602,1912.372431896314,2562.777753472602
51,At most primary school,p99,2021-2022,53233,79635,1709.613497892911,2377.779703229317,1760.6148504373853,2377.779703229317,1874.90049092355,2418.1667817751827,1974.23224002655,2478.5792888386595
52,At most primary school,p99,2021-2022,52977,56793,1802.5333226368675,3531.632501658068,1927.8979148183803,3531.632501658068,2006.0468914182884,3561.145098574355,2215.0662142690853,3658.196965295019
53,At most primary school,p99,2021-2022,60736,42368,2067.6635383737266,2235.161792705186,2127.6227059185107,2244.690210378902,2292.0190963075165,2327.376003115559,2353.569083135757,2361.6471511518125
54,At most primary school,p99,2021-2022,55894,59965,1799.9108878710895,2048.1921843297478,1851.0066226547872,2070.7586814530696,1929.7995163464177,2100.9913449512214,2122.527298696342,2181.8835320603685
55,At most primary school,p99,2021-2022,57999,59795,1403.360644149037,3277.7057818100734,1444.389541198986,3277.7057818100734,1467.5885618717564,3385.4048620007247,1474.7248918084792,3385.4048620007247
56,At most primary school,p99,2021-2022,61209,49250,1823.0254102065599,2111.7092165820645,1922.128058509914,2136.420688663283,1990.6480746295479,2235.5440727580376,2062.0229269116194,2451.490942470389
57,At most primary school,p99,2021-2022,63542,43946,1218.9445038976846,2004.0126282255494,1293.4506573080273,2069.5139252719246,1361.1899085119555,2099.6078663207877,1423.0329939252779,2272.339703879003
58,At most primary school,p99,2021-2022,59495,42091,1892.539692411127,2237.738788181163,1978.6839902512816,2261.225994472294,2129.2466425750063,2381.38076825608,2148.395478611648,2453.8118817957916
13,Secondary school or above,p99,2021-2022,4630,32819,194.38444924406048,672.9734032115543,194.38444924406048,684.553890124623,194.38444924406048,692.0023193881593,194.38444924406048,980.1936110180079
14,Secondary school or above,p99,2021-2022,19565,39581,286.30462560695116,621.8060738738284,299.8824431382571,627.9403302089387,537.9384956129143,645.3034589828453,537.9384956129143,645.3034589828453
15,Secondary school or above,p99,2021-2022,32679,53897,347.16729398084397,1507.5131732749503,353.5426420637106,1523.9177969089187,353.5426420637106,1528.4855526900074,353.5426420637106,1621.9323122499088
16,Secondary school or above,p99,2021-2022,59820,56999,712.8957706452692,920.8385527231471,753.8240554998329,1008.0909606601285,755.8802240053494,1025.547407264455,787.4750083584086,1031.9703269648005
17,Secondary school or above,p99,2021-2022,73987,88880,644.5625470240267,1318.2862197344734,702.0546740193097,1330.833474459946,712.6040498105523,1353.6411927317731,712.6040498105523,1359.8428128937894
18,Secondary school or above,p99,2021-2022,92518,113410,1091.296821519416,2166.4566543220762,1164.008185794476,2191.853374188049,1228.6196127600394,2206.401988360815,1243.4059246128681,2306.5503879728417
19,Secondary school or above,p99,2021-2022,108020,111428,1358.4025874837994,2440.3434983427264,1429.8257035734125,2502.462714338706,1430.4061516385855,2511.637891732778,1431.1976717274579,2565.5309886204545
20,Secondary school or above,p99,2021-2022,115888,107316,1649.8409894323256,2376.2839292370195,1735.3580403780663,2429.701313410861,1744.3430086232686,2484.764553437201,1755.5391405207329,2504.4167954141662
21,Secondary school or above,p99,2021-2022,131491,160829,1870.7707042053576,2524.446941575628,1922.009914493514,2578.5038964780397,1929.7702681805852,2621.475002435299,1933.219933937177,2701.955201901813
22,Secondary school or above,p99,2021-2022,143626,117997,2234.055458853782,2831.038599032179,2320.6094602184376,2877.953351102147,2376.3311494204854,2953.7258989917823,2392.896571651372,2989.8157995824754
23,Secondary school or above,p99,2021-2022,134998,104547,2149.0364215272325,3200.068857387905,2195.504946986869,3223.7799155722623,2203.2433332345663,3366.4504688481416,2209.1691000360497,3385.19419176702
24,Secondary school or above,p99,2021-2022,117699,106158,2444.368946776665,3151.2554415745085,2490.162963718185,3192.6957475335507,2506.0605782547004,3224.536494344907,2515.864824679904,3256.121490294341
25,Secondary school or above,p99,2021-2022,150995,110018,2372.710062695233,3039.710840226145,2434.8281328300054,3060.7078588958175,2479.802469728578,3101.651386318603,2524.6380051215824,3122.7115764693053
26,Secondary school or above,p99,2021-2022,111689,110183,2545.4139090092426,3356.985920393043,2599.363805597089,3374.2502896696105,2641.669553402752,3389.127796484031,2739.8815527939187,3406.807021046804
27,Secondary school or above,p99,2021-2022,115383,116708,2813.3606900496607,3784.8940138922208,2877.673673764766,3809.7613580331536,2903.351055470332,3878.160732254858,2932.4917607735397,4104.378729307331
28,Secondary school or above,p99,2021-2022,108202,92625,2735.2150252922006,3595.1097253441294,2822.1227164624192,3683.4761490958163,2860.3239511900583,3752.9490235897433,2867.200373683789,3799.1233825641025
29,Secondary school or above,p99,2021-2022,85925,105565,2924.320211424692,3381.740234294826,2978.832250994084,3478.4880200192615,3031.6190805935407,3553.2029192124915,3100.2615013092814,3649.3882078971883
30,Secondary school or above,p99,2021-2022,115080,103531,3045.670082406442,3843.448374560921,3081.680205798865,3877.856909202719,3112.351970368439,3916.6152682127417,3153.314778849496,4028.604752843754
31,Secondary school or above,p99,2021-2022,97000,95968,2830.4456374570445,3974.9770493289434,2898.840359106529,3991.906129855786,2942.874259450172,4026.2608169997643,2960.0288986254295,4141.202255812702
32,Secondary school or above,p99,2021-2022,92343,93564,3066.1679742915003,4649.476062908811,3112.6234717303964,4666.63169969219,3150.0054786682986,4763.334740747866,3242.3507205021856,4825.731602788822
33,Secondary school or above,p99,2021-2022,83990,60355,3809.507527681867,4769.042901720376,3863.1694755328017,4858.19210228371,4002.7140641743067,5019.288945958633,4013.235356391634,5022.049280645071
34,Secondary school or above,p99,2021-2022,75040,90902,3393.777345415778,4691.915229587908,3467.768736673774,4692.706741325823,3508.7324449182656,4746.11737402184,3512.6836709310587,4755.826291317389
35,Secondary school or above,p99,2021-2022,80228,79059,3776.4539188313306,4011.9189592582757,3883.191903076233,4035.514628315562,3917.165952036695,4097.175118160699,3951.8867893171127,4127.8792758151085
36,Secondary school or above,p99,2021-2022,78171,63376,3139.1309223795697,4375.689901014054,3174.8937372341834,4381.419672536397,3271.432361958612,4557.990193448624,3363.287610921356,4654.071785849534
37,Secondary school or above,p99,2021-2022,62281,79791,3725.2867005988987,4387.336650332327,3794.3991907644386,4423.900297861497,3850.2900188928675,5075.768511904016,4058.3235015494292,5172.947391727555
38,Secondary school or above,p99,2021-2022,79398,55022,4063.6112580501613,4571.562784401391,4127.688678136309,4614.918896502005,4274.5888939268,4650.07756030921,4356.132089809148,4900.361083263664
39,Secondary school or above,p99,2021-2022,63049,66529,3573.616524449238,5123.596576931363,3651.7476605497313,5179.651831031079,3724.1148934426665,5398.169194386408,3745.750446742481,5467.590950312395
40,Secondary school or above,p99,2021-2022,73674,51884,3834.902966673001,4213.952948885976,3910.160248753518,4231.551823298127,3957.733793468524,4291.480381877522,4008.408273836994,4361.321823041143
41,Secondary school or above,p99,2021-2022,58496,61390,3901.1242677561995,4219.818917304664,3977.3787125045583,4279.128251072379,4050.012311383114,4378.530705326601,4249.931394169402,4494.803713959928
42,Secondary school or above,p99,2021-2022,71491,59597,4149.523928419894,4348.004541615629,4243.9981279694875,4366.59440352143,4360.242480405459,4688.725201492245,4382.189765145263,4805.782393968376
43,Secondary school or above,p99,2021-2022,57096,44861,4266.013410163,4636.344229954749,4321.798228714212,4703.683121196585,4338.482409742655,4704.980461871112,4364.938320255943,5348.991964066784
44,Secondary school or above,p99,2021-2022,30757,43098,4177.464628648221,5471.895099540582,4284.431172849541,5471.895099540582,4382.647297092261,5659.310602193451,4414.531637784353,6022.466665119805
45,Secondary school or above,p99,2021-2022,44788,41883,4595.325961567086,4514.536486561771,4626.908639963085,4524.449816552459,4770.264561191985,4682.9679901949075,4920.3270779375425,4715.16004902546
46,Secondary school or above,p99,2021-2022,37711,32162,6214.473486957828,4823.206838297784,6278.393828502735,4843.218031631532,6634.572927439385,5141.362840204796,6661.921269656068,5151.101040565471
47,Secondary school or above,p99,2021-2022,30342,48737,4466.803413310482,3747.066817818085,4501.557879067518,3761.735344809898,4684.56355876343,3853.199051370964,4690.957336365434,3881.4217569129546
48,Secondary school or above,p99,2021-2022,45398,34643,4526.9037255679405,4423.199713265787,4620.0144352908355,4428.138661971153,4753.268469976651,4576.375439001626,5051.929321409167,4587.18281711553
49,Secondary school or above,p99,2021-2022,26652,41687,4624.789915703637,4201.232518530956,4687.792317024364,4360.776261184542,4812.500906748712,4413.961506784689,4939.470740157087,4443.97146192658
50,Secondary school or above,p99,2021-2022,42410,33629,3718.946388430402,4988.133614836402,3838.476687888077,4990.6671424465,3877.980735675548,5039.392498537969,3877.980735675548,5073.074737082083
51,Secondary school or above,p99,2021-2022,27364,31131,4792.827199970765,4860.899735526217,4853.499616284169,4882.784673369524,4973.748848852508,4968.5434159947745,4983.947162939142,5134.265686400479
52,Secondary school or above,p99,2021-2022,28935,32085,3836.202845458211,3962.721676796011,3864.0376476009446,3993.766713417485,4039.2550889925697,4027.757674925978,4121.072956626923,4118.859435873462
53,Secondary school or above,p99,2021-2022,22670,18152,4882.391196147625,5021.625716174526,4927.566317453316,5021.625716174526,5182.003164975738,5330.300609666519,5191.434719158947,5457.509732628177
54,Secondary school or above,p99,2021-2022,22550,21754,3777.7087730968215,4588.234500934694,3854.031611234294,4714.813520885047,4253.110694752401,4877.060463975973,4253.110694752401,4924.950507186418
55,Secondary school or above,p99,2021-2022,17543,23494,3243.259419711566,4980.87793337306,3299.0680043322122,5027.821833943418,3459.686294628437,5354.313278567578,3498.8966159341808,5413.307064214977
56,Secondary school or above,p99,2021-2022,14992,29162,2930.419001245108,4791.534656973687,2958.5953619708284,4791.534656973687,3230.4643587691207,4869.604290972269,3230.4643587691207,5074.239318290926
57,Secondary school or above,p99,2021-2022,20658,28368,3680.9854939168035,5649.391462210942,3694.787652886694,5683.272948392555,4336.6011553232,5934.44034357962,4362.24248878562,5934.44034357962
58,Secondary school or above,p99,2021-2022,18845,10771,4047.780083134342,3672.7450252220465,4090.1945166710893,3672.7450252220465,4467.363527018661,4119.227864945997,4467.363527018661,4119.227864945997
13,At most primary school,p90,2021-2022,69239,75977,219.41656195689328,761.5418481908998,243.66971408214062,770.8908617081485,252.53629698098857,789.146825135677,252.53629698098857,789.146825135677
14,At most primary school,p90,2021-2022,64220,57998,340.58346309560886,809.7623193903238,368.0063843039552,894.369719645505,368.0063843039552,898.1370909341701,377.7463407038306,898.1370909341701
15,At most primary school,p90,2021-2022,79701,57513,650.9863740730982,939.164432389199,692.6745586630029,961.6202249926104,694.216718318047,964.3196146958079,694.216718318047,964.3196146958079
16,At most primary school,p90,2021-2022,77104,48493,623.0962077194439,1088.175991036507,768.3321228470637,1105.4632283697304,774.9820156325655,1138.2050673980436,774.9820156325655,1182.0876896321806
17,At most primary school,p90,2021-2022,83185,51643,790.4440704453928,1259.6298627113065,883.8767806695919,1275.0611893189784,885.9808258700486,1331.5886954669559,895.1050670192943,1450.6057936215943
18,At most primary school,p90,2021-2022,73470,52878,892.028664761127,955.1262654916347,974.7728460596161,975.8927468260271,974.840787623066,985.1609364953288,1032.5568622113333,1049.9998108854343
19,At most primary school,p90,2021-2022,63901,74179,843.1532579041539,1433.8892453839137,899.2478417134839,1460.8739715193428,899.4160706926862,1468.4409716137093,899.4160706926862,1468.4409716137093
20,At most primary school,p90,2021-2022,83913,45263,1159.3279706362541,2105.4754656120895,1210.077794858961,2188.031637319665,1210.1372810728571,2231.367224149232,1233.2898319291012,2231.367224149232
21,At most primary school,p90,2021-2022,57657,61614,1072.2296859011049,1472.011966977202,1081.9162807638274,1519.2447387498512,1086.587439512982,1533.6373686716222,1288.9508414705356,1554.2333371203513
22,At most primary school,p90,2021-2022,97321,65598,1166.3209499148866,1571.6999247944552,1332.25214667612,1629.4173856926534,1346.950486020489,1671.031713365245,1357.8394411278143,1671.031713365245
23,At most primary school,p90,2021-2022,61350,50304,1005.3378755772887,1682.174787293257,1081.2805976636782,1685.3460062818065,1086.0932844335778,1704.3219657813825,1086.0932844335778,1711.147466735581
24,At most primary school,p90,2021-2022,93600,66801,1498.5578133903134,1486.8599571862696,1634.7328668091168,1571.7658717683867,1652.406834045584,1577.1329321417343,1658.1030733618234,1577.1329321417343
25,At most primary school,p90,2021-2022,66583,55454,1163.9061747493104,1389.5045593344632,1229.9764028856214,1423.5363694834155,1231.7336457253853,1433.6364824899915,1288.448813260642,1448.24318353951
26,At most primary school,p90,2021-2022,63132,53480,1236.229365984498,1765.7193675517328,1334.9940178250858,1803.9175724881577,1346.1625483114742,1898.794161867365,1353.3538300703287,1898.794161867365
27,At most primary school,p90,2021-2022,69641,69318,1088.4233569305438,2025.4179770526175,1158.2651886101578,2055.6359579522396,1163.13492530741,2126.287219769757,1206.1196613106265,2205.3825966319478
28,At most primary school,p90,2021-2022,73315,68142,1380.0122985291778,1609.009763924354,1499.2489486007867,1683.919511216773,1601.500704721635,1745.555506638099,1620.4572620427834,1776.3148034007415
29,At most primary school,p90,2021-2022,79513,79837,1423.008996432449,2206.243157934291,1541.5560893606494,2240.5142352543307,1569.7706318463645,2270.6609769488664,1622.678458239533,2351.573335880189
30,At most primary school,p90,2021-2022,114418,56570,1556.5364686209045,2585.7325378586997,1639.179391937166,2607.71273937894,1691.8036293823232,2716.1670991691703,1728.7748809919185,2783.695824642036
31,At most primary school,p90,2021-2022,59626,85268,1317.9533872248126,1983.3702561336022,1394.7110097384812,1999.6272341323825,1453.662194344749,2022.295883762568,1491.4980377687586,2151.8195503197758
32,At most primary school,p90,2021-2022,76549,82581,1245.0035794066546,2166.005315992783,1301.6960900860886,2193.551240600138,1339.0088461856676,2343.3660688697564,1339.0088461856676,2370.310119761204
33,At most primary school,p90,2021-2022,64703,84458,1638.6709014007592,2298.770775612336,1711.929946576408,2325.5698947011138,1810.4741923352342,2491.4928485164223,1828.0270518110958,2534.8279973477943
34,At most primary school,p90,2021-2022,72768,78454,1685.0450243696862,2059.208801760692,1854.8049463133977,2060.3559708024236,2160.154705135957,2095.0907378846205,2170.312604212474,2142.7186472327735
35,At most primary school,p90,2021-2022,84021,73723,1336.9421136779297,2157.2882546830706,1455.398606697532,2180.9674321446496,1532.795685999135,2237.5021408967805,1579.0031023990034,2276.8817555805745
36,At most primary school,p90,2021-2022,80955,69499,1498.8086076626932,1749.3302061900172,1611.2873798200646,1840.6638944445244,1676.4876968686308,1890.3718039108478,1722.2970559776006,2011.2791550957568
37,At most primary school,p90,2021-2022,81646,97278,1606.9118348316717,2036.9685839209963,1717.1607508838972,2051.736774056484,1828.5346393781283,2073.182870124797,2103.452496141881,2201.593713275355
38,At most primary school,p90,2021-2022,76264,61629,1465.6765227805167,1976.4674098232974,1571.8209028287702,2053.032176410456,1602.8770477114583,2087.0835158772657,1645.8724321654602,2139.5588115984356
39,At most primary school,p90,2021-2022,92673,114590,1614.2887914135363,2420.4371818366935,1735.069385545592,2452.0610582657014,1754.194427359281,2518.527845652617,1787.1565630406553,2594.167436076447
40,At most primary school,p90,2021-2022,115919,53087,1530.4403074560685,1900.4446395539396,1638.685202598366,1981.3684062011414,1653.7418657280803,2013.5028427549744,1782.0019726418159,2081.3487058350756
41,At most primary school,p90,2021-2022,56410,92393,1918.3151184778112,2156.5580812399207,2080.242436329256,2170.9671814964336,2099.2768864858476,2240.8911746560884,2147.773016013709,2453.263324061347
42,At most primary school,p90,2021-2022,95351,80619,1648.668314962612,2196.956323364633,1748.7395779803044,2234.368099744891,1790.7976756055698,2253.857584233659,1834.9451657559964,2287.2591396982516
43,At most primary school,p90,2021-2022,64459,63368,1622.233316268222,2346.1759010857213,1736.1614721502556,2380.8527095694985,1834.4062220429523,2424.24836405336,1865.1510572612046,2660.2349819046417
44,At most primary school,p90,2021-2022,76044,67660,1734.877040485333,2281.6307345551286,1895.545995300966,2296.386868164351,2045.9439008994793,2388.2060744900978,2058.005339014255,2419.022903734358
45,At most primary school,p90,2021-2022,84820,75933,1762.4672954491866,2988.9683317310437,1880.1795095496345,3011.520450045874,1909.0194058005188,3145.5091637803503,2059.7293091252063,3167.3494703664196
46,At most primary school,p90,2021-2022,66333,65126,1485.194410524676,2202.846497558579,1578.7141518299086,2231.55269784725,1739.5771084276805,2317.963923778522,1905.7813506600535,2422.6456177256396
47,At most primary school,p90,2021-2022,80927,67042,1726.0711217105127,2012.570258494675,1784.6770505105424,2046.9240963873394,1815.5838965981686,2099.136639768106,1908.1523718907163,2226.4941171703313
48,At most primary school,p90,2021-2022,59349,53704,1693.9814374856076,2328.4985289736333,1816.2714507966996,2354.9276590198124,1837.9730239768148,2380.8456539550125,2153.083573438474,2650.107099409107
49,At most primary school,p90,2021-2022,56839,91652,1700.8601371124287,2615.6344178704953,1789.006832163362,2629.631711983008,1855.421412527783,2743.120270152315,1968.786091709331,2811.3384577896095
50,At most primary school,p90,2021-2022,84007,41465,1461.7529967740784,2333.8770850918445,1551.9218517504494,2359.467341934965,1604.5141158871681,2437.837212106596,1702.3275322294571,2437.837212106596
51,At most primary school,p90,2021-2022,49721,77474,1675.7908194391368,2251.1795785252684,1730.394608582557,2251.1795785252684,1852.7527168265588,2289.719282167781,1946.5566829575696,2351.816889106883
52,At most primary school,p90,2021-2022,49538,51247,1782.890060828724,2266.229333749618,1899.6073283809062,2266.229333749618,1983.181520583525,2298.9358125028457,2172.979588060344,2406.490726286417
53,At most primary school,p90,2021-2022,53644,38288,1783.6063554793327,2201.352325358685,1848.8136480003975,2211.8960988647445,2034.3903978077697,2303.392956017551,2098.5410949966445,2341.3160650856667
54,At most primary school,p90,2021-2022,53565,54102,1677.8814368835372,1769.9871415720922,1731.1988083014407,1794.9991559153698,1804.917032266094,1828.5081143026136,2006.0245962848876,1889.1158552364054
55,At most primary school,p90,2021-2022,52452,44592,1273.6336205800858,2124.1953090987918,1312.5256552022165,2124.1953090987918,1338.1780612115203,2268.612839149025,1341.438184753044,2268.612839149025
56,At most primary school,p90,2021-2022,56840,45892,1599.2293572601454,1832.6651032133416,1694.1312573305183,1859.1847580551441,1755.9077351630308,1943.3023965687557,1832.7688071780435,2080.768258447369
57,At most primary school,p90,2021-2022,60337,42026,1124.6809033705135,1665.5056631609004,1203.144698388496,1675.7497977442536,1274.4821447315358,1707.218610701312,1339.6102308699474,1887.8418756642714
58,At most primary school,p90,2021-2022,53594,35318,1516.0792066276076,1517.3687166128698,1608.9040564242266,1545.360109103951,1674.7247017700986,1586.4925226985297,1682.8506113868468,1672.813888574287
13,Secondary school or above,p90,2021-2022,3842,32819,234.2529932326913,672.9734032115543,234.2529932326913,684.553890124623,234.2529932326913,692.0023193881593,234.2529932326913,980.1936110180079
14,Secondary school or above,p90,2021-2022,17535,35968,319.4496720844026,671.555444005783,334.599372683205,678.3058888456407,600.2148084782815,697.4131508563167,600.2148084782815,697.4131508563167
15,Secondary school or above,p90,2021-2022,31145,52101,309.0842831915235,1456.0649027849754,314.2485150104351,1473.0350185217176,314.2485150104351,1477.7602317293974,314.2485150104351,1574.428241940334
16,Secondary school or above,p90,2021-2022,58198,56429,678.027165881989,930.1401170792795,720.0961373243067,1018.2738780886896,722.2096120141586,1035.9066555612658,754.6849548094436,1042.39445438811
17,Secondary school or above,p90,2021-2022,71856,85322,639.1774173346694,1255.270768891181,697.8881721776887,1268.3412548150927,708.7504059044014,1291.9969356477034,708.7504059044014,1294.0503333645877
18,Secondary school or above,p90,2021-2022,84346,105138,969.6931804709174,1864.2788446295979,1043.767943945178,1886.8628960667565,1114.6393545633462,1895.3091761938276,1130.8582623953714,1996.0513436309104
19,Secondary school or above,p90,2021-2022,102841,99939,1303.9215633842534,1961.13024278143,1378.4796190235413,1990.0028550749291,1379.0892980426095,1995.109887031089,1379.9206785231572,2055.1985411100773
20,Secondary school or above,p90,2021-2022,99057,98908,1371.468335571102,2061.063532103908,1441.5500057206118,2103.291056672194,1442.1893682425268,2156.3352998072282,1455.287860356495,2177.6581452797886
21,Secondary school or above,p90,2021-2022,114492,143053,1638.1058778488161,2267.386002623736,1696.5378643631577,2304.038963414492,1696.5378643631577,2346.1317541983276,1700.4997132259605,2395.159387313327
22,Secondary school or above,p90,2021-2022,119412,100318,1889.325718241606,2619.765656877795,1971.7915926930848,2667.8746702153817,2038.7263089136768,2745.9557058553796,2057.7324277850353,2775.3671773759443
23,Secondary school or above,p90,2021-2022,117238,87678,1913.358568325401,2456.660342389197,1965.355855894278,2484.933341317092,1974.266504887494,2654.733956446695,1981.089946661208,2654.733956446695
24,Secondary school or above,p90,2021-2022,99613,86136,2093.042054417261,2698.9074022476084,2133.9956448120893,2736.405312529024,2152.350511479425,2759.65749512399,2163.9348428417975,2782.0058744311323
25,Secondary school or above,p90,2021-2022,129012,97743,2137.154244695584,2666.5604123739467,2200.8616362560592,2689.177377271689,2238.461756141548,2733.0153844265064,2290.9370426782007,2756.7204067810485
26,Secondary school or above,p90,2021-2022,92422,96270,2208.182245569237,3011.9934784114125,2262.6899385427714,3020.3761521415463,2313.815067480326,3028.3298933554934,2432.5010946167217,3044.8682749904783
27,Secondary school or above,p90,2021-2022,96592,97181,2270.743864226161,2822.671627238521,2329.228780161228,2849.738831733227,2340.8896837557286,2919.1301822372693,2375.355188145326,3187.765512188597
28,Secondary school or above,p90,2021-2022,92720,74530,2241.4685558671267,3326.65353070352,2306.0035644952545,3433.6499080012527,2345.3463887690536,3515.629983138781,2353.371007693414,3565.858079207478
29,Secondary school or above,p90,2021-2022,69419,93904,2393.479654945572,2869.5063096353724,2450.3823328867693,2937.223659269041,2514.2032368659875,2985.1660081927644,2599.1670075915813,3074.1270748139946
30,Secondary school or above,p90,2021-2022,89854,85993,2370.1259700922237,3095.5002112575053,2404.7250419198554,3136.0575822063033,2433.51014516141,3166.600669046705,2484.9057424637003,3185.335333496137
31,Secondary school or above,p90,2021-2022,80340,81692,2350.5133100987473,3398.104026546867,2427.306787818439,3415.7807880412606,2476.775151439715,3452.9727278782907,2497.4871255497474,3548.9882495940033
32,Secondary school or above,p90,2021-2022,77362,78461,2587.7900810475426,3528.415915762821,2643.2415947105815,3548.873850278058,2687.8625541825013,3644.891914454315,2760.087936152978,3717.3113330189526
33,Secondary school or above,p90,2021-2022,65485,50636,3194.5188834593164,3569.0590620638804,3238.5478519253775,3599.5314532480184,3250.811729149169,3656.5363509492586,3264.306168079204,3659.826500250151
34,Secondary school or above,p90,2021-2022,61688,76060,2981.0034960878397,3417.204222981856,3034.788900056197,3417.49806994478,3079.568003501491,3466.6057919186605,3084.3744488393204,3478.209262862652
35,Secondary school or above,p90,2021-2022,56018,69042,3037.2180311090483,3594.538073443218,3130.6032822783154,3613.997243223931,3168.790472110155,3678.2308498208818,3188.4314803575044,3705.0180228459967
36,Secondary school or above,p90,2021-2022,60315,50521,2310.8296388405315,3252.2411373488253,2354.10104727956,3259.428841471863,2465.922664345519,3387.243677546631,2574.8742794771892,3507.7731009547188
37,Secondary school or above,p90,2021-2022,48656,70227,3027.1012653458292,3615.0052021777,3111.399090896635,3655.700376398441,3182.9408671763676,4392.727683084853,3271.245153047243,4503.141056858473
38,Secondary school or above,p90,2021-2022,65091,48958,3486.527169654791,3948.626595381075,3560.7690617750536,3997.3528505385566,3696.3728062763416,4036.8663110557345,3795.839194358667,4318.150268733744
39,Secondary school or above,p90,2021-2022,49291,55038,2855.7320792166247,3786.508003561176,2934.3725003888467,3851.6884243613504,2992.407063831801,4019.9402079775186,3020.081487154517,4041.2265919304236
40,Secondary school or above,p90,2021-2022,57075,46829,2508.9712220762153,3787.9391288873703,2590.505606657906,3807.19856214454,2645.963629726967,3873.596164769694,2711.3756606803913,3937.822463288418
41,Secondary school or above,p90,2021-2022,48311,48617,3283.35132785494,3279.2072046129265,3373.8787439713524,3354.0987034713503,3446.6484030552047,3479.6168692706938,3687.618368487508,3490.230440655189
42,Secondary school or above,p90,2021-2022,60639,48753,3584.1969304682902,3593.3209580265143,3668.2453976263896,3607.996977963749,3783.4439497133308,3983.707788922391,3809.3189366579263,4122.453250740125
43,Secondary school or above,p90,2021-2022,41957,34315,3309.8972757823485,4193.204526689009,3360.87065328789,4280.715527708971,3368.191044799835,4282.411578998494,3384.44006165042,4962.609743066687
44,Secondary school or above,p90,2021-2022,22571,34836,3279.408359546911,3903.4698779040837,3412.8840584525865,3903.4698779040837,3480.7853477175727,4135.334424158916,3516.8493236158492,4471.977551957744
45,Secondary school or above,p90,2021-2022,31123,31872,3230.59740920434,3232.7183212014725,3271.99846308732,3245.7454296352075,3314.9578500358793,3358.4739478748324,3530.907469288522,3381.6259308065596
46,Secondary school or above,p90,2021-2022,18674,25887,2780.010379850773,4033.902125906182,2819.6912195209025,4048.3688466540475,3088.5420281318056,4418.783855474434,3088.5420281318056,4430.8825922921415
47,Secondary school or above,p90,2021-2022,19730,36516,2974.944289575942,3249.6879587030344,3011.780072647407,3249.6879587030344,3216.373331643859,3323.491223025523,3226.2060736610915,3330.0020675868113
48,Secondary school or above,p90,2021-2022,33114,25004,3838.791498057217,2746.664800298619,3875.5934549334625,2753.507705433797,4035.247981719716,2766.412307364155,4435.680990920256,2781.3859115874793
49,Secondary school or above,p90,2021-2022,15431,33235,3091.5233404618407,3540.6181234642195,3137.6901475385043,3563.09141968808,3333.9444408441877,3596.0225665713856,3553.24325491975,3620.9969911238154
50,Secondary school or above,p90,2021-2022,31696,20674,2986.8343639575974,4263.395085614782,3102.19844775366,4267.516203927639,3107.1538574793876,4302.951291477218,3107.1538574793876,4329.92720325046
51,Secondary school or above,p90,2021-2022,19743,24783,3302.475696027284,4468.166807892507,3374.2499957790947,4486.627042730904,3493.608755845954,4547.748459965836,3493.608755845954,4587.093979071676
52,Secondary school or above,p90,2021-2022,20790,21501,2296.102701619368,2987.2110599507,2332.4038079204743,3033.5382075252314,2396.661463844797,3072.238733082182,2510.533517716851,3208.1858983303105
53,Secondary school or above,p90,2021-2022,11530,12709,3213.849233882625,3655.445615967687,3296.6003180109856,3655.445615967687,3330.092656837236,4014.2517113856325,3348.6367447239086,4171.8250845857265
54,Secondary school or above,p90,2021-2022,14449,15505,2801.7100029990543,3424.1977856605395,2910.8234364546565,3536.264860797592,3087.253177843911,3607.8237127808234,3087.253177843911,3675.014941416747
55,Secondary school or above,p90,2021-2022,12446,13057,2785.7993197278915,2697.43049705139,2858.0755530558686,2781.8985984529368,3073.9167871873165,2841.471241479666,3129.18487867588,2947.6211993566667
56,Secondary school or above,p90,2021-2022,12722,21893,2868.1516271026567,3354.931956942097,2897.865508567835,3354.931956942097,3218.2443798144946,3356.5344478448205,3218.2443798144946,3629.113202088947
57,Secondary school or above,p90,2021-2022,10437,17834,3337.547666954106,3273.0450450450453,3340.4699626329407,3305.0569324511234,4440.075532560442,3368.3713879854963,4490.827536648462,3368.3713879854963
58,Secondary school or above,p90,2021-2022,11187,8065,3250.7714013289233,2600.9675552800163,3312.0746998003633,2600.9675552800163,3344.040374243914,2798.991940483571,3344.040374243914,2798.991940483571
13,At most primary school,p50,2021-2022,54364,46681,161.07074534618496,429.02187185364494,186.73331616510924,442.6462586491292,197.93812694675395,444.47783894946554,197.93812694675395,444.47783894946554
14,At most primary school,p50,2021-2022,47261,37900,153.61764104300232,626.069525065963,184.33006777963507,755.2568601583114,184.33006777963507,761.0220316622691,197.5650818504334,761.0220316622691
15,At most primary school,p50,2021-2022,54864,43351,312.95002187226595,648.8803949159189,338.26115485564304,674.450739313972,338.5329481384271,678.0319715808171,338.5329481384271,678.0319715808171
16,At most primary school,p50,2021-2022,44850,29544,506.3783723522854,589.6725223395613,675.7123745819398,589.6725223395613,676.4778892604979,589.6725223395613,676.4778892604979,589.6725223395613
17,At most primary school,p50,2021-2022,58760,33170,579.5306330837304,1012.8485076876696,672.9930224642615,1012.8485076876696,675.9716643975494,1100.8572505275852,688.8886147038802,1269.3528791076274
18,At most primary school,p50,2021-2022,42228,26079,702.2216065170029,815.5155489090839,778.3598323387325,815.5155489090839,778.4780398471788,815.5155489090839,876.0436361340027,815.5155489090839
19,At most primary school,p50,2021-2022,43050,44922,561.2093999225707,830.8928067910304,586.3952303523035,839.2561922146535,586.6449399922572,847.9226028820325,586.6449399922572,847.9226028820325
20,At most primary school,p50,2021-2022,53823,25875,765.1475391561229,1161.6249661835748,841.4851643349498,1184.7839999999999,841.5779065950741,1242.642885668277,860.9748186958487,1242.642885668277
21,At most primary school,p50,2021-2022,37397,29385,646.5950120776176,1034.5506891271057,658.9382481660739,1064.0895695082525,666.1400290575893,1072.5730644886846,976.6952429339252,1072.5730644886846
22,At most primary school,p50,2021-2022,56961,41997,864.9565492178859,1153.9099221372956,1085.4567159986657,1231.4761768697765,1089.261490317937,1265.1885055281728,1089.261490317937,1265.1885055281728
23,At most primary school,p50,2021-2022,43440,30063,747.842011970534,1152.772527691847,850.9823434622467,1158.0788843428797,857.5482965009207,1171.2495592588896,857.5482965009207,1171.2495592588896
24,At most primary school,p50,2021-2022,48168,43000,906.697869955157,1169.5217519379846,1032.3658445440958,1255.7961705426358,1033.539514477108,1264.13396124031,1033.539514477108,1264.13396124031
25,At most primary school,p50,2021-2022,39312,31144,897.3283984533984,920.6142435139994,964.3930097680097,946.6096198304649,967.3692638380138,958.001113108999,1063.4281262718762,958.001113108999
26,At most primary school,p50,2021-2022,45165,29918,962.217513561386,1435.6161879136305,1053.2426436399867,1479.5810251353698,1061.6626960404442,1578.6601748111505,1061.6626960404442,1578.6601748111505
27,At most primary school,p50,2021-2022,50653,40216,809.7350798570667,1133.93089814999,881.8172862416836,1162.7415705191963,888.0097460499213,1208.3724554074663,941.5682717048677,1305.8891983290232
28,At most primary school,p50,2021-2022,41466,46450,1036.1101866589495,1256.703336921421,1121.8120870110452,1364.513885898816,1192.4704778211867,1400.9482238966632,1225.9870938439524,1446.0720129171152
29,At most primary school,p50,2021-2022,53559,44066,1073.285516906589,1245.6462276282546,1133.9277058944342,1286.2239973373273,1147.610085762119,1321.4065265737756,1226.1563618315006,1396.9386828847637
30,At most primary school,p50,2021-2022,79655,35604,1081.0849664176762,1461.9949911994906,1159.893001067102,1491.0085851776953,1167.9700416378969,1556.451704864622,1193.2165421714478,1632.3869930344904
31,At most primary school,p50,2021-2022,44619,57515,1126.760557908813,1302.9749456663478,1218.3863227175268,1318.2926888637746,1297.16494467977,1341.7910878321597,1347.7263647026305,1433.6975470167201
32,At most primary school,p50,2021-2022,50293,48596,962.3873103612829,1345.4872486075672,1022.3297476786033,1385.1829025708564,1031.5607374120984,1606.121354295278,1031.5607374120984,1651.9083875216068
33,At most primary school,p50,2021-2022,44414,49200,1277.5932138514884,1445.8494342818428,1348.3177601657137,1475.8486212737128,1481.9004518094896,1723.9818360433605,1503.2951171552515,1723.9818360433605
34,At most primary school,p50,2021-2022,52504,41112,1205.638662451115,1229.7178439385095,1372.9646757072478,1231.9069857949019,1396.7759091370817,1272.3947590322373,1402.812020671441,1292.7926963741324
35,At most primary school,p50,2021-2022,67442,42363,1014.6701363146605,1317.7122803704492,1138.5464003637694,1322.1312308697056,1216.1461156747032,1403.6345474431305,1265.0152674396766,1436.9934534066679
36,At most primary school,p50,2021-2022,51843,55867,1092.760867748137,1424.335296328781,1193.5727227719588,1531.924749852328,1294.7234727928553,1592.1388893861017,1347.514206353799,1718.5677293094911
37,At most primary school,p50,2021-2022,50775,63509,1064.7019136714262,1461.550644895474,1193.938053504021,1482.461381956363,1357.9249072706384,1503.9875960887432,1738.0485245363532,1686.2105881056227
38,At most primary school,p50,2021-2022,47076,38586,912.6810405868524,1466.3340762625476,1060.7427917976604,1536.568098965082,1100.6519546407228,1584.6392905889873,1170.3052811765372,1668.4520724269596
39,At most primary school,p50,2021-2022,57647,57460,964.6835972961877,1667.318540433925,1126.0933844490319,1676.3404687318714,1134.225782203179,1781.7259542870402,1170.6144928039043,1869.3216730479173
40,At most primary school,p50,2021-2022,74045,34867,987.9603394332274,1653.8025711035266,1126.1351655524793,1771.0767845431687,1144.8644180340782,1801.154293362396,1333.0168928804555,1904.4534970028965
41,At most primary school,p50,2021-2022,27951,56665,1326.0259024721834,1543.648236124592,1433.1712639977102,1552.3714338657019,1467.9076479076477,1643.4537451101503,1467.9076479076477,1716.2888284949559
42,At most primary school,p50,2021-2022,50876,40013,1043.5911824828995,1412.1744599671772,1134.7489975627013,1412.1744599671772,1153.2665369394867,1440.8163451045075,1166.3460505280814,1492.399580552987
43,At most primary school,p50,2021-2022,42780,25978,1295.264079788063,1407.7414863859165,1436.8253233598257,1438.0517489157494,1537.508177497273,1489.467049041497,1569.3754363409694,1580.0821849257065
44,At most primary school,p50,2021-2022,41407,40918,1122.071582099645,1357.8156638480214,1336.2781172265559,1358.23846066116,1502.0690261710984,1426.5916304153022,1516.7042327786767,1449.443838897307
45,At most primary school,p50,2021-2022,41292,33860,1071.1493025283348,1349.7793857058475,1194.2668555652426,1381.6707028942703,1225.5606493590365,1382.3918094113014,1372.061036843295,1406.491041543611
46,At most primary school,p50,2021-2022,33248,40290,1225.7871601299325,1328.4440307768677,1348.1842967998075,1338.4465127823282,1515.7138474494707,1382.8843592289236,1793.6496430863008,1549.0868908744933
47,At most primary school,p50,2021-2022,36074,27935,981.9598880079836,1084.7855296223377,1068.076537118146,1095.0772783246823,1132.395945371551,1123.3673564823102,1312.6018369647577,1123.3673564823102
48,At most primary school,p50,2021-2022,25857,32363,1123.3462118575242,1352.2795579313827,1216.1272769462817,1361.0411066135198,1223.491820396798,1404.0500983633574,1316.3930076961751,1825.1920402929272
49,At most primary school,p50,2021-2022,34769,41957,1244.7620581552533,1359.0767214052482,1314.1953176680377,1367.618800200205,1339.4842723882387,1391.1807405995028,1523.594686837892,1413.0443946580228
50,At most primary school,p50,2021-2022,44918,21206,879.8465203259273,1577.2437046119023,961.7883921813082,1577.2437046119023,1000.8425204446621,1615.0443270772423,1065.0338245988987,1615.0443270772423
51,At most primary school,p50,2021-2022,25654,39373,1059.7225254021466,1297.3293881593986,1138.1713053195085,1297.3293881593986,1169.041767365713,1349.0609046808727,1257.5083612691978,1402.9341172884972
52,At most primary school,p50,2021-2022,21570,26028,939.5915159944367,1510.1105220019465,1063.8961057023644,1510.1105220019465,1102.6065832174315,1542.9018108703447,1480.5736671302734,1640.4377977562624
53,At most primary school,p50,2021-2022,26290,17397,993.4211487257512,1163.5226859037,1060.2176492963104,1178.9218926634862,1145.0452136427032,1301.1668199498,1271.9299606948143,1344.6225881857026
54,At most primary school,p50,2021-2022,20224,27914,1042.556368670886,1288.8467316280958,1092.7875296677214,1329.6577941773542,1117.1636834124472,1362.4081464498101,1204.8891580959914,1406.8697069570824
55,At most primary school,p50,2021-2022,28354,18622,1015.1957043097975,862.7781597035764,1062.6470339281934,862.7781597035764,1108.410124379864,1093.9869897612143,1114.441019491665,1093.9869897612143
56,At most primary school,p50,2021-2022,28094,24271,1127.3233667924349,1428.22388515787,1239.7050141192663,1428.22388515787,1258.4981728008352,1563.9482750333043,1285.3645262333594,1591.2236242154559
57,At most primary school,p50,2021-2022,36415,18413,888.9892260515355,1150.7589746374845,961.6738340427479,1153.6764785749199,1023.2490777609959,1208.9499266822354,1081.4759989015515,1441.7962852332591
58,At most primary school,p50,2021-2022,28982,13286,790.4354081843903,1148.7306186963722,846.8833758884825,1180.3880024085504,896.5829020311457,1181.3851359827388,907.644940537805,1181.3851359827388
13,Secondary school or above,p50,2021-2022,420,16541,600,320.2112399492171,600,323.94499244302034,600,326.1546532857747,600,535.8154960401426
14,Secondary school or above,p50,2021-2022,12683,10942,196.86194118110856,495.861816852495,196.86194118110856,518.0515445074027,204.0290152172199,545.7201608481082,204.0290152172199,545.7201608481082
15,Secondary school or above,p50,2021-2022,22262,28350,220.75869194142484,580.1828924162257,225.09972149851765,611.2940035273368,225.09972149851765,613.3222222222222,225.09972149851765,613.3222222222222
16,Secondary school or above,p50,2021-2022,25720,25413,340.6802099533437,531.4693267225435,357.52157853810263,659.8681777043246,362.3038491446345,659.8681777043246,362.3038491446345,659.8681777043246
17,Secondary school or above,p50,2021-2022,28936,36852,464.9338194636439,738.6212417236513,504.33283798728223,750.0018994898513,504.33283798728223,755.0219798111364,504.33283798728223,755.0219798111364
18,Secondary school or above,p50,2021-2022,32045,34224,566.0377594008426,1121.0946996259934,595.8470900296458,1122.9101507713883,607.3995943204868,1127.2550549322111,650.0895615540646,1129.5569483403458
19,Secondary school or above,p50,2021-2022,37814,28100,556.5516739831809,973.173487544484,613.0906542550379,973.173487544484,613.0906542550379,983.3039739027284,613.0906542550379,1178.8893831553974
20,Secondary school or above,p50,2021-2022,46469,29082,759.9189423773556,1007.3765444834147,804.1699484243977,1098.3173325997755,804.1699484243977,1135.8032918414597,804.1699484243977,1173.2697659491553
21,Secondary school or above,p50,2021-2022,37464,50502,628.455290412129,1077.1523240003696,637.0855754857997,1108.1609969242143,637.0855754857997,1134.3183768299605,637.0855754857997,1215.344870830198
22,Secondary school or above,p50,2021-2022,30198,23188,667.8041592158421,1089.5444482778448,699.1095436783893,1101.7059111034444,722.1772965097026,1122.5938703927318,774.428836346778,1173.447760335806
23,Secondary school or above,p50,2021-2022,37129,26924,876.8954186754289,1802.0791610954293,899.6177650892834,1813.563338780766,909.5515993787426,1900.660352597435,911.2923770278398,1900.660352597435
24,Secondary school or above,p50,2021-2022,31674,24295,1118.0201637515522,1368.577334156548,1137.2125613015933,1412.1048089455992,1161.585864326156,1448.4806064347945,1198.0179537370293,1505.414131851547
25,Secondary school or above,p50,2021-2022,37217,31965,1105.185699187647,1655.2834836018562,1178.300136138503,1655.2834836018562,1182.094996910014,1662.491888628187,1323.3666827883312,1662.491888628187
26,Secondary school or above,p50,2021-2022,24883,21455,1167.8057308202388,2157.5314223568707,1255.9510509182976,2181.5817602734405,1261.7258771048507,2203.1089878039306,1272.110477032512,2203.1089878039306
27,Secondary school or above,p50,2021-2022,33655,26356,1241.58610904769,1384.7002580057672,1327.3234437676424,1400.567612687813,1336.2547565988214,1470.709926898366,1370.5290100529887,1486.3325555218294
28,Secondary school or above,p50,2021-2022,32786,12716,1445.4913174322373,1286.6597200377478,1514.7445352691188,1475.6059295375906,1537.635149149027,1521.1764705882354,1549.1484780089063,1521.1764705882354
29,Secondary school or above,p50,2021-2022,19951,40264,1441.9730005179356,1700.8722266375255,1531.7553171937914,1726.2497350817932,1543.3386964730255,1799.251548115769,1684.945633468665,1847.1603500231802
30,Secondary school or above,p50,2021-2022,24312,27480,1554.5883959910059,1735.6858927704998,1640.8953637435561,1764.1356744298885,1675.5776879730174,1818.2286511402233,1714.4473819512998,1853.5998301795246
31,Secondary school or above,p50,2021-2022,31593,29529,1144.9028160246467,2112.3799993227,1207.763513014486,2161.282772867351,1287.9176083309592,2161.3623765055822,1321.362780784773,2238.527197528983
32,Secondary school or above,p50,2021-2022,22719,22960,1355.8797188843405,2127.395905923345,1415.0423140689877,2127.395905923345,1452.7552415745997,2180.6896777003485,1601.0672271373446,2196.473649825784
33,Secondary school or above,p50,2021-2022,13953,12973,1571.7936047206097,1529.1499653125722,1612.4938125612175,1529.1499653125722,1639.7280990945794,1583.6683239548806,1639.7280990945794,1583.6683239548806
34,Secondary school or above,p50,2021-2022,16334,18373,1144.3804334516958,1782.5943431484607,1195.0217338067835,1782.5943431484607,1260.0782621117505,1886.7308478020284,1260.0782621117505,1934.7665523685118
35,Secondary school or above,p50,2021-2022,12141,16449,1590.5670867309118,1635.5544106024681,1721.0851659665595,1635.5544106024681,1775.3780578206079,1648.0343992542605,1775.3780578206079,1648.0343992542605
36,Secondary school or above,p50,2021-2022,25804,11375,1105.5092233762207,2220.510637362637,1158.2423267710433,2220.510637362637,1244.206712137653,2222.547267399267,1254.9285640469177,2243.285728937729
37,Secondary school or above,p50,2021-2022,10841,15862,2307.2856132583092,1547.9868028411718,2445.527011653291,1547.9868028411718,2493.4869169510807,4131.746732232169,2602.462103741967,4175.15235573488
38,Secondary school or above,p50,2021-2022,11984,13909,1617.7999833110814,2134.6619258513674,1740.981308411215,2134.6619258513674,1854.8831775700935,2164.91811488964,2366.5654205607475,2341.37939895032
39,Secondary school or above,p50,2021-2022,13126,15572,931.4536035349688,2252.7367497217224,970.4997714459851,2252.7367497217224,1058.5971862461274,2381.766418357736,1088.012087967901,2381.766418357736
40,Secondary school or above,p50,2021-2022,17579,10676,1213.6080929897414,2454.8363931559884,1334.972789502626,2468.474459847633,1492.0816504541401,2538.928437617085,1630.5645941179816,2674.808292743849
41,Secondary school or above,p50,2021-2022,13467,12091,1834.6164698893592,1614.7547762798777,1987.5755550605184,1660.9792407575883,2038.3106853790748,2020.3098723568496,2902.7571099725255,2020.3098723568496
42,Secondary school or above,p50,2021-2022,12418,8003,1984.3335480753744,1830.4710733474947,2131.847640521823,1830.4710733474947,2148.93305416868,1955.0321754342121,2148.93305416868,1991.1436336373858
43,Secondary school or above,p50,2021-2022,12000,5281,2152.0044444444443,3456.5744492835956,2245.6427777777776,3478.6536009594147,2271.2379166666665,3478.6536009594147,2293.4679166666665,3478.6536009594147
44,Secondary school or above,p50,2021-2022,4557,6466,1337.3710774632434,1344.4169502010516,1414.0311608514373,1344.4169502010516,1648.1032843244825,1372.91215589236,1648.1032843244825,1372.91215589236
45,Secondary school or above,p50,2021-2022,6314,11279,1662.4247703515996,2568.951443685906,1672.830218561926,2568.951443685906,1672.830218561926,2674.9123740284303,2038.6838770985112,2674.9123740284303
46,Secondary school or above,p50,2021-2022,5211,2729,1437.506556642999,1653.0597288384024,1528.9074393910319,1653.0597288384024,1602.6974988805732,2083.4982288994747,1602.6974988805732,2083.4982288994747
47,Secondary school or above,p50,2021-2022,4986,6060,1707.1399919775372,2691.4851485148515,1784.5968712394706,2691.4851485148515,1983.3634175691939,2731.707920792079,1983.3634175691939,2731.707920792079
48,Secondary school or above,p50,2021-2022,7404,9199,1361.7774176121015,1600.3840997209843,1370.4484062668828,1614.1138529550315,1406.185845488925,1614.1138529550315,1406.185845488925,1614.1138529550315
49,Secondary school or above,p50,2021-2022,2927,4544,1855.1417833959686,2206.488409624413,2010.7618722241202,2206.488409624413,2010.7618722241202,2230.9015551643192,2010.7618722241202,2230.9015551643192
50,Secondary school or above,p50,2021-2022,6617,829,1144.0308296811245,0,1144.0308296811245,0,1144.0308296811245,0,1144.0308296811245,0
51,Secondary school or above,p50,2021-2022,4670,3436,1754.557458957887,2598.7388436166084,1943.538187009279,2665.589833139309,2394.180585296217,2665.589833139309,2394.180585296217,2818.383779588669
52,Secondary school or above,p50,2021-2022,6155,1853,1044.714865962632,2001.1872638963841,1093.4232331437856,2001.1872638963841,1260.414838884376,2001.1872638963841,1645.0452206877878,2001.1872638963841
53,Secondary school or above,p50,2021-2022,1080,3839,613.8888888888889,2156.666232525831,613.8888888888889,2156.666232525831,613.8888888888889,2769.429973083268,613.8888888888889,2769.429973083268
54,Secondary school or above,p50,2021-2022,2335,2739,1498.8865096359743,659.7298284045272,1498.8865096359743,1271.924059875867,1711.0349750178443,1654.5454545454545,1711.0349750178443,1654.5454545454545
55,Secondary school or above,p50,2021-2022,2140,2086,960.0467289719626,455.03355704697987,1076.7289719626167,455.03355704697987,1246.448598130841,455.03355704697987,1246.448598130841,1119.4630872483222
56,Secondary school or above,p50,2021-2022,3301,1336,1284.0957285671009,1902.2604790419161,1321.796425325659,1902.2604790419161,2460.802787034232,1902.2604790419161,2460.802787034232,2078.8323353293413
57,Secondary school or above,p50,2021-2022,1816,5996,1421.3656387665199,1319.733155436958,1421.3656387665199,1319.733155436958,1421.3656387665199,1500.1450967311541,1421.3656387665199,1500.1450967311541
58,Secondary school or above,p50,2021-2022,1697,3492,1117.678255745433,666.96735395189,1282.616381850324,666.96735395189,1493.3411903358867,1124.3174875906834,1493.3411903358867,1124.3174875906834
12,At most primary school,general,2022-2023,67350,54026,294.1393466963623,709.8597897308704,301.28678544914624,760.3948099063415,316.4160851274437,773.5985297202582,316.4160851274437,773.5985297202582
13,At most primary school,general,2022-2023,77387,61619,747.6664685283058,940.9361073694802,756.8451419489062,957.1814213148541,774.7684796326687,957.1814213148541,774.7684796326687,957.4670475015823
14,At most primary school,general,2022-2023,60699,74525,773.7293036129096,1011.7293167840769,854.5718216115587,1070.5187163144358,858.1715514258884,1071.0160885608857,858.1715514258884,1074.4626501174102
15,At most primary school,general,2022-2023,57513,60685,939.164432389199,1150.2486666117381,961.6202249926104,1199.6953997418361,964.3196146958079,1202.980121391887,964.3196146958079,1205.6095465655983
16,At most primary school,general,2022-2023,50285,61520,1064.510655927878,1387.146171976593,1081.181830234331,1486.4525113784136,1112.756852606808,1491.9276956003469,1155.0756355440656,1495.2111806458604
17,At most primary school,general,2022-2023,55186,46123,1728.7548472438662,1282.3414204048595,1793.1945602145472,1322.3470575056551,1846.0929402384663,1325.3021991920157,1957.4690138803319,1327.418280106093
18,At most primary school,general,2022-2023,53677,57324,1045.9405331892617,1395.122511222757,1068.1789220709056,1459.0469756704579,1077.3091516540294,1469.3483619426418,1141.1828778309766,1487.9775108738631
19,At most primary school,general,2022-2023,77408,63196,1491.8286266708005,1502.5859890921367,1517.6877110031692,1612.1142820220691,1524.9390609928344,1616.1287766103342,1524.9390609928344,1655.289192881406
20,At most primary school,general,2022-2023,46946,69353,2069.9747795339326,1713.305776246161,2149.5713372811315,1793.898829178262,2191.353356338488,2007.4173503669633,2191.353356338488,2059.8704814499733
21,At most primary school,general,2022-2023,65909,70266,1592.8728372958674,1690.0843271757797,1644.1844942774633,1719.0638620859781,1657.639219732257,1766.9434672055713,1676.8930393926978,1782.767383941024
22,At most primary school,general,2022-2023,68690,60152,2137.3325326345416,1726.9936383384315,2192.4519095453,1758.3250986390035,2232.1930169359925,1825.0160648579156,2232.1930169359925,1850.942052356253
23,At most primary school,general,2022-2023,50304,69525,1682.174787293257,1632.1970634064485,1685.3460062818065,1688.3171209397099,1704.3219657813825,1705.8599113028886,1711.147466735581,1758.480158216469
24,At most primary school,general,2022-2023,70251,71292,1773.5487324023857,1612.1668303128918,1854.2849496804315,1686.970945781668,1859.388435751804,1695.4060378443587,1865.281590297647,1696.498259505508
25,At most primary school,general,2022-2023,56105,60311,1384.985042925467,1760.2568713280607,1418.6219736803018,1789.8292544754136,1428.6048926120666,1818.1867680301548,1443.0421085464752,1869.3482476938977
26,At most primary school,general,2022-2023,56175,73287,2244.982141106661,1940.9078099344586,2281.3477841863228,2010.49802375137,2371.6726618009197,2080.4881140811694,2371.6726618009197,2189.3141450734784
27,At most primary school,general,2022-2023,70368,74397,2222.0032306351372,1871.1910023253627,2251.77031226315,1921.7176902294448,2321.3673473738063,2121.0719204627426,2399.2824981999393,2164.052372183466
28,At most primary school,general,2022-2023,69345,77916,2014.797654240873,1647.9133211834967,2088.407864061336,1687.4949218816844,2148.9745956209294,1777.5194996320824,2179.2002787992406,1806.207188938515
29,At most primary school,general,2022-2023,82039,63995,2604.326417923183,1747.9672865067582,2637.677628932581,1804.5063442456442,2667.0152051666482,1863.7494621975675,2745.755804150059,1897.1035888220433
30,At most primary school,general,2022-2023,57402,91784,2606.231310175023,1601.0628649873615,2627.892924752912,1689.5136734071298,2734.775317933173,1723.6078328830006,2801.325263928086,1827.4251285627124
31,At most primary school,general,2022-2023,87218,72674,2070.0086564699945,1934.1181165203511,2085.9021646907745,1954.2649365660345,2108.063993862123,2001.5764464136646,2234.6918000489195,2060.016218546752
32,At most primary school,general,2022-2023,84246,75877,2349.425313961494,1989.6813175709813,2376.4268333214636,2031.3211030132102,2523.280788801051,2096.998372365803,2549.6923296061536,2137.9054544416185
33,At most primary school,general,2022-2023,86233,75930,2418.140180286742,2002.088117344923,2444.387672546086,2040.084166337416,2616.75812044113,2115.828311163791,2661.4556260364357,2165.432156811098
34,At most primary school,general,2022-2023,83510,74237,2264.2757434239415,1999.134491560812,2265.353458667625,2046.96801123429,2302.754744940726,2267.6718886808467,2347.4990869356966,2455.039266134138
35,At most primary school,general,2022-2023,74416,73412,2202.386072887551,1899.113550918106,2225.8447376908193,1937.7046531902142,2281.852966207984,1967.1612576962896,2320.8658577008528,2094.532632040175
36,At most primary school,general,2022-2023,73341,87409,1964.3950859682852,1845.5305470069827,2050.944219467965,1873.5953915882044,2098.048158601601,1943.266010937089,2377.3317789503826,1986.4179365587834
37,At most primary school,general,2022-2023,101201,78500,2529.2253031755286,1884.2348131634822,2543.4210127040906,1938.2675520169853,2564.397666426221,2024.3412250530787,2687.830735269414,2058.4851740976646
38,At most primary school,general,2022-2023,63533,97253,2087.3138369036565,1653.1719021521187,2161.5840586781674,1681.4787924279972,2194.614924527411,1784.6283310883298,2245.5176050241607,1915.1077198989576
39,At most primary school,general,2022-2023,120327,64570,2792.8566046412416,1952.1979053740126,2822.972704934609,1973.8186270713952,2888.452016865154,2275.854111816633,2960.4852319097126,2414.0910433121676
40,At most primary school,general,2022-2023,55339,83918,2277.509614918954,1890.665902031348,2355.1402190137155,1929.2188465724475,2385.9669566369707,1961.3953065293897,2599.68121481535,2009.8812888772372
41,At most primary school,general,2022-2023,95383,99238,2316.149322206263,2236.963881443264,2330.1067360011743,2259.962107929086,2397.8388004151684,2306.5256538154067,2603.5536552635167,2427.623855445159
42,At most primary school,general,2022-2023,85788,55376,2576.2253675727766,2184.0113978378117,2611.3829653720027,2197.249082033131,2629.698146399652,2601.1344069031106,2661.0871518549607,2669.9387625806608
43,At most primary school,general,2022-2023,67704,76290,2618.21974329434,2219.186514178354,2650.6757281696796,2229.435826014768,2774.595966757257,2284.7912898151785,2995.4691795659537,2352.7080110980028
44,At most primary school,general,2022-2023,71156,70274,2453.5209328798696,2429.0454862395763,2467.552075720951,2638.266819876483,2554.8600680195627,2700.078780914705,2584.1628206569603,2809.8576797013593
45,At most primary school,general,2022-2023,77803,79639,2958.020029219096,2051.3407794338623,2980.030105951356,2069.5454279101114,3110.7983925212825,2148.336231829464,3132.113765964466,2310.966643227565
46,At most primary school,general,2022-2023,72336,63767,2601.3724977881,2259.8995797199177,2632.206660583942,2294.309854627001,3240.10522883949,2345.9786906498134,3334.3529063444666,2523.520397175132
47,At most primary school,general,2022-2023,74357,70773,2672.64662735183,1966.0926648109682,2703.6208463224716,1983.4605876063845,2763.551541034021,2098.9212411512863,2878.380003720789,2154.0398127346116
48,At most primary school,general,2022-2023,60876,75847,3851.2909028188446,2502.133860491076,3874.6063309021615,2549.074543708606,4789.954470289331,2637.565958442654,5087.007769892897,2719.836296535569
49,At most primary school,general,2022-2023,94922,51726,3021.4526207482636,1986.7496906778022,3034.9677173538976,2018.717753160886,3169.1514331064805,2526.9474007269073,3235.9274000407354,2658.891297413293
50,At most primary school,general,2022-2023,45715,76247,2467.1082431003683,2004.760641948754,2490.3194429253713,2023.277370475778,2562.777753472602,2134.0673797001846,2562.777753472602,2301.9159945090732
51,At most primary school,general,2022-2023,79635,77578,2377.779703229317,1981.5218274940491,2377.779703229317,1988.2556953431817,2418.1667817751827,2111.4673608067583,2478.5792888386595,2292.005064795002
52,At most primary school,general,2022-2023,56793,40478,3531.632501658068,1798.7475418745985,3531.632501658068,1831.735831809872,3561.145098574355,1924.7468295535023,3658.196965295019,2060.53013571158
53,At most primary school,general,2022-2023,44022,56888,3174.597583783866,2091.7365056485255,3183.76799857647,2124.4246824169127,3266.285035512547,2185.896931983312,3299.268543758424,2390.4684877888712
54,At most primary school,general,2022-2023,60363,47734,2364.359696061053,2263.301783494644,2386.7774022718113,2267.2423709166073,2444.283407606205,2343.3425650479744,2524.6422366902466,2465.045125068086
55,At most primary school,general,2022-2023,59795,47379,3277.7057818100734,2255.554932916834,3277.7057818100734,2294.5479466993115,3385.4048620007247,2384.9966159409587,3385.4048620007247,2508.503275009322
56,At most primary school,general,2022-2023,50063,50129,2726.9975614059617,1818.9423420907394,2751.3077305927864,1877.4609640460947,2848.821396706816,1921.5235076835102,3061.2613889832146,2045.5118577403634
57,At most primary school,general,2022-2023,43946,39010,2004.0126282255494,2329.7274609074598,2069.5139252719246,2374.5182837733914,2099.6078663207877,2478.7884709048963,2272.339703879003,2604.757495941212
12,Secondary school or above,general,2022-2023,9152,15762,159.29851398601397,645.8503573996533,159.29851398601397,714.0193714841603,159.29851398601397,715.9396015734045,159.29851398601397,715.9396015734045
13,Secondary school or above,general,2022-2023,32819,27249,672.9734032115543,632.5845719108958,684.553890124623,644.6547396234723,692.0023193881593,651.6717555384295,980.1936110180079,685.9849413434132
14,Secondary school or above,general,2022-2023,40459,46421,608.3122719296077,773.872643846535,614.3134088830668,785.8088365179552,631.2997407251786,789.0585510867926,631.2997407251786,789.0585510867926
15,Secondary school or above,general,2022-2023,53897,56228,1507.5131732749503,1232.0560396955254,1523.9177969089187,1308.5058511773495,1528.4855526900074,1324.19527637476,1621.9323122499088,1336.3606269711413
16,Secondary school or above,general,2022-2023,57877,78550,906.869337848656,1500.8196690006366,992.7981178476193,1540.8953787396563,1009.9897483744261,1556.5525610014854,1016.3152317270533,1582.040785062593
17,Secondary school or above,general,2022-2023,89641,100135,1324.273258999788,2029.521004976615,1336.713994823797,2100.445037532664,1359.3280888209636,2112.9577204107786,1365.4770608315391,2122.6014613604966
18,Secondary school or above,general,2022-2023,113410,120204,2166.4566543220762,2146.3307564640113,2191.853374188049,2216.7168001896775,2206.401988360815,2239.1960368761993,2306.5503879728417,2283.125246109392
19,Secondary school or above,general,2022-2023,111428,92498,2440.3434983427264,2451.0551633548835,2502.462714338706,2481.984156414193,2511.637891732778,2486.6945645671617,2565.5309886204545,2509.4948413299026
20,Secondary school or above,general,2022-2023,108014,122898,2387.3150963455355,2649.286920861202,2440.387290690713,2706.683461081547,2495.0947051616768,2725.370570174725,2514.6199518889525,2764.45877611244
21,Secondary school or above,general,2022-2023,160829,126405,2524.446941575628,2643.3059603391216,2578.5038964780397,2704.33150521472,2621.475002435299,2743.1807727806126,2701.955201901813,2787.018210645676
22,Secondary school or above,general,2022-2023,118476,113979,2843.7496756305072,2698.4116109107817,2890.4747507512066,2750.5187973223137,2965.940949249918,2872.492984087712,3001.8849379058483,2950.7849179819673
23,Secondary school or above,general,2022-2023,105684,107310,3236.6526516155077,2956.492942565154,3260.108614675195,3044.6876308514275,3401.24424857752,3173.5898650327713,3419.786317386422,3190.579841114528
24,Secondary school or above,general,2022-2023,107327,103759,3338.03213698945,3018.513420522557,3379.0210773306503,3054.492670515329,3410.5150164140123,3171.649575779772,3441.755990260295,3210.562666049853
25,Secondary school or above,general,2022-2023,111881,124979,3454.9659062158307,3136.5801514654463,3475.613290490194,3194.0434853055312,3516.6997275676836,3242.513364911972,3537.409231415522,3333.0381704126294
26,Secondary school or above,general,2022-2023,110691,102784,3369.1156432471175,3156.2850330142173,3386.300780250126,3205.0851575472184,3401.110008943817,3244.698197190224,3418.708097315952,3394.0012210071604
27,Secondary school or above,general,2022-2023,119917,90940,4026.0130804917844,3413.4638268821936,4050.214970132119,3467.4496417051537,4231.463284938749,3542.3341626347046,4451.627648623631,3600.2914201671433
28,Secondary school or above,general,2022-2023,93133,127417,3600.5909646419636,3458.864088648558,3723.4391494958822,3488.0188953070106,3792.5330796817457,3771.5022282479313,3838.455577614809,3834.2394349524266
29,Secondary school or above,general,2022-2023,106441,69932,3416.4176194636775,4070.6199188735727,3512.3691794828433,4102.896416042251,3586.469181674981,4431.8764132776605,3681.8628739552114,4509.9344315430235
30,Secondary school or above,general,2022-2023,105107,71535,3952.154030337339,4327.31110994618,3986.04663501638,4349.5019396099815,4024.223841735882,4394.371816826262,4134.53412871328,4516.1369201556345
31,Secondary school or above,general,2022-2023,96853,89670,4015.772329922667,3541.225095721348,4032.5467199776986,3568.5529645738075,4066.5874891416206,4374.982186535816,4180.4786437780285,4440.21127095647
32,Secondary school or above,general,2022-2023,94561,73460,4889.685793826207,3869.425660223251,4906.660550861348,3927.817846447046,5002.344007395579,3967.6906797350034,5064.082990697363,4051.959860241401
33,Secondary school or above,general,2022-2023,63307,76549,5810.877433248562,4252.7374274429885,5895.869614208013,4284.42850113435,6049.454525829161,4916.560915230767,6052.08614634506,4972.829797471772
34,Secondary school or above,general,2022-2023,91491,67600,4738.963157031839,4620.520966469428,4739.749573182061,4698.4976676528595,4792.816359350464,4899.600552268244,4821.776147744951,4944.7272781065085
35,Secondary school or above,general,2022-2023,81875,63156,4394.371106361323,5032.480186627821,4417.155228498727,5110.6676114172315,4493.957060559796,5242.121207802901,4523.605182697201,5407.203438047586
36,Secondary school or above,general,2022-2023,65576,57240,5408.773379996747,4633.6418457372465,5562.9018721280145,4680.290867400419,5733.5486534707825,5253.602115362218,5826.406818043187,5469.257833973911
37,Secondary school or above,general,2022-2023,85913,55572,5744.017537120886,5301.50762074426,5777.975727383128,5423.015034549773,6432.124498038714,5551.192354063198,6522.378592296859,5675.380026512153
38,Secondary school or above,general,2022-2023,55901,85585,4650.802803587294,5375.214613152617,4693.477174349892,5404.112667718254,4728.082995354883,5559.422646102316,4974.431003440606,5661.914905259879
39,Secondary school or above,general,2022-2023,71376,51958,7211.169347306284,5656.335780822972,7263.418002316372,5796.07557065322,7796.24521314354,6086.132924669925,7860.952677837555,6273.020109190757
40,Secondary school or above,general,2022-2023,52232,71096,4452.380433450759,4139.079140645512,4469.86205391331,4176.276451324031,4529.391333537551,4309.486031797382,4598.767450349722,4355.867309693935
41,Secondary school or above,general,2022-2023,62823,54116,4870.809788347155,4867.560247123463,4928.766269253829,4929.394085544633,5025.901341865239,5360.515857910168,5139.522149531222,5464.33964385148
42,Secondary school or above,general,2022-2023,60295,41089,4982.60817646571,5500.036867125833,5043.815573430633,5556.926545628595,5362.217251292257,5632.47644949581,5477.919341017774,5667.601616815531
43,Secondary school or above,general,2022-2023,45888,49326,5007.966973936541,6389.166399735095,5075.259948134588,6493.182537269053,5077.3180951447,7275.300994066685,5706.916247167015,7344.733071807971
44,Secondary school or above,general,2022-2023,43478,32182,5490.349180428416,3408.243386572204,5490.349180428416,3442.5554243573015,5676.12666175997,4002.900751973153,6036.10872165233,4109.609989020778
45,Secondary school or above,general,2022-2023,41883,39860,4514.536486561771,4614.506075430674,4524.449816552459,4766.568293192841,4682.9679901949075,4891.520835423984,4715.16004902546,4936.896859842783
46,Secondary school or above,general,2022-2023,33357,35546,5233.690429794845,4173.062637146233,5252.984730841102,4280.827223878918,5540.448631471654,4433.676583394287,5549.837965044818,4478.902956732122
47,Secondary school or above,general,2022-2023,49569,25101,4078.290776493373,4675.57035908264,4092.713096895237,4776.705772014396,4182.641614046413,5057.669345842795,4223.612583805739,5117.813536645287
48,Secondary school or above,general,2022-2023,36965,35531,4800.649019342622,4639.600119144785,4805.277722169621,4708.113248524763,4944.202831507282,4899.200608857993,4954.33133143965,5044.36492546415
49,Secondary school or above,general,2022-2023,41687,28688,4201.232518530956,3889.191206543967,4360.776261184542,3909.1426147982893,4413.961506784689,4490.76501208403,4443.97146192658,4583.982849972113
50,Secondary school or above,general,2022-2023,35507,23462,5893.106861557815,5652.744160770608,5895.506388411675,5670.3428309607025,5941.654612705476,6011.040554939903,5973.555364669877,6113.109858494587
51,Secondary school or above,general,2022-2023,32296,28112,5863.1988378333745,4781.568167804971,5893.211842539839,4805.870956649593,6067.064809367517,4979.807353917663,6226.8090501403685,5024.490525991274
52,Secondary school or above,general,2022-2023,33285,20410,5228.779480246357,3571.456426588274,5258.705272645336,3582.7469704393275,5291.47078263482,4084.602270129022,5379.288117770767,4108.144651314716
53,Secondary school or above,general,2022-2023,18152,22195,5021.625716174526,3716.8612300067584,5021.625716174526,3725.67402568146,5330.300609666519,4350.146083952843,5457.509732628177,4434.092918825561
54,Secondary school or above,general,2022-2023,23505,24344,5829.8923633269515,4088.4770169240883,5947.041905977451,4099.699494742031,6368.066652485287,4210.135331087743,6412.389137063036,4247.425833881039
55,Secondary school or above,general,2022-2023,26019,22700,6586.603232253353,4826.873542584435,6668.039874706945,5000.926406020559,7322.590651703242,5409.540209251102,7548.848386435553,5490.384555800294
56,Secondary school or above,general,2022-2023,31683,19816,5790.064082736273,4973.475095882115,5790.064082736273,5256.811793500201,5861.9217561468295,7143.569337908761,6050.274079685215,7155.519277351635
57,Secondary school or above,general,2022-2023,29661,8797,6217.927143386939,3308.2738244098364,6250.331647618084,3362.8378803379937,6490.550003933336,3603.2039142131785,6490.550003933336,3715.8008222500093
12,At most primary school,males,2022-2023,54837,36635,235.10057078250085,839.6435557981894,243.19182303918885,896.013284199991,258.8845426749579,913.5287521040899,258.8845426749579,913.5287521040899
13,At most primary school,males,2022-2023,48995,48100,862.4632105316869,1087.634345114345,862.4632105316869,1102.755343035343,862.4632105316869,1102.755343035343,862.4632105316869,1103.1212474012473
14,At most primary school,males,2022-2023,47935,53216,808.7448628350892,1206.156528738224,871.8106811306978,1231.5071751603527,876.3689371023261,1232.1543802615754,876.3689371023261,1232.1543802615754
15,At most primary school,males,2022-2023,46111,46504,981.7888139489493,1264.0027381157176,1009.7973151742534,1292.3830924938356,1013.1641907570862,1292.4730489133551,1013.1641907570862,1293.6335225643672
16,At most primary school,males,2022-2023,33901,43764,1319.0480615124432,1566.5838931541907,1343.7762406222039,1641.8005095512294,1390.0383961141756,1646.9036384547421,1452.8094058189042,1651.5193042988149
17,At most primary school,males,2022-2023,40949,29809,2056.851205157635,1684.7563934829527,2076.312486263401,1724.4511165531665,2147.602383452587,1727.04037930379,2297.7012869667146,1727.04037930379
18,At most primary school,males,2022-2023,36900,39565,1189.3131436314363,1677.2621803782804,1205.5949864498646,1748.602380049707,1218.1175700090334,1754.2896457306542,1218.1175700090334,1768.9814356122836
19,At most primary school,males,2022-2023,50777,40035,1758.7339477847584,1736.4581616085925,1791.2151892917398,1802.7613962782566,1796.1854514182933,1802.7613962782566,1796.1854514182933,1805.8586861496192
20,At most primary school,males,2022-2023,26970,45848,3078.3843529847977,2161.0647720002326,3182.620170559881,2238.095831152213,3252.1788901248296,2525.1646055080555,3252.1788901248296,2529.342177775839
21,At most primary school,males,2022-2023,38592,47990,1986.5772914939191,2038.449183857748,2066.7726687741842,2079.9052372021947,2083.467514856274,2094.338278808085,2116.3499775428413,2113.695436549281
22,At most primary school,males,2022-2023,44516,44717,2618.1286878126216,2000.4601456567598,2660.8885943630753,2038.23884279655,2719.3147782070864,2076.027864123264,2719.3147782070864,2076.027864123264
23,At most primary school,males,2022-2023,32252,42464,1832.485597792385,1994.2239897324794,1837.4318026789038,2055.97396618312,1863.252682004217,2068.325605218538,1863.252682004217,2103.3937413652347
24,At most primary school,males,2022-2023,48945,47171,2118.6188579017266,1954.1467427020839,2207.5758504443766,2011.3056962964533,2214.900909183778,2016.703177446595,2214.900909183778,2016.703177446595
25,At most primary school,males,2022-2023,28199,43434,1685.5980117498257,2099.87478319596,1685.5980117498257,2124.452533345612,1687.1986004231828,2134.121609798775,1687.1986004231828,2134.8253595493543
26,At most primary school,males,2022-2023,40712,50479,2486.5382633294034,2269.6964942517347,2536.7160978745005,2356.2912762402843,2661.347656137421,2431.089212015557,2661.347656137421,2443.2870236467966
27,At most primary school,males,2022-2023,46911,51087,2294.3554461284843,2270.599376227481,2320.543333830729,2343.1449161887235,2375.898421123688,2604.6953465004144,2409.1741986598736,2616.151620438337
28,At most primary school,males,2022-2023,34749,53075,2652.1382869531017,1978.1629831998744,2787.7939892754707,1998.5379243209295,2826.8723320575173,2111.6616486104567,2826.8723320575173,2125.4606751452347
29,At most primary school,males,2022-2023,50273,40306,3335.035108308635,2170.818534047867,3385.342430330396,2204.7355191121255,3399.317128478507,2237.6242536264244,3424.3603922582697,2242.466378041317
30,At most primary school,males,2022-2023,37632,54733,3072.7014508928573,2086.240659200117,3105.743011267007,2144.7601812434914,3233.5129101119614,2166.639501458596,3263.1818089214853,2305.0904055444917
31,At most primary school,males,2022-2023,47760,50183,2155.188407314349,2373.5405748294575,2158.4484575656056,2393.962630107141,2163.5704651730875,2436.7576669390032,2193.2610849385815,2453.6956738337685
32,At most primary school,males,2022-2023,47596,50538,3029.476286522677,2302.1988536678673,3050.4017844636805,2345.798165077104,3098.8254965403257,2400.9951620562747,3098.8254965403257,2434.4419413774453
33,At most primary school,males,2022-2023,60684,47807,2692.7335404170235,2409.0799429651165,2719.526434754905,2459.0420824007642,2944.58218805616,2552.1776326339937,3008.0981065849314,2571.2505717433287
34,At most primary school,males,2022-2023,47634,38781,2857.5669339827296,2591.4075857593493,2859.4563407090177,2637.557427176538,2880.58795538201,2696.301668342745,2880.58795538201,2806.863885235897
35,At most primary school,males,2022-2023,44707,41533,2685.8852603246323,2313.148363951557,2697.594836006293,2335.854404931019,2754.873151855414,2358.1088170852095,2800.25306998904,2384.889096220676
36,At most primary school,males,2022-2023,47811,52615,2524.008944942935,2104.394778105103,2635.656892068074,2120.862705502233,2672.1617410219405,2143.567099052868,3049.2297797577967,2143.567099052868
37,At most primary school,males,2022-2023,65346,49374,3043.9210765259795,2234.323989684179,3064.2439731072545,2316.749557796951,3090.0081106724206,2435.0852878032974,3098.5778777583937,2448.8259880368882
38,At most primary school,males,2022-2023,37778,57662,2424.907529955706,1982.3768484154787,2529.577973070747,2016.9547333310209,2536.3938888594776,2089.52156677419,2536.3938888594776,2143.1047469159353
39,At most primary school,males,2022-2023,70855,39363,3159.7394208830237,2226.86815241047,3163.1209747606613,2245.7386653286926,3259.3684755251334,2681.407366477826,3326.3397548985013,2792.230355917994
40,At most primary school,males,2022-2023,28391,51329,2459.6544531717796,2297.1250073058113,2603.678967982811,2322.7048939196166,2613.714718748899,2347.4326469117523,2613.714718748899,2402.612239994285
41,At most primary school,males,2022-2023,61084,56893,2859.0395106192564,2893.1774471376093,2859.0395106192564,2902.5550155555165,2926.1264319079737,2915.441454426145,3131.8267789710344,3027.54669291477
42,At most primary school,males,2022-2023,61559,33191,2926.518979082398,2472.9845389814504,2965.9283262127933,2493.1827854940593,2984.7267553620645,3162.532031775682,3028.470156002101,3170.7379711367535
43,At most primary school,males,2022-2023,45616,46131,3164.7829745410963,2728.660152608875,3200.314367034958,2734.0513212373457,3334.123410645387,2807.3547397628495,3370.470306471413,2875.8885528892356
44,At most primary school,males,2022-2023,41880,43749,2893.9328915950337,2922.259804033616,2905.6425382043935,3237.4190076725563,2994.5807744348936,3309.4921788688503,2994.5807744348936,3415.382652555868
45,At most primary school,males,2022-2023,44029,42771,3960.631757856564,2678.040557075277,3985.15741140309,2702.1519877175347,4181.045311044993,2816.535370539228,4199.578550500806,2868.013396927825
46,At most primary school,males,2022-2023,45579,37587,3295.3252813795825,2455.047707097312,3328.9833256543584,2501.122147728381,4241.038950686354,2575.80155816284,4309.2677402604995,2720.7112875905677
47,At most primary school,males,2022-2023,38742,45415,2968.919551649373,2417.095258541598,2994.8384510350525,2439.7613380307534,3066.5220674375787,2552.5139161070133,3066.5220674375787,2600.827762486697
48,At most primary school,males,2022-2023,39421,52390,4951.032909701259,2908.2915871349496,4954.187319787254,2956.9995466692117,6351.891166298842,3036.607455303175,6754.552607324354,3113.4965562766433
49,At most primary school,males,2022-2023,62335,35559,3457.940060426192,2383.6892066706037,3467.2831261196225,2408.6173542563065,3542.191417341782,2797.5826677728096,3627.7773642415978,2855.66632216879
50,At most primary school,males,2022-2023,30363,48817,2903.6208543292823,2446.232658022137,2915.18097684682,2464.7102375538575,3018.6492331675613,2597.9641928016877,3018.6492331675613,2754.72447439758
51,At most primary school,males,2022-2023,47713,50709,2788.728159341619,2248.78423291066,2788.728159341619,2256.944520039178,2845.254682511405,2356.2945285846695,2913.160703931144,2550.135608734807
52,At most primary school,males,2022-2023,39709,22668,4287.334777170582,2334.316907828951,4287.334777170582,2346.7088259514144,4320.363250984243,2484.1546931062876,4427.962703669193,2682.0493757720133
53,At most primary school,males,2022-2023,22795,37086,4374.417613511735,2249.189550414352,4374.417613511735,2276.4522641068506,4481.709051692623,2319.04290927394,4481.709051692623,2623.9522191662622
54,At most primary school,males,2022-2023,36657,34844,2776.762373716707,2541.397935560403,2807.8396577279464,2543.650834194314,2862.616144256213,2623.881289939923,2951.619608805958,2749.6351260857923
55,At most primary school,males,2022-2023,39282,36096,2868.4270715170646,2518.8959487662532,2868.4270715170646,2561.686562684693,3020.52186047893,2652.70311114805,3020.52186047893,2736.9794483229907
56,At most primary school,males,2022-2023,31671,35167,3733.9453416900847,2031.1251741689653,3734.8613216086223,2095.458213666221,3752.7376122214855,2132.844731329561,3973.231123635713,2257.7743528497363
57,At most primary school,males,2022-2023,23952,28314,2217.5815364061455,2650.663049492595,2337.7602271209084,2712.3742171128533,2348.524811845914,2850.4835152221517,2451.2677978178576,3011.7765740152104
12,Secondary school or above,males,2022-2023,6055,10768,240.77621800165153,864.4366022783557,240.77621800165153,931.4128281327392,240.77621800165153,934.2236255572067,240.77621800165153,934.2236255572067
13,Secondary school or above,males,2022-2023,18568,20385,917.9897738043948,732.682119205298,919.2532378285223,743.458180034339,920.6938884101681,747.8404872864035,1107.4668311072815,793.7075463984957
14,Secondary school or above,males,2022-2023,28647,27941,755.4196324222432,973.587929327273,761.5075299333264,990.1710866945826,772.0758267881454,994.0371497083139,772.0758267881454,994.0371497083139
15,Secondary school or above,males,2022-2023,38850,31970,1884.7519948519948,1397.4673913043478,1907.510296010296,1429.7739286831404,1913.84719004719,1438.690673548118,2043.4868296868297,1443.3043738921906
16,Secondary school or above,males,2022-2023,38587,54337,959.1043615725504,1885.522909496905,1053.2371005779148,1931.1387697762725,1074.9024282789542,1952.0047849531625,1084.3900795604739,1979.4961812393028
17,Secondary school or above,males,2022-2023,56366,59881,1401.6924741865664,2347.180405025523,1416.8576446794168,2384.187135040052,1452.821701025441,2395.1013370963524,1459.4923890288471,2400.306260193829
18,Secondary school or above,males,2022-2023,74511,78367,2425.113417258302,2405.039965801932,2457.478437188245,2486.0450317097757,2474.194201750972,2518.7063134567697,2484.4745630399093,2568.0570180475625
19,Secondary school or above,males,2022-2023,75994,63395,2550.9142695475957,2562.5603833109867,2595.8463694502198,2591.06941399164,2598.9216780272127,2593.6056287299207,2662.8148801221146,2609.9207955411835
20,Secondary school or above,males,2022-2023,73599,82833,2391.501314555904,2959.307989166958,2457.7323774779547,3021.9244343035584,2526.721086563676,3038.8832550634,2545.887107841139,3076.497438621483
21,Secondary school or above,males,2022-2023,97978,80469,2773.7966856505204,2950.147517470496,2824.9727251695963,2983.56565364716,2864.2383426211327,3021.2699248571917,2882.5990970762145,3038.491513294975
22,Secondary school or above,males,2022-2023,76417,72443,3135.643288360792,2915.6264281343033,3185.7611940624033,2987.298294291144,3301.807798003062,3141.436145199214,3324.786978028449,3209.9081806845843
23,Secondary school or above,males,2022-2023,64802,60203,3235.958921020956,2965.707769269527,3240.803215950125,3092.9081413440085,3462.4784728866393,3221.541605069515,3462.4784728866393,3229.792578166094
24,Secondary school or above,males,2022-2023,62059,64307,3638.075669927005,3454.9547483166684,3697.7285808665947,3499.6251729982737,3736.5553424966565,3608.8139082837015,3758.8438099228156,3625.3870133370656
25,Secondary school or above,males,2022-2023,64490,75339,3744.53862180183,3403.8357612480477,3772.6863966506435,3482.609968497945,3806.177635602419,3511.4603647070794,3832.9662850054274,3540.3809326289615
26,Secondary school or above,males,2022-2023,67929,55712,3519.8352814458235,4041.4966434520393,3524.1191660900845,4108.943800258472,3544.2921898845366,4146.61626459889,3552.245346857258,4199.437918820601
27,Secondary school or above,males,2022-2023,66782,53374,3790.773982110948,3592.432545184297,3823.847534864684,3656.0357977042504,4089.676900062891,3730.566280710958,4465.477265430804,3761.3752888422578
28,Secondary school or above,males,2022-2023,55014,80278,4096.9567382848,3800.09206860327,4233.96077362126,3827.137012423495,4330.339574168999,4030.703317430263,4408.081603470631,4087.790813381831
29,Secondary school or above,males,2022-2023,66778,43628,3921.3259232082423,4800.836041838575,4005.1983063284315,4840.979298462761,4108.539726157317,5325.385719415666,4179.59306707798,5398.343147367134
30,Secondary school or above,males,2022-2023,63615,48379,4301.108905132437,4282.296569792678,4327.777929733553,4312.947058641145,4369.929151929576,4344.32878762824,4529.321328827058,4483.432530987963
31,Secondary school or above,males,2022-2023,60723,51718,4364.28086782054,3624.3524175979996,4386.4512151353965,3657.2413537517564,4428.23000296428,4823.536292973433,4539.632601650116,4886.023989068925
32,Secondary school or above,males,2022-2023,63270,44828,5701.000980190717,4611.458708842688,5720.007302302302,4694.757093780673,5774.796696960118,4739.845357068499,5827.4108901006275,4757.844524255674
33,Secondary school or above,males,2022-2023,42859,51189,6493.749395303981,4818.338659998567,6610.406340169704,4861.846054165282,6735.660468046384,5795.568549883764,6735.660468046384,5823.335778520124
34,Secondary school or above,males,2022-2023,52332,37828,5270.979248515886,5234.018240456804,5272.354124308899,5342.3912710161785,5328.416062192668,5647.403211025342,5345.280695686514,5703.441066582073
35,Secondary school or above,males,2022-2023,44661,35900,4673.213892807296,4987.244405756732,4684.487711127531,5096.020868152275,4766.349962308651,5252.443802228412,4820.702529425374,5450.029688950789
36,Secondary school or above,males,2022-2023,34823,31614,6541.1181068068045,5442.101632188271,6826.901927844624,5507.793730625672,7100.207884635634,6017.765130427448,7263.383573117385,6152.586201261044
37,Secondary school or above,males,2022-2023,58206,32908,6351.819749395823,5772.293500060776,6400.710757195707,5908.298726753374,7344.963354293371,6051.265077387465,7429.2072466756,6078.208728374053
38,Secondary school or above,males,2022-2023,32386,53014,5550.194689886576,5731.021538335785,5623.85429588917,5760.327004816338,5662.832043475576,5806.602837615221,5955.813578706849,5884.503958073968
39,Secondary school or above,males,2022-2023,46100,30920,8076.222487346349,6577.612052608883,8151.762617498193,6774.78605002156,8918.863846710052,7144.739693833549,8993.63608098337,7156.7142518326855
40,Secondary school or above,males,2022-2023,33863,41264,5283.252167065331,4650.76885824609,5309.88595615667,4693.2405042329065,5382.224004567423,4796.762783540131,5432.0825522448295,4813.986594448752
41,Secondary school or above,males,2022-2023,36439,33741,5440.266106826934,5769.221086116791,5445.757475964397,5851.394110034281,5504.505886550125,6487.270714165753,5504.505886550125,6497.944177706648
42,Secondary school or above,males,2022-2023,32190,22828,5761.701563632599,5774.9275670229545,5854.121569845708,5842.1432670404765,5974.179558869215,5934.378679691607,5983.1575023299165,5939.68532065884
43,Secondary school or above,males,2022-2023,23633,26688,5168.017870491826,7857.7166142086335,5183.2761957150315,7968.466764088729,5183.2761957150315,9093.887052857714,6156.999379398863,9096.332596422862
44,Secondary school or above,males,2022-2023,19322,17637,6053.4283890556535,3809.858233637618,6053.4283890556535,3861.3766324582793,6261.635786495532,4393.342102776361,6529.480730083153,4407.080266863223
45,Secondary school or above,males,2022-2023,25240,21506,4593.947966191231,4059.6898772435597,4603.551769677761,4130.577071514926,4785.432382461701,4249.527984438451,4790.234284204966,4310.50289066617
46,Secondary school or above,males,2022-2023,15080,20100,5990.487113174183,4296.263888888889,6027.27093280283,4300.860903814262,6644.457051282052,4325.881633499171,6644.457051282052,4335.006011608623
47,Secondary school or above,males,2022-2023,28711,14060,4651.0151916222585,5386.41478781413,4670.721924233453,5524.167277145567,4744.880492958564,5970.919292318635,4775.988778981343,6051.296437885254
48,Secondary school or above,males,2022-2023,25868,24522,5029.312599865986,4777.560479705298,5031.04446935725,4825.727024032841,5132.701600432967,4900.604005246989,5147.175081181383,5079.85121183699
49,Secondary school or above,males,2022-2023,29385,13100,4057.3929442459307,4496.295979643766,4278.393454710454,4536.537659033079,4296.109693154104,5279.762849872774,4296.109693154104,5468.419338422392
50,Secondary school or above,males,2022-2023,19792,15489,4801.37917677176,5265.571599199432,4805.6839463756405,5292.229227193492,4888.474215171113,5505.930348419309,4888.474215171113,5660.540071448555
51,Secondary school or above,males,2022-2023,21641,19048,6174.84245182755,4019.9109617807644,6205.372464303868,4055.7782444351114,6464.7173805893135,4152.698306033879,6703.112094327126,4164.619067618648
52,Secondary school or above,males,2022-2023,19120,13247,6985.3033472803345,4136.108225761807,7007.635983263598,4152.386628419013,7021.155857740586,4887.520369391811,7021.155857740586,4908.357791701265
53,Secondary school or above,males,2022-2023,8750,10552,4732.13619047619,3504.578278999242,4732.13619047619,3523.1150492797574,5000.981904761904,3750.0844705585037,5000.981904761904,3869.5120672226435
54,Secondary school or above,males,2022-2023,15907,16151,5644.343370843025,4365.1638701422,5817.449550512352,4382.079231420139,5883.332495127931,4510.239510453429,5931.361664675928,4548.243349225022
55,Secondary school or above,males,2022-2023,12388,17894,9591.913572274243,4429.94350992884,9680.943278441502,4625.986876420402,10184.926165106015,4864.191488767185,10548.261651060166,4870.254973734212
56,Secondary school or above,males,2022-2023,24821,13406,5573.898123900461,6670.071858371873,5573.898123900461,6945.217315629817,5629.7849401716285,9721.067370331692,5870.209043417536,9738.73110298871
57,Secondary school or above,males,2022-2023,21504,4435,6283.0364505828375,5208.409770762871,6327.732786148314,5316.639759488913,6659.071916852678,5792.505975197294,6659.071916852678,5961.65629462608
12,At most primary school,females,2022-2023,12513,17391,552.8710141452889,436.4638797845629,555.8822824262767,474.7077990531501,568.5424491861797,478.82860866731835,568.5424491861797,478.82860866731835
13,At most primary school,females,2022-2023,28392,13519,549.5660749506903,418.9903099341667,574.5840377571146,439.2358902285672,623.4370010331548,439.2358902285672,623.4370010331548,439.2358902285672
14,At most primary school,females,2022-2023,12764,21309,642.228925101849,526.1768032286827,789.8315575054842,668.4744239523206,789.8315575054842,668.5976113379323,789.8315575054842,680.6514383593786
15,At most primary school,females,2022-2023,11402,14181,766.7865286791791,777.2129610041605,766.7865286791791,895.7430364572316,766.7865286791791,909.5044073055498,766.7865286791791,916.9509907622876
16,At most primary school,females,2022-2023,16384,17756,537.8338623046875,944.8780693849966,537.8338623046875,1103.5594165352557,539.0189615885416,1109.951621986934,539.0189615885416,1109.951621986934
17,At most primary school,females,2022-2023,14237,16314,785.0716443070871,547.0473213191124,978.8800309053873,587.6210616648277,978.8800309053873,591.2447386702627,978.8800309053873,597.2273303093457
18,At most primary school,females,2022-2023,16777,17759,730.6011205817488,766.5479287497419,765.940573404065,813.9509919852844,767.6095249448649,834.5321057867372,971.9696608452047,861.9332357302401
19,At most primary school,females,2022-2023,26631,23161,982.923535228368,1098.3257055682686,996.1562339629255,1282.5707727069932,1007.7569061119248,1293.524531180289,1007.7569061119248,1395.0219478145734
20,At most primary school,females,2022-2023,19976,23505,708.5007008410092,839.9233283698503,754.8312975570685,927.4642771041622,759.1114337204646,997.5183436148336,759.1114337204646,1144.1360277955043
21,At most primary school,females,2022-2023,27317,22276,1036.6681919683713,939.5891991380859,1047.1744701101877,941.6901149218891,1056.0517260314089,1061.624872807805,1056.0517260314089,1069.8369994613038
22,At most primary school,females,2022-2023,24174,15435,1251.9547861338629,934.7291869128604,1329.8339124679408,947.3822481373502,1335.1667769780204,1097.8055285606306,1335.1667769780204,1198.8421336788683
23,At most primary school,females,2022-2023,18052,27061,1413.6270219366274,1064.106032051045,1413.6270219366274,1111.3916460342682,1420.3737351355344,1137.0803678109949,1439.3937883152373,1217.2433083280982
24,At most primary school,females,2022-2023,21306,24121,980.8397634469163,943.3913049486616,1042.6908851966582,1052.7022787888839,1042.6908851966582,1067.0777192764258,1062.1220313526705,1070.305888368365
25,At most primary school,females,2022-2023,27906,16877,1081.2157779688955,886.2292370286979,1148.8428115817387,928.6556161245087,1167.2960713347188,1005.1089747387964,1196.3220872452757,1186.1265331516265
26,At most primary school,females,2022-2023,15463,22808,1608.9973485093449,1213.227873260844,1608.9973485093449,1245.1833274874311,1608.9973485093449,1304.5326237869751,1608.9973485093449,1627.2176465859932
27,At most primary school,females,2022-2023,23457,23310,2077.3080530332095,995.8338338338339,2114.2330647567887,998.1032461032461,2212.3121740489687,1061.1461389961391,2379.5003623651787,1173.216066066066
28,At most primary school,females,2022-2023,34596,24841,1374.6383975026015,942.3056237671591,1385.9287200832466,1022.9239563624652,1468.0788723166454,1063.5951585416583,1528.663911049447,1124.0937965460328
29,At most primary school,females,2022-2023,31766,23689,1447.903890952591,1028.5007668819565,1454.4202921362464,1123.530485316673,1508.0712213267855,1227.6146594059128,1671.7934400512079,1309.4809545921455
30,At most primary school,females,2022-2023,19770,37051,1718.3099983139437,884.3416911824243,1718.3099983139437,1017.0080159779764,1785.4332304838981,1069.1463523251734,1922.1858860225932,1121.8017012586256
31,At most primary school,females,2022-2023,39458,22491,1966.9070066061806,953.6576111926252,1998.0920641357056,973.1903131623019,2040.8789092199302,1030.5791946408192,2284.8395762583,1181.6196997317445
32,At most primary school,females,2022-2023,36650,25339,1466.2682582992268,1366.3729297394002,1501.1604820372895,1404.1044897851793,1775.8421555252387,1490.6843995422075,1836.5533879035925,1546.4708683583933
33,At most primary school,females,2022-2023,25549,28123,1765.9258679400368,1310.2324046747026,1790.8779208579592,1327.8869934454597,1838.110200007828,1374.0670477308015,1838.110200007828,1475.5711546895184
34,At most primary school,females,2022-2023,35876,35456,1476.5393020403612,1351.319090327918,1476.5393020403612,1400.9941805806257,1535.5424819749508,1798.8459781137183,1639.6956763109972,2070.2211661401925
35,At most primary school,females,2022-2023,29709,31879,1474.8019006586107,1359.6955048778193,1515.94094943171,1418.9821826280624,1570.0379121927137,1457.8220380187586,1599.4695098006216,1716.2467690329058
36,At most primary school,females,2022-2023,25530,34794,916.3849719284501,1454.0796784886284,955.9306045175609,1499.6812189841162,1022.8838621229925,1640.3735078845011,1119.0428907168036,1748.7791716962695
37,At most primary school,females,2022-2023,35855,29126,1591.1884880769767,1290.768391357092,1594.217354343885,1296.6699913021582,1606.468783712174,1328.0534631142848,1939.241060939897,1396.7847226990775
38,At most primary school,females,2022-2023,25755,39591,1592.1239888694752,1173.7039520766505,1621.8024978968485,1192.8775016207387,1693.2860286028604,1340.568980323811,1818.8538795055977,1583.0432463607049
39,At most primary school,females,2022-2023,49472,25207,2267.3981241914616,1523.2755848243212,2335.8040912031047,1549.1910051440736,2357.2164557729625,1642.5461908729055,2436.499498032557,1823.5924610888508
40,At most primary school,females,2022-2023,26948,32589,2085.6113626243136,1250.476285454192,2093.292823215081,1309.462323687952,2146.0238545841376,1353.3707999631777,2584.8962508040177,1391.314073255802
41,At most primary school,females,2022-2023,34299,42345,1349.3017677872047,1355.302330066517,1388.1163104852426,1396.600712402094,1456.997327424512,1488.411433856811,1662.738019572971,1621.592210808045
42,At most primary school,females,2022-2023,24229,22185,1686.2288992529614,1751.6784013222148,1710.5840108960338,1754.5023814889942,1727.6713958479509,1761.2268762677486,1727.6713958479509,1920.6925813237174
43,At most primary school,females,2022-2023,22088,30159,1489.4607630085718,1439.8991235341578,1515.5654352287818,1457.5794179736286,1619.0633752867318,1485.481813057462,2221.0191883979232,1552.4546348795825
44,At most primary school,females,2022-2023,29276,26525,1823.5013663068726,1615.5626138862708,1840.8534635879219,1650.0553565818411,1925.8293539645672,1694.9429940307887,1997.050376872979,1811.1352654728244
45,At most primary school,females,2022-2023,33774,36868,1650.9793529539488,1324.2990036526708,1669.7100333589942,1335.6511247332826,1715.586052387438,1373.150559654262,1740.5283156668838,1664.7301589454269
46,At most primary school,females,2022-2023,26757,26180,1419.2641178009492,1979.722625413802,1445.2879620286278,1997.3864909600204,1535.0725978248681,2016.0187165775403,1673.6419441641438,2240.410618792972
47,At most primary school,females,2022-2023,35615,25358,2350.360915344658,1158.3679706601467,2386.834311385652,1166.2471409417146,2433.980176891759,1286.5578318479377,2673.7190509616735,1353.8633501590557
48,At most primary school,females,2022-2023,21455,23457,1830.6463139905227,1595.001520512711,1891.005204691991,1637.995083201887,1920.0823428882156,1746.3273507552826,2023.0932960459877,1840.616404484802
49,At most primary school,females,2022-2023,32587,16167,2186.5048025286155,1113.6889961031732,2208.000490993341,1161.1412135832252,2455.5709434232463,1931.6904290633183,2486.365687748693,2226.0884827116965
50,At most primary school,females,2022-2023,15352,27430,1603.7788778877887,1219.0756471017135,1650.0334375542816,1237.6620488516223,1661.1606522494353,1308.4731133795115,1661.1606522494353,1496.055565682343
51,At most primary school,females,2022-2023,31922,26869,1763.5455171981705,1477.1260808614636,1763.5455171981705,1481.1679134566477,1779.8093791115843,1649.4129169923208,1829.0215212079443,1804.8435867852668
52,At most primary school,females,2022-2023,17084,17810,1775.1245609927416,1117.0919333707654,1775.1245609927416,1176.2946284858692,1796.4650696558183,1212.7503415684073,1869.0007755794895,1269.4802685757065
53,At most primary school,females,2022-2023,21227,19802,1886.1490240417081,1796.8519678146988,1905.167255539329,1839.7011749654916,1961.0798511329913,1936.5356697976636,2029.483299571301,1953.1905531427801
54,At most primary school,females,2022-2023,23706,12890,1726.654264743103,1511.5576157227824,1735.6815152282124,1520.0603310059478,1797.4082229534015,1584.9956814067752,1864.3997019038782,1695.7469097491594
55,At most primary school,females,2022-2023,20513,11283,4061.4666309169793,1413.0877426216432,4061.4666309169793,1439.9316671098113,4084.1487836981423,1528.5636060149488,4084.1487836981423,1777.573916511566
56,At most primary school,females,2022-2023,18392,14962,993.0347977381471,1320.2233435815176,1057.6297303175295,1365.0756360557857,1292.278853124547,1424.8296517845208,1490.850695954763,1546.6056175644967
57,At most primary school,females,2022-2023,19994,10696,1748.1657497249175,1480.160309149838,1748.1657497249175,1480.160309149838,1801.4154746423928,1494.8530291697832,2057.991114000867,1527.3137621540764
12,Secondary school or above,females,2022-2023,3097,4994,0,174.5374449339207,0,245.27833400080095,0,245.27833400080095,0,245.27833400080095
13,Secondary school or above,females,2022-2023,14251,6864,353.7351764788436,335.31060606060606,378.75798189600727,351.2240675990676,394.03410286997405,366.0657536907537,814.3660094028489,366.0657536907537
14,Secondary school or above,females,2022-2023,11812,18480,251.54080596004064,471.91134559884557,257.33152726041317,476.8215187590187,289.8831696579749,479.1393398268398,289.8831696579749,479.1393398268398
15,Secondary school or above,females,2022-2023,15047,24258,533.5164816907024,1014.057815978234,533.5164816907024,1148.6847431775084,533.5164816907024,1173.2999903811801,533.5164816907024,1195.4177797015418
16,Secondary school or above,females,2022-2023,19290,24213,802.3803352341455,637.4974875755448,871.898220148609,665.140406668594,880.1408329013306,669.1083164691144,880.1408329013306,690.1011715469651
17,Secondary school or above,females,2022-2023,33275,40254,1193.1294127723515,1556.977592288965,1200.9551077385424,1678.3562875739058,1200.9551077385424,1693.2468367532833,1206.2203218632606,1709.4936693661914
18,Secondary school or above,females,2022-2023,38899,41837,1670.9998543235902,1661.7294559839377,1683.048801597299,1712.2244723570045,1693.446241120166,1715.6312056313789,1965.736788435007,1749.405137796687
19,Secondary school or above,females,2022-2023,35434,29103,2203.2064213279145,2208.1635913823316,2302.186214746665,2244.3639830945262,2324.4435570356154,2253.8104319142353,2356.889795112039,2290.737209222417
20,Secondary school or above,females,2022-2023,34415,40065,2378.3625618674027,2008.3290985481924,2403.2935512615622,2054.9336661258785,2427.4593704295607,2077.1939514954865,2447.75284711124,2119.3296476558926
21,Secondary school or above,females,2022-2023,62851,45936,2135.7373072823025,2105.7921746197608,2194.2853017453976,2215.1793654940207,2243.0328687424753,2256.0343956809475,2420.350652071301,2346.496502380123
22,Secondary school or above,females,2022-2023,42059,41536,2313.4081505345666,2319.566921866975,2353.96879153887,2337.5513209424757,2355.7044485920574,2403.4288127568057,2415.2041989427553,2498.8476462185417
23,Secondary school or above,females,2022-2023,40882,47107,3237.7522829933305,2944.7163443508043,3290.709574710957,2983.0615584378825,3304.1819667987543,3112.3072827109913,3352.115042479983,3140.465751728335
24,Secondary school or above,females,2022-2023,45268,39452,2926.695174663486,2307.1114011963905,2942.09722467674,2328.9239835749772,2963.5384193396367,2459.069054378316,3007.052601543401,2534.3964564534117
25,Secondary school or above,females,2022-2023,47391,49640,3060.913355559776,2730.9643096964815,3071.3541565557457,2756.0839712597367,3122.776191681965,2834.3304878458234,3135.213152286299,3018.352506379264
26,Secondary school or above,females,2022-2023,42762,47072,3129.691988993343,2108.5940651200995,3167.3712369237483,2135.3245205925673,3173.6598810470355,2177.234325430546,3206.579295480411,2440.7277397745297
27,Secondary school or above,females,2022-2023,53135,37566,4321.670132680907,3159.183989511793,4334.721793544744,3199.505290688389,4409.665568834102,3274.892830839944,4434.220946645337,3371.4224853147352
28,Secondary school or above,females,2022-2023,38119,47139,2884.2272963613946,2877.750790216169,2986.645512998767,2910.4987059547298,3016.361446435286,3330.0812172511082,3016.361446435286,3402.4399152859983
29,Secondary school or above,females,2022-2023,39663,26304,2566.33651850171,2859.478304947283,2682.6249989494827,2878.706939375507,2707.4931380211615,2949.8955735502836,2843.867088554404,3036.4134668998377
30,Secondary school or above,females,2022-2023,41492,23156,3417.1409106976444,4421.358373639661,3462.108615315402,4425.874740887891,3494.1929126899963,4498.9249222663675,3529.2514781966,4584.46502706282
31,Secondary school or above,females,2022-2023,36130,37952,3430.0406956361285,3427.945720910624,3437.74620352431,3447.6954047217537,3458.781832710582,3763.727937043283,3576.8554557385364,3832.6927698145028
32,Secondary school or above,females,2022-2023,31291,28632,3249.216910080641,2707.6536043587594,3262.0838686310226,2727.0511316010056,3440.454592907439,2758.7583705876873,3520.643784687823,2946.7839131042188
33,Secondary school or above,females,2022-2023,20448,25360,4379.578067944705,3111.074907991588,4398.200916145018,3118.914813354364,4611.167139410537,3142.2895504731864,4619.3146354981745,3256.0888406940066
34,Secondary school or above,females,2022-2023,39159,29772,4027.9780425104486,3841.0175780375293,4027.9780425104486,3880.3730126741007,4077.0421146266926,3949.4501097227817,4122.165840973126,3980.713265260423
35,Secondary school or above,females,2022-2023,37214,27256,4059.7282922197737,5092.062096419137,4096.326077999319,5129.959440123275,4167.054835993622,5228.524893601409,4167.054835993622,5350.795219401232
36,Secondary school or above,females,2022-2023,30753,25626,4126.568703324338,3636.2701260438616,4131.617966810827,3659.4262955591976,4186.01916344205,4310.877946226488,4199.253644630877,4626.2568582689455
37,Secondary school or above,females,2022-2023,27707,22664,4467.165638045741,4617.9291828450405,4469.753431744084,4718.385854218143,4514.461147002563,4825.0895840687135,4617.341285595698,5090.475026473703
38,Secondary school or above,females,2022-2023,23515,32571,3412.116619037494,4796.087526736464,3412.116619037494,4824.322459652248,3440.701210433057,5157.101235250172,3622.823260188532,5299.619119257418
39,Secondary school or above,females,2022-2023,25276,21038,5633.42960384027,4302.316276895775,5643.197763359181,4357.643779510093,5748.7409004589335,4530.275842126945,5795.091588858996,4974.235866844123
40,Secondary school or above,females,2022-2023,18369,29832,2920.679768450469,3431.3034465227497,2921.2894913531854,3461.2052298426747,2957.2059810913315,3635.4786610574774,3062.562469377756,3722.1909163538035
41,Secondary school or above,females,2022-2023,26384,20375,4084.332423691126,3374.4098977505114,4214.748585001011,3402.562044989775,4364.8995603396,3494.60981595092,4635.442313523347,3752.690535787321
42,Secondary school or above,females,2022-2023,28105,18261,4090.2752772341814,5156.397148750524,4115.733380774477,5200.3783107898425,4661.3075668623615,5255.06972966066,4899.245923026745,5327.470912509354
43,Secondary school or above,females,2022-2023,22255,22638,4838.005938740358,4657.888542863033,4960.5554781697,4753.965934858792,4964.799209915375,5131.364924757782,5228.964566015127,5279.767610507407
44,Secondary school or above,females,2022-2023,24156,14545,5039.95108185682,2921.252595393606,5039.95108185682,2934.7005156411137,5207.787230225755,3529.458737252206,5641.46830325109,3748.90299071846
45,Secondary school or above,females,2022-2023,16643,18354,4394.104728714775,5264.602902182994,4404.487472210539,5511.780629109005,4527.575256864748,5643.765482546947,4601.305954455326,5670.863771748211
46,Secondary school or above,females,2022-2023,18277,15446,4609.272090605679,4012.7398895075316,4614.136127373201,4254.757240277958,4629.552588863964,4573.950990547714,4646.688880377888,4666.157171220165
47,Secondary school or above,females,2022-2023,20858,11041,3289.936635024131,3770.35591582888,3297.0849713938696,3824.861848262536,3408.720794579218,3894.704555746762,3463.2677310064882,3929.0833861667115
48,Secondary school or above,females,2022-2023,11097,11009,4267.615812081343,4332.300277046053,4278.997266528491,4446.134412753202,4504.797032230933,4896.074613195265,4504.797032230933,4965.320987373967
49,Secondary school or above,females,2022-2023,12302,15588,4544.8129030509945,3378.986399794714,4557.558798027421,3381.886066204773,4695.466590798244,3827.6990847660595,4797.159404974801,3840.7112308613464
50,Secondary school or above,females,2022-2023,15715,7973,7268.065457630714,6404.897152891007,7268.065457630714,6404.897152891007,7268.065457630714,6992.308833981353,7340.143090465585,6992.308833981353
51,Secondary school or above,females,2022-2023,10655,9064,5230.23033004849,6382.191122388938,5259.193258251212,6382.191122388938,5259.406499296105,6717.97738305384,5259.406499296105,6831.510775228008
52,Secondary school or above,females,2022-2023,14165,7163,2857.8132721496645,2527.2092698589977,2897.988351570773,2529.275443250035,2956.731733145076,2599.7138070640794,3163.085421814331,2628.258643957374
53,Secondary school or above,females,2022-2023,9402,11643,5291.040026944622,3909.25234046208,5291.040026944622,3909.25234046208,5636.782067645182,4893.979300867474,5882.3787492022975,4945.77007644078
54,Secondary school or above,females,2022-2023,7598,8193,6218.353514082653,3543.0395256112943,6218.353514082653,3543.0395256112943,7382.895060103536,3618.5348671630254,7419.457313328069,3654.419158631352
55,Secondary school or above,females,2022-2023,13631,4806,3855.3447411537427,6304.748283395756,3929.8807253075097,6396.924729504786,4721.2692270070675,7440.016697877653,4822.949221138092,7799.289828686365
56,Secondary school or above,females,2022-2023,6862,6410,6571.972457009618,1425.1792771710868,6571.972457009618,1725.6472958918357,6701.5993879335465,1752.9392875715027,6701.5993879335465,1752.9392875715027
57,Secondary school or above,females,2022-2023,8157,4362,6046.281864247477,1376.338262265016,6046.281864247477,1376.338262265016,6046.281864247477,1377.2629145651842,6046.281864247477,1432.3599648479292
12,At most primary school,urban,2022-2023,13884,20030,414.3186401613368,815.3873356631719,414.3186401613368,875.4899317690132,420.54163065399024,903.7916458645366,420.54163065399024,903.7916458645366
13,At most primary school,urban,2022-2023,19375,25179,791.916129032258,1006.6346955796497,806.0374193548387,1015.2680805433099,811.3036559139784,1015.2680805433099,811.3036559139784,1015.2680805433099
14,At most primary school,urban,2022-2023,11570,30575,1503.6145203111496,1218.074156445898,1503.6145203111496,1269.1361351866994,1522.4995678478824,1270.1050640501498,1522.4995678478824,1278.505881711638
15,At most primary school,urban,2022-2023,12337,19968,1049.7406176542108,1423.568376068376,1072.6635324633216,1450.8089610042734,1072.6635324633216,1459.527076655983,1072.6635324633216,1460.8542000534187
16,At most primary school,urban,2022-2023,11710,20964,2058.239111870196,1492.9929482287096,2128.7344150298886,1543.3672088659926,2128.7344150298886,1543.3672088659926,2128.7344150298886,1543.3672088659926
17,At most primary school,urban,2022-2023,13372,19499,2214.8399641040983,1324.9120467716293,2480.781483697278,1393.3022206266987,2480.781483697278,1399.7623809768022,2480.781483697278,1403.767714583654
18,At most primary school,urban,2022-2023,12594,17784,1173.7500661690754,1539.6407632328685,1194.764041077762,1547.4832058779427,1194.764041077762,1560.191258059679,1194.764041077762,1588.4188783925626
19,At most primary school,urban,2022-2023,20367,25532,1499.8949280699171,1768.7821230873674,1518.3021554475379,1982.4222609535746,1533.3878332596848,1992.3588111650738,1533.3878332596848,2000.9323659198913
20,At most primary school,urban,2022-2023,8149,26311,1598.0611117928581,2024.792691269811,1612.1536384832496,2120.3223176618144,1619.7740418047206,2143.998885130427,1619.7740418047206,2215.9104557029377
21,At most primary school,urban,2022-2023,24209,26128,2115.0738912525644,1966.6787864870382,2186.985163919754,2002.2052714839763,2186.985163919754,2023.5645412329047,2186.985163919754,2035.8993289446826
22,At most primary school,urban,2022-2023,13646,23275,3092.05334896673,2083.8932044396706,3230.0168547559724,2092.28418188328,3256.1050857394107,2229.320701754386,3256.1050857394107,2229.320701754386
23,At most primary school,urban,2022-2023,15224,23638,1949.3534879138203,1726.2026186648616,1959.8320086705203,1824.790147220577,1999.907985198809,1859.328990044279,1999.907985198809,1943.5375807315904
24,At most primary school,urban,2022-2023,17414,24178,2585.4038130240037,1873.9000330879312,2585.4038130240037,1993.9091322690049,2586.8767658206043,2006.4039622797584,2610.650740783278,2006.4039622797584
25,At most primary school,urban,2022-2023,14476,25967,2031.7510016579165,1746.4431329507966,2031.7510016579165,1780.1563073644754,2052.751277977342,1794.8353230382152,2108.7059615916,1891.8430636320459
26,At most primary school,urban,2022-2023,13795,31908,2149.1417180137732,2211.0137478584265,2174.7162015222907,2270.2559441728304,2174.7162015222907,2376.637833772095,2174.7162015222907,2566.1242739542854
27,At most primary school,urban,2022-2023,25160,27819,2832.860691573927,2317.802401236565,2861.8054451510334,2343.66961429239,3002.2711314255434,2756.538540805445,3064.3140567037626,2788.5220772373796
28,At most primary school,urban,2022-2023,13896,36832,1219.2278353483016,1714.0450966550825,1219.2278353483016,1734.0928811902693,1305.7347438111685,1738.777892412395,1305.7347438111685,1773.158684477266
29,At most primary school,urban,2022-2023,29153,30546,2508.1236350747204,1764.014780986054,2516.627048102539,1835.6401001767827,2539.724156461885,1917.1783266767063,2596.2878034278915,1928.4072928261203
30,At most primary school,urban,2022-2023,18982,41651,2193.2480068837144,1653.9851144030156,2196.566940610403,1760.9483325730475,2279.7002686755873,1797.1562267412548,2388.9669423664523,1823.4725216681472
31,At most primary school,urban,2022-2023,30075,31920,1955.4395455804934,1830.7637426900585,1972.2375505680245,1843.5937865497076,2028.1589276807981,1883.3483813700918,2036.4049792186202,1901.2211883876357
32,At most primary school,urban,2022-2023,24415,32907,2968.426923339477,1972.002086688749,2975.1277220288075,2015.2576250240575,2997.3920404123146,2059.1159732984875,3012.3295788108403,2062.7344536623414
33,At most primary school,urban,2022-2023,29141,34077,2789.7405316678673,2321.1076336923243,2800.249436647106,2357.995857420939,2820.6834185511816,2364.432848157604,2827.3544319000716,2399.6205113908695
34,At most primary school,urban,2022-2023,20175,31584,3098.2291945477077,2147.2898619554203,3102.690161090459,2230.7158054711244,3210.8610698058656,2320.4076457489023,3239.4112556794717,2664.2278922872338
35,At most primary school,urban,2022-2023,26280,30805,2204.2475900558093,1816.4437050262404,2240.948503297818,1878.2973002218255,2302.930048198884,1892.3948222691122,2336.201864535769,2081.871638803225
36,At most primary school,urban,2022-2023,21609,38712,2287.431162941367,1884.349426534408,2288.398352538294,1927.0028673279603,2294.2022614034277,2026.5389715505958,2356.201428417172,2100.542725769787
37,At most primary school,urban,2022-2023,31690,33571,3213.0302934679708,2207.591224568824,3226.125907226254,2246.5844032051473,3254.1502577048486,2334.052753864943,3298.945145682129,2341.871009700833
38,At most primary school,urban,2022-2023,19290,47412,2551.6006566442024,1749.5410796141625,2630.966130983238,1779.2124708231393,2644.895196129255,1919.2371041789704,2644.895196129255,1996.1441178745185
39,At most primary school,urban,2022-2023,35699,25703,2297.4269120516915,2035.752742870482,2308.071467921604,2070.651392833521,2325.9300447258092,2615.47989858512,2356.8073989000627,2731.7464822523957
40,At most primary school,urban,2022-2023,19478,40607,2560.424427559298,1924.6379688231093,2574.2862203511654,1970.3176792178688,2582.9690933360716,2005.9502056295712,2628.102063866927,2027.4254849328113
41,At most primary school,urban,2022-2023,36168,59354,2721.4690094374405,2528.1953617279373,2735.1357866991084,2558.6439919803215,2791.17496497825,2616.439574417899,2869.1444407579447,2648.401812290101
42,At most primary school,urban,2022-2023,27103,27319,2693.3976435572936,2320.623589199214,2727.666912641897,2340.6627560794072,2738.885298675423,2345.477475993509,2738.885298675423,2403.4822833925105
43,At most primary school,urban,2022-2023,23456,32256,2556.7364213847204,2532.9007781498017,2590.3056574010916,2533.471214657738,2641.1100002842204,2552.022543609458,2641.1100002842204,2592.4387969163363
44,At most primary school,urban,2022-2023,26382,31732,2302.0653602203524,2847.9964651876126,2321.976663381599,3291.4453495945204,2389.9358779976246,3317.8812292533294,2447.4902711444674,3347.840471238287
45,At most primary school,urban,2022-2023,25709,41735,2572.851465764259,2335.6774050557087,2582.898530994334,2362.515071283096,2583.8482632541136,2388.42118525618,2583.8482632541136,2488.984820893734
46,At most primary school,urban,2022-2023,21882,33609,2835.4844621149805,2608.466576413064,2840.9464856960058,2636.9244299641964,2981.0852603357403,2678.3280222559433,3003.2952959814766,2708.18907137969
47,At most primary school,urban,2022-2023,27032,38781,2760.1531988014203,2004.130153941363,2760.1531988014203,2018.3561924653825,2854.8976991466902,2122.475933231909,2854.8976991466902,2141.6066071873684
48,At most primary school,urban,2022-2023,20481,42331,3260.887977475058,2347.626465631964,3324.1173119802093,2413.36386848094,3333.536611168074,2490.842351546936,3333.536611168074,2609.0134318427
49,At most primary school,urban,2022-2023,29324,26854,3553.9394011731006,2365.291247734664,3585.46579593507,2405.660652665028,3904.0944505069797,2788.632152876046,3907.033169644887,2970.0253655569622
50,At most primary school,urban,2022-2023,18193,31907,2655.8612286776965,2161.014009465008,2694.892724307884,2176.2973328736643,2805.6477766173803,2269.0540424776173,2805.6477766173803,2293.591604768024
51,At most primary school,urban,2022-2023,33197,41526,3200.381861814823,1998.313434153703,3200.381861814823,2002.785331278396,3266.905945316344,2128.5244264637417,3340.164071050597,2245.116441105171
52,At most primary school,urban,2022-2023,21989,20059,3752.7711431473313,2111.9370025092644,3752.7711431473313,2157.338069362049,3790.178585504874,2298.889035678083,3824.0682576136555,2478.6686857104874
53,At most primary school,urban,2022-2023,16773,29298,2189.8129334843698,2428.8655653400688,2213.8813768159143,2452.6339113022505,2245.0864882052506,2494.018988781942,2290.1589260517894,2812.1294400072816
54,At most primary school,urban,2022-2023,23676,24184,2942.166230219069,2611.777580218326,2951.2049191868,2619.5554498842207,3053.9594666891935,2651.1810425625754,3171.6482654727715,2749.0536029330683
55,At most primary school,urban,2022-2023,16819,22556,2407.1210535703667,2847.4320099603947,2407.1210535703667,2873.2158368800615,2536.0850625284893,2984.5825833481113,2536.0850625284893,3055.300175119702
56,At most primary school,urban,2022-2023,17606,25537,4759.5247595516685,1976.6559501899205,4760.889635162256,2023.1477072483065,4971.9631328335045,2070.8196309929385,5349.410215267523,2179.9402011460497
57,At most primary school,urban,2022-2023,14760,19744,2587.2960000000003,2898.671254558347,2756.7892249322495,2919.4314855145867,2759.968425474255,3037.7670980213397,2838.2525266486,3117.315399615073
12,Secondary school or above,urban,2022-2023,1851,9533,486.49378714208535,731.5147382775622,486.49378714208535,803.5172558481066,486.49378714208535,803.5172558481066,486.49378714208535,803.5172558481066
13,Secondary school or above,urban,2022-2023,8340,14619,298.7906618705036,454.9286544907312,344.36140527577936,466.97462206717285,351.9513333333333,475.91732220626125,351.9513333333333,475.91732220626125
14,Secondary school or above,urban,2022-2023,13285,25592,883.9598200978548,887.7687167864958,897.0874076025594,908.0832682088153,926.029823861498,908.2407392935293,926.029823861498,908.2407392935293
15,Secondary school or above,urban,2022-2023,16213,35131,673.6561709739099,1242.1430360650138,728.1901868870659,1333.2039224616435,729.7900347457802,1334.5802472649987,859.7474763050228,1354.051179869631
16,Secondary school or above,urban,2022-2023,21170,45089,780.4292237442922,1622.1874958415578,782.413163281373,1662.4035574086806,789.923791528893,1676.8217081771609,789.923791528893,1706.8622945729558
17,Secondary school or above,urban,2022-2023,35596,63674,1571.3442861557478,2236.126616305975,1575.7520847848073,2290.5533839034247,1616.816623871596,2302.1018442901864,1632.3015098138367,2310.9904958591155
18,Secondary school or above,urban,2022-2023,52737,81181,2080.099123954719,2417.467080761919,2089.4510400667464,2486.4234129086035,2112.702899924784,2506.9225444787985,2252.7872809096716,2552.3231513531496
19,Secondary school or above,urban,2022-2023,59172,65159,2295.3332572838503,2574.9053392470723,2410.532506928953,2592.4960020872018,2422.9996366524706,2596.4961402108684,2443.8194500777395,2618.016012113957
20,Secondary school or above,urban,2022-2023,45413,80113,2891.7977044018235,2948.496041008742,2964.338606786603,3013.272044903241,3000.2710490388217,3026.950952612768,3007.339509611785,3072.004759943247
21,Secondary school or above,urban,2022-2023,73348,84281,2999.015592336078,2982.1829208243853,3068.7076084783043,3041.9361985500886,3103.101638763156,3089.673035243214,3243.374038828598,3136.2438875112225
22,Secondary school or above,urban,2022-2023,62490,84060,3013.507749026511,2919.240391783647,3060.0431946978188,2968.6113767943534,3163.2957151010833,3091.4613748116426,3163.2957151010833,3178.5539634388138
23,Secondary school or above,urban,2022-2023,50210,72412,3265.535417911439,3130.8609668747354,3271.7875589192063,3186.662325765527,3343.928566686583,3277.63819993003,3351.666069176127,3294.708828186857
24,Secondary school or above,urban,2022-2023,68510,71402,3388.705437162458,3362.060059008618,3443.41599036637,3389.702562019738,3460.3142533936652,3511.8511012763415,3482.4190556123194,3531.4072761734033
25,Secondary school or above,urban,2022-2023,59029,92602,3592.3528745757735,3421.3256121178088,3631.487028974459,3459.2225257913797,3692.0188579624705,3510.004960296034,3731.270751099742,3541.3706615407873
26,Secondary school or above,urban,2022-2023,81750,67688,3313.2957859327216,3487.0098934326124,3326.693217125382,3538.2208318559665,3341.477090723751,3582.1598609305443,3357.9541549439346,3751.024356853012
27,Secondary school or above,urban,2022-2023,68681,59822,4370.952037778522,3915.097061560407,4398.448987444369,3981.822012247445,4646.148800104833,4079.075391717651,4688.463996447344,4137.82969058206
28,Secondary school or above,urban,2022-2023,61423,85186,3806.210083790545,3781.8212959484736,3916.4980866559213,3810.9897508589047,3962.5952326761417,4042.258728938245,4011.475945112851,4115.419616094977
29,Secondary school or above,urban,2022-2023,68954,47253,3732.2814992603767,4321.485298993362,3813.583236650521,4360.982050522366,3913.656884783092,4506.861765390558,3949.4053547775816,4526.028096981498
30,Secondary school or above,urban,2022-2023,56278,49709,4135.262541905066,4940.509872457704,4170.175829513013,4970.996524774186,4214.166376440764,5018.801080622557,4242.793015624815,5176.6490893667815
31,Secondary school or above,urban,2022-2023,57411,65651,4304.547261035922,3701.0171106812286,4307.692999657441,3721.7724685584885,4341.809574297608,4788.15988078374,4453.42755691418,4847.303006300996
32,Secondary school or above,urban,2022-2023,60358,53511,4653.513039144217,4260.817813159911,4674.321382694368,4310.338472463605,4738.179363409435,4350.734528103256,4798.116737079868,4441.3684787551465
33,Secondary school or above,urban,2022-2023,44486,59044,5932.94149844895,4701.072620983221,5951.273108393652,4737.489530406702,6046.589612462348,5497.291542465506,6050.334610888819,5556.613347672921
34,Secondary school or above,urban,2022-2023,53547,47932,4312.2534222272025,5129.103570335754,4313.597101611668,5194.870490138808,4370.393934300708,5282.40432279062,4403.392981866398,5339.511613674928
35,Secondary school or above,urban,2022-2023,52377,53323,4743.997346163393,5072.122855053167,4774.641522042118,5152.343304015153,4880.951543616473,5279.956154004839,4927.297076961262,5408.274765735861
36,Secondary school or above,urban,2022-2023,42374,41727,4743.444175673762,4900.863263993737,4752.01381743522,4939.632406275712,4988.015453658691,5434.000421389827,5063.232969116282,5716.230951582109
37,Secondary school or above,urban,2022-2023,52864,47920,5469.295494098063,5497.016993600445,5490.149950817191,5627.006768224819,5654.85781754439,5768.044678631051,5743.613870813156,5875.198511407902
38,Secondary school or above,urban,2022-2023,38023,71338,3894.166754946568,5419.863324361957,3894.166754946568,5434.540495014344,3933.9759932146335,5591.003565187323,4074.446234910449,5682.420014578485
39,Secondary school or above,urban,2022-2023,55775,42102,6022.31567309129,5829.330570202524,6089.178963095772,5998.298790239576,6320.448199611535,6214.970207274397,6403.255191991633,6443.955370291197
40,Secondary school or above,urban,2022-2023,31664,59643,4605.037049435742,4291.324864890543,4623.452284402897,4334.139277311112,4711.64655339397,4474.572493838337,4792.22049646286,4523.869142229599
41,Secondary school or above,urban,2022-2023,46259,43496,5948.918768960274,5117.58778585004,6015.54580369946,5191.350890503341,6018.698343385431,5696.700041383116,6173.003451580593,5824.222756115505
42,Secondary school or above,urban,2022-2023,44012,31314,5602.168916053197,5809.81661557131,5677.105297040201,5865.725793574758,6090.947639280195,5887.184885354794,6249.455716622739,5901.438573800856
43,Secondary school or above,urban,2022-2023,29196,43444,5477.116380097731,6923.310940521131,5549.165290907431,7040.236177607955,5550.406702402156,7925.110767117822,5808.695509088004,7980.484658410828
44,Secondary school or above,urban,2022-2023,28690,25397,6296.019577088416,3522.030436665748,6296.019577088416,3541.522108910501,6571.1322760543735,4228.880195823654,6806.59062391077,4302.6841884212045
45,Secondary school or above,urban,2022-2023,32296,34813,5014.985756750062,4939.905231762082,5027.841837998514,5113.659863652468,5146.09074395178,5243.9112544164545,5168.9387746676575,5262.851161922271
46,Secondary school or above,urban,2022-2023,21143,31839,5926.920809093633,4073.680507134856,5957.361143956235,4193.992074709215,6036.801147739993,4353.280997099993,6051.614561162875,4402.378539945769
47,Secondary school or above,urban,2022-2023,36716,22631,3994.586706068199,4592.3184238434005,4014.0577813487307,4704.49199107419,4130.587359734176,4853.974264651732,4185.900847042161,4920.682732387728
48,Secondary school or above,urban,2022-2023,26707,31518,5324.108198849241,4628.28403346236,5325.785661686699,4688.535318442371,5465.275932651864,4838.93905598917,5479.2947292220515,4987.774642003511
49,Secondary school or above,urban,2022-2023,27707,24173,4375.559485569231,4088.348667245825,4381.218705261005,4094.054868379321,4448.354266671479,4762.234931535183,4493.506213832847,4788.924488754671
50,Secondary school or above,urban,2022-2023,26074,20946,6257.027255759249,6031.973495337216,6260.294878678632,6051.686089627296,6323.138516018511,6409.532456475381,6366.580258750735,6511.411096788567
51,Secondary school or above,urban,2022-2023,24332,24087,5841.620897035454,5092.798549701775,5881.457326428845,5121.162397420461,6109.525525371253,5295.15113269952,6321.554951641186,5337.874039938556
52,Secondary school or above,urban,2022-2023,19771,19101,6834.307403098815,3416.4258764811616,6834.564345084551,3422.050712877162,6889.725945408258,3930.7448475647,6889.725945408258,3953.705251033977
53,Secondary school or above,urban,2022-2023,14403,19861,4778.692517762503,3826.913381333602,4778.692517762503,3828.504439185674,5167.713323613136,4493.6853129248275,5328.034090120113,4569.864760082574
54,Secondary school or above,urban,2022-2023,17645,19634,6455.931992065741,4180.474915962107,6516.957778407481,4187.503539777937,7018.41352602248,4287.411013208381,7077.455747614999,4306.230408135548
55,Secondary school or above,urban,2022-2023,20939,21134,7602.9281643504155,5026.528315352828,7659.000565133643,5211.959374309959,8472.35156884283,5599.9849886438915,8753.501576006496,5686.819788807924
56,Secondary school or above,urban,2022-2023,19396,16432,7591.787842854197,4922.161787974684,7591.787842854197,5248.51281037001,7707.35720423455,7279.452947500811,7864.325995050526,7293.863853050957
57,Secondary school or above,urban,2022-2023,21887,6611,6549.896414919054,3404.4490243533505,6562.602587532934,3477.055286643473,6786.36859779778,3587.6084051832804,6786.36859779778,3712.4278979478645
12,At most primary school,rural,2022-2023,53466,33996,262.93130213593685,647.6843354120093,271.9347809823065,692.5822645801468,289.3768625543959,696.8904429932934,289.3768625543959,696.8904429932934
13,At most primary school,rural,2022-2023,58012,36440,732.8878507894918,895.5402579582876,740.4157760463353,917.0451975850714,762.5663655795353,917.0451975850714,762.5663655795353,917.5281833150384
14,At most primary school,rural,2022-2023,49129,43950,601.8395448716644,868.1799772468714,701.7206741435812,932.345164960182,701.7206741435812,932.5144861585135,701.7206741435812,932.5144861585135
15,At most primary school,rural,2022-2023,45176,40717,908.9674605985479,1016.2101087997643,931.2956879759164,1076.5469459930741,934.7322472109084,1077.1670800893976,934.7322472109084,1080.4351663105501
16,At most primary school,rural,2022-2023,38575,40556,762.849989198531,1332.432398001118,763.1820695614604,1457.0324571785516,804.3421473320371,1465.3378456126509,859.5074098077339,1470.3186129467076
17,At most primary school,rural,2022-2023,41814,26624,1573.3061893145837,1251.163361378205,1573.3061893145837,1270.380608974359,1643.1213230018654,1270.7687299679487,1790.1151528196299,1271.5011518429487
18,At most primary school,rural,2022-2023,41083,39540,1006.7605010994004,1330.1221927162367,1029.374234273706,1419.2708017197774,1041.3033371467516,1428.4897361321869,1124.757563955894,1442.8017577137075
19,At most primary school,rural,2022-2023,57041,37664,1488.9484815016099,1322.1346378504672,1517.468318110365,1361.086687553101,1521.9223511743014,1361.086687553101,1521.9223511743014,1420.9815916171056
20,At most primary school,rural,2022-2023,38797,43042,2169.0964765316908,1522.8979833650853,2262.451632858211,1594.3605083406906,2311.409026471119,1923.9268814955935,2311.409026471119,1964.4853282840018
21,At most primary school,rural,2022-2023,41700,44138,1289.7082014388488,1526.3510353890072,1329.0607194244603,1551.4550274140197,1350.3266067146283,1615.033652030752,1380.7582613908871,1632.9229990786473
22,At most primary school,rural,2022-2023,55044,36877,1900.6469672746653,1501.7356889117877,1935.2283930431413,1547.5460856360332,1978.3541954315338,1569.838300295577,1978.3541954315338,1612.1275320660573
23,At most primary school,rural,2022-2023,35080,45887,1566.2247149372863,1583.7715111760047,1566.2247149372863,1618.015087788117,1576.0437001140251,1626.8026165725948,1585.8313283922464,1663.1506018407536
24,At most primary school,rural,2022-2023,52837,47114,1505.9778185741052,1477.8503770995176,1613.3230501353219,1529.4561630654725,1619.6230860949713,1535.8078755783845,1619.6230860949713,1537.4606044204838
25,At most primary school,rural,2022-2023,41629,34344,1160.079712059702,1770.7012384501902,1205.4134937983938,1797.1428294122213,1211.5652549905114,1835.8424567124775,1211.5652549905114,1852.340243807749
26,At most primary school,rural,2022-2023,42380,41379,2276.1788998741545,1732.6248580197685,2316.057144329086,1810.194591459436,2435.7834303130408,1852.1223909873768,2435.7834303130408,1898.7499073604163
27,At most primary school,rural,2022-2023,45208,46578,1882.0374343773963,1604.4495684657993,1912.2621733616468,1669.7042809910258,1942.418063911992,1741.5355317961269,2029.1667219666135,1791.0839595230939
28,At most primary school,rural,2022-2023,55449,41084,2214.174346396388,1588.6258721968002,2306.231912808767,1645.719631324441,2360.297811201885,1812.2515334436764,2398.0983125634966,1835.8353292441502
29,At most primary school,rural,2022-2023,52886,33449,2657.357460701635,1733.3125355018087,2704.405828889813,1776.0746509611647,2737.183414955439,1814.9576270341913,2828.148887859421,1868.5166970611976
30,At most primary school,rural,2022-2023,38420,50133,2810.2721499219156,1557.0945285540463,2840.996251952108,1630.1650409909641,2959.612241020302,1662.503088451386,3005.057321707444,1830.7089940757585
31,At most primary school,rural,2022-2023,57143,40754,2130.3076608975143,2015.0689830037131,2145.7251223538606,2040.9465655722954,2150.118923869357,2094.176923328589,2339.0523715357376,2184.3902030066574
32,At most primary school,rural,2022-2023,59831,42970,2096.8317705982963,2003.2203087425337,2132.1173249096064,2043.6227290357615,2329.8120818082043,2126.009219610581,2360.9057734842027,2195.472410984408
33,At most primary school,rural,2022-2023,57092,41853,2228.467269202924,1742.3402364625397,2262.7480791237535,1781.2382843921982,2512.670207734884,1913.4127900031062,2576.7772630140826,1974.7543903662822
34,At most primary school,rural,2022-2023,63335,42653,1998.6246677719007,1889.4273380535953,1998.6246677719007,1910.9051239068765,2013.4826978237415,2228.6217362592706,2063.385595115918,2300.1377687384243
35,At most primary school,rural,2022-2023,48136,42607,2201.369771757797,1958.884119197941,2217.598789540745,1980.6563631954061,2270.3458672649713,2021.217634426268,2312.493116724835,2103.6865714553946
36,At most primary school,rural,2022-2023,51732,48697,1829.4595221526329,1814.6712237577947,1951.7571329157968,1831.1387679596962,2016.1125286734195,1877.067623946718,2386.158148405887,1895.6936857848873
37,At most primary school,rural,2022-2023,69511,44929,2217.47924654611,1642.622534072277,2232.176488709221,1707.8928494587756,2249.9401040602684,1792.9244177850978,2409.224246138501,1846.7389547953437
38,At most primary school,rural,2022-2023,44243,49841,1884.884237807864,1561.4992743591285,1956.9329234756533,1588.5081626238102,1998.2921968823694,1656.5797134888946,2071.3885059030054,1838.0206289333412
39,At most primary school,rural,2022-2023,84628,38867,3001.845882371477,1896.9425476625415,3040.175749554915,1909.782489000952,3125.743124812907,2051.2573691477774,3215.1372969545146,2204.023434618914
40,At most primary school,rural,2022-2023,35861,43311,2123.8436624745545,1858.8147853124303,2236.110470427484,1890.6859035041136,2278.9647085506076,1919.6220667574828,2584.244353104115,1993.4324151678172
41,At most primary school,rural,2022-2023,59215,39884,2068.5836302738608,1803.5631874101562,2082.7185623012188,1815.473978704911,2157.5925384896846,1845.3223932738274,2441.333144754989,2099.069677063484
42,At most primary school,rural,2022-2023,58685,28057,2522.1106841611995,2050.9925984008746,2557.678546476953,2057.6077033657675,2579.2713015818917,2850.0666411234274,2625.1569623129135,2929.3864781219186
43,At most primary school,rural,2022-2023,44248,44034,2650.8122401012474,1989.3830146402024,2682.6780871451815,2006.722343340752,2845.3572854516965,2089.0377511317015,3183.316063249563,2177.0992490651165
44,At most primary school,rural,2022-2023,44774,38542,2542.76247747949,2084.1191081590646,2553.32887762243,2100.4986421739054,2652.0376706719676,2191.436071904243,2664.6938252855084,2366.9312632971823
45,At most primary school,rural,2022-2023,52094,37904,3148.105232848313,1738.265930596595,3176.019196068645,1746.9650124876882,3370.8544618062224,1883.9856215702828,3402.689222047325,2114.9559677078937
46,At most primary school,rural,2022-2023,50454,30158,2499.8376739207993,1871.445829741141,2541.6757838823482,1912.4896655392708,3352.4427035847834,1975.598403961359,3477.9332494285222,2317.7199637464905
47,At most primary school,rural,2022-2023,47325,31992,2622.66294770206,1919.9832666499958,2671.3296143687267,1941.1598107860298,2711.374692727593,2070.368024297741,2891.7930762458177,2169.111460156706
48,At most primary school,rural,2022-2023,40395,33516,4150.635928539011,2697.278046306242,4153.71427982011,2720.4783088674067,5528.384824854561,2822.8791522456936,5976.049552337336,2859.8065401599238
49,At most primary school,rural,2022-2023,65598,24872,2783.4172789820827,1578.04291304814,2788.880860188827,1600.9401468853866,2840.6129251908087,2244.4095133751475,2935.9257904204396,2322.9635768467892
50,At most primary school,rural,2022-2023,27522,44340,2342.3359494222805,1892.3209442189145,2355.0893830390232,1913.164426402045,2402.232214228617,2036.9311720042099,2402.232214228617,2307.9062133513758
51,At most primary school,rural,2022-2023,46438,36052,1789.7284551444936,1962.1806464736123,1789.7284551444936,1971.5199341691632,1811.4310478487444,2091.8204144938795,1862.6606442999266,2346.0130806427755
52,At most primary school,rural,2022-2023,34804,20419,3391.91817032525,1491.0798112868733,3391.91817032525,1511.8741694826713,3416.4428418189477,1557.200989274695,3553.4002796613413,1649.763635176388
53,At most primary school,rural,2022-2023,27249,27590,3780.7773679768065,1733.7369699166366,3780.7773679768065,1775.897172888728,3894.8792310421177,1858.7001208167212,3920.4214527750255,1942.7039869517941
54,At most primary school,rural,2022-2023,36687,23550,1991.471547596333,1905.4445152158528,2022.5234188313755,1905.4445152158528,2050.828222531142,2027.2166312809625,2107.096110338812,2173.390728945506
55,At most primary school,rural,2022-2023,42976,24823,3618.4160513620004,1717.7319723643395,3618.4160513620004,1768.727822986746,3717.7929322567634,1840.1687917119875,3717.7929322567634,2011.6434724516241
56,At most primary school,rural,2022-2023,32457,24592,1624.471947499769,1655.168252548254,1661.2285793511414,1726.1758973107785,1697.1427632457303,1766.4903627195836,1820.0761828470488,1905.9178188028625
57,At most primary school,rural,2022-2023,29186,19266,1709.033440690742,1746.6678604796014,1721.9437401493867,1816.0854873871067,1765.6490554832224,1905.941278244922,1986.145183763905,2079.4827502681756
12,Secondary school or above,rural,2022-2023,7301,6229,76.34570606766196,514.7476855568042,76.34570606766196,577.0498207309895,76.34570606766196,581.9088136137422,76.34570606766196,581.9088136137422
13,Secondary school or above,rural,2022-2023,24479,12630,800.4575350300257,838.2181314330958,800.4575350300257,850.3163103721298,807.8577556272724,855.1043811031934,1194.235875648515,929.1344681974135
14,Secondary school or above,rural,2022-2023,27174,20829,473.55192463384117,633.9317778097844,476.06903657908293,635.5737193336214,487.21020092735705,642.6227855393922,487.21020092735705,642.6227855393922
15,Secondary school or above,rural,2022-2023,37684,21097,1866.2681774758519,1215.2590415698915,1866.2681774758519,1267.3783002322605,1872.1128330325869,1306.902087184592,1949.8513958178537,1306.902087184592
16,Secondary school or above,rural,2022-2023,36707,33461,979.7910480289863,1337.2754251217837,1114.1332715830767,1377.1620095036012,1136.9082191407633,1394.4887979040277,1146.881793663334,1413.8426725640797
17,Secondary school or above,rural,2022-2023,54045,36461,1161.5433065038394,1668.7134106762476,1179.2748265334444,1768.4475924046696,1189.7367872451969,1782.644154027591,1189.7367872451969,1793.606552206467
18,Secondary school or above,rural,2022-2023,60673,39023,2241.5186601398755,1582.2757647199514,2280.861530939078,1655.636090681564,2287.845279888363,1682.2346137747822,2353.2813057977464,1723.1028197046187
19,Secondary school or above,rural,2022-2023,52256,27339,2604.545618365993,2155.8741541387762,2606.559741146152,2218.5933465013354,2612.0072814605023,2224.9965921699163,2703.3508592314756,2250.848549690918
20,Secondary school or above,rural,2022-2023,62601,42785,2021.345404493006,2089.031218106034,2060.294303072901,2132.6100424603637,2128.621752581162,2160.674784776596,2157.1835966411613,2188.5926687702076
21,Secondary school or above,rural,2022-2023,87481,42124,2126.547267406637,1965.2865626879372,2167.495084646952,2028.8576385591746,2217.657596125635,2049.9248053366255,2248.0053287761534,2088.293273035166
22,Secondary school or above,rural,2022-2023,55986,29919,2654.270484287739,2077.9741858573702,2701.2072184712847,2137.768965094644,2745.6591052525037,2257.282484931537,2821.7227640243395,2310.848223536883
23,Secondary school or above,rural,2022-2023,55474,34898,3210.5106085733855,2594.6860374042444,3249.5379006381368,2750.0956310772344,3453.12117087885,2957.6935951439427,3481.4425466584944,2974.5162210823923
24,Secondary school or above,rural,2022-2023,38817,32357,3248.596379593134,2260.4110908510265,3265.3673819889914,2314.786990965376,3322.6219354063087,2420.928887103254,3369.987780268096,2502.5567677267154
25,Secondary school or above,rural,2022-2023,52852,32377,3301.5220373874213,2322.1748900968796,3301.5220373874213,2435.6004699838363,3320.890430888771,2477.4561725916546,3320.890430888771,2737.182923062668
26,Secondary school or above,rural,2022-2023,28941,35096,3526.7906833442753,2518.431592394195,3554.674999712058,2562.582093875845,3569.5558492565337,2593.851801724793,3590.320508390634,2705.427536851303
27,Secondary school or above,rural,2022-2023,51236,31118,3563.6281846097795,2449.111896651456,3583.4131014651157,2478.6076868693362,3675.5842961979856,2510.4897701223304,4134.152490436411,2566.9147760138826
28,Secondary school or above,rural,2022-2023,31710,42231,3202.3019972668976,2807.4129588848637,3349.4795437821926,2836.5402350563963,3463.1187743088403,3225.347430402627,3503.311142646904,3267.058574664741
29,Secondary school or above,rural,2022-2023,37487,22679,2835.4141257858278,3547.9274806355365,2958.312730635509,3565.1601628525655,2984.6365228834884,4275.640122286403,3189.742292883755,4476.402354601173
30,Secondary school or above,rural,2022-2023,48829,21826,3741.1118051431185,2930.742921286539,3773.8280188685685,2934.0399065334923,3805.305044133609,2972.226014844681,4009.760046966625,3011.8118299276093
31,Secondary school or above,rural,2022-2023,39442,24019,3595.4372158274596,3104.4664640492942,3632.049203049203,3149.758940838503,3665.9796312517956,3245.6458775691467,3783.1795704029546,3327.509679836796
32,Secondary school or above,rural,2022-2023,34203,19949,5306.4596185519795,2819.559226026367,5316.669249286126,2901.7483081858736,5468.515091268798,2940.2176550203017,5533.433373290843,3007.4140391331225
33,Secondary school or above,rural,2022-2023,18821,17505,5522.362370047642,2740.512167952014,5764.91590067832,2756.263096258212,6056.226139241628,2957.7686184899553,6056.226139241628,3003.7400552223176
34,Secondary school or above,rural,2022-2023,37944,19668,5341.140738983765,3381.077130364043,5341.140738983765,3488.8097417124263,5388.943641506781,3966.6866653108264,5412.2031818820715,3982.6160938241474
35,Secondary school or above,rural,2022-2023,29498,9833,3773.570592356544,4817.503474694057,3782.3983094899086,4884.666090375945,3806.8050489298707,5036.947523644869,3806.8050489298707,5401.393776060206
36,Secondary school or above,rural,2022-2023,23202,15513,6623.869479642559,3914.86739079052,7043.833275867022,3982.711779367842,7095.121957877193,4768.365209824019,7220.197382409562,4804.947431186747
37,Secondary school or above,rural,2022-2023,33049,7652,6183.453104985526,4077.1467807980484,6238.371559401696,4145.534130510542,7675.412518785238,4193.173092002091,7768.062825904969,4424.033738456177
38,Secondary school or above,rural,2022-2023,17878,14247,6260.019297460566,5151.64826513184,6393.453686094642,5251.753550455066,6416.992859007346,5401.289733511148,6888.522112838871,5559.241115088556
39,Secondary school or above,rural,2022-2023,15601,9856,11461.429822874601,4917.351748511905,11461.429822874601,4932.236082927489,13072.354336260496,5535.77707318723,13072.354336260496,5542.833789908009
40,Secondary school or above,rural,2022-2023,20568,11453,4217.368809153378,3346.2395587764486,4233.413149876832,3354.1850752350183,4248.813286010632,3449.7766233010275,4300.950586671853,3480.9757268837857
41,Secondary school or above,rural,2022-2023,16564,10620,1859.9281574498914,3843.530320150659,1893.670007244627,3856.505838041431,2253.2741688803026,3983.6168706842436,2253.2741688803026,3990.377699309479
42,Secondary school or above,rural,2022-2023,16283,9775,3307.9716063788414,4507.664177323103,3332.0703596798303,4567.6948678601875,3392.50148416549,4816.523512361467,3392.50148416549,4918.510008525149
43,Secondary school or above,rural,2022-2023,16692,5882,4187.377106797668,2444.015867618724,4246.351465772027,2452.6863878499375,4249.838165987699,2475.855944690015,5528.8940011183,2649.1207072424345
44,Secondary school or above,rural,2022-2023,14788,6785,3927.2788747633217,2982.3259641365757,3927.2788747633217,3072.112257430607,3939.738301325399,3157.034880864652,4541.307140925074,3386.912060918693
45,Secondary school or above,rural,2022-2023,9587,5047,2828.6587740342825,2369.9804504326003,2828.6587740342825,2372.4135790238424,3122.833176871458,2460.8159302555973,3186.502729390494,2688.541972128657
46,Secondary school or above,rural,2022-2023,12214,3707,4033.6765187489764,5026.644411473788,4033.6765187489764,5026.644411473788,4681.239424703892,5124.185100260767,4681.239424703892,5136.162440428018
47,Secondary school or above,rural,2022-2023,12853,2470,4317.400606862211,5438.3535762483125,4317.400606862211,5438.3535762483125,4331.340283721051,6923.994601889338,4331.340283721051,6923.994601889338
48,Secondary school or above,rural,2022-2023,10258,4013,3437.8078897770847,4728.4763684691425,3450.120231364139,4861.877813771908,3587.573926041464,5372.493313398123,3587.573926041464,5488.823573386494
49,Secondary school or above,rural,2022-2023,13980,4515,3855.733428707678,2822.9158361018826,4320.261325703386,2919.1351052048726,4345.798402479733,3037.3337024732373,4345.798402479733,3486.7393872277594
50,Secondary school or above,rural,2022-2023,9433,2516,4887.1850595427395,2495.6147323794385,4887.1850595427395,2495.6147323794385,4887.1850595427395,2693.5479597244307,4887.1850595427395,2797.2045574986755
51,Secondary school or above,rural,2022-2023,7964,4025,5929.124811652436,2919.0573084886128,5929.124811652436,2919.0573084886128,5937.3367654445,3092.6804968944098,5937.3367654445,3149.0945755693583
52,Secondary school or above,rural,2022-2023,13514,1309,2879.8899906270044,5833.670741023682,2953.221350698042,5927.635599694423,2953.221350698042,6329.698242933537,3169.5155641063593,6361.732874968169
53,Secondary school or above,rural,2022-2023,3749,2334,5954.932426424824,2780.380605541274,5954.932426424824,2850.6462439303054,5954.932426424824,3128.7096543844614,5954.932426424824,3278.752499285918
54,Secondary school or above,rural,2022-2023,5860,4710,3944.8293515358364,3704.9766454352443,4230.972696245734,3733.6815286624205,4409.81228668942,3888.0056617126684,4409.81228668942,4002.2944090587403
55,Secondary school or above,rural,2022-2023,5080,1566,2397.4639107611547,2132.42656449553,2583.4481627296586,2152.9246487867176,2583.4481627296586,2839.3869731800764,2583.4481627296586,2839.3869731800764
56,Secondary school or above,rural,2022-2023,12287,3384,2945.9008165812106,5222.641843971631,2945.9008165812106,5297.109929078014,2948.756137923551,6483.746798660362,3186.6498467214674,6483.746798660362
57,Secondary school or above,rural,2022-2023,7774,2186,5283.297423034045,3017.4164379383956,5371.160813823857,3017.4164379383956,5657.699275362319,3650.3685574870383,5657.699275362319,3726.0013723696247
12,At most primary school,indigenous,2022-2023,29511,30405,330.1777303378401,684.3737872060516,345.2128020060316,737.3507646768624,346.3208634068652,740.191251438908,346.3208634068652,740.191251438908
13,At most primary school,indigenous,2022-2023,39348,35850,614.9293483785707,868.9304044630404,614.9293483785707,879.6941422594142,617.1022669513063,879.6941422594142,617.1022669513063,880.1850767085076
14,At most primary school,indigenous,2022-2023,39610,38093,597.9843473870235,1037.9881649296894,669.6834132794748,1087.7329999387462,675.1996970462004,1087.8019102372264,675.1996970462004,1087.8019102372264
15,At most primary school,indigenous,2022-2023,37689,41455,1049.9495874127729,979.2909661078278,1062.308631165592,996.878350018092,1062.308631165592,996.9792626542837,1062.308631165592,996.9792626542837
16,At most primary school,indigenous,2022-2023,28744,39324,1031.4557820762593,1407.1515486725664,1031.9014403005845,1541.6694003661887,1043.9532308191854,1547.6962541959108,1043.9532308191854,1552.833066320822
17,At most primary school,indigenous,2022-2023,34913,24673,1821.0570561109043,1039.7057512260365,1915.2297138601668,1084.658533619746,1998.844699682067,1085.3252543265917,1998.844699682067,1088.4906578040773
18,At most primary school,indigenous,2022-2023,28779,31874,746.5464980251804,1291.4816046516491,761.2739034249511,1339.2097216121813,776.1111111111111,1339.866474242329,776.1111111111111,1357.0372090104788
19,At most primary school,indigenous,2022-2023,48088,37609,1481.2835565352411,1305.9200811862409,1496.424548050796,1453.2611431660862,1508.0971586813066,1455.0745388958317,1508.0971586813066,1512.6480363742721
20,At most primary school,indigenous,2022-2023,28794,36721,2371.706119330416,1483.0377077603187,2480.669792317844,1541.1036645697736,2483.6391609363063,1913.3472944636583,2483.6391609363063,1981.3025062861395
21,At most primary school,indigenous,2022-2023,41608,34361,1557.6998213484585,1314.495697641706,1596.685112638595,1355.2871763530359,1602.6764484394025,1417.2079101306713,1633.1753909504582,1444.0406565583073
22,At most primary school,indigenous,2022-2023,38765,28730,2020.362569328002,1252.0825849866574,2068.928285824842,1308.7846385891635,2080.3539705060407,1370.1990718180764,2080.3539705060407,1370.1990718180764
23,At most primary school,indigenous,2022-2023,21526,39952,1283.730837127195,1191.7217494326526,1283.730837127195,1230.5409574823123,1287.3470067205549,1249.2220205913763,1287.3470067205549,1280.8316187758644
24,At most primary school,indigenous,2022-2023,40670,35231,1630.1252028522251,1194.1415703972825,1737.1820014752889,1231.4772974558389,1745.997467420703,1240.706515568675,1756.1769609048438,1242.6139266555022
25,At most primary school,indigenous,2022-2023,32515,33666,1229.1200471577222,1604.08954632765,1234.4345174022246,1633.228143131547,1241.0539750884209,1635.1673894532564,1265.9655543595265,1713.4125032178854
26,At most primary school,indigenous,2022-2023,34229,37535,2462.1850867198377,1621.2264197859774,2514.2941170742156,1637.3527019226499,2581.3863488075413,1647.261409351272,2581.3863488075413,1792.240761955508
27,At most primary school,indigenous,2022-2023,46998,38736,2245.5419379548066,1770.5673877874156,2265.4576790501724,1782.3807913396668,2328.3912967927713,1838.359536348616,2381.4644772117963,1883.8318790444719
28,At most primary school,indigenous,2022-2023,30438,37790,1513.1795781588803,1593.8244861956427,1641.0000657073394,1649.0507365264182,1692.6411065115974,1827.91873511511,1761.5023983178921,1857.6394725235955
29,At most primary school,indigenous,2022-2023,50252,31251,2891.6025232826555,1335.8248589378472,2910.1112393536578,1371.1805275564514,2942.4192486534535,1417.6086418567938,3038.152751797607,1426.0563715294443
30,At most primary school,indigenous,2022-2023,26674,37520,2493.393941666042,1337.7551350390902,2537.647521931469,1389.865476190476,2600.1892042188397,1408.0784292821606,2665.6462035440254,1454.379068941009
31,At most primary school,indigenous,2022-2023,37718,33622,1666.6605864573944,1815.1177800249836,1672.6338618166394,1841.9173457854977,1722.3132810152536,1877.7572224535522,1722.3132810152536,1966.5235064342792
32,At most primary school,indigenous,2022-2023,39658,33645,2708.421125624086,1843.5902511517313,2721.263931615311,1881.0793282805766,2779.666397700338,1956.8025660078267,2835.7727738833696,1993.8135136473968
33,At most primary school,indigenous,2022-2023,33213,37522,2841.8967472576,1596.0799175594761,2851.117233211895,1626.5553719595614,2928.847840704945,1762.459108434163,3039.045654813878,1832.5575395767814
34,At most primary school,indigenous,2022-2023,35515,34144,2097.9634145196865,1928.6561865432677,2097.9634145196865,1946.1701567869416,2117.6776197850672,2342.857532314121,2199.276944014266,2585.2899753006873
35,At most primary school,indigenous,2022-2023,27484,39615,1550.8166933488576,1549.3497749169087,1566.3602823460924,1573.6802053094368,1585.3664920195993,1593.3063443981657,1597.475355358269,1774.7045521477555
36,At most primary school,indigenous,2022-2023,38840,38551,2036.4362341228973,1848.8784121466804,2140.1386028149673,1864.0852809697979,2144.3743563336766,1962.2372312002285,2518.600411946447,2003.844452802781
37,At most primary school,indigenous,2022-2023,60304,39407,2961.842332183603,1715.6609104981349,2978.7834969487926,1770.0583525769534,3001.348335102149,1817.2117770954399,3183.969720084903,1822.6989578839632
38,At most primary school,indigenous,2022-2023,29653,50766,2176.09629155004,1385.1904588372795,2231.1976303690462,1395.918899131965,2238.563383131555,1482.3320086278218,2347.6248608909723,1600.226137244087
39,At most primary school,indigenous,2022-2023,66049,33573,3021.2622446971186,1821.257220584001,3025.453072718739,1835.339965646998,3086.8198862460695,2001.5312378995027,3131.0294882082494,2209.3083206743513
40,At most primary school,indigenous,2022-2023,25441,42183,2543.714260445737,1710.5966147500178,2564.090817970992,1750.5670767844867,2605.164118286755,1763.1027546642013,2961.935995702475,1792.9014887513927
41,At most primary school,indigenous,2022-2023,35959,41939,2042.1196362523985,1577.9544417686004,2070.543674740677,1582.8865574604386,2118.574533959973,1654.3733001104779,2118.574533959973,1913.61100248774
42,At most primary school,indigenous,2022-2023,48701,25309,2704.3213212596593,2163.4194489443807,2729.717103687125,2171.6378692691665,2752.311220508819,2186.1350013829074,2807.603719636147,2206.109450524846
43,At most primary school,indigenous,2022-2023,31423,41667,2521.4985838398625,1718.4317005463959,2521.4985838398625,1728.197702418381,2712.901112773022,1751.3816369469046,3113.881286531097,1823.5650594795243
44,At most primary school,indigenous,2022-2023,46465,32711,2810.308845367481,2697.3001742533093,2820.4907026794363,3128.0794228241266,2920.599296961871,3198.98555277022,2957.5446680296996,3339.009876901756
45,At most primary school,indigenous,2022-2023,44659,33119,3360.8170954716106,1818.4414384492286,3366.6009240392004,1820.5459705908995,3404.017794098987,1966.5720432380206,3441.1525261798665,2125.103399861107
46,At most primary school,indigenous,2022-2023,29741,30893,2900.154097037759,1845.654366145513,2900.154097037759,1894.218765847711,3041.8871703484524,1932.3266435762146,3134.183999641348,2259.1127116175185
47,At most primary school,indigenous,2022-2023,35675,30594,2818.02926419061,1879.2237312327036,2882.5884793272603,1894.1449576169618,3001.3775473020323,1940.4962301976423,3001.3775473020323,2026.4130766381209
48,At most primary school,indigenous,2022-2023,27870,37971,3505.5507116373637,2257.7982166214565,3505.5507116373637,2310.9290269767275,3576.7933859586174,2417.851854046509,3936.0745724195667,2509.4357821319777
49,At most primary school,indigenous,2022-2023,47259,20095,2997.7168793245733,1360.13036410384,3005.3006199877273,1361.070896574604,3133.3550646437716,1409.441390893257,3267.477841963083,1644.9394418180311
50,At most primary school,indigenous,2022-2023,21763,35111,2381.1799843771537,1624.433055167896,2381.1799843771537,1632.8492210418387,2461.841274946775,1683.8158459362214,2461.841274946775,1858.08886578755
51,At most primary school,indigenous,2022-2023,37969,33529,2423.522347177961,1753.8096473699384,2423.522347177961,1756.1091492936462,2451.086280913377,1927.109564357223,2469.5434433353525,2089.297640351139
52,At most primary school,indigenous,2022-2023,28959,17966,2763.895852757347,1463.1765186092248,2763.895852757347,1487.6950536198003,2799.349517133419,1552.2030130988162,2963.9500443155266,1601.1450888715722
53,At most primary school,indigenous,2022-2023,21739,28580,3554.497830320315,2058.01603685561,3560.7446678013403,2079.901971075344,3633.0269714951623,2125.7959528808024,3667.8031801524144,2477.293503615582
54,At most primary school,indigenous,2022-2023,26697,19240,1900.9243860109127,1726.7762647262646,1926.8149355108565,1736.552772002772,1941.912199872645,1772.0079868329867,1984.370153949882,1841.2300935550934
55,At most primary school,indigenous,2022-2023,21306,17091,1965.8797991176195,1620.9487839603692,1965.8797991176195,1652.8076570514697,2171.7171610500955,1676.2681040703685,2171.7171610500955,1705.9425916174207
56,At most primary school,indigenous,2022-2023,11288,20284,2963.536314375148,1460.4860974166832,2963.536314375148,1518.1847761782687,3011.1237228325067,1543.2915927167555,3503.859371308765,1761.7402221784
57,At most primary school,indigenous,2022-2023,16350,15746,1798.02874617737,2017.2531859943267,1821.074617737003,2088.293450188408,1848.8732925586137,2191.84334645836,2020.135270132518,2249.481265083196
12,Secondary school or above,indigenous,2022-2023,1122,7846,150.1782531194296,805.7264848330359,150.1782531194296,853.98037216416,150.1782531194296,857.8379641430877,150.1782531194296,857.8379641430877
13,Secondary school or above,indigenous,2022-2023,13193,9946,1058.6523156219207,864.2861451839935,1061.555370272114,877.2953951337221,1078.056545137573,877.2953951337221,1532.096566360949,877.2953951337221
14,Secondary school or above,indigenous,2022-2023,13667,17225,344.7647618350772,493.6876632801161,357.52542620911686,495.67314949201744,357.52542620911686,500.27402031930336,357.52542620911686,500.27402031930336
15,Secondary school or above,indigenous,2022-2023,16879,17194,491.2745127080988,1318.1265460819666,491.2745127080988,1382.8758772439999,491.2745127080988,1431.5532259315264,491.2745127080988,1440.1317998526617
16,Secondary school or above,indigenous,2022-2023,23520,23224,737.9698129251701,966.1972528418877,929.6492346938776,997.4403634171547,929.6492346938776,999.3973906303823,945.2147108843537,999.3973906303823
17,Secondary school or above,indigenous,2022-2023,42199,23537,846.7622455508424,1353.9177890130434,863.3005521457854,1465.3737944512895,863.3005521457854,1485.8489682910595,863.3005521457854,1489.6897296455227
18,Secondary school or above,indigenous,2022-2023,42255,32927,2212.6329546799197,1579.735880381855,2257.1543130990417,1689.835312458874,2268.9610026426853,1701.5145068383597,2382.9115410405084,1743.881966167583
19,Secondary school or above,indigenous,2022-2023,38123,19390,2912.8082478643687,1502.3441292762593,2912.8082478643687,1555.571566099364,2920.4846287018336,1556.0337459171394,2950.787857723684,1565.7294653601514
20,Secondary school or above,indigenous,2022-2023,35784,34285,1565.6251863030031,2017.0722667833359,1665.4530423280423,2100.3524184531625,1695.9182409270436,2121.521296971465,1726.3676037707728,2192.334383355209
21,Secondary school or above,indigenous,2022-2023,55222,33870,1910.9846619101083,1782.0562050979233,1977.5621129260078,1859.4555555555555,2041.2275602718723,1906.846068300364,2091.098988325909,1946.8834661942722
22,Secondary school or above,indigenous,2022-2023,31551,25019,2000.4837141981764,2044.1634690968199,2020.787349582158,2073.0990780340276,2050.6226427054607,2494.1554085561643,2087.997052391366,2630.0213371171244
23,Secondary school or above,indigenous,2022-2023,41603,30819,2522.769191324344,2119.591161296603,2549.627831326267,2214.8668029462347,2609.1582738424313,2381.2560974290755,2609.1582738424313,2389.2706339163074
24,Secondary school or above,indigenous,2022-2023,25430,24918,3147.056488399528,1851.0586055595688,3167.4733189146677,1867.5334430264602,3184.960538733779,1974.851278861332,3184.960538733779,2025.756916017872
25,Secondary school or above,indigenous,2022-2023,29243,29072,3571.689828904923,2093.51409145111,3571.874488481574,2230.9508003118694,3599.0003533609183,2329.4660383415885,3599.0003533609183,2489.0472734360665
26,Secondary school or above,indigenous,2022-2023,28099,30391,2656.6782566402126,2278.7547355028355,2691.1634696371166,2302.786850273656,2703.862616700476,2311.3673510798153,2703.862616700476,2437.5892808177864
27,Secondary school or above,indigenous,2022-2023,35866,21720,2919.5532723656574,3124.7578806015963,2964.565261436086,3161.429151319828,3110.7571051506534,3205.557757826888,3765.8399133812895,3277.427002762431
28,Secondary school or above,indigenous,2022-2023,21249,38268,3276.933032142689,3059.679512473433,3494.338086498188,3070.9288591860914,3673.165325427079,3487.422731350824,3849.338321803379,3487.422731350824
29,Secondary school or above,indigenous,2022-2023,33336,19577,2264.112051035917,3675.6214775842404,2356.3216742660584,3700.9062505320876,2375.529137668986,3820.001787812229,2499.8691904647626,3867.4077574023945
30,Secondary school or above,indigenous,2022-2023,32311,18116,3782.6558034931345,2576.571373371605,3794.524826426501,2580.2739567233384,3894.166331383533,2610.6706594538896,3924.2489657804877,2658.339386913962
31,Secondary school or above,indigenous,2022-2023,18362,24927,3575.271008060124,3043.3559059119298,3628.3371228624333,3076.4537516214014,3692.6837808154523,4204.942940051618,3728.0611906836584,4278.749334724062
32,Secondary school or above,indigenous,2022-2023,13511,18467,3813.7626131793845,3620.38145520839,3884.9046455974144,3707.63168534864,3903.1860459378777,3728.924171043844,4032.8581649520142,3833.46473890363
33,Secondary school or above,indigenous,2022-2023,21651,19967,6843.724115899189,3657.641750555082,7054.573499299494,3671.8612126675675,7373.396340430773,4857.284035324952,7373.396340430773,4990.926879350928
34,Secondary school or above,indigenous,2022-2023,21057,18612,4667.713056624084,3607.5413353392073,4667.713056624084,3662.0013611290206,4753.852266071457,4127.699566587864,4753.852266071457,4129.891700694892
35,Secondary school or above,indigenous,2022-2023,14214,11019,2698.4300689461093,3368.696539310887,2698.4300689461093,3438.0403999152977,2719.469185310257,3449.6506488792083,2719.469185310257,3449.6506488792083
36,Secondary school or above,indigenous,2022-2023,17342,10796,3846.5877638104025,3596.5053877979494,3850.1721254757235,3697.0565178461156,3860.10946449852,4035.9011516611085,3919.7046668973207,4054.056023835988
37,Secondary school or above,indigenous,2022-2023,27718,8188,4206.3677032974965,3087.831440319166,4294.866151959016,3111.9643177007,4622.495009259927,3172.184965803615,4779.162156961782,3665.7120786516853
38,Secondary school or above,indigenous,2022-2023,16969,20956,3465.350800086432,4731.19144079659,3465.350800086432,4731.19144079659,3504.6184842948905,4927.421454476045,3633.0880464376214,5153.383788254756
39,Secondary school or above,indigenous,2022-2023,11145,9156,6568.147151188874,4641.965377894277,6568.147151188874,4641.965377894277,7130.297592343353,5368.616389981069,7235.41737700015,5778.675367700596
40,Secondary school or above,indigenous,2022-2023,8819,13268,5549.094681936727,3214.8744347301777,5549.094681936727,3220.451763641845,5667.409305665798,3509.1620691387798,5737.258494916279,3576.210983820721
41,Secondary school or above,indigenous,2022-2023,11547,8981,3184.942697959066,4052.0930482871245,3184.942697959066,4072.6698214749654,3316.7575993764617,4164.883290650632,3316.7575993764617,4164.883290650632
42,Secondary school or above,indigenous,2022-2023,16788,9665,3897.8604757366375,5246.491877909984,3897.8604757366375,5253.941438178997,4354.079203399254,5279.011277806519,4354.079203399254,5279.011277806519
43,Secondary school or above,indigenous,2022-2023,5786,5411,6423.753024541998,3022.488141440276,6426.855340477013,3022.488141440276,6426.855340477013,3173.1934947329514,6426.855340477013,3181.559169592805
44,Secondary school or above,indigenous,2022-2023,8252,4767,3790.984003877848,2658.9166491853716,3790.984003877848,2658.9166491853716,3881.6185975117146,2699.7896650583875,4990.113507836484,2699.7896650583875
45,Secondary school or above,indigenous,2022-2023,6271,4287,3020.5070961569127,3879.503576704766,3020.5070961569127,4932.258416919369,3184.9678413862753,5143.114882202006,3184.9678413862753,5147.815138791696
46,Secondary school or above,indigenous,2022-2023,8811,4478,6098.357167177392,3745.758597588209,6098.357167177392,3745.758597588209,6155.407066923921,3745.758597588209,6155.407066923921,3775.8315468214973
47,Secondary school or above,indigenous,2022-2023,7132,5556,4099.880818844644,4887.684740220782,4099.880818844644,4887.684740220782,4364.240979622359,5593.7322564194865,4364.240979622359,5619.350206983441
48,Secondary school or above,indigenous,2022-2023,7675,6717,2047.1691639522257,4270.095826509851,2047.1691639522257,4270.095826509851,2282.439522258415,4299.642747258201,2282.439522258415,4937.427472582006
49,Secondary school or above,indigenous,2022-2023,7708,3819,3323.6312921639856,3241.4419132408134,4089.5887389724962,3241.4419132408134,4103.980712679468,3282.3557650344765,4103.980712679468,3768.451601640918
50,Secondary school or above,indigenous,2022-2023,6169,5584,3454.1281677203224,2998.118015759312,3454.1281677203224,2998.118015759312,3454.1281677203224,3087.3013968481373,3547.336143080997,3134.0062679083094
51,Secondary school or above,indigenous,2022-2023,6687,4313,5211.612083146403,6300.822320117473,5235.150291610587,6300.822320117473,5624.615734509745,6462.851843264548,6250.30737500623,6462.851843264548
52,Secondary school or above,indigenous,2022-2023,1423,4259,2111.876317638791,4474.007591766455,2111.876317638791,4502.887610550208,2341.3914265635976,4560.510683258981,2341.3914265635976,4598.673006182985
53,Secondary school or above,indigenous,2022-2023,1475,1746,6996.316384180791,4396.716303932799,6996.316384180791,4490.645284459718,6996.316384180791,4490.645284459718,6996.316384180791,4490.645284459718
54,Secondary school or above,indigenous,2022-2023,4623,3925,3601.312279183791,4201.763057324841,3964.020477323527,4201.763057324841,4190.713101160862,4201.763057324841,4190.713101160862,4201.763057324841
55,Secondary school or above,indigenous,2022-2023,2286,2212,17506.34295713036,2841.337402049427,17575.503062117237,2841.337402049427,17575.503062117237,2841.337402049427,17575.503062117237,2890.3880349608194
56,Secondary school or above,indigenous,2022-2023,2673,1343,3805.1584985659065,3186.8950111690247,3805.1584985659065,3631.8689501116905,3805.1584985659065,3631.8689501116905,4855.912956727772,3631.8689501116905
57,Secondary school or above,indigenous,2022-2023,3307,1036,4126.121862715452,4702.344755469756,4126.121862715452,4702.344755469756,4393.282431206531,6484.680662805663,4393.282431206531,6484.680662805663
12,At most primary school,non-indigenous,2022-2023,37839,23621,266.03266471101244,742.6654248338343,267.02846269721715,790.0571525337624,293.09306095122315,816.6004473420544,293.09306095122315,816.6004473420544
13,At most primary school,non-indigenous,2022-2023,38039,25769,884.971345198349,1041.1109084558966,903.644549015484,1064.9822267065078,937.8603100326857,1064.9822267065078,937.8603100326857,1064.9822267065078
14,At most primary school,non-indigenous,2022-2023,21089,36432,1103.8188154962302,984.2732808154003,1201.8348428090474,1052.5196027302004,1201.8348428090474,1053.4649712706778,1201.8348428090474,1060.5152292856096
15,At most primary school,non-indigenous,2022-2023,19824,19230,728.5418684422922,1518.7900849367306,770.193401937046,1636.9174900329344,778.0248184019371,1647.0656959611715,778.0248184019371,1655.3634945397814
16,At most primary school,non-indigenous,2022-2023,21541,22196,1108.6186032836608,1351.7032348170842,1146.9408724447953,1388.6263741214634,1204.567414078579,1393.1241815342105,1303.3557711650653,1393.1241815342105
17,At most primary school,non-indigenous,2022-2023,20273,21450,1569.7972673013367,1561.434654234654,1583.0326049425344,1595.7498057498055,1583.0326049425344,1601.3372183372182,1886.2141764908993,1602.246309246309
18,At most primary school,non-indigenous,2022-2023,24898,25450,1392.0029051864942,1524.9240929927962,1422.9230594157495,1609.1331303208906,1425.456730125579,1631.5136149312375,1563.160561758642,1651.9693058284215
19,At most primary school,non-indigenous,2022-2023,29320,25587,1509.1236925875396,1791.6549745313375,1552.5616189176897,1845.6042456455752,1552.5616189176897,1852.8540209220828,1552.5616189176897,1864.9500071650968
20,At most primary school,non-indigenous,2022-2023,18152,32632,1591.3469590127809,1972.4279184032034,1624.359299250771,2078.370857849146,1727.7087189657705,2113.2749908065703,1727.7087189657705,2148.283530481327
21,At most primary school,non-indigenous,2022-2023,24301,35905,1653.0958259605227,2049.521756487026,1725.5125989328283,2067.197289142645,1751.7460872666418,2101.639567376874,1751.7460872666418,2106.928060158752
22,At most primary school,non-indigenous,2022-2023,29925,31422,2288.8560289612924,2161.2178940445124,2352.465051517683,2169.3523221522078,2428.8861041492623,2240.8677678059958,2428.8861041492623,2290.4985997072117
23,At most primary school,non-indigenous,2022-2023,28778,29573,1980.2116373618737,2227.2624860514657,1985.7549343248315,2306.7553342575998,2016.220046563347,2322.7603613656597,2028.1510355132393,2403.7651968574937
24,At most primary school,non-indigenous,2022-2023,29581,36061,1970.737297589669,2020.570588724661,2015.286163415706,2131.980699370511,2015.286163415706,2139.6399434291893,2015.286163415706,2139.9357385171425
25,At most primary school,non-indigenous,2022-2023,23590,26645,1599.8197329376856,1957.5745355601425,1672.494595167444,1987.6950084443608,1687.1135014836796,2049.432044786389,1687.1135014836796,2066.3733095640205
26,At most primary school,non-indigenous,2022-2023,21946,35752,1906.2124507123547,2276.5321380622063,1918.0232590601174,2402.2526012530766,2044.5839079255143,2535.320413310211,2044.5839079255143,2606.1901082456925
27,At most primary school,non-indigenous,2022-2023,23370,35661,2174.66595350164,1980.491255620052,2224.2444729710455,2073.069422244656,2307.2419055769506,2428.1622126879975,2435.115247468264,2468.435901031005
28,At most primary school,non-indigenous,2022-2023,38907,40126,2407.227062825027,1698.8532871454918,2438.4271039487326,1723.7010167970893,2505.976645162396,1730.054337171244,2505.976645162396,1757.7691189419995
29,At most primary school,non-indigenous,2022-2023,31787,32744,2150.172240223991,2141.3176103510054,2206.9879195897697,2218.0741764394493,2231.629544572729,2289.547983345549,2283.506097880685,2346.6728713657462
30,At most primary school,non-indigenous,2022-2023,30728,54264,2704.181842836067,1783.1229053024717,2706.232090167491,1896.7007653938767,2851.605244944893,1941.7757383655214,2919.1039432005555,2085.362032532311
31,At most primary school,non-indigenous,2022-2023,49500,39052,2377.3517373737373,2036.5720065553621,2400.8042626262627,2050.991114411554,2401.998244107744,2108.1791798968898,2625.1138804713805,2140.5092014066713
32,At most primary school,non-indigenous,2022-2023,44588,42232,2030.122903023235,2106.0678000884004,2069.7176370323855,2151.014333522763,2295.243189497922,2208.688273505083,2295.243189497922,2252.6992920060616
33,At most primary school,non-indigenous,2022-2023,53020,38408,2152.688900414938,2398.7304749878494,2189.6025179177673,2444.0736326633337,2421.2576323399976,2461.045953967923,2424.9241732679493,2490.627985489134
34,At most primary school,non-indigenous,2022-2023,47995,40093,2387.342362051603,2059.1552245196585,2389.21755738445,2132.8094783794345,2439.7068045282494,2203.642292087563,2457.1794579296457,2344.1151593378727
35,At most primary school,non-indigenous,2022-2023,46932,33797,2583.9537202761444,2309.087571875216,2612.0475581692663,2364.3942559004254,2689.7246583709766,2405.3735957826634,2744.4929046279726,2469.4176628103087
36,At most primary school,non-indigenous,2022-2023,34501,48858,1883.2937209549482,1842.8889417632051,1950.532351719274,1881.099265558694,2045.8957711370686,1928.2969268083018,2218.296571113881,1972.6676883349028
37,At most primary school,non-indigenous,2022-2023,40897,39093,1891.3169647325394,2054.162723079153,1901.464408310308,2107.8278293641656,1920.0992307504218,2233.134363355758,1956.2571396434946,2296.1652555018372
38,At most primary school,non-indigenous,2022-2023,33880,46487,2009.6082251082253,1945.820297430823,2100.6557457693825,1993.3236854747925,2156.1496458087368,2114.7501953951287,2156.1496458087368,2258.973282853271
39,At most primary school,non-indigenous,2022-2023,54278,30997,2514.9177690162987,2094.020391758342,2576.5814264834125,2123.80553225581,2647.0650938993085,2572.9745378585026,2752.9558906616553,2635.892196556656
40,At most primary school,non-indigenous,2022-2023,29898,41735,2050.989032042277,2072.668124276187,2177.338620643521,2109.7883351303863,2199.4462867081406,2161.8164090890937,2291.4290280286305,2229.190236012939
41,At most primary school,non-indigenous,2022-2023,59424,57299,2481.9717757135168,2719.314304496297,2487.1750605815837,2755.53570452073,2566.8288340289,2783.857152829892,2897.0270704317004,2803.8465650942135
42,At most primary school,non-indigenous,2022-2023,37087,30067,2408.015454651675,2201.344741189122,2455.991834515239,2218.807407900134,2468.688107243329,2950.4615747053804,2468.688107243329,3060.3686710790344
43,At most primary school,non-indigenous,2022-2023,36281,34623,2701.9900085444174,2821.8191808913152,2762.5561450897167,2832.6501314155335,2828.029923835249,2926.7223762624076,2892.9123691923232,2989.5043420077213
44,At most primary school,non-indigenous,2022-2023,24691,37563,1782.0961078935645,2195.4411655086124,1803.3710663804625,2211.723145116205,1866.5901205567482,2265.6156279672373,1881.5105369027851,2349.0558927668185
45,At most primary school,non-indigenous,2022-2023,33144,46520,2415.281850913187,2217.1488893665805,2459.1555535441307,2246.815699340785,2715.707719848741,2277.7396746918885,2715.707719848741,2443.2883276010316
46,At most primary school,non-indigenous,2022-2023,42595,32874,2392.754971240756,2649.1822159355925,2445.1183941777203,2670.2912991016206,3378.5065265876274,2734.703904808258,3474.116339946003,2771.9947729715477
47,At most primary school,non-indigenous,2022-2023,38682,40179,2538.5655154852384,2032.2383666426076,2538.5655154852384,2051.469308179231,2544.2132758561256,2219.5527846221494,2764.943848215363,2251.2202394285573
48,At most primary school,non-indigenous,2022-2023,33006,37876,4143.23112969359,2747.082343260464,4186.233917065583,2787.817373358679,5814.33789815993,2857.831146372373,6058.84647235856,2930.764534269722
49,At most primary school,non-indigenous,2022-2023,47663,31631,3044.987173838547,2384.837495916453,3064.3833511668727,2436.517177241735,3204.64438523243,3236.892810850115,3204.64438523243,3303.0493239754246
50,At most primary school,non-indigenous,2022-2023,23952,41136,2545.1834224003564,2329.383403020874,2589.4845246047653,2356.5213114222743,2654.4895346248054,2518.3726500713083,2654.4895346248054,2680.7378127836123
51,At most primary school,non-indigenous,2022-2023,41666,44049,2336.0957775324405,2154.8506587361044,2336.0957775324405,2164.9598553126443,2388.168210691371,2251.795916668558,2486.8133890142244,2446.3008997555753
52,At most primary school,non-indigenous,2022-2023,27834,22512,4330.399679049604,2066.554445036721,4330.399679049604,2106.3021351575453,4353.731081291467,2222.060360400379,4380.504092716343,2427.148461561241
53,At most primary school,non-indigenous,2022-2023,22283,28308,2803.971929273437,2125.780980641515,2815.994547412826,2169.3751942913664,2908.496454696405,2246.575396825397,2939.7310281380423,2302.809205878197
54,At most primary school,non-indigenous,2022-2023,33666,28494,2731.8619972672727,2625.579841370113,2751.525752985208,2625.579841370113,2842.661716073586,2729.1247397112843,2953.075783678885,2886.2636695444658
55,At most primary school,non-indigenous,2022-2023,38489,30288,4003.881166653676,2613.6523210512414,4003.881166653676,2656.671008320127,4057.25474525189,2784.919984812467,4057.25474525189,2961.3745322680047
56,At most primary school,non-indigenous,2022-2023,38775,29845,2658.13748549323,2062.565276148992,2689.5247195357833,2121.641168258223,2801.5726885880076,2178.5868738482154,2932.4142961530197,2238.3757832132683
57,At most primary school,non-indigenous,2022-2023,27596,23264,2126.0533758515726,2541.2224717732693,2216.70854326714,2568.2466292698305,2248.1623771561094,2673.0043378897294,2421.7650731990143,2845.2225720712977
12,Secondary school or above,non-indigenous,2022-2023,8030,7916,160.5728518057285,487.3879905676268,160.5728518057285,575.296024928415,160.5728518057285,575.296024928415,160.5728518057285,575.296024928415
13,Secondary school or above,non-indigenous,2022-2023,19626,17303,413.712122694385,499.3993527134023,431.1257576683991,510.9297231693926,432.4887455416285,521.9802153769097,609.1931172933863,576.0170875956001
14,Secondary school or above,non-indigenous,2022-2023,26792,29196,742.7517994177367,939.1756404986985,745.3048003135265,956.9825318536787,770.9561141385489,959.4350938484724,770.9561141385489,959.4350938484724
15,Secondary school or above,non-indigenous,2022-2023,37018,39034,1970.8848398076611,1194.1430334238526,1994.769436490356,1275.74676350532,2001.4199398490825,1276.9054115215793,2137.4753723413833,1290.6506934125803
16,Secondary school or above,non-indigenous,2022-2023,34357,55326,1022.4940089840983,1725.2362361276796,1036.0283687943263,1769.0195748834183,1064.988988173201,1790.4276229379798,1064.988988173201,1826.6149489691404
17,Secondary school or above,non-indigenous,2022-2023,47442,76598,1749.0126725264531,2237.1200662332353,1757.8086760676192,2295.5894518568807,1800.537692550904,2305.655423988442,1812.1560897516965,2317.0823019748127
18,Secondary school or above,non-indigenous,2022-2023,71155,87277,2139.0351158269505,2360.0900456783193,2153.0747757243576,2415.4934165549535,2169.2516665495514,2442.0471859711033,2261.2037430023656,2486.565596701689
19,Secondary school or above,non-indigenous,2022-2023,73305,73108,2194.633469749676,2702.67614807317,2289.0584066571173,2727.6910575222046,2299.013048223177,2733.528198008426,2365.174292340222,2759.8041185643156
20,Secondary school or above,non-indigenous,2022-2023,72230,88613,2794.3945888135127,2893.8952674363054,2824.3032140384885,2941.2772542779653,2891.0206444690575,2959.0041491278557,2905.133893811436,2985.817773163456
21,Secondary school or above,non-indigenous,2022-2023,105607,92535,2845.226946761736,2958.5437537148105,2892.736922426228,3013.5760982331008,2924.886937734557,3049.299067920246,3021.372492669362,3094.527410349237
22,Secondary school or above,non-indigenous,2022-2023,86925,88960,3149.8282991467736,2882.4115463878898,3206.1435134119447,2941.0354784922065,3298.172273837599,2978.8961743105515,3333.597065324513,3040.9960693944845
23,Secondary school or above,non-indigenous,2022-2023,64081,76491,3700.1237834407493,3293.6891616878675,3721.370642884266,3379.030862018625,3915.4864234328425,3492.829179249846,3946.0664705606964,3513.435451011666
24,Secondary school or above,non-indigenous,2022-2023,81897,78841,3397.3323646368817,3387.4919859802217,3444.7091916268814,3429.635680250969,3480.5523849062442,3549.9022610908874,3521.4940555413104,3585.025060987726
25,Secondary school or above,non-indigenous,2022-2023,82638,95907,3413.6609657381186,3452.761624108077,3441.5494673959515,3485.982869689734,3487.576113732988,3519.282650553835,3515.614062376469,3588.8745885771286
26,Secondary school or above,non-indigenous,2022-2023,82592,72393,3611.497207154849,3524.6773260766463,3622.7966066124236,3583.875204324543,3638.323715775539,3636.5158832115444,3661.908929839855,3795.5084837852646
27,Secondary school or above,non-indigenous,2022-2023,84051,69220,4498.15841461335,3504.054597659636,4513.480278719667,3563.473407252239,4709.687789635658,3648.008584946547,4744.2650106086385,3701.6005092458827
28,Secondary school or above,non-indigenous,2022-2023,71884,89149,3696.2646529130266,3630.217613209346,3791.1617092816205,3667.0584975714814,3827.818336625675,3893.4458752575274,3835.2386248678426,3983.1135851215377
29,Secondary school or above,non-indigenous,2022-2023,73105,50355,3941.8708501470487,4224.1872803098,4039.5287394843035,4259.182017674511,4138.659829469028,4669.760824810512,4220.853933839455,4759.735736272465
30,Secondary school or above,non-indigenous,2022-2023,72796,53419,4027.386971811638,4921.039953012973,4071.054893125996,4949.500706677399,4081.950752788615,4999.278875493738,4227.8706293386085,5146.172302925925
31,Secondary school or above,non-indigenous,2022-2023,78491,64743,4118.822173497599,3732.9120007825813,4127.106562790638,3758.0183443255128,4154.057643583341,4440.449778354417,4286.316119077346,4502.376473132231
32,Secondary school or above,non-indigenous,2022-2023,81050,54993,5069.041723421757,3953.0562920129228,5076.986819041745,4001.757763109244,5185.573164918775,4047.8699955751945,5235.9877238330255,4125.331914970996
33,Secondary school or above,non-indigenous,2022-2023,41656,56582,5274.048080308559,4462.738406206921,5293.625092023558,4500.594968364498,5361.326423564433,4937.478900828297,5365.325847416939,4966.443589245107
34,Secondary school or above,non-indigenous,2022-2023,70434,48988,4760.264139004837,5005.382093573937,4761.285662700779,5092.293480035927,4804.465093089511,5192.86872295256,4842.0827209396975,5254.3075787267635
35,Secondary school or above,non-indigenous,2022-2023,67661,52137,4750.648812954779,5384.115915760401,4778.21934841834,5464.1724015574355,4866.735628106787,5620.954533248941,4902.612130079859,5820.926402235137
36,Secondary school or above,non-indigenous,2022-2023,48234,46444,5970.439900623351,4874.726274294491,6178.694866000471,4908.845643857836,6407.122945778221,5536.659121738007,6511.940439662203,5798.224304179945
37,Secondary school or above,non-indigenous,2022-2023,58195,47384,6476.392794340866,5684.032957679105,6484.3737205372745,5822.366783443075,7294.042363318728,5962.287080027014,7352.664238050234,6022.652547976814
38,Secondary school or above,non-indigenous,2022-2023,38932,64629,5167.49691247988,5584.039592649327,5228.7714424295355,5622.3078623115525,5261.3453319463,5764.349489651188,5559.072137658824,5826.806487799595
39,Secondary school or above,non-indigenous,2022-2023,60231,42802,7330.152634579093,5873.325066585674,7392.069255588208,6042.957326760432,7919.470566098299,6239.620644673925,7976.70023188502,6378.767982025763
40,Secondary school or above,non-indigenous,2022-2023,43413,57828,4229.591799691337,4351.127768266814,4250.624670029714,4395.579936766503,4298.212182218844,4493.111582336123,4367.492198189482,4534.750897777317
41,Secondary school or above,non-indigenous,2022-2023,51276,45135,5250.45537873469,5029.822591484804,5321.463257664404,5099.865795206972,5410.788673063421,5598.423824821831,5549.996099539745,5722.906554410841
42,Secondary school or above,non-indigenous,2022-2023,43507,31424,5401.17862259713,5578.019056559742,5486.004052987641,5650.114906865241,5751.2264118417725,5741.19083609131,5911.574344358379,5787.119362058724
43,Secondary school or above,non-indigenous,2022-2023,40102,43915,4803.694416737319,6803.992679039053,4880.2489526706895,6920.82519640214,4882.604053413795,7780.743409617063,5603.041936811132,7857.699802649056
44,Secondary school or above,non-indigenous,2022-2023,35226,27415,5888.440403868354,3538.5385008207186,5888.440403868354,3578.8168156118913,6096.50594258029,4229.489500881513,6281.142290732224,4354.753650677852
45,Secondary school or above,non-indigenous,2022-2023,35612,35573,4777.623600658953,4703.083246657109,4789.282592010183,4746.600520994388,4946.754324385038,4861.200545357435,4984.6151578119725,4911.478518351934
46,Secondary school or above,non-indigenous,2022-2023,24546,31068,4923.310790624406,4234.652294965881,4949.530948694967,4357.949578344277,5319.703957196013,4532.829948285481,5332.463673646758,4580.240467147332
47,Secondary school or above,non-indigenous,2022-2023,42437,19545,4074.6623347550485,4615.273224183508,4091.508483163277,4745.158105227253,4152.121862996913,4905.284309712629,4199.978450408841,4975.243173872261
48,Secondary school or above,non-indigenous,2022-2023,29290,28814,5522.156629111187,4725.737425094282,5527.998213269602,4810.222050623539,5641.677512233981,5038.9670472686885,5654.460031865256,5069.293740311422
49,Secondary school or above,non-indigenous,2022-2023,33979,24869,4400.312840283705,3988.662618789122,4422.294063980694,4011.677858645972,4484.279407869566,4676.333990108167,4521.097001088908,4709.219644269305
50,Secondary school or above,non-indigenous,2022-2023,29338,17878,6405.959120139977,6481.887934892046,6408.863203581248,6504.983359436179,6464.715170313813,6924.2388690010075,6483.724646079032,7043.60065443562
51,Secondary school or above,non-indigenous,2022-2023,25609,23799,6033.340609421167,4506.239659929689,6065.044307339867,4534.94674846282,6182.596730316165,4711.040982114095,6220.673187811576,4763.821911284788
52,Secondary school or above,non-indigenous,2022-2023,31862,16151,5367.984589793485,3333.454729325326,5399.246908543092,3340.106949002126,5423.225315422761,3959.1057726043796,5514.964691482017,3978.792892080986
53,Secondary school or above,non-indigenous,2022-2023,16677,20449,4846.973876196757,3658.813063393483,4846.973876196757,3660.358371232497,5182.9495712658145,4338.149819877092,5321.409725969898,4429.264299802761
54,Secondary school or above,non-indigenous,2022-2023,18882,20419,6375.529781449705,4066.700842352711,6432.5576386682205,4080.080537734463,6901.161953182926,4211.744674078065,6956.336193199873,4256.203266565454
55,Secondary school or above,non-indigenous,2022-2023,23733,20488,5534.796675515106,5041.243219608225,5617.415813424346,5234.087811564493,6335.013953847667,5686.817864929064,6583.0651905223385,5771.094840068983
56,Secondary school or above,non-indigenous,2022-2023,29010,18473,5972.954555900264,5103.360715639041,5972.954555900264,5374.946272938883,6051.433241411007,7398.872408379798,6160.323279328966,7411.691116765009
57,Secondary school or above,non-indigenous,2022-2023,26354,7761,6480.414813690521,3122.1821500665724,6516.885558169538,3184.029850105227,6753.723103387215,3218.5614826268093,6753.723103387215,3346.1887213847017
12,At most primary school,p99,2022-2023,67350,54026,294.1393466963623,709.8597897308704,301.28678544914624,760.3948099063415,316.4160851274437,773.5985297202582,316.4160851274437,773.5985297202582
13,At most primary school,p99,2022-2023,77387,61619,747.6664685283058,940.9361073694802,756.8451419489062,957.1814213148541,774.7684796326687,957.1814213148541,774.7684796326687,957.4670475015823
14,At most primary school,p99,2022-2023,60699,74525,773.7293036129096,1011.7293167840769,854.5718216115587,1070.5187163144358,858.1715514258884,1071.0160885608857,858.1715514258884,1074.4626501174102
15,At most primary school,p99,2022-2023,57513,60685,939.164432389199,1150.2486666117381,961.6202249926104,1199.6953997418361,964.3196146958079,1202.980121391887,964.3196146958079,1205.6095465655983
16,At most primary school,p99,2022-2023,50285,61520,1064.510655927878,1387.146171976593,1081.181830234331,1486.4525113784136,1112.756852606808,1491.9276956003469,1155.0756355440656,1495.2111806458604
17,At most primary school,p99,2022-2023,55186,46123,1728.7548472438662,1282.3414204048595,1793.1945602145472,1322.3470575056551,1846.0929402384663,1325.3021991920157,1957.4690138803319,1327.418280106093
18,At most primary school,p99,2022-2023,53677,57324,1045.9405331892617,1395.122511222757,1068.1789220709056,1459.0469756704579,1077.3091516540294,1469.3483619426418,1141.1828778309766,1487.9775108738631
19,At most primary school,p99,2022-2023,77408,63196,1491.8286266708005,1502.5859890921367,1517.6877110031692,1612.1142820220691,1524.9390609928344,1616.1287766103342,1524.9390609928344,1655.289192881406
20,At most primary school,p99,2022-2023,45562,69353,2114.62701373952,1713.305776246161,2196.641411702735,1793.898829178262,2239.6926093381912,2007.4173503669633,2239.6926093381912,2059.8704814499733
21,At most primary school,p99,2022-2023,65495,70266,1589.6672392294577,1690.0843271757797,1641.3032419777592,1719.0638620859781,1654.8430160063108,1766.9434672055713,1674.218540855536,1782.767383941024
22,At most primary school,p99,2022-2023,68690,60152,2137.3325326345416,1726.9936383384315,2192.4519095453,1758.3250986390035,2232.1930169359925,1825.0160648579156,2232.1930169359925,1850.942052356253
23,At most primary school,p99,2022-2023,50304,69525,1682.174787293257,1632.1970634064485,1685.3460062818065,1688.3171209397099,1704.3219657813825,1705.8599113028886,1711.147466735581,1758.480158216469
24,At most primary school,p99,2022-2023,70251,71292,1773.5487324023857,1612.1668303128918,1854.2849496804315,1686.970945781668,1859.388435751804,1695.4060378443587,1865.281590297647,1696.498259505508
25,At most primary school,p99,2022-2023,55454,60311,1389.5045593344632,1760.2568713280607,1423.5363694834155,1789.8292544754136,1433.6364824899915,1818.1867680301548,1448.24318353951,1869.3482476938977
26,At most primary school,p99,2022-2023,56175,73287,2244.982141106661,1940.9078099344586,2281.3477841863228,2010.49802375137,2371.6726618009197,2080.4881140811694,2371.6726618009197,2189.3141450734784
27,At most primary school,p99,2022-2023,70368,74397,2222.0032306351372,1871.1910023253627,2251.77031226315,1921.7176902294448,2321.3673473738063,2121.0719204627426,2399.2824981999393,2164.052372183466
28,At most primary school,p99,2022-2023,69345,77916,2014.797654240873,1647.9133211834967,2088.407864061336,1687.4949218816844,2148.9745956209294,1777.5194996320824,2179.2002787992406,1806.207188938515
29,At most primary school,p99,2022-2023,82039,63995,2604.326417923183,1747.9672865067582,2637.677628932581,1804.5063442456442,2667.0152051666482,1863.7494621975675,2745.755804150059,1897.1035888220433
30,At most primary school,p99,2022-2023,57402,91784,2606.231310175023,1601.0628649873615,2627.892924752912,1689.5136734071298,2734.775317933173,1723.6078328830006,2801.325263928086,1827.4251285627124
31,At most primary school,p99,2022-2023,87218,72674,2070.0086564699945,1934.1181165203511,2085.9021646907745,1954.2649365660345,2108.063993862123,2001.5764464136646,2234.6918000489195,2060.016218546752
32,At most primary school,p99,2022-2023,84246,75877,2349.425313961494,1989.6813175709813,2376.4268333214636,2031.3211030132102,2523.280788801051,2096.998372365803,2549.6923296061536,2137.9054544416185
33,At most primary school,p99,2022-2023,86233,75930,2418.140180286742,2002.088117344923,2444.387672546086,2040.084166337416,2616.75812044113,2115.828311163791,2661.4556260364357,2165.432156811098
34,At most primary school,p99,2022-2023,83510,74237,2264.2757434239415,1999.134491560812,2265.353458667625,2046.96801123429,2302.754744940726,2267.6718886808467,2347.4990869356966,2455.039266134138
35,At most primary school,p99,2022-2023,74416,73412,2202.386072887551,1899.113550918106,2225.8447376908193,1937.7046531902142,2281.852966207984,1967.1612576962896,2320.8658577008528,2094.532632040175
36,At most primary school,p99,2022-2023,73341,87409,1964.3950859682852,1845.5305470069827,2050.944219467965,1873.5953915882044,2098.048158601601,1943.266010937089,2377.3317789503826,1986.4179365587834
37,At most primary school,p99,2022-2023,101201,78500,2529.2253031755286,1884.2348131634822,2543.4210127040906,1938.2675520169853,2564.397666426221,2024.3412250530787,2687.830735269414,2058.4851740976646
38,At most primary school,p99,2022-2023,63533,97253,2087.3138369036565,1653.1719021521187,2161.5840586781674,1681.4787924279972,2194.614924527411,1784.6283310883298,2245.5176050241607,1915.1077198989576
39,At most primary school,p99,2022-2023,120327,64570,2792.8566046412416,1952.1979053740126,2822.972704934609,1973.8186270713952,2888.452016865154,2275.854111816633,2960.4852319097126,2414.0910433121676
40,At most primary school,p99,2022-2023,55339,83918,2277.509614918954,1890.665902031348,2355.1402190137155,1929.2188465724475,2385.9669566369707,1961.3953065293897,2599.68121481535,2009.8812888772372
41,At most primary school,p99,2022-2023,95383,98747,2316.149322206263,2242.612238008918,2330.1067360011743,2265.7248186442794,2397.8388004151684,2312.519892587454,2603.5536552635167,2432.562796844461
42,At most primary school,p99,2022-2023,85788,55376,2576.2253675727766,2184.0113978378117,2611.3829653720027,2197.249082033131,2629.698146399652,2601.1344069031106,2661.0871518549607,2669.9387625806608
43,At most primary school,p99,2022-2023,67704,76290,2618.21974329434,2219.186514178354,2650.6757281696796,2229.435826014768,2774.595966757257,2284.7912898151785,2995.4691795659537,2352.7080110980028
44,At most primary school,p99,2022-2023,71156,70274,2453.5209328798696,2429.0454862395763,2467.552075720951,2638.266819876483,2554.8600680195627,2700.078780914705,2584.1628206569603,2809.8576797013593
45,At most primary school,p99,2022-2023,77803,79154,2958.020029219096,1941.3640287709193,2980.030105951356,1959.680222519814,3110.7983925212825,2038.9538010292174,3132.113765964466,2202.580697122066
46,At most primary school,p99,2022-2023,72336,63767,2601.3724977881,2259.8995797199177,2632.206660583942,2294.309854627001,3240.10522883949,2345.9786906498134,3334.3529063444666,2523.520397175132
47,At most primary school,p99,2022-2023,74357,70773,2672.64662735183,1966.0926648109682,2703.6208463224716,1983.4605876063845,2763.551541034021,2098.9212411512863,2878.380003720789,2154.0398127346116
48,At most primary school,p99,2022-2023,59998,75389,3790.5794359811994,2298.6290694486815,3814.2360578685957,2345.8549246795505,4742.979238196829,2419.696046505458,5029.745741524717,2502.466189806647
49,At most primary school,p99,2022-2023,94922,51726,3021.4526207482636,1986.7496906778022,3034.9677173538976,2018.717753160886,3169.1514331064805,2526.9474007269073,3235.9274000407354,2658.891297413293
50,At most primary school,p99,2022-2023,45715,76247,2467.1082431003683,2004.760641948754,2490.3194429253713,2023.277370475778,2562.777753472602,2134.0673797001846,2562.777753472602,2301.9159945090732
51,At most primary school,p99,2022-2023,79635,77578,2377.779703229317,1981.5218274940491,2377.779703229317,1988.2556953431817,2418.1667817751827,2111.4673608067583,2478.5792888386595,2292.005064795002
52,At most primary school,p99,2022-2023,56793,40478,3531.632501658068,1798.7475418745985,3531.632501658068,1831.735831809872,3561.145098574355,1924.7468295535023,3658.196965295019,2060.53013571158
53,At most primary school,p99,2022-2023,42368,56888,2235.161792705186,2091.7365056485255,2244.690210378902,2124.4246824169127,2327.376003115559,2185.896931983312,2361.6471511518125,2390.4684877888712
54,At most primary school,p99,2022-2023,59965,47734,2048.1921843297478,2263.301783494644,2070.7586814530696,2267.2423709166073,2100.9913449512214,2343.3425650479744,2181.8835320603685,2465.045125068086
55,At most primary school,p99,2022-2023,59795,47379,3277.7057818100734,2255.554932916834,3277.7057818100734,2294.5479466993115,3385.4048620007247,2384.9966159409587,3385.4048620007247,2508.503275009322
56,At most primary school,p99,2022-2023,49250,50129,2111.7092165820645,1818.9423420907394,2136.420688663283,1877.4609640460947,2235.5440727580376,1921.5235076835102,2451.490942470389,2045.5118577403634
57,At most primary school,p99,2022-2023,43946,38606,2004.0126282255494,2247.8279088742684,2069.5139252719246,2293.087454022691,2099.6078663207877,2398.143576559775,2272.339703879003,2525.430828973044
12,Secondary school or above,p99,2022-2023,9152,15762,159.29851398601397,645.8503573996533,159.29851398601397,714.0193714841603,159.29851398601397,715.9396015734045,159.29851398601397,715.9396015734045
13,Secondary school or above,p99,2022-2023,32819,27249,672.9734032115543,632.5845719108958,684.553890124623,644.6547396234723,692.0023193881593,651.6717555384295,980.1936110180079,685.9849413434132
14,Secondary school or above,p99,2022-2023,39581,46421,621.8060738738284,773.872643846535,627.9403302089387,785.8088365179552,645.3034589828453,789.0585510867926,645.3034589828453,789.0585510867926
15,Secondary school or above,p99,2022-2023,53897,55942,1507.5131732749503,1212.2814164670551,1523.9177969089187,1289.1220728611777,1528.4855526900074,1304.8917092703157,1621.9323122499088,1317.119254465935
16,Secondary school or above,p99,2022-2023,56999,78550,920.8385527231471,1500.8196690006366,1008.0909606601285,1540.8953787396563,1025.547407264455,1556.5525610014854,1031.9703269648005,1582.040785062593
17,Secondary school or above,p99,2022-2023,88880,99825,1318.2862197344734,2021.8490942482679,1330.833474459946,2092.993376742633,1353.6411927317731,2105.544916937975,1359.8428128937894,2115.2186058936472
18,Secondary school or above,p99,2022-2023,113410,120204,2166.4566543220762,2146.3307564640113,2191.853374188049,2216.7168001896775,2206.401988360815,2239.1960368761993,2306.5503879728417,2283.125246109392
19,Secondary school or above,p99,2022-2023,111428,92498,2440.3434983427264,2451.0551633548835,2502.462714338706,2481.984156414193,2511.637891732778,2486.6945645671617,2565.5309886204545,2509.4948413299026
20,Secondary school or above,p99,2022-2023,107316,122199,2376.2839292370195,2607.2395355117474,2429.701313410861,2664.9643941439786,2484.764553437201,2683.758396822669,2504.4167954141662,2723.0701942459978
21,Secondary school or above,p99,2022-2023,160829,126267,2524.446941575628,2627.6152115490722,2578.5038964780397,2688.7074525938424,2621.475002435299,2727.5991793844264,2701.955201901813,2771.484528155945
22,Secondary school or above,p99,2022-2023,117997,112508,2831.038599032179,2596.430093859992,2877.953351102147,2649.2185622355746,2953.7258989917823,2770.1210388002037,2989.8157995824754,2849.4366104336286
23,Secondary school or above,p99,2022-2023,104547,106778,3200.068857387905,2940.523088401481,3223.7799155722623,3029.15718905892,3366.4504688481416,3158.7016528061336,3385.19419176702,3175.7762780410444
24,Secondary school or above,p99,2022-2023,106158,101638,3151.2554415745085,2854.9886263011867,3192.6957475335507,2891.7186977311635,3224.536494344907,3011.3204542920303,3256.121490294341,3051.0455899040385
25,Secondary school or above,p99,2022-2023,110018,123702,3039.710840226145,3083.6473601881944,3060.7078588958175,3141.70389929023,3101.651386318603,3180.154507068062,3122.7115764693053,3266.4266206959737
26,Secondary school or above,p99,2022-2023,110183,99833,3356.985920393043,2893.0567430943006,3374.2502896696105,2943.299368278358,3389.127796484031,2984.0833441847885,3406.807021046804,3137.799670449651
27,Secondary school or above,p99,2022-2023,116708,88898,3784.8940138922208,3221.217579885562,3809.7613580331536,3276.443456733185,3878.160732254858,3353.048086008684,4104.378729307331,3412.3366301829064
28,Secondary school or above,p99,2022-2023,92625,124836,3595.1097253441294,3282.507200780758,3683.4761490958163,3312.264786733528,3752.9490235897433,3601.609173235285,3799.1233825641025,3665.643479578541
29,Secondary school or above,p99,2022-2023,105565,69394,3381.740234294826,3865.8193383673897,3478.4880200192615,3898.3460697850915,3553.2029192124915,4217.1161243527295,3649.3882078971883,4295.779313293176
30,Secondary school or above,p99,2022-2023,103531,68315,3843.448374560921,3565.1582778306374,3877.856909202719,3585.826081387689,3916.6152682127417,3632.810882187904,4028.604752843754,3760.3153346019662
31,Secondary school or above,p99,2022-2023,95968,89670,3974.9770493289434,3541.225095721348,3991.906129855786,3568.5529645738075,4026.2608169997643,4374.982186535816,4141.202255812702,4440.21127095647
32,Secondary school or above,p99,2022-2023,93564,72329,4649.476062908811,3691.2304746367295,4666.63169969219,3734.979040218999,4763.334740747866,3775.4753602750397,4825.731602788822,3861.062247968772
33,Secondary school or above,p99,2022-2023,60355,74037,4769.042901720376,4216.1328885107,4858.19210228371,4248.899208053631,5019.288945958633,4902.479231105168,5022.049280645071,4960.657259208234
34,Secondary school or above,p99,2022-2023,90902,63316,4691.915229587908,3830.4815107292525,4692.706741325823,3907.0249594625902,4746.11737402184,4115.060395476657,4755.826291317389,4139.960368100744
35,Secondary school or above,p99,2022-2023,79059,60200,4011.9189592582757,4926.422790697675,4035.514628315562,5008.449451827243,4097.175118160699,5146.3578128460695,4127.8792758151085,5319.546074197121
36,Secondary school or above,p99,2022-2023,63376,55532,4375.689901014054,4033.201443912219,4381.419672536397,4071.1334470815627,4557.990193448624,4662.0780525943,4654.071785849534,4884.3667029820645
37,Secondary school or above,p99,2022-2023,79791,52859,4387.336650332327,4843.364072343405,4423.900297861497,4961.686590741407,5075.768511904016,5047.800024593731,5172.947391727555,5175.410409454083
38,Secondary school or above,p99,2022-2023,55022,80835,4571.562784401391,4458.6873590235255,4614.918896502005,4483.00405352467,4650.07756030921,4644.185115770809,4900.361083263664,4748.287711593575
39,Secondary school or above,p99,2022-2023,66529,51648,5123.596576931363,5531.028523208385,5179.651831031079,5659.602717756093,5398.169194386408,5950.2006111885585,5467.590950312395,6138.209524086122
40,Secondary school or above,p99,2022-2023,51884,71053,4213.952948885976,4134.775739002341,4231.551823298127,4171.995560825487,4291.480381877522,4303.772802227445,4361.321823041143,4348.689366857604
41,Secondary school or above,p99,2022-2023,61390,51604,4219.818917304664,4386.181116450922,4279.128251072379,4439.8630015761055,4378.530705326601,4608.465936103145,4494.803713959928,4717.343697516989
42,Secondary school or above,p99,2022-2023,59597,40415,4348.004541615629,5421.655693018269,4366.59440352143,5479.494119345128,4688.725201492245,5556.303967173904,4805.782393968376,5592.014916079013
43,Secondary school or above,p99,2022-2023,44861,43430,4636.344229954749,4419.849685317369,4703.683121196585,4489.080631667818,4704.980461871112,4726.733751630977,5348.991964066784,4805.591837439558
44,Secondary school or above,p99,2022-2023,43098,31664,5471.895099540582,3296.4593439447535,5471.895099540582,3328.490357082702,5659.310602193451,3896.1076301162207,6022.466665119805,3991.0624684183936
45,Secondary school or above,p99,2022-2023,41883,39091,4514.536486561771,3993.810480673301,4524.449816552459,4148.864073571922,4682.9679901949075,4276.2746881208805,4715.16004902546,4322.5433518371665
46,Secondary school or above,p99,2022-2023,32162,35192,4823.206838297784,4111.465233575813,4843.218031631532,4220.313835530803,5141.362840204796,4374.7007227021295,5151.101040565471,4416.432271538986
47,Secondary school or above,p99,2022-2023,48737,23415,3747.066817818085,4117.579183571785,3761.735344809898,4166.291547441099,3853.199051370964,4402.712645028116,3881.4217569129546,4467.187525802548
48,Secondary school or above,p99,2022-2023,34643,34113,4423.199713265787,4320.019694349173,4428.138661971153,4391.380759045916,4576.375439001626,4570.653323757317,4587.18281711553,4721.851791594602
49,Secondary school or above,p99,2022-2023,41687,27722,4201.232518530956,3663.5650626457928,4360.776261184542,3684.2116970877523,4413.961506784689,4068.4642762667436,4443.97146192658,4163.842195127817
50,Secondary school or above,p99,2022-2023,33629,21544,4988.133614836402,4896.639443309816,4990.6671424465,4915.80487219953,5039.392498537969,5074.091015286545,5073.074737082083,5185.247253682387
51,Secondary school or above,p99,2022-2023,31131,27779,4860.899735526217,4742.0873441568565,4882.784673369524,4766.681462015671,4968.5434159947745,4931.1114270972075,5134.265686400479,4976.33023746955
52,Secondary school or above,p99,2022-2023,32085,20182,3962.721676796011,3480.003253724441,3993.766713417485,3491.4213490569155,4027.757674925978,3998.9462061903346,4118.859435873462,4022.754550259307
53,Secondary school or above,p99,2022-2023,18152,20779,5021.625716174526,3179.659030752202,5021.625716174526,3189.072380769046,5330.300609666519,3697.0928501532,5457.509732628177,3786.760302869885
54,Secondary school or above,p99,2022-2023,21754,24078,4588.234500934694,3934.790451864773,4714.813520885047,3946.1369092117284,4877.060463975973,4057.792777639339,4924.950507186418,4095.495244621646
55,Secondary school or above,p99,2022-2023,23494,21099,4980.87793337306,4164.172681959651,5027.821833943418,4330.436485931403,5354.313278567578,4755.936114665782,5413.307064214977,4842.914960424665
56,Secondary school or above,p99,2022-2023,29162,19710,4791.534656973687,4894.45539489261,4791.534656973687,5163.181929646542,4869.604290972269,7060.086419753086,5074.239318290926,7072.100625739895
57,Secondary school or above,p99,2022-2023,28368,7805,5649.391462210942,2795.1486013239373,5683.272948392555,2856.6476404014516,5934.44034357962,3127.563719837711,5934.44034357962,3254.471471279094
12,At most primary school,p90,2022-2023,65148,53821,302.3206391600663,712.5635904200963,309.70966107938847,763.2910945541703,325.35033052946113,776.5451063091854,325.35033052946113,776.5451063091854
13,At most primary school,p90,2022-2023,75977,60950,761.5418481908998,935.8210336341264,770.8908617081485,952.244659557014,789.146825135677,952.244659557014,789.146825135677,952.5334208367515
14,At most primary school,p90,2022-2023,57998,74525,809.7623193903238,1011.7293167840769,894.369719645505,1070.5187163144358,898.1370909341701,1071.0160885608857,898.1370909341701,1074.4626501174102
15,At most primary school,p90,2022-2023,57513,60416,939.164432389199,1148.6914117673023,961.6202249926104,1198.3583046433616,964.3196146958079,1201.6576513947741,964.3196146958079,1204.2987839865818
16,At most primary school,p90,2022-2023,48493,59413,1088.175991036507,1366.9353929274737,1105.4632283697304,1467.7184875363976,1138.2050673980436,1471.4774852866094,1182.0876896321806,1474.87741459501
17,At most primary school,p90,2022-2023,51643,44088,1259.6298627113065,1162.852325651727,1275.0611893189784,1204.704530333273,1331.5886954669559,1207.6308746144075,1450.6057936215943,1208.073171838142
18,At most primary school,p90,2022-2023,52878,56259,955.1262654916347,1338.5494380158434,975.8927468260271,1403.6840120395552,985.1609364953288,1410.4002707714915,1049.9998108854343,1426.7359800209745
19,At most primary school,p90,2022-2023,74179,60060,1433.8892453839137,1422.0219918969917,1460.8739715193428,1472.5173298923298,1468.4409716137093,1476.7414391164389,1468.4409716137093,1517.9465950715949
20,At most primary school,p90,2022-2023,45263,67684,2105.4754656120895,1587.3026933987353,2188.031637319665,1666.1185139767153,2231.367224149232,1870.8958616512027,2231.367224149232,1916.4720982802435
21,At most primary school,p90,2022-2023,61614,69768,1472.011966977202,1675.5165739785193,1519.2447387498512,1704.7029631540727,1533.6373686716222,1752.9243301609142,1554.2333371203513,1768.861197110423
22,At most primary school,p90,2022-2023,65598,58737,1571.6999247944552,1691.2486394152463,1629.4173856926534,1722.308278143816,1671.031713365245,1780.118431879962,1671.031713365245,1805.5566848834635
23,At most primary school,p90,2022-2023,50304,68463,1682.174787293257,1600.2936622701313,1685.3460062818065,1657.284255729372,1704.3219657813825,1675.0991703547902,1711.147466735581,1714.3815467235345
24,At most primary school,p90,2022-2023,66801,68802,1486.8599571862696,1466.5960194955571,1571.7658717683867,1534.2553171903917,1577.1329321417343,1542.9956820538162,1577.1329321417343,1544.1274320998418
25,At most primary school,p90,2022-2023,55454,58240,1389.5045593344632,1729.9894774496338,1423.5363694834155,1759.7377604166668,1433.6364824899915,1787.730033768315,1448.24318353951,1838.7327810210625
26,At most primary school,p90,2022-2023,53480,69633,1765.7193675517328,1845.3479863474693,1803.9175724881577,1896.6563889726613,1898.794161867365,1918.2701413123086,1898.794161867365,2001.9129543463587
27,At most primary school,p90,2022-2023,69318,73456,2025.4179770526175,1846.5720567414508,2055.6359579522396,1897.7460112175997,2126.287219769757,2086.233314274305,2205.3825966319478,2129.7643623393596
28,At most primary school,p90,2022-2023,68142,77205,1609.009763924354,1629.936070634458,1683.919511216773,1669.8821881138958,1745.555506638099,1760.7358245364073,1776.3148034007415,1789.6877058912419
29,At most primary school,p90,2022-2023,79837,63566,2206.243157934291,1733.2530991410501,2240.5142352543307,1790.173732813139,2270.6609769488664,1849.8166761056748,2351.573335880189,1883.3959060923553
30,At most primary school,p90,2022-2023,56570,90738,2585.7325378586997,1598.9297464494848,2607.71273937894,1688.40018882203,2716.1670991691703,1722.887375373787,2783.695824642036,1827.9014451865078
31,At most primary school,p90,2022-2023,85268,71389,1983.3702561336022,1787.6731709366989,1999.6272341323825,1808.1826331787809,2022.295883762568,1855.6546993701177,2151.8195503197758,1915.14638576438
32,At most primary school,p90,2022-2023,82581,75168,2166.005315992783,1935.1831807861502,2193.551240600138,1973.2778753370228,2343.3660688697564,2039.5746261707109,2370.310119761204,2080.867552238541
33,At most primary school,p90,2022-2023,84458,72977,2298.770775612336,1835.2688278498706,2325.5698947011138,1873.3635700289133,2491.4928485164223,1949.1399961631748,2534.8279973477943,1997.852923980615
34,At most primary school,p90,2022-2023,78454,72166,2059.208801760692,1981.4825852894714,2060.3559708024236,2030.688818141507,2095.0907378846205,2257.7263947011056,2142.7186472327735,2450.4707895684946
35,At most primary school,p90,2022-2023,73723,71771,2157.2882546830706,1802.9523623747752,2180.9674321446496,1840.837441306377,2237.5021408967805,1870.7481050842262,2276.8817555805745,1941.9688952826814
36,At most primary school,p90,2022-2023,69499,87409,1749.3302061900172,1845.5305470069827,1840.6638944445244,1873.5953915882044,1890.3718039108478,1943.266010937089,2011.2791550957568,1986.4179365587834
37,At most primary school,p90,2022-2023,97278,77912,2036.9685839209963,1854.2706236951092,2051.736774056484,1905.9849937536367,2073.182870124797,1992.7082627408702,2201.593713275355,2027.1098953520213
38,At most primary school,p90,2022-2023,61629,96600,1976.4674098232974,1626.8736404416838,2053.032176410456,1655.3718806073152,2087.0835158772657,1759.0151043823325,2139.5588115984356,1890.3765122498273
39,At most primary school,p90,2022-2023,114590,60322,2420.4371818366935,1762.785773294431,2452.0610582657014,1785.929070930451,2518.527845652617,2108.153860393665,2594.167436076447,2220.7654890973995
40,At most primary school,p90,2022-2023,53087,81222,1900.4446395539396,1807.4204382228133,1981.3684062011414,1845.5417107844346,2013.5028427549744,1867.2429432091471,2081.3487058350756,1915.9273718943145
41,At most primary school,p90,2022-2023,92393,94883,2156.5580812399207,1911.8796904257524,2170.9671814964336,1935.9335040699248,2240.8911746560884,1984.6342530625436,2453.263324061347,2109.565765205569
42,At most primary school,p90,2022-2023,80619,51555,2196.956323364633,1955.72190217567,2234.368099744891,1969.940697636828,2253.857584233659,2401.7233326867745,2287.2591396982516,2465.5214124074614
43,At most primary school,p90,2022-2023,63368,70431,2346.1759010857213,1888.981307946785,2380.8527095694985,1900.0832374948532,2424.24836405336,1952.494841286744,2660.2349819046417,2017.33182121509
44,At most primary school,p90,2022-2023,67660,62416,2281.6307345551286,1703.412466354781,2296.386868164351,1729.9540582542938,2388.2060744900978,1775.529291367598,2419.022903734358,1898.2532029714605
45,At most primary school,p90,2022-2023,75933,76457,2988.9683317310437,1798.4349329252607,3011.520450045874,1815.3490153506764,3145.5091637803503,1897.4189479053584,3167.3494703664196,2054.015335417293
46,At most primary school,p90,2022-2023,65126,59427,2202.846497558579,2064.3270987934775,2231.55269784725,2086.6173035825464,2317.963923778522,2125.577147873301,2422.6456177256396,2307.598451321229
47,At most primary school,p90,2022-2023,67042,64695,2012.570258494675,1739.632627457042,2046.9240963873394,1758.6322410284154,2099.136639768106,1879.8487982069712,2226.4941171703313,1940.1456784398588
48,At most primary school,p90,2022-2023,53704,70349,2328.4985289736333,2173.9613391803723,2354.9276590198124,2224.570587357319,2380.8456539550125,2302.8596651456787,2650.107099409107,2389.5525581979373
49,At most primary school,p90,2022-2023,91652,48724,2615.6344178704953,1783.344166461429,2629.631711983008,1817.2818563062694,2743.120270152315,2319.108199586788,2811.3384577896095,2454.1120991024272
50,At most primary school,p90,2022-2023,41465,70084,2333.8770850918445,1749.576598557921,2359.467341934965,1766.1430759279342,2437.837212106596,1869.1728568574854,2437.837212106596,2051.781631090311
51,At most primary school,p90,2022-2023,77474,70677,2251.1795785252684,1686.429017454995,2251.1795785252684,1691.1929434846793,2289.719282167781,1754.339930246049,2351.816889106883,1941.3902294947438
52,At most primary school,p90,2022-2023,51247,38284,2266.229333749618,1511.182783059938,2266.229333749618,1546.061583603246,2298.9358125028457,1582.1466974889422,2406.490726286417,1642.428712604047
53,At most primary school,p90,2022-2023,38288,52028,2201.352325358685,1590.0330078675584,2211.8960988647445,1622.6224789216062,2303.392956017551,1686.6751684990131,2341.3160650856667,1800.4248161246508
54,At most primary school,p90,2022-2023,54102,41642,1769.9871415720922,1926.678129452636,1794.9991559153698,1931.195203560508,1828.5081143026136,2003.2154395402079,1889.1158552364054,2096.031586699326
55,At most primary school,p90,2022-2023,44592,44606,2124.1953090987918,2094.0451321944734,2124.1953090987918,2118.133147259711,2268.612839149025,2207.1167107564006,2268.612839149025,2332.382863291934
56,At most primary school,p90,2022-2023,45892,46869,1832.6651032133416,1602.8022929157155,1859.1847580551441,1662.9588996280413,1943.3023965687557,1709.7416611548501,2080.768258447369,1835.2762077990428
57,At most primary school,p90,2022-2023,42026,35814,1665.5056631609004,1839.9950927011782,1675.7497977442536,1879.7295540849946,1707.218610701312,1935.7517800301557,1887.8418756642714,2019.6538388153608
12,Secondary school or above,p90,2022-2023,9152,14835,159.29851398601397,603.5789237164364,159.29851398601397,666.8266486911583,159.29851398601397,666.8266486911583,159.29851398601397,666.8266486911583
13,Secondary school or above,p90,2022-2023,32819,26784,672.9734032115543,631.5911364994026,684.553890124623,643.870855734767,692.0023193881593,649.7589481282357,980.1936110180079,684.667848964556
14,Secondary school or above,p90,2022-2023,35968,45745,671.555444005783,738.1028964914199,678.3058888456407,750.2154771013226,697.4131508563167,753.5132145589682,697.4131508563167,753.5132145589682
15,Secondary school or above,p90,2022-2023,52101,51084,1456.0649027849754,1064.1469018348864,1473.0350185217176,1127.8091052645318,1477.7602317293974,1145.078406807089,1574.428241940334,1153.198366089839
16,Secondary school or above,p90,2022-2023,56429,64667,930.1401170792795,1189.7440992572203,1018.2738780886896,1235.3430446234813,1035.9066555612658,1248.4982087721198,1042.39445438811,1276.2088906758213
17,Secondary school or above,p90,2022-2023,85322,85068,1255.270768891181,1761.2678484663252,1268.3412548150927,1843.2349571323336,1291.9969356477034,1856.8949017256784,1294.0503333645877,1866.792975423583
18,Secondary school or above,p90,2022-2023,105138,104147,1864.2788446295979,1966.7099844450631,1886.8628960667565,2038.375265250079,1895.3091761938276,2061.8378789915537,1996.0513436309104,2112.2710807800513
19,Secondary school or above,p90,2022-2023,99939,82199,1961.13024278143,2330.36179069494,1990.0028550749291,2358.650091039226,1995.109887031089,2362.2484113756454,2055.1985411100773,2382.156196141884
20,Secondary school or above,p90,2022-2023,98908,97603,2061.063532103908,2252.2199881151196,2103.291056672194,2321.414275175968,2156.3352998072282,2339.257647476683,2177.6581452797886,2382.2300526964677
21,Secondary school or above,p90,2022-2023,143053,106828,2267.386002623736,2391.1415148650167,2304.038963414492,2440.1259945894335,2346.1317541983276,2472.903683959262,2395.159387313327,2522.3788964503688
22,Secondary school or above,p90,2022-2023,100318,94084,2619.765656877795,2308.853666227343,2667.8746702153817,2360.8255743094824,2745.9557058553796,2412.7121862732597,2775.3671773759443,2442.736845088786
23,Secondary school or above,p90,2022-2023,87678,89457,2456.660342389197,2485.88628428556,2484.933341317092,2570.004598112315,2654.733956446695,2714.4139651825276,2654.733956446695,2732.0074570277716
24,Secondary school or above,p90,2022-2023,86136,81014,2698.9074022476084,2388.2757918384477,2736.405312529024,2426.079640555953,2759.65749512399,2542.804321886752,2782.0058744311323,2582.8910147217352
25,Secondary school or above,p90,2022-2023,97743,99305,2666.5604123739467,2722.5247394391017,2689.177377271689,2785.346450329792,2733.0153844265064,2827.4266116174076,2756.7204067810485,2888.073178591209
26,Secondary school or above,p90,2022-2023,96270,88087,3011.9934784114125,2516.416996832677,3020.3761521415463,2559.0631534732706,3028.3298933554934,2582.6623981593957,3044.8682749904783,2732.564903636935
27,Secondary school or above,p90,2022-2023,97181,71836,2822.671627238521,2741.129778244891,2849.738831733227,2789.3168989086253,2919.1301822372693,2827.572996130074,3187.765512188597,2900.750785353676
28,Secondary school or above,p90,2022-2023,74530,98927,3326.65353070352,2730.9002058757133,3433.6499080012527,2752.204986168252,3515.629983138781,3025.7972562259715,3565.858079207478,3105.4312624460463
29,Secondary school or above,p90,2022-2023,93904,52939,2869.5063096353724,2850.2339736929925,2937.223659269041,2865.765245534168,2985.1660081927644,3181.0066082346348,3074.1270748139946,3271.0300943853617
30,Secondary school or above,p90,2022-2023,85993,55225,3095.5002112575053,2818.1966304511843,3136.0575822063033,2840.8617458880335,3166.600669046705,2894.5406352799155,3185.335333496137,3052.267510185604
31,Secondary school or above,p90,2022-2023,81692,74586,3398.104026546867,2928.2591371034778,3415.7807880412606,2958.885394041777,3452.9727278782907,3505.7195854449897,3548.9882495940033,3541.417866623763
32,Secondary school or above,p90,2022-2023,78461,59864,3528.415915762821,3058.766309189719,3548.873850278058,3109.203800837454,3644.891914454315,3157.84140718963,3717.3113330189526,3261.24936522785
33,Secondary school or above,p90,2022-2023,50636,62899,3569.0590620638804,3151.673375835334,3599.5314532480184,3168.5404166467933,3656.5363509492586,3317.1687069746736,3659.826500250151,3379.5310126817067
34,Secondary school or above,p90,2022-2023,76060,52778,3417.204222981856,3052.0397956219135,3417.49806994478,3134.6011848371168,3466.6057919186605,3190.351465888565,3478.209262862652,3220.2231295868232
35,Secondary school or above,p90,2022-2023,69042,42890,3594.538073443218,3727.7656096992305,3613.997243223931,3804.7539519701563,3678.2308498208818,3874.111222507189,3705.0180228459967,3951.0817673117276
36,Secondary school or above,p90,2022-2023,50521,42432,3252.2411373488253,3113.064308776395,3259.428841471863,3162.3440976150073,3387.243677546631,3550.6379756630217,3507.7731009547188,3800.862648865636
37,Secondary school or above,p90,2022-2023,70227,42330,3615.0052021777,3333.2382786046146,3655.700376398441,3392.632561619025,4392.727683084853,3418.9583353019925,4503.141056858473,3541.7966454051502
38,Secondary school or above,p90,2022-2023,48958,58636,3948.626595381075,3384.661143893399,3997.3528505385566,3409.620895581782,4036.8663110557345,3597.7367714941906,4318.150268733744,3730.2128385292317
39,Secondary school or above,p90,2022-2023,55038,35514,3786.508003561176,3629.6458110416547,3851.6884243613504,3762.82146008147,4019.9402079775186,3995.7892098890575,4041.2265919304236,4182.963216384149
40,Secondary school or above,p90,2022-2023,46829,56663,3787.9391288873703,2947.5792830712576,3807.19856214454,2981.4417682908893,3873.596164769694,3078.803097553371,3937.822463288418,3120.9297645730016
41,Secondary school or above,p90,2022-2023,48617,39425,3279.2072046129265,3175.577180300148,3354.0987034713503,3226.679272880998,3479.6168692706938,3424.202735151131,3490.230440655189,3554.099873176918
42,Secondary school or above,p90,2022-2023,48753,26925,3593.3209580265143,4455.512033426184,3607.996977963749,4506.495877437325,3983.707788922391,4564.161739399567,4122.453250740125,4581.010690188796
43,Secondary school or above,p90,2022-2023,34315,33351,4193.204526689009,3329.2062257003786,4280.715527708971,3405.290900822564,4282.411578998494,3537.6929777218074,4962.609743066687,3625.1295363457366
44,Secondary school or above,p90,2022-2023,34836,23692,3903.4698779040837,2368.8873600090046,3903.4698779040837,2409.7197084810628,4135.334424158916,2752.742669818223,4471.977551957744,2876.5474703134673
45,Secondary school or above,p90,2022-2023,31872,25343,3232.7183212014725,3187.4906154230625,3245.7454296352075,3228.5867760985943,3358.4739478748324,3313.034158018651,3381.6259308065596,3375.660261216115
46,Secondary school or above,p90,2022-2023,25887,26649,4033.902125906182,3482.7410784644826,4048.3688466540475,3623.0165109384966,4418.783855474434,3786.856930216268,4430.8825922921415,3819.0457553128945
47,Secondary school or above,p90,2022-2023,36516,14405,3249.6879587030344,3299.2533379613556,3249.6879587030344,3378.4341779474717,3323.491223025523,3741.6066874927683,3330.0020675868113,3821.433136642369
48,Secondary school or above,p90,2022-2023,25004,21086,2746.664800298619,3463.5727536438076,2753.507705433797,3569.037991242214,2766.412307364155,3728.2953183787026,2781.3859115874793,3750.2293030130572
49,Secondary school or above,p90,2022-2023,33235,20330,3540.6181234642195,2512.4089194949993,3563.09141968808,2540.5626824069523,3596.0225665713856,2996.3890473848173,3620.9969911238154,3105.410198393179
50,Secondary school or above,p90,2022-2023,20674,12664,4263.395085614782,3614.479311433986,4267.516203927639,3639.77937460518,4302.951291477218,3787.973731311855,4329.92720325046,3977.072752158349
51,Secondary school or above,p90,2022-2023,24783,14178,4468.166807892507,2150.302816570273,4486.627042730904,2153.9704706822777,4547.748459965836,2261.470353129261,4587.093979071676,2324.6198335449285
52,Secondary school or above,p90,2022-2023,21501,14757,2987.2110599507,2702.084773327912,3033.5382075252314,2703.087687199295,3072.238733082182,3386.308079781347,3208.1858983303105,3415.309005895507
53,Secondary school or above,p90,2022-2023,12709,15181,3655.445615967687,2456.5087938870956,3655.445615967687,2467.3117712930634,4014.2517113856325,3154.33880069385,4171.8250845857265,3177.4071097643982
54,Secondary school or above,p90,2022-2023,15505,16068,3424.1977856605395,2785.7180628163637,3536.264860797592,2794.306561696125,3607.8237127808234,2954.673958592648,3675.014941416747,3011.1713447016846
55,Secondary school or above,p90,2022-2023,13057,13968,2697.43049705139,2867.9899770904926,2781.8985984529368,2871.512313860252,2841.471241479666,3262.806701030928,2947.6211993566667,3337.811473844979
56,Secondary school or above,p90,2022-2023,21893,11694,3354.931956942097,3691.0585200387663,3354.931956942097,3979.291802063736,3356.5344478448205,4406.593908557095,3629.113202088947,4426.843609258309
57,Secondary school or above,p90,2022-2023,17834,6075,3273.0450450450453,2587.1700960219478,3305.0569324511234,2587.1700960219478,3368.3713879854963,2930.9286694101506,3368.3713879854963,2996.048010973937
12,At most primary school,p50,2022-2023,35933,33937,283.88973923691316,595.2214397265521,284.9383574986781,673.864366325839,288.01004647538474,674.4061790965612,288.01004647538474,674.4061790965612
13,At most primary school,p50,2022-2023,46681,32090,429.02187185364494,589.0179806793393,442.6462586491292,599.5147086319726,444.47783894946554,599.5147086319726,444.47783894946554,600.0631660953568
14,At most primary school,p50,2022-2023,37900,42830,626.069525065963,781.2212390069267,755.2568601583114,877.7708537629388,761.0220316622691,877.8321425791892,761.0220316622691,883.8292240641296
15,At most primary school,p50,2022-2023,43351,32323,648.8803949159189,774.115397704421,674.450739313972,833.7891594220833,678.0319715808171,834.2898348956883,678.0319715808171,838.4066144850416
16,At most primary school,p50,2022-2023,29544,33588,589.6725223395613,989.4649130641895,589.6725223395613,1136.2175032749792,589.6725223395613,1139.8596770672066,589.6725223395613,1139.8596770672066
17,At most primary school,p50,2022-2023,33170,24105,1012.8485076876696,1018.3779298900643,1012.8485076876696,1050.6799419207632,1100.8572505275852,1053.2319712369494,1269.3528791076274,1054.0409320334647
18,At most primary school,p50,2022-2023,26079,34700,815.5155489090839,1003.7362247838616,815.5155489090839,1088.1722766570606,815.5155489090839,1091.5891834774254,815.5155489090839,1103.2496061479346
19,At most primary school,p50,2022-2023,44922,37832,830.8928067910304,914.9615404948192,839.2561922146535,959.263718545147,847.9226028820325,961.066425248467,847.9226028820325,1017.4177063508846
20,At most primary school,p50,2022-2023,25875,37244,1161.6249661835748,1189.1246733254575,1184.7839999999999,1258.4464432749796,1242.642885668277,1610.952327891741,1242.642885668277,1671.6815728707982
21,At most primary school,p50,2022-2023,29385,39960,1034.5506891271057,976.3109776443109,1064.0895695082525,1009.0931598264931,1072.5730644886846,1037.9524357691023,1072.5730644886846,1040.7285452118786
22,At most primary school,p50,2022-2023,41997,34668,1153.9099221372956,1100.3334294834815,1231.4761768697765,1152.956886273605,1265.1885055281728,1203.7309911157265,1265.1885055281728,1227.369505019038
23,At most primary school,p50,2022-2023,30063,40294,1152.772527691847,1193.248457173111,1158.0788843428797,1217.9428285435386,1171.2495592588896,1237.4376664846711,1171.2495592588896,1259.417514601016
24,At most primary school,p50,2022-2023,43000,43055,1169.5217519379846,1041.1892772809972,1255.7961705426358,1063.8650408392366,1264.13396124031,1076.6151182595904,1264.13396124031,1078.1759125924207
25,At most primary school,p50,2022-2023,31144,38288,920.6142435139994,1095.8277049380135,946.6096198304649,1127.6381938640477,958.001113108999,1148.8773114291682,958.001113108999,1205.0454755188744
26,At most primary school,p50,2022-2023,29918,41876,1435.6161879136305,1331.6252666602986,1479.5810251353698,1368.1172429713122,1578.6601748111505,1395.858640191677,1578.6601748111505,1508.7347506129206
27,At most primary school,p50,2022-2023,40216,42180,1133.93089814999,1171.3167852062588,1162.7415705191963,1190.799573257468,1208.3724554074663,1249.768018018018,1305.8891983290232,1291.2564801643748
28,At most primary school,p50,2022-2023,46450,50742,1256.703336921421,1307.2291921222393,1364.513885898816,1354.897001826232,1400.9482238966632,1487.5392574198888,1446.0720129171152,1531.5901422884394
29,At most primary school,p50,2022-2023,44066,39598,1245.6462276282546,1174.1372922874893,1286.2239973373273,1229.9085181069752,1321.4065265737756,1269.843826287523,1396.9386828847637,1306.51823745307
30,At most primary school,p50,2022-2023,35604,55522,1461.9949911994906,1188.833351344212,1491.0085851776953,1267.0761199764659,1556.451704864622,1283.3975781371948,1632.3869930344904,1321.3531032743776
31,At most primary school,p50,2022-2023,57515,48116,1302.9749456663478,1278.8541441516336,1318.2926888637746,1291.4381079058942,1341.7910878321597,1339.4314988777123,1433.6975470167201,1413.8173996175908
32,At most primary school,p50,2022-2023,48596,47764,1345.4872486075672,1352.715071322893,1385.1829025708564,1388.0109008179102,1606.121354295278,1463.819599140217,1651.9083875216068,1517.8053066465677
33,At most primary school,p50,2022-2023,49200,49575,1445.8494342818428,1301.228764498235,1475.8486212737128,1313.813736762481,1723.9818360433605,1416.3972213817449,1723.9818360433605,1478.2124508320726
34,At most primary school,p50,2022-2023,41112,38373,1229.7178439385095,1386.5625287745722,1231.9069857949019,1423.6718764930201,1272.3947590322373,1829.1836186902246,1292.7926963741324,2167.604209557067
35,At most primary school,p50,2022-2023,42363,43842,1317.7122803704492,1159.2897373903259,1322.1312308697056,1165.7230661618235,1403.6345474431305,1194.4157371926462,1436.9934534066679,1254.3793185377797
36,At most primary school,p50,2022-2023,55867,55935,1424.335296328781,1196.607610023539,1531.924749852328,1229.3892315485234,1592.1388893861017,1312.1218229492565,1718.5677293094911,1335.593114031167
37,At most primary school,p50,2022-2023,63509,51805,1461.550644895474,1216.7054563587812,1482.461381956363,1266.281945114693,1503.9875960887432,1341.7677412090209,1686.2105881056227,1361.5599105620436
38,At most primary school,p50,2022-2023,38586,59593,1466.3340762625476,1139.804826070176,1536.568098965082,1157.0701089054082,1584.6392905889873,1256.8933893242495,1668.4520724269596,1424.7989039540437
39,At most primary school,p50,2022-2023,57460,37093,1667.318540433925,1085.7135847734073,1676.3404687318714,1085.7135847734073,1781.7259542870402,1232.1181175244205,1869.3216730479173,1319.3490955166742
40,At most primary school,p50,2022-2023,34867,49533,1653.8025711035266,1251.6636282882118,1771.0767845431687,1272.0834292289987,1801.154293362396,1293.2009165606767,1904.4534970028965,1329.7274073176804
41,At most primary school,p50,2022-2023,56665,43720,1543.648236124592,1312.3414493748094,1552.3714338657019,1316.6911291552303,1643.4537451101503,1335.4542619701128,1716.2888284949559,1534.4347438243367
42,At most primary school,p50,2022-2023,40013,28725,1412.1744599671772,1202.578021467943,1412.1744599671772,1208.844340005802,1440.8163451045075,1220.8115433710473,1492.399580552987,1322.4691006672467
43,At most primary school,p50,2022-2023,25978,35273,1407.7414863859165,1229.2740292386056,1438.0517489157494,1242.3072274355268,1489.467049041497,1283.9474810761774,1580.0821849257065,1394.8453349587505
44,At most primary school,p50,2022-2023,40918,35451,1357.8156638480214,1164.707591699341,1358.23846066116,1195.5366233204518,1426.5916304153022,1236.4729626808837,1449.443838897307,1398.61325961656
45,At most primary school,p50,2022-2023,33860,34306,1349.7793857058475,1045.6762714005324,1381.6707028942703,1052.8164218115392,1382.3918094113014,1111.6161458636973,1406.491041543611,1182.0797188052625
46,At most primary school,p50,2022-2023,40290,28697,1328.4440307768677,1044.3936183805508,1338.4465127823282,1058.675250606916,1382.8843592289236,1101.9698458607752,1549.0868908744933,1398.6303562509438
47,At most primary school,p50,2022-2023,27935,35209,1084.7855296223377,1319.3800259403372,1095.0772783246823,1326.863339865754,1123.3673564823102,1490.638345309438,1123.3673564823102,1562.6485320988004
48,At most primary school,p50,2022-2023,32363,31080,1352.2795579313827,1076.938492063492,1361.0411066135198,1084.4919026169025,1404.0500983633574,1126.8055555555554,1825.1920402929272,1225.9451415701415
49,At most primary school,p50,2022-2023,41957,21674,1359.0767214052482,894.9515548583556,1367.618800200205,922.2497001015041,1391.1807405995028,1294.428389621974,1413.0443946580228,1401.4844629510012
50,At most primary school,p50,2022-2023,21206,38636,1577.2437046119023,947.834610208096,1577.2437046119023,950.3405632053007,1615.0443270772423,979.4359880249852,1615.0443270772423,1184.7881638886013
51,At most primary school,p50,2022-2023,39373,36234,1297.3293881593986,1020.3033844823462,1297.3293881593986,1023.0190658865522,1349.0609046808727,1112.9007492962412,1402.9341172884972,1217.5640673584662
52,At most primary school,p50,2022-2023,26028,15715,1510.1105220019465,841.1797009226854,1510.1105220019465,906.8876232898505,1542.9018108703447,944.7384027998728,1640.4377977562624,1018.8885777919186
53,At most primary school,p50,2022-2023,17397,22793,1163.5226859037,1076.8377425817869,1178.9218926634862,1110.3524181400724,1301.1668199498,1180.1435820939178,1344.6225881857026,1403.1711197882391
54,At most primary school,p50,2022-2023,27914,16732,1288.8467316280958,977.6871862299785,1329.6577941773542,977.6871862299785,1362.4081464498101,993.3463024942226,1406.8697069570824,1099.210315562993
55,At most primary school,p50,2022-2023,18622,18771,862.7781597035764,923.4095146768952,862.7781597035764,938.5925097224442,1093.9869897612143,1030.8598369825795,1093.9869897612143,1101.466055795287
56,At most primary school,p50,2022-2023,24271,20026,1428.22388515787,864.9207530210726,1428.22388515787,898.4311894537102,1563.9482750333043,941.1502380239023,1591.2236242154559,1107.9367488931057
57,At most primary school,p50,2022-2023,18413,19555,1150.7589746374845,744.5813858348248,1153.6764785749199,806.8391204295576,1208.9499266822354,890.1985340492627,1441.7962852332591,957.6390863376799
12,Secondary school or above,p50,2022-2023,3272,5270,170.35452322738385,254.35863377609107,170.35452322738385,327.1100569259962,170.35452322738385,327.1100569259962,170.35452322738385,327.1100569259962
13,Secondary school or above,p50,2022-2023,16541,12039,320.2112399492171,254.001162887283,323.94499244302034,266.55536174100837,326.1546532857747,268.0205997175845,535.8154960401426,345.68485754630785
14,Secondary school or above,p50,2022-2023,10942,19861,495.861816852495,495.4113757279761,518.0515445074027,509.97207257103537,545.7201608481082,509.97207257103537,545.7201608481082,509.97207257103537
15,Secondary school or above,p50,2022-2023,28350,18601,580.1828924162257,731.0330089780119,611.2940035273368,853.6296435675501,613.3222222222222,899.6679389996954,613.3222222222222,899.6679389996954
16,Secondary school or above,p50,2022-2023,25413,27086,531.4693267225435,792.1224987078195,659.8681777043246,853.7637524920623,659.8681777043246,869.2513352531444,659.8681777043246,895.8948657362968
17,Secondary school or above,p50,2022-2023,36852,23781,738.6212417236513,955.4828084044686,750.0018994898513,1018.2976605973957,755.0219798111364,1046.5597185428144,755.0219798111364,1050.3610725649328
18,Secondary school or above,p50,2022-2023,34224,31762,1121.0946996259934,1108.9200669563209,1122.9101507713883,1184.7255892785927,1127.2550549322111,1226.9432288059106,1129.5569483403458,1293.7106447956676
19,Secondary school or above,p50,2022-2023,28100,20482,973.173487544484,840.6137177358983,973.173487544484,885.2036015363084,983.3039739027284,891.0759935553169,1178.8893831553974,924.5086010480748
20,Secondary school or above,p50,2022-2023,29082,29813,1007.3765444834147,1196.5423081653419,1098.3173325997755,1205.674901329398,1135.8032918414597,1224.9665414416531,1173.2697659491553,1298.172860832523
21,Secondary school or above,p50,2022-2023,50502,25662,1077.1523240003696,1265.0884446522746,1108.1609969242143,1391.6035253162913,1134.3183768299605,1419.110149897384,1215.344870830198,1461.5490608682098
22,Secondary school or above,p50,2022-2023,23188,27507,1089.5444482778448,1171.2542261969681,1101.7059111034444,1191.7459192205622,1122.5938703927318,1326.1610983870773,1173.447760335806,1348.2057900413229
23,Secondary school or above,p50,2022-2023,26924,23215,1802.0791610954293,1229.2061167348697,1813.563338780766,1290.5558475123844,1900.660352597435,1562.0075669466582,1900.660352597435,1578.8872137267572
24,Secondary school or above,p50,2022-2023,24295,23560,1368.577334156548,1083.6095783814376,1412.1048089455992,1089.5034663271083,1448.4806064347945,1094.02295557442,1505.414131851547,1211.0532328805887
25,Secondary school or above,p50,2022-2023,31965,27995,1655.2834836018562,1490.7665654581176,1655.2834836018562,1612.7022682621898,1662.491888628187,1716.4565845091386,1662.491888628187,1828.0382002738586
26,Secondary school or above,p50,2022-2023,21455,30623,2157.5314223568707,1421.536307132983,2181.5817602734405,1435.6123284241694,2203.1089878039306,1462.6776061565927,2203.1089878039306,1639.7169992053905
27,Secondary school or above,p50,2022-2023,26356,20814,1384.7002580057672,1470.2045177925113,1400.567612687813,1494.7485746773004,1470.709926898366,1520.6846433490277,1486.3325555218294,1567.047668236123
28,Secondary school or above,p50,2022-2023,12716,29544,1286.6597200377478,1492.4737228089177,1475.6059295375906,1502.2111991154436,1521.1764705882354,1563.851464482354,1521.1764705882354,1636.538642928062
29,Secondary school or above,p50,2022-2023,40264,13359,1700.8722266375255,1486.2074756094519,1726.2497350817932,1510.1381590438407,1799.251548115769,1653.3939541382838,1847.1603500231802,1756.6077675474712
30,Secondary school or above,p50,2022-2023,27480,15207,1735.6858927704998,1601.0585475986934,1764.1356744298885,1605.7905789000677,1818.2286511402233,1700.4969641174018,1853.5998301795246,1793.590057210495
31,Secondary school or above,p50,2022-2023,29529,22898,2112.3799993227,1503.5351267941887,2161.282772867351,1526.0095787113867,2161.3623765055822,1625.2736337962558,2238.527197528983,1684.3189652662531
32,Secondary school or above,p50,2022-2023,22960,22657,2127.395905923345,1781.0183901958187,2127.395905923345,1841.0859189948653,2180.6896777003485,1881.0834914890172,2196.473649825784,2143.366700504627
33,Secondary school or above,p50,2022-2023,12973,21479,1529.1499653125722,2037.7793038161303,1529.1499653125722,2041.5467045331097,1583.6683239548806,2341.799082825085,1583.6683239548806,2485.3639601471205
34,Secondary school or above,p50,2022-2023,18373,13998,1782.5943431484607,1420.908415487927,1782.5943431484607,1530.4401343049008,1886.7308478020284,1550.7541077296758,1934.7665523685118,1614.0536267085774
35,Secondary school or above,p50,2022-2023,16449,5086,1635.5544106024681,1508.3570258225193,1635.5544106024681,1562.7730698649889,1648.0343992542605,1580.881603093459,1648.0343992542605,1580.881603093459
36,Secondary school or above,p50,2022-2023,11375,7497,2220.510637362637,1067.001467253568,2220.510637362637,1088.109910630919,2222.547267399267,1411.9408874660976,2243.285728937729,1467.438642123516
37,Secondary school or above,p50,2022-2023,15862,7973,1547.9868028411718,2202.9836113549895,1547.9868028411718,2214.316861072787,4131.746732232169,2233.9982858815165,4175.15235573488,2315.086542079518
38,Secondary school or above,p50,2022-2023,13909,19676,2134.6619258513674,1764.3641153350954,2134.6619258513674,1789.6080673578642,2164.91811488964,2161.327420885004,2341.37939895032,2291.2106966185543
39,Secondary school or above,p50,2022-2023,15572,7887,2252.7367497217224,2296.7520392206584,2252.7367497217224,2408.1378639956047,2381.766418357736,2463.545496809095,2381.766418357736,2815.0606483242464
40,Secondary school or above,p50,2022-2023,10676,15208,2454.8363931559884,1680.6238383307032,2468.474459847633,1712.3834385411187,2538.928437617085,1801.6348193933018,2674.808292743849,1905.961818341224
41,Secondary school or above,p50,2022-2023,12091,9612,1614.7547762798777,1251.360278818144,1660.9792407575883,1272.0635663753642,2020.3098723568496,1399.837876265779,2020.3098723568496,1409.610382854765
42,Secondary school or above,p50,2022-2023,8003,2954,1830.4710733474947,2100.5839539607314,1830.4710733474947,2100.5839539607314,1955.0321754342121,2100.5839539607314,1991.1436336373858,2100.5839539607314
43,Secondary school or above,p50,2022-2023,5281,5536,3456.5744492835956,883.8851156069364,3478.6536009594147,883.8851156069364,3478.6536009594147,1028.5428106936415,3478.6536009594147,1081.1674494219653
44,Secondary school or above,p50,2022-2023,6466,4252,1344.4169502010516,1434.2078237692067,1344.4169502010516,1434.2078237692067,1372.91215589236,2093.685716525557,1372.91215589236,2093.685716525557
45,Secondary school or above,p50,2022-2023,11279,6721,2568.951443685906,1493.6646332391012,2568.951443685906,1507.7875316173188,2674.9123740284303,1563.5704012299757,2674.9123740284303,1684.3857560878837
46,Secondary school or above,p50,2022-2023,2729,5040,1653.0597288384024,1445.9887566137568,1653.0597288384024,1445.9887566137568,2083.4982288994747,1445.9887566137568,2083.4982288994747,1445.9887566137568
47,Secondary school or above,p50,2022-2023,6060,2316,2691.4851485148515,1123.071387449626,2691.4851485148515,1123.071387449626,2731.707920792079,1255.6275187104204,2731.707920792079,1609.4703511801958
48,Secondary school or above,p50,2022-2023,9199,2027,1600.3840997209843,2045.6832757770103,1614.1138529550315,2045.6832757770103,1614.1138529550315,2045.6832757770103,1614.1138529550315,2045.6832757770103
49,Secondary school or above,p50,2022-2023,4544,4373,2206.488409624413,1369.830017531824,2206.488409624413,1369.830017531824,2230.9015551643192,1369.830017531824,2230.9015551643192,1794.3440811037426
50,Secondary school or above,p50,2022-2023,829,2799,0,1156.5880671668453,0,1156.5880671668453,0,1370.2715255448375,0,1487.7420507324046
51,Secondary school or above,p50,2022-2023,3436,4706,2598.7388436166084,1119.1372715682107,2665.589833139309,1119.1372715682107,2665.589833139309,1119.1372715682107,2818.383779588669,1167.3877319733672
52,Secondary school or above,p50,2022-2023,1853,793,2001.1872638963841,1436.3366960907945,2001.1872638963841,1436.3366960907945,2001.1872638963841,1436.3366960907945,2001.1872638963841,1436.3366960907945
53,Secondary school or above,p50,2022-2023,3839,1490,2156.666232525831,1638.993288590604,2156.666232525831,1638.993288590604,2769.429973083268,1681.5436241610737,2769.429973083268,1681.5436241610737
54,Secondary school or above,p50,2022-2023,2739,3940,659.7298284045272,1352.9225888324872,1271.924059875867,1352.9225888324872,1654.5454545454545,1558.1002538071066,1654.5454545454545,1694.7246192893401
55,Secondary school or above,p50,2022-2023,2086,2203,455.03355704697987,473.93554244212436,455.03355704697987,473.93554244212436,455.03355704697987,473.93554244212436,1119.4630872483222,473.93554244212436
56,Secondary school or above,p50,2022-2023,1336,2473,1902.2604790419161,713.9911039223615,1902.2604790419161,713.9911039223615,1902.2604790419161,713.9911039223615,2078.8323353293413,713.9911039223615
57,Secondary school or above,p50,2022-2023,5996,1404,1319.733155436958,435.8974358974359,1319.733155436958,435.8974358974359,1500.1450967311541,435.8974358974359,1500.1450967311541,578.5849952516619
12,At most primary school,general,2023-2024,54026,77080,709.8597897308704,746.740295796575,760.3948099063415,827.5123378308251,773.5985297202582,863.7642049385919,773.5985297202582,885.5337949749178
13,At most primary school,general,2023-2024,61619,85576,940.9361073694802,1123.3312708391761,957.1814213148541,1220.5642800941073,957.1814213148541,1249.4174155136955,957.4670475015823,1255.6816328955158
14,At most primary school,general,2023-2024,74525,68962,1011.7293167840769,1352.3368425123015,1070.5187163144358,1454.7352648318397,1071.0160885608857,1508.093599856926,1074.4626501174102,1593.1787385323319
15,At most primary school,general,2023-2024,60685,67156,1150.2486666117381,1355.3891436853494,1199.6953997418361,1454.4543947425893,1202.980121391887,1487.860866241785,1205.6095465655983,1497.579531240693
16,At most primary school,general,2023-2024,61520,56905,1387.146171976593,1516.7155903113378,1486.4525113784136,1680.746694783704,1491.9276956003469,1722.693470111004,1495.2111806458604,1735.124715168556
17,At most primary school,general,2023-2024,46123,63956,1282.3414204048595,1760.7980799299519,1322.3470575056551,1966.400994433673,1325.3021991920157,2038.6419165780642,1327.418280106093,2063.7995770529737
18,At most primary school,general,2023-2024,57324,69924,1395.122511222757,1709.0706803100509,1459.0469756704579,1908.7101174131915,1469.3483619426418,1969.155200646416,1487.9775108738631,2043.149585025647
19,At most primary school,general,2023-2024,63196,70294,1502.5859890921367,1942.3777064898854,1612.1142820220691,2102.053596324011,1616.1287766103342,2162.303809713489,1655.289192881406,2216.461110953045
20,At most primary school,general,2023-2024,69353,72656,1713.305776246161,1905.2896044373485,1793.898829178262,2042.9423791565735,2007.4173503669633,2119.5976335975924,2059.8704814499733,2176.1921795859944
21,At most primary school,general,2023-2024,70266,81847,1690.0843271757797,2144.5566035814795,1719.0638620859781,2250.666845862809,1766.9434672055713,2314.0483585226093,1782.767383941024,2481.270940494663
22,At most primary school,general,2023-2024,60152,74590,1726.9936383384315,2145.9402455646423,1758.3250986390035,2263.5908019394915,1825.0160648579156,2364.366956026277,1850.942052356253,2496.3247787907226
23,At most primary school,general,2023-2024,69525,71090,1632.1970634064485,1888.8457530360577,1688.3171209397099,1981.8570767102735,1705.8599113028886,2027.5542153139213,1758.480158216469,2156.116132132977
24,At most primary school,general,2023-2024,71292,75783,1612.1668303128918,1884.204561049312,1686.970945781668,1988.9326003193328,1695.4060378443587,2033.4155208512025,1696.498259505508,2120.4453296473703
25,At most primary school,general,2023-2024,60311,66584,1760.2568713280607,1698.9157905803197,1789.8292544754136,1823.0186981857505,1818.1867680301548,1889.4746623312908,1869.3482476938977,1932.783505296568
26,At most primary school,general,2023-2024,73287,68424,1940.9078099344586,2037.5005042090495,2010.49802375137,2184.0814114930436,2080.4881140811694,2286.3210313632644,2189.3141450734784,2329.9839517810515
27,At most primary school,general,2023-2024,74397,90241,1871.1910023253627,1963.9924101387767,1921.7176902294448,2105.384238686776,2121.0719204627426,2155.724969803083,2164.052372183466,2375.2440206410242
28,At most primary school,general,2023-2024,77916,69316,1647.9133211834967,1966.4824018504626,1687.4949218816844,2054.440953988497,1777.5194996320824,2148.6929328485967,1806.207188938515,2308.1695808567524
29,At most primary school,general,2023-2024,63995,78232,1747.9672865067582,2320.5779902512186,1804.5063442456442,2428.2158622217676,1863.7494621975675,2515.3590868613014,1897.1035888220433,2721.5496482683984
30,At most primary school,general,2023-2024,91784,93538,1601.0628649873615,1935.4708906184294,1689.5136734071298,1999.1683718560014,1723.6078328830006,2090.2788162743127,1827.4251285627124,2211.452563842146
31,At most primary school,general,2023-2024,72674,92838,1934.1181165203511,2149.4725471610045,1954.2649365660345,2216.2538220699857,2001.5764464136646,2337.128917217806,2060.016218546752,2384.2714307000724
32,At most primary school,general,2023-2024,75877,73690,1989.6813175709813,2323.4286312027866,2031.3211030132102,2446.7311824309045,2096.998372365803,2536.5488872302894,2137.9054544416185,2582.9608834305877
33,At most primary school,general,2023-2024,75930,74505,2002.088117344923,2353.6528532760667,2040.084166337416,2473.154269288415,2115.828311163791,2584.26998859137,2165.432156811098,2671.6230521441516
34,At most primary school,general,2023-2024,74237,72635,1999.134491560812,1999.662130286134,2046.96801123429,2111.1811638099175,2267.6718886808467,2218.3340354741745,2455.039266134138,2275.0438402055943
35,At most primary school,general,2023-2024,73412,86770,1899.113550918106,2162.651442510852,1937.7046531902142,2221.689531712189,1967.1612576962896,2367.154631016864,2094.532632040175,2448.177104221889
36,At most primary school,general,2023-2024,87409,82308,1845.5305470069827,2167.2086552947467,1873.5953915882044,2244.657262963503,1943.266010937089,2375.3101561614103,1986.4179365587834,2474.5990790688634
37,At most primary school,general,2023-2024,78500,105272,1884.2348131634822,1966.0217713795373,1938.2675520169853,2018.7657108886185,2024.3412250530787,2100.5504843009853,2058.4851740976646,2217.4548684993792
38,At most primary school,general,2023-2024,97253,72894,1653.1719021521187,2222.0567170594745,1681.4787924279972,2284.036509634995,1784.6283310883298,2341.6245541471176,1915.1077198989576,2447.0461251954894
39,At most primary school,general,2023-2024,64570,93049,1952.1979053740126,2078.3253303814836,1973.8186270713952,2205.9417367910096,2275.854111816633,2351.6447758707777,2414.0910433121676,2424.1673177573107
40,At most primary school,general,2023-2024,83918,80571,1890.665902031348,2298.370078357391,1929.2188465724475,2346.68496833021,1961.3953065293897,2484.8629417946077,2009.8812888772372,2647.7365315477446
41,At most primary school,general,2023-2024,99238,70463,2236.963881443264,2300.575604690878,2259.962107929086,2406.533057538472,2306.5256538154067,2496.3220200672695,2427.623855445159,2630.317876048423
42,At most primary school,general,2023-2024,55376,80984,2184.0113978378117,2216.5073862326713,2197.249082033131,2273.7274543942835,2601.1344069031106,2403.3951510998054,2669.9387625806608,2493.062863240475
43,At most primary school,general,2023-2024,76290,83151,2219.186514178354,2488.0425671368957,2229.435826014768,2527.0823141032583,2284.7912898151785,2681.6093693000284,2352.7080110980028,2930.588066689918
44,At most primary school,general,2023-2024,70274,67076,2429.0454862395763,2262.774349245632,2638.266819876483,2319.2484979724495,2700.078780914705,2414.758640696126,2809.8576797013593,2462.524264764347
45,At most primary school,general,2023-2024,79639,77003,2051.3407794338623,2214.278203446619,2069.5454279101114,2276.2723854914743,2148.336231829464,2400.5345516841335,2310.966643227565,2526.3110885290184
46,At most primary school,general,2023-2024,63767,70089,2259.8995797199177,2388.1742094574993,2294.309854627001,2423.6723903418033,2345.9786906498134,2603.271412061807,2523.520397175132,2716.0617215254892
47,At most primary school,general,2023-2024,70773,79517,1966.0926648109682,2534.0014881513807,1983.4605876063845,2569.454208953222,2098.9212411512863,2691.1002982590726,2154.0398127346116,2848.760840449212
48,At most primary school,general,2023-2024,75847,61519,2502.133860491076,2446.0656490948595,2549.074543708606,2497.6874244813253,2637.565958442654,2613.9641845066835,2719.836296535569,2673.9421316991497
49,At most primary school,general,2023-2024,51726,83029,1986.7496906778022,2010.098416416754,2018.717753160886,2052.3161957468674,2526.9474007269073,2178.5893161826993,2658.891297413293,2301.8560864276337
50,At most primary school,general,2023-2024,76247,63554,2004.760641948754,2209.2058197228603,2023.277370475778,2258.633755021976,2134.0673797001846,2461.0494880993588,2301.9159945090732,2520.4644213319907
51,At most primary school,general,2023-2024,77578,59294,1981.5218274940491,2232.7870526528823,1988.2556953431817,2269.135350962998,2111.4673608067583,2431.041670882945,2292.005064795002,2708.4587226363547
52,At most primary school,general,2023-2024,40478,62866,1798.7475418745985,2291.5077704959754,1831.735831809872,2332.8283571405846,1924.7468295535023,2487.7187669010273,2060.53013571158,2614.772150287914
53,At most primary school,general,2023-2024,56888,64445,2091.7365056485255,2152.769653709882,2124.4246824169127,2188.4122947215974,2185.896931983312,2325.0435953138335,2390.4684877888712,2374.130413530918
54,At most primary school,general,2023-2024,47734,53042,2263.301783494644,2256.2067983861843,2267.2423709166073,2286.8097922401116,2343.3425650479744,2420.668416852054,2465.045125068086,2557.337471563415
55,At most primary school,general,2023-2024,47379,56255,2255.554932916834,1929.843939797944,2294.5479466993115,2005.105161022724,2384.9966159409587,2156.501993896839,2508.503275009322,2207.6370041181526
56,At most primary school,general,2023-2024,50129,52884,1818.9423420907394,2090.2365176612966,1877.4609640460947,2109.857196883746,1921.5235076835102,2391.0849626856266,2045.5118577403634,2578.1820304818093
12,Secondary school or above,general,2023-2024,15762,59730,645.8503573996533,790.7807146046097,714.0193714841603,848.7947444053798,715.9396015734045,880.5052262961103,715.9396015734045,889.5526061722195
13,Secondary school or above,general,2023-2024,27249,81635,632.5845719108958,937.2597292827832,644.6547396234723,1034.826581735775,651.6717555384295,1090.18536371246,685.9849413434132,1124.0416345113413
14,Secondary school or above,general,2023-2024,46421,82164,773.872643846535,1128.8640645538192,785.8088365179552,1226.0961856774256,789.0585510867926,1378.7917143355564,789.0585510867926,1395.9737324132223
15,Secondary school or above,general,2023-2024,56228,104298,1232.0560396955254,1638.6691818954662,1308.5058511773495,1768.5906377239576,1324.19527637476,1855.2535722960492,1336.3606269711413,1875.869036319009
16,Secondary school or above,general,2023-2024,78550,113046,1500.8196690006366,2422.4207999398477,1540.8953787396563,2571.7954615820113,1556.5525610014854,2700.1241581598056,1582.040785062593,2726.5413393662757
17,Secondary school or above,general,2023-2024,100135,120765,2029.521004976615,2531.7258145986007,2100.445037532664,2674.551326957314,2112.9577204107786,2830.0539822520323,2122.6014613604966,2887.8720586814616
18,Secondary school or above,general,2023-2024,120204,113377,2146.3307564640113,3016.2554332007376,2216.7168001896775,3149.343978496521,2239.1960368761993,3269.6538664514555,2283.125246109392,3395.2143416801177
19,Secondary school or above,general,2023-2024,92498,128537,2451.0551633548835,2928.83057148266,2481.984156414193,3139.1116267430134,2486.6945645671617,3310.1233095010257,2509.4948413299026,3371.2926044640844
20,Secondary school or above,general,2023-2024,122898,125649,2649.286920861202,3376.4636944981658,2706.683461081547,3478.1964261554012,2725.370570174725,3563.4523241994234,2764.45877611244,3700.775024738226
21,Secondary school or above,general,2023-2024,126405,156357,2643.3059603391216,3178.2398453539017,2704.33150521472,3286.8569203809234,2743.1807727806126,3406.9231363695476,2787.018210645676,3502.429880551132
22,Secondary school or above,general,2023-2024,113979,138672,2698.4116109107817,3459.761363745625,2750.5187973223137,3589.3381131975693,2872.492984087712,3722.443814060036,2950.7849179819673,3814.9654838996576
23,Secondary school or above,general,2023-2024,107310,115001,2956.492942565154,3802.2067822598647,3044.6876308514275,3923.7506123135163,3173.5898650327713,4078.5969252441287,3190.579841114528,4169.543499621743
24,Secondary school or above,general,2023-2024,103759,125235,3018.513420522557,3632.026775661756,3054.492670515329,3751.807739449834,3171.649575779772,3881.650608189936,3210.562666049853,4024.842447531973
25,Secondary school or above,general,2023-2024,124979,121014,3136.5801514654463,3879.8303385007794,3194.0434853055312,4026.244993003564,3242.513364911972,4221.330757873744,3333.0381704126294,4356.669244880757
26,Secondary school or above,general,2023-2024,102784,106463,3156.2850330142173,3933.1047171317737,3205.0851575472184,4087.9922837041977,3244.698197190224,4280.680934534376,3394.0012210071604,4571.45488730044
27,Secondary school or above,general,2023-2024,90940,130172,3413.4638268821936,3940.976853061078,3467.4496417051537,4102.912952990402,3542.3341626347046,4458.8932956652225,3600.2914201671433,4650.314067157299
28,Secondary school or above,general,2023-2024,127417,97988,3458.864088648558,4359.214728674259,3488.0188953070106,4507.142872936822,3771.5022282479313,4656.026324651998,3834.2394349524266,4785.033563633642
29,Secondary school or above,general,2023-2024,69932,112910,4070.6199188735727,4232.252177250317,4102.896416042251,4345.446792430549,4431.8764132776605,4579.735472205,4509.9344315430235,4765.984712012517
30,Secondary school or above,general,2023-2024,71535,98431,4327.31110994618,4573.96071020986,4349.5019396099815,4656.898138459091,4394.371816826262,4918.088379169165,4516.1369201556345,5006.802483465575
31,Secondary school or above,general,2023-2024,89670,101065,3541.225095721348,4203.800016491037,3568.5529645738075,4281.578179059681,4374.982186535816,4469.959187981332,4440.21127095647,4636.1825755701775
32,Secondary school or above,general,2023-2024,73460,101966,3869.425660223251,5125.558110056293,3927.817846447046,5304.238405448875,3967.6906797350034,5594.565356752904,4051.959860241401,5729.002162485534
33,Secondary school or above,general,2023-2024,76549,100878,4252.7374274429885,4969.588966375226,4284.42850113435,5073.936742897362,4916.560915230767,5231.638496500724,4972.829797471772,5312.541666666667
34,Secondary school or above,general,2023-2024,67600,88606,4620.520966469428,5380.494929801594,4698.4976676528595,5480.84445466447,4899.600552268244,5752.146455469532,4944.7272781065085,5948.785358779315
35,Secondary school or above,general,2023-2024,63156,80705,5032.480186627821,4992.306580550565,5110.6676114172315,5047.610465068253,5242.121207802901,5243.584950333519,5407.203438047586,5536.815026950003
36,Secondary school or above,general,2023-2024,57240,70129,4633.6418457372465,5809.5441662270005,4680.290867400419,5884.0862957312,5253.602115362218,6091.596509052365,5469.257833973911,6181.813822859777
37,Secondary school or above,general,2023-2024,55572,85222,5301.50762074426,5401.780010834448,5423.015034549773,5479.926557500802,5551.192354063198,5701.088503164285,5675.380026512153,5855.427421909835
38,Secondary school or above,general,2023-2024,85585,66063,5375.214613152617,5155.172421274642,5404.112667718254,5310.938901755395,5559.422646102316,5546.529928502591,5661.914905259879,5638.134785482544
39,Secondary school or above,general,2023-2024,51958,64987,5656.335780822972,6106.763370622843,5796.07557065322,6259.757815665697,6086.132924669925,6623.242050974298,6273.020109190757,6703.725429701325
40,Secondary school or above,general,2023-2024,71096,66203,4139.079140645512,5080.411816685045,4176.276451324031,5180.772857725481,4309.486031797382,5500.035454083149,4355.867309693935,5633.751247425847
41,Secondary school or above,general,2023-2024,54116,56218,4867.560247123463,5405.962194789332,4929.394085544633,5449.273500776738,5360.515857910168,5790.001203647705,5464.33964385148,5897.143637269202
42,Secondary school or above,general,2023-2024,41089,60032,5500.036867125833,5179.196453558102,5556.926545628595,5263.130838552772,5632.47644949581,5445.491218572317,5667.601616815531,5517.306222792288
43,Secondary school or above,general,2023-2024,49326,50258,6389.166399735095,5767.25366276679,6493.182537269053,5896.062210659662,7275.300994066685,6248.935882512899,7344.733071807971,6538.383698449335
44,Secondary school or above,general,2023-2024,32182,42867,3408.243386572204,5503.887030427446,3442.5554243573015,5591.687436334088,4002.900751973153,6008.105660142612,4109.609989020778,6063.676767676768
45,Secondary school or above,general,2023-2024,39860,43436,4614.506075430674,6110.007173389201,4766.568293192841,6207.00298331645,4891.520835423984,6454.27260605642,4936.896859842783,6485.636973554962
46,Secondary school or above,general,2023-2024,35546,41224,4173.062637146233,5751.9607449543955,4280.827223878918,5796.438427857559,4433.676583394287,6088.948832395368,4478.902956732122,6146.7205187916425
47,Secondary school or above,general,2023-2024,25101,40144,4675.57035908264,5619.7643275873515,4776.705772014396,5700.261288527965,5057.669345842795,6089.560270526105,5117.813536645287,6142.564322605287
48,Secondary school or above,general,2023-2024,35531,30496,4639.600119144785,6084.96932384575,4708.113248524763,6188.420924055614,4899.200608857993,6418.240067003323,5044.36492546415,6664.3187877098635
49,Secondary school or above,general,2023-2024,28688,30521,3889.191206543967,4802.626645042212,3909.1426147982893,4866.5253377455965,4490.76501208403,5137.177102104562,4583.982849972113,5371.9111103830155
50,Secondary school or above,general,2023-2024,23462,23682,5652.744160770608,5493.047532584523,5670.3428309607025,5598.685907721758,6011.040554939903,6055.43526025392,6113.109858494587,6108.142689243588
51,Secondary school or above,general,2023-2024,28112,25379,4781.568167804971,5451.510691253924,4805.870956649593,5501.356626869984,4979.807353917663,5992.985539225344,5024.490525991274,6061.654517514481
52,Secondary school or above,general,2023-2024,20410,24424,3571.456426588274,5706.756158559886,3582.7469704393275,5746.342221448847,4084.602270129022,5934.298330194344,4108.144651314716,6189.027995004913
53,Secondary school or above,general,2023-2024,22195,25881,3716.8612300067584,6216.4767074945585,3725.67402568146,6296.641075177415,4350.146083952843,6637.30314387646,4434.092918825561,6733.275195445823
54,Secondary school or above,general,2023-2024,24344,19637,4088.4770169240883,7396.21689073348,4099.699494742031,7441.126907538491,4210.135331087743,8513.742378333418,4247.425833881039,8698.241572032388
55,Secondary school or above,general,2023-2024,22700,19917,4826.873542584435,6144.553597429332,5000.926406020559,6167.589446201737,5409.540209251102,6572.196063664206,5490.384555800294,6839.37686398554
56,Secondary school or above,general,2023-2024,19816,17267,4973.475095882115,6500.684484855505,5256.811793500201,7006.34846817629,7143.569337908761,7510.025086388294,7155.519277351635,7532.909586687516
12,At most primary school,males,2023-2024,36635,53408,839.6435557981894,841.9180397443579,896.013284199991,926.2946125424405,913.5287521040899,974.4980449246056,913.5287521040899,984.2793510959657
13,At most primary school,males,2023-2024,48100,55688,1087.634345114345,1348.3931936263948,1102.755343035343,1479.630803165254,1102.755343035343,1519.2471702461332,1103.1212474012473,1528.8734212637075
14,At most primary school,males,2023-2024,53216,44336,1206.156528738224,1650.5298929387704,1231.5071751603527,1771.8845482978465,1232.1543802615754,1848.1862181222182,1232.1543802615754,1977.9176929207265
15,At most primary school,males,2023-2024,46504,40516,1264.0027381157176,1710.5197535130153,1292.3830924938356,1823.5223944449929,1292.4730489133551,1869.6353292526408,1293.6335225643672,1873.460978378912
16,At most primary school,males,2023-2024,43764,37387,1566.5838931541907,1803.740444539546,1641.8005095512294,2007.3342070773265,1646.9036384547421,2063.6079452750955,1651.5193042988149,2067.9071223509063
17,At most primary school,males,2023-2024,29809,37505,1684.7563934829527,2083.365551259832,1724.4511165531665,2387.602319690708,1727.04037930379,2500.742656534684,1727.04037930379,2512.781051415367
18,At most primary school,males,2023-2024,39565,38395,1677.2621803782804,2255.405606198724,1748.602380049707,2507.317261362157,1754.2896457306542,2591.004968094804,1768.9814356122836,2604.764138125624
19,At most primary school,males,2023-2024,40035,39931,1736.4581616085925,2529.1052023073134,1802.7613962782566,2731.4058459175412,1802.7613962782566,2781.9402928384798,1805.8586861496192,2836.708100640271
20,At most primary school,males,2023-2024,45848,41823,2161.0647720002326,2476.5352258326757,2238.095831152213,2671.142977548239,2525.1646055080555,2742.363318827758,2529.342177775839,2747.568588655365
21,At most primary school,males,2023-2024,47990,47077,2038.449183857748,2713.7717639894922,2079.9052372021947,2855.254972350263,2094.338278808085,2923.1017977639467,2113.695436549281,3024.484638641658
22,At most primary school,males,2023-2024,44717,47671,2000.4601456567598,2555.416654430017,2038.23884279655,2693.5354268493074,2076.027864123264,2808.898138630754,2076.027864123264,2846.6751379245243
23,At most primary school,males,2023-2024,42464,37213,1994.2239897324794,2683.1166662187943,2055.97396618312,2810.7689651465885,2068.325605218538,2855.708177697758,2103.3937413652347,2867.4594474153296
24,At most primary school,males,2023-2024,47171,43563,1954.1467427020839,2535.4881436081077,2011.3056962964533,2655.1113330119597,2016.703177446595,2708.910237280873,2016.703177446595,2714.1593401127866
25,At most primary school,males,2023-2024,43434,29758,2099.87478319596,2445.6796995765844,2124.452533345612,2657.895171046441,2134.121609798775,2701.646786858436,2134.8253595493543,2715.2248723032462
26,At most primary school,males,2023-2024,50479,43643,2269.6964942517347,2564.996872350663,2356.2912762402843,2760.6550535022798,2431.089212015557,2888.440198504533,2443.2870236467966,2909.161161774702
27,At most primary school,males,2023-2024,51087,48249,2270.599376227481,2510.615066288075,2343.1449161887235,2671.17466337817,2604.6953465004144,2712.1743386736857,2616.151620438337,2759.1729362266574
28,At most primary school,males,2023-2024,53075,33707,1978.1629831998744,2452.1778809545,1998.5379243209295,2598.9321159798656,2111.6616486104567,2691.0020124405414,2125.4606751452347,2714.709254259748
29,At most primary school,males,2023-2024,40306,40446,2170.818534047867,3087.8638967182583,2204.7355191121255,3255.6739644629056,2237.6242536264244,3355.9535965649675,2242.466378041317,3469.6195544676857
30,At most primary school,males,2023-2024,54733,43619,2086.240659200117,2676.0224558105415,2144.7601812434914,2759.2328687040053,2166.639501458596,2833.1350099727183,2305.0904055444917,2846.91914074142
31,At most primary school,males,2023-2024,50183,56956,2373.5405748294575,2693.4177552262563,2393.962630107141,2742.0043835007136,2436.7576669390032,2875.063345682047,2453.6956738337685,2885.832477409462
32,At most primary school,males,2023-2024,50538,42695,2302.1988536678673,2764.2317016044035,2345.798165077104,2943.4350040988406,2400.9951620562747,3074.641185540852,2434.4419413774453,3107.8535054846393
33,At most primary school,males,2023-2024,47807,39629,2409.0799429651165,3016.98330767872,2459.0420824007642,3174.3963890080495,2552.1776326339937,3267.289977037018,2571.2505717433287,3313.5082347102707
34,At most primary school,males,2023-2024,38781,40554,2591.4075857593493,2671.170131183114,2637.557427176538,2847.52400503033,2696.301668342745,2954.052288306949,2806.863885235897,2974.1493605234173
35,At most primary school,males,2023-2024,41533,46487,2313.148363951557,2696.820548397043,2335.854404931019,2786.9706979012053,2358.1088170852095,2968.6993173718815,2384.889096220676,3059.985841919963
36,At most primary school,males,2023-2024,52615,44078,2104.394778105103,2712.9998865647262,2120.862705502233,2817.444961205136,2143.567099052868,2928.2256983831694,2143.567099052868,2951.30599543234
37,At most primary school,males,2023-2024,49374,52955,2234.323989684179,2393.013451672804,2316.749557796951,2464.255071916407,2435.0852878032974,2568.31499701004,2448.8259880368882,2665.0889875051143
38,At most primary school,males,2023-2024,57662,36724,1982.3768484154787,3175.2281160367424,2016.9547333310209,3231.1550303162326,2089.52156677419,3279.1140852485205,2143.1047469159353,3312.089795955415
39,At most primary school,males,2023-2024,39363,47013,2226.86815241047,2600.566446160282,2245.7386653286926,2714.338381582399,2681.407366477826,2864.149249498366,2792.230355917994,2893.2628280121103
40,At most primary school,males,2023-2024,51329,38393,2297.1250073058113,3211.5868148707664,2322.7048939196166,3264.8140958855347,2347.4326469117523,3442.8657155384226,2402.612239994285,3528.699452591184
41,At most primary school,males,2023-2024,56893,37610,2893.1774471376093,3040.087268456971,2902.5550155555165,3192.9809403527433,2915.441454426145,3282.33808384295,3027.54669291477,3409.147443055925
42,At most primary school,males,2023-2024,33191,43638,2472.9845389814504,3094.7991887804205,2493.1827854940593,3172.322448324854,3162.532031775682,3268.818926929129,3170.7379711367535,3346.8946102021173
43,At most primary school,males,2023-2024,46131,43631,2728.660152608875,2971.341947239348,2734.0513212373457,3027.14924021911,2807.3547397628495,3205.0536354121305,2875.8885528892356,3281.541171032828
44,At most primary school,males,2023-2024,43749,41134,2922.259804033616,2659.283737297613,3237.4190076725563,2743.350202995089,3309.4921788688503,2874.492344127324,3415.382652555868,2900.293230660767
45,At most primary school,males,2023-2024,42771,47420,2678.040557075277,2736.036176718684,2702.1519877175347,2809.7824862927037,2816.535370539228,2968.1416965415438,2868.013396927825,3055.2151535920148
46,At most primary school,males,2023-2024,37587,39752,2455.047707097312,3052.2184586100493,2501.122147728381,3087.0605294492525,2575.80155816284,3325.876710605756,2720.7112875905677,3408.730906621051
47,At most primary school,males,2023-2024,45415,43354,2417.095258541598,3194.2163045316847,2439.7613380307534,3219.5682905076037,2552.5139161070133,3404.2364679921884,2600.827762486697,3594.431913241377
48,At most primary school,males,2023-2024,52390,35253,2908.2915871349496,2987.48975500903,2956.9995466692117,3049.705736627616,3036.607455303175,3204.222491702834,3113.4965562766433,3279.0946066055844
49,At most primary school,males,2023-2024,35559,45918,2383.6892066706037,2500.498491876824,2408.6173542563065,2535.5962748813104,2797.5826677728096,2680.241575562234,2855.66632216879,2811.406550807962
50,At most primary school,males,2023-2024,48817,34364,2446.232658022137,2978.8871105420403,2464.7102375538575,3064.9625092150704,2597.9641928016877,3333.109150079541,2754.72447439758,3419.5319568928726
51,At most primary school,males,2023-2024,50709,35228,2248.78423291066,2693.2262168350935,2256.944520039178,2737.6800603686465,2356.2945285846695,2930.221504674312,2550.135608734807,3308.006221376935
52,At most primary school,males,2023-2024,22668,33363,2334.316907828951,2505.267182207835,2346.7088259514144,2543.7727122860656,2484.1546931062876,2731.81213220234,2682.0493757720133,2812.6952861952864
53,At most primary school,males,2023-2024,37086,37324,2249.189550414352,2960.4668845782876,2276.4522641068506,3011.7312185189157,2319.04290927394,3191.9316704176044,2623.9522191662622,3243.0716875647486
54,At most primary school,males,2023-2024,34844,29689,2541.397935560403,2827.0699585705142,2543.650834194314,2866.6012327798176,2623.881289939923,3021.9177080175596,2749.6351260857923,3169.7912189699887
55,At most primary school,males,2023-2024,36096,29505,2518.8959487662532,2549.5880076823137,2561.686562684693,2676.1130034457437,2652.70311114805,2859.0956052646443,2736.9794483229907,2876.708439247585
56,At most primary school,males,2023-2024,35167,32052,2031.1251741689653,2505.5631785847995,2095.458213666221,2529.0621802071632,2132.844731329561,2800.125673384916,2257.7743528497363,3063.5249828403844
12,Secondary school or above,males,2023-2024,10768,33085,864.4366022783557,1038.9358848420734,931.4128281327392,1130.9161478011183,934.2236255572067,1169.4372046748274,934.2236255572067,1170.2230592917233
13,Secondary school or above,males,2023-2024,20385,44065,732.682119205298,1071.2079957638339,743.458180034339,1156.9949014713116,747.8404872864035,1207.2075702560612,793.7075463984957,1245.150155073944
14,Secondary school or above,males,2023-2024,27941,48796,973.587929327273,1291.9188560537748,990.1710866945826,1382.8918866300514,994.0371497083139,1591.9678867120256,994.0371497083139,1610.3775241139983
15,Secondary school or above,males,2023-2024,31970,58941,1397.4673913043478,1896.805322271424,1429.7739286831404,2020.8531497599295,1438.690673548118,2150.513530479632,1443.3043738921906,2162.830367090254
16,Secondary school or above,males,2023-2024,54337,66140,1885.522909496905,2758.656336306824,1931.1387697762725,2960.467993397843,1952.0047849531625,3140.060146406612,1979.4961812393028,3157.198136528576
17,Secondary school or above,males,2023-2024,59881,63369,2347.180405025523,3193.9636849248054,2384.187135040052,3381.445860752103,2395.1013370963524,3571.297733644737,2400.306260193829,3587.300826639734
18,Secondary school or above,males,2023-2024,78367,68595,2405.039965801932,3338.2667079719126,2486.0450317097757,3512.9222222222224,2518.7063134567697,3635.024294773672,2568.0570180475625,3800.1330247588503
19,Secondary school or above,males,2023-2024,63395,67363,2562.5603833109867,3445.3794392569607,2591.06941399164,3666.4164328587894,2593.6056287299207,3882.3962660016127,2609.9207955411835,3950.1107729762625
20,Secondary school or above,males,2023-2024,82833,71975,2959.307989166958,3833.0448755354873,3021.9244343035584,3958.2439168692836,3038.8832550634,4066.4355574852384,3076.497438621483,4159.501205279612
21,Secondary school or above,males,2023-2024,80469,80047,2950.147517470496,3769.1615852769833,2983.56565364716,3906.51901278832,3021.2699248571917,4047.0934305262326,3038.491513294975,4099.122630038186
22,Secondary school or above,males,2023-2024,72443,71881,2915.6264281343033,4012.261021688624,2987.298294291144,4201.2049011560775,3141.436145199214,4380.346225010781,3209.9081806845843,4445.919765538413
23,Secondary school or above,males,2023-2024,60203,63819,2965.707769269527,4312.720091195412,3092.9081413440085,4497.117245647848,3221.541605069515,4627.5014833618,3229.792578166094,4717.606833388177
24,Secondary school or above,males,2023-2024,64307,69150,3454.9547483166684,4241.912141479875,3499.6251729982737,4385.276118341769,3608.8139082837015,4458.554691491926,3625.3870133370656,4548.397738009159
25,Secondary school or above,males,2023-2024,75339,74359,3403.8357612480477,4521.534885936246,3482.609968497945,4728.220962941046,3511.4603647070794,4950.727098714793,3540.3809326289615,5092.963187598901
26,Secondary school or above,males,2023-2024,55712,58369,4041.4966434520393,4835.391703358518,4108.943800258472,4977.407413752734,4146.61626459889,5141.746563529728,4199.437918820601,5250.764478290416
27,Secondary school or above,males,2023-2024,53374,70117,3592.432545184297,4785.512533812532,3656.0357977042504,5007.320839929451,3730.566280710958,5316.931585778056,3761.3752888422578,5434.5014856121425
28,Secondary school or above,males,2023-2024,80278,52843,3800.09206860327,5111.972490837638,3827.137012423495,5264.788341565266,4030.703317430263,5434.499403894555,4087.790813381831,5509.023938837689
29,Secondary school or above,males,2023-2024,43628,59457,4800.836041838575,5035.637298103391,4840.979298462761,5187.605914077961,5325.385719415666,5483.512572110937,5398.343147367134,5556.613328399796
30,Secondary school or above,males,2023-2024,48379,53361,4282.296569792678,5137.421787447762,4312.947058641145,5262.967879162685,4344.32878762824,5536.737080139678,4483.432530987963,5605.669796293173
31,Secondary school or above,males,2023-2024,51718,51792,3624.3524175979996,5131.21703158789,3657.2413537517564,5257.076623802905,4823.536292973433,5409.110078133045,4886.023989068925,5563.898784239523
32,Secondary school or above,males,2023-2024,44828,54938,4611.458708842688,6127.12334662104,4694.757093780673,6352.586960149017,4739.845357068499,6704.131580144891,4757.844524255674,6777.928405657287
33,Secondary school or above,males,2023-2024,51189,55860,4818.338659998567,5702.016881489438,4861.846054165282,5827.359344790548,5795.568549883764,5970.84126387397,5823.335778520124,6021.001127819549
34,Secondary school or above,males,2023-2024,37828,46544,5234.018240456804,5703.6164543227915,5342.3912710161785,5853.648681892403,5647.403211025342,6171.363926248998,5703.441066582073,6274.264765598144
35,Secondary school or above,males,2023-2024,35900,37869,4987.244405756732,5377.442798419112,5096.020868152275,5436.754372529862,5252.443802228412,5574.7395979121,5450.029688950789,5948.72315526332
36,Secondary school or above,males,2023-2024,31614,39514,5442.101632188271,6005.3752066778015,5507.793730625672,6131.763448819827,6017.765130427448,6316.220708693964,6152.586201261044,6412.74050758381
37,Secondary school or above,males,2023-2024,32908,46434,5772.293500060776,6457.582263714807,5908.298726753374,6555.964914358731,6051.265077387465,6807.060770843204,6078.208728374053,7037.093720836743
38,Secondary school or above,males,2023-2024,53014,35096,5731.021538335785,5583.788444552086,5760.327004816338,5813.503996181901,5806.602837615221,6016.974619614771,5884.503958073968,6052.798265234404
39,Secondary school or above,males,2023-2024,30920,30870,6577.612052608883,6075.373296620235,6774.78605002156,6314.555674333225,7144.739693833549,6682.373944498434,7156.7142518326855,6730.444563222114
40,Secondary school or above,males,2023-2024,41264,37634,4650.76885824609,6105.773484969266,4693.2405042329065,6210.148252466742,4796.762783540131,6591.095943827391,4813.986594448752,6714.238580804592
41,Secondary school or above,males,2023-2024,33741,31581,5769.221086116791,5860.835544578492,5851.394110034281,5904.57386825412,6487.270714165753,6415.717593911952,6497.944177706648,6491.971248535512
42,Secondary school or above,males,2023-2024,22828,34154,5774.9275670229545,5733.420892623607,5842.1432670404765,5875.446687552459,5934.378679691607,6043.651241435849,5939.68532065884,6087.979285003221
43,Secondary school or above,males,2023-2024,26688,27586,7857.7166142086335,7034.84319642814,7968.466764088729,7199.888146765267,9093.887052857714,7405.299104014113,9096.332596422862,7630.157184199715
44,Secondary school or above,males,2023-2024,17637,24508,3809.858233637618,6286.119617403841,3861.3766324582793,6378.451509031065,4393.342102776361,6809.06328205756,4407.080266863223,6822.222250557642
45,Secondary school or above,males,2023-2024,21506,25756,4059.6898772435597,6839.251947766216,4130.577071514926,6974.266313350934,4249.527984438451,7287.105522337837,4310.50289066617,7316.527792876741
46,Secondary school or above,males,2023-2024,20100,23005,4296.263888888889,6134.430884590306,4300.860903814262,6209.2401869158875,4325.881633499171,6555.393921611244,4335.006011608623,6584.373129029921
47,Secondary school or above,males,2023-2024,14060,22706,5386.41478781413,6294.87133356822,5524.167277145567,6391.50085880384,5970.919292318635,6901.348916585925,6051.296437885254,6923.31021903168
48,Secondary school or above,males,2023-2024,24522,17421,4777.560479705298,5799.371744829038,4825.727024032841,5941.448548686451,4900.604005246989,6156.584184796127,5079.85121183699,6426.210880546468
49,Secondary school or above,males,2023-2024,13100,17224,4496.295979643766,4500.922907957888,4536.537659033079,4611.577924214274,5279.762849872774,4768.88023494349,5468.419338422392,4774.5989994581205
50,Secondary school or above,males,2023-2024,15489,14927,5265.571599199432,6030.693843371073,5292.229227193492,6175.394586990018,5505.930348419309,6740.1176726736785,5660.540071448555,6752.771476742369
51,Secondary school or above,males,2023-2024,19048,14562,4019.9109617807644,5991.023428558348,4055.7782444351114,6056.528166918463,4152.698306033879,6698.293721100582,4164.619067618648,6714.216442338507
52,Secondary school or above,males,2023-2024,13247,13090,4136.108225761807,5726.372192513369,4152.386628419013,5774.67165775401,4887.520369391811,5903.047007894066,4908.357791701265,5967.410949834479
53,Secondary school or above,males,2023-2024,10552,14920,3504.578278999242,5914.075670241287,3523.1150492797574,6016.640013404826,3750.0844705585037,6335.1733020554075,3869.5120672226435,6346.734964253798
54,Secondary school or above,males,2023-2024,16151,12165,4365.1638701422,8511.463652555145,4382.079231420139,8582.367886011783,4510.239510453429,9716.653404575969,4548.243349225022,9918.146759830113
55,Secondary school or above,males,2023-2024,17894,10306,4429.94350992884,6492.041593893525,4625.986876420402,6509.526554110874,4864.191488767185,6672.430040752959,4870.254973734212,7158.073355326994
56,Secondary school or above,males,2023-2024,13406,6800,6670.071858371873,5412.853186274509,6945.217315629817,5603.441421568627,9721.067370331692,6527.120465686274,9738.73110298871,6527.120465686274
12,At most primary school,females,2023-2024,17391,23672,436.4638797845629,532.0033513574406,474.7077990531501,604.6429677819083,478.82860866731835,613.9301002590965,478.82860866731835,662.7472682212459
13,At most primary school,females,2023-2024,13519,29888,418.9903099341667,703.9907878301213,439.2358902285672,737.8656539971449,439.2358902285672,746.6644918807995,439.2358902285672,746.6644918807995
14,At most primary school,females,2023-2024,21309,24626,526.1768032286827,815.4779501340047,668.4744239523206,883.7480711443189,668.5976113379323,895.7998321557161,680.6514383593786,900.5048864343918
15,At most primary school,females,2023-2024,14181,26640,777.2129610041605,815.2813438438438,895.7430364572316,893.1496246246246,909.5044073055498,907.2312062062063,916.9509907622876,925.9123873873874
16,At most primary school,females,2023-2024,17756,19518,944.8780693849966,966.9154968063668,1103.5594165352557,1055.1637804419852,1109.951621986934,1069.6670594664754,1109.951621986934,1097.6753936537214
17,At most primary school,females,2023-2024,16314,26451,547.0473213191124,1303.428112358701,587.6210616648277,1369.17761143246,591.2447386702627,1383.4270569480675,597.2273303093457,1427.1865871485638
18,At most primary school,females,2023-2024,17759,31529,766.5479287497419,1043.761616289765,813.9509919852844,1179.745631006375,834.5321057867372,1211.886596466745,861.9332357302401,1359.233483459672
19,At most primary school,females,2023-2024,23161,30363,1098.3257055682686,1170.7604211265905,1282.5707727069932,1274.3796287147734,1293.524531180289,1347.4072445630097,1395.0219478145734,1400.761656182415
20,At most primary school,females,2023-2024,23505,30833,839.9233283698503,1130.4313154736808,927.4642771041622,1190.8282927383,997.5183436148336,1274.8556606017362,1144.1360277955043,1401.1564854755186
21,At most primary school,females,2023-2024,22276,34770,939.5891991380859,1373.865142364107,941.6901149218891,1432.0819959735404,1061.624872807805,1489.4176780749688,1069.8369994613038,1745.7842776339755
22,At most primary school,females,2023-2024,15435,26919,934.7291869128604,1420.7962993920032,947.3822481373502,1502.1995833178548,1097.8055285606306,1577.1443249501592,1198.8421336788683,1875.887467959434
23,At most primary school,females,2023-2024,27061,33877,1064.106032051045,1016.3598926508645,1111.3916460342682,1071.3190094557763,1137.0803678109949,1117.8487100392597,1217.2433083280982,1374.7240728714664
24,At most primary school,females,2023-2024,24121,32220,943.3913049486616,1003.6376241464928,1052.7022787888839,1088.226699255121,1067.0777192764258,1120.113958721291,1070.305888368365,1317.715241568384
25,At most primary school,females,2023-2024,16877,36826,886.2292370286979,1095.4779910932493,928.6556161245087,1148.3797452886547,1005.1089747387964,1233.1824209344848,1186.1265331516265,1300.5158085772732
26,At most primary school,females,2023-2024,22808,24781,1213.227873260844,1108.5015132561236,1245.1833274874311,1168.650094830717,1304.5326237869751,1225.9002730586606,1627.2176465859932,1309.9673674723915
27,At most primary school,females,2023-2024,23310,41992,995.8338338338339,1335.920478900743,998.1032461032461,1455.2884537530958,1061.1461389961391,1516.362100717597,1173.216066066066,1934.1079411951484
28,At most primary school,females,2023-2024,24841,35609,942.3056237671591,1506.7296001947075,1022.9239563624652,1539.032950471323,1063.5951585416583,1635.350459153585,1124.0937965460328,1923.34459921181
29,At most primary school,females,2023-2024,23689,37786,1028.5007668819565,1499.277885107359,1123.530485316673,1542.507652746167,1227.6146594059128,1615.5897135623422,1309.4809545921455,1920.81828146227
30,At most primary school,females,2023-2024,37051,49919,884.3416911824243,1288.380229304807,1017.0080159779764,1335.0273977176357,1069.1463523251734,1441.1743808302783,1121.8017012586256,1656.1846975433534
31,At most primary school,females,2023-2024,22491,35882,953.6576111926252,1286.0607175371124,973.1903131623019,1381.7226092934247,1030.5791946408192,1483.2580820467088,1181.6196997317445,1588.136572654813
32,At most primary school,females,2023-2024,25339,30995,1366.3729297394002,1716.2311125450342,1404.1044897851793,1762.5314835726192,1490.6843995422075,1795.3373796848955,1546.4708683583933,1859.9316690864118
33,At most primary school,females,2023-2024,28123,34876,1310.2324046747026,1599.9218469243415,1327.8869934454597,1676.3448885575563,1374.0670477308015,1808.1661027640785,1475.5711546895184,1942.2599399778262
34,At most primary school,females,2023-2024,35456,32081,1351.319090327918,1150.8003283355674,1400.9941805806257,1180.3608158515426,1798.8459781137183,1288.3032376380622,2070.2211661401925,1391.2956630612098
35,At most primary school,females,2023-2024,31879,40283,1359.6955048778193,1546.2147514667065,1418.9821826280624,1569.349200241624,1457.8220380187586,1672.9658209832105,1716.2467690329058,1742.14347243254
36,At most primary school,females,2023-2024,34794,38230,1454.0796784886284,1537.9283546952654,1499.6812189841162,1584.2508762751766,1640.3735078845011,1737.81574679571,1748.7791716962695,1924.9708431423837
37,At most primary school,females,2023-2024,29126,52317,1290.768391357092,1533.8229750049377,1296.6699913021582,1567.8436566189446,1328.0534631142848,1627.0816353511605,1396.7847226990775,1764.361901166606
38,At most primary school,females,2023-2024,39591,36170,1173.7039520766505,1254.2860105059442,1192.8775016207387,1322.4113906552393,1340.568980323811,1389.775907750438,1583.0432463607049,1568.7529605566308
39,At most primary school,females,2023-2024,25207,46036,1523.2755848243212,1545.0009412923218,1549.1910051440736,1686.7556332725112,1642.5461908729055,1828.263665030266,1823.5924610888508,1945.1164179482723
40,At most primary school,females,2023-2024,32589,42178,1250.476285454192,1467.104248660439,1309.462323687952,1510.9475793067475,1353.3707999631777,1612.83011680655,1391.314073255802,1845.8301010005216
41,At most primary school,females,2023-2024,42345,32853,1355.302330066517,1453.9852271228401,1396.600712402094,1506.210259844357,1488.411433856811,1596.493567304863,1621.592210808045,1738.7164997615641
42,At most primary school,females,2023-2024,22185,37346,1751.6784013222148,1190.2422526285725,1754.5023814889942,1223.738477123833,1761.2268762677486,1392.1660307217194,1920.6925813237174,1495.378779967511
43,At most primary school,females,2023-2024,30159,39520,1439.8991235341578,1954.4688006072874,1457.5794179736286,1974.996786437247,1485.481813057462,2103.7147140688257,1552.4546348795825,2543.127669534413
44,At most primary school,females,2023-2024,26525,25942,1615.5626138862708,1634.0634877804332,1650.0553565818411,1646.7868707115874,1694.9429940307887,1685.7984156965538,1811.1352654728244,1768.3916364711022
45,At most primary school,females,2023-2024,36868,29583,1324.2990036526708,1377.9274921407566,1335.6511247332826,1421.083629111314,1373.150559654262,1490.690019042468,1664.7301589454269,1678.5055662599016
46,At most primary school,females,2023-2024,26180,30337,1979.722625413802,1518.0457527112108,1997.3864909600204,1554.4036654909846,2016.0187165775403,1656.4076540198437,2240.410618792972,1808.42466295283
47,At most primary school,females,2023-2024,25358,36163,1158.3679706601467,1742.5031846546653,1166.2471409417146,1790.065167897206,1286.5578318479377,1836.1572486611544,1353.8633501590557,1954.813333609859
48,At most primary school,females,2023-2024,23457,26266,1595.001520512711,1719.3914693266327,1637.995083201887,1756.7941952841443,1746.3273507552826,1821.7470176908043,1840.616404484802,1861.7347077336988
49,At most primary school,females,2023-2024,16167,37111,1113.6889961031732,1403.3190069431346,1161.1412135832252,1454.346465109177,1931.6904290633183,1557.8874098425445,2226.0884827116965,1671.3816119209937
50,At most primary school,females,2023-2024,27430,29190,1219.0756471017135,1303.0966084275437,1237.6620488516223,1309.3812264474136,1308.4731133795115,1434.4150850747974,1496.055565682343,1462.0349320543567
51,At most primary school,females,2023-2024,26869,24066,1477.1260808614636,1558.7925842821132,1481.1679134566477,1583.2759217706864,1649.4129169923208,1700.338305770243,1804.8435867852668,1830.8363805091556
52,At most primary school,females,2023-2024,17810,29503,1117.0919333707654,2049.781327322645,1176.2946284858692,2094.2852760736196,1212.7503415684073,2211.6896530296353,1269.4802685757065,2390.953908642059
53,At most primary school,females,2023-2024,19802,27121,1796.8519678146988,1041.2143480451803,1839.7011749654916,1055.3583692833352,1936.5356697976636,1132.0296756510945,1953.1905531427801,1178.2908754593611
54,At most primary school,females,2023-2024,12890,23353,1511.5576157227824,1530.4603691174582,1520.0603310059478,1549.7127135699911,1584.9956814067752,1656.291668450877,1695.7469097491594,1778.7163390856279
55,At most primary school,females,2023-2024,11283,26750,1413.0877426216432,1246.2720249221184,1439.9316671098113,1264.9897819314642,1528.5636060149488,1381.5478068535826,1777.573916511566,1469.6574641744548
56,At most primary school,females,2023-2024,14962,20832,1320.2233435815176,1451.2172139016898,1365.0756360557857,1464.8707277265746,1424.8296517845208,1761.7371871799796,1546.6056175644967,1831.4360479070663
12,Secondary school or above,females,2023-2024,4994,26645,174.5374449339207,482.6473384625008,245.27833400080095,498.4856195658973,245.27833400080095,521.7394351660724,245.27833400080095,541.0451210358416
13,Secondary school or above,females,2023-2024,6864,37570,335.31060606060606,780.1548487268211,351.2240675990676,891.5381332623548,366.0657536907537,952.932674563038,366.0657536907537,981.9962004258717
14,Secondary school or above,females,2023-2024,18480,33368,471.91134559884557,890.4193988252217,476.8215187590187,996.8045582594102,479.1393398268398,1067.0515888475984,479.1393398268398,1082.438386577959
15,Secondary school or above,females,2023-2024,24258,45357,1014.057815978234,1303.2236663212589,1148.6847431775084,1440.7778475942707,1173.2999903811801,1471.5660004703427,1195.4177797015418,1502.9654536969672
16,Secondary school or above,females,2023-2024,24213,46906,637.4974875755448,1948.3104862206683,665.140406668594,2023.746144771813,669.1083164691144,2079.7905918219417,690.1011715469651,2119.291934933697
17,Secondary school or above,females,2023-2024,40254,57396,1556.977592288965,1800.5711765628266,1678.3562875739058,1894.092763432992,1693.2468367532833,2011.6715987757566,1709.4936693661914,2115.6561970055986
18,Secondary school or above,females,2023-2024,41837,44782,1661.7294559839377,2523.0134298750986,1712.2244723570045,2592.431611287273,1715.6312056313789,2709.996313623033,1749.405137796687,2774.9785981718846
19,Secondary school or above,females,2023-2024,29103,61174,2208.1635913823316,2360.022231667048,2244.3639830945262,2558.459165658613,2253.8104319142353,2679.953250836412,2290.737209222417,2733.915151861902
20,Secondary school or above,females,2023-2024,40065,53674,2008.3290985481924,2764.2039317608774,2054.9336661258785,2834.469143967905,2077.1939514954865,2888.9689949199487,2119.3296476558926,3085.6388909589996
21,Secondary school or above,females,2023-2024,45936,76310,2105.7921746197608,2558.379898877386,2215.1793654940207,2636.849168959944,2256.0343956809475,2735.4028698728866,2346.496502380123,2876.516310662648
22,Secondary school or above,females,2023-2024,41536,66791,2319.566921866975,2865.1568824142973,2337.5513209424757,2930.842259186617,2403.4288127568057,3014.4040601777683,2498.8476462185417,3135.9275189272007
23,Secondary school or above,females,2023-2024,47107,51182,2944.7163443508043,3165.6460995402026,2983.0615584378825,3208.817917757545,3112.3072827109913,3394.166070754041,3140.465751728335,3486.1615704739943
24,Secondary school or above,females,2023-2024,39452,56085,2307.1114011963905,2880.0686220320345,2328.9239835749772,2970.7729101661166,2459.069054378316,3170.3567263974323,2534.3964564534117,3379.3249591394015
25,Secondary school or above,females,2023-2024,49640,46655,2730.9643096964815,2857.078040938806,2756.0839712597367,2907.431765084128,2834.3304878458234,3058.8147894116387,3018.352506379264,3183.15983995999
26,Secondary school or above,females,2023-2024,47072,48094,2108.5940651200995,2838.049427510015,2135.3245205925673,3008.558846564367,2177.234325430546,3235.6537024715485,2440.7277397745297,3747.014800876062
27,Secondary school or above,females,2023-2024,37566,60055,3159.183989511793,2954.9422459967254,3199.505290688389,3046.9747661865513,3274.892830839944,3457.0937654372383,3371.4224853147352,3734.7388574362394
28,Secondary school or above,females,2023-2024,47139,45145,2877.750790216169,3478.0988038542473,2910.4987059547298,3620.3058035219847,3330.0812172511082,3744.81017831432,3402.4399152859983,3937.5903606896295
29,Secondary school or above,females,2023-2024,26304,53453,2859.478304947283,3338.6284492919012,2878.706939375507,3408.6938525433557,2949.8955735502836,3574.4434394078285,3036.4134668998377,3886.55033705623
30,Secondary school or above,females,2023-2024,23156,45070,4421.358373639661,3906.8462983507134,4425.874740887891,3939.336846387101,4498.9249222663675,4185.634122845943,4584.46502706282,4297.7685655646765
31,Secondary school or above,females,2023-2024,37952,49273,3427.945720910624,3228.9703522551226,3447.6954047217537,3256.209002225695,3763.727937043283,3482.7957738856303,3832.6927698145028,3661.038421989054
32,Secondary school or above,females,2023-2024,28632,47028,2707.6536043587594,3955.531934875677,2727.0511316010056,4079.5600670522526,2758.7583705876873,4298.372680459868,2946.7839131042188,4503.648969762695
33,Secondary school or above,females,2023-2024,25360,45018,3111.074907991588,4060.7653105424497,3118.914813354364,4139.062102936603,3142.2895504731864,4314.408353325337,3256.0888406940066,4433.458955306766
34,Secondary school or above,females,2023-2024,29772,42062,3841.0175780375293,5022.942549094194,3880.3730126741007,5068.315332128762,3949.4501097227817,5288.2584339784125,3980.713265260423,5588.623846940231
35,Secondary school or above,females,2023-2024,27256,42836,5092.062096419137,4651.828397842936,5129.959440123275,4703.589299887945,5228.524893601409,4950.828965900956,5350.795219401232,5172.669240436394
36,Secondary school or above,females,2023-2024,25626,30615,3636.2701260438616,5556.790034841309,3659.4262955591976,5564.415708530677,4310.877946226488,5801.67978115303,4626.2568582689455,5883.762638140345
37,Secondary school or above,females,2023-2024,22664,38788,4617.9291828450405,4137.855038929566,4718.385854218143,4191.776483706301,4825.0895840687135,4377.103861589495,5090.475026473703,4440.827728077413
38,Secondary school or above,females,2023-2024,32571,30967,4796.087526736464,4669.406672156381,4824.322459652248,4741.364046135133,5157.101235250172,5013.358265788312,5299.619119257418,5168.181949064057
39,Secondary school or above,females,2023-2024,21038,34117,4302.316276895775,6135.165972975349,4357.643779510093,6210.175205909077,4530.275842126945,6569.737887270276,4974.235866844123,6679.549222772615
40,Secondary school or above,females,2023-2024,29832,28569,3431.3034465227497,3729.7008704073182,3461.2052298426747,3824.774621676176,3635.4786610574774,4062.779320825604,3722.1909163538035,4210.423153884747
41,Secondary school or above,females,2023-2024,20375,24637,3374.4098977505114,4822.881654963402,3402.562044989775,4865.645587260354,3494.60981595092,4987.9250855758955,3752.690535787321,5134.66237772456
42,Secondary school or above,females,2023-2024,18261,25878,5156.397148750524,4447.726421413298,5200.3783107898425,4454.991279593993,5255.06972966066,4656.034636885901,5327.470912509354,4764.127160780071
43,Secondary school or above,females,2023-2024,22638,22672,4657.888542863033,4224.922819630676,4753.965934858792,4309.6409741825455,5131.364924757782,4841.93888937897,5279.767610507407,5209.975821865444
44,Secondary school or above,females,2023-2024,14545,18359,2921.252595393606,4459.660425404434,2934.7005156411137,4541.411610109483,3529.458737252206,4938.8824236977325,3748.90299071846,5051.07081449607
45,Secondary school or above,females,2023-2024,18354,17680,5264.602902182994,5047.652625377074,5511.780629109005,5089.263485105581,5643.765482546947,5241.012165346909,5670.863771748211,5275.205755090498
46,Secondary school or above,females,2023-2024,15446,18219,4012.7398895075316,5269.018456007465,4254.757240277958,5275.196621658708,4573.950990547714,5499.971979801307,4666.157171220165,5594.099721902044
47,Secondary school or above,females,2023-2024,11041,17438,3770.35591582888,4740.708261650801,3824.861848262536,4800.1990289406285,3894.704555746762,5032.531196238101,3929.0833861667115,5125.9559773674355
48,Secondary school or above,females,2023-2024,11009,13075,4332.300277046053,6465.496698534098,4446.134412753202,6517.484461440407,4896.074613195265,6766.8677629063095,4965.320987373967,6981.571395793499
49,Secondary school or above,females,2023-2024,15588,13297,3378.986399794714,5193.432478503923,3381.886066204773,5196.7663132034795,3827.6990847660595,5614.242999674112,3840.7112308613464,6145.627271815698
50,Secondary school or above,females,2023-2024,7973,8755,6404.897152891007,4576.377460498762,6404.897152891007,4615.415724347991,6992.308833981353,4888.073253379021,6992.308833981353,5009.070854749666
51,Secondary school or above,females,2023-2024,9064,10817,6382.191122388938,4725.210933407291,6382.191122388938,4753.976764968722,6717.97738305384,5043.489584296324,6831.510775228008,5183.166327694062
52,Secondary school or above,females,2023-2024,7163,11334,2527.2092698589977,5684.100972001646,2529.275443250035,5713.623647138403,2599.7138070640794,5970.391484324451,2628.258643957374,6444.980626139638
53,Secondary school or above,females,2023-2024,11643,10961,3909.25234046208,6628.10187634948,3909.25234046208,6677.775628744334,4893.979300867474,7048.559164309824,4945.77007644078,7259.429766140558
54,Secondary school or above,females,2023-2024,8193,7472,3543.0395256112943,5580.507996520342,3543.0395256112943,5583.097396948608,3618.5348671630254,6555.309209939329,3654.419158631352,6712.1405803890075
55,Secondary school or above,females,2023-2024,4806,9611,6304.748283395756,5771.937710262547,6396.924729504786,5800.925848853744,7440.016697877653,6464.713869524504,7799.289828686365,6497.634481323484
56,Secondary school or above,females,2023-2024,6410,10467,1425.1792771710868,7207.405878793668,1725.6472958918357,7917.7622368714365,1752.9392875715027,8148.579726760294,1752.9392875715027,8186.33139072004
12,At most primary school,urban,2023-2024,20030,22370,815.3873356631719,1035.98459246014,875.4899317690132,1171.9001043063627,903.7916458645366,1190.9375689167039,903.7916458645366,1247.7696356727758
13,At most primary school,urban,2023-2024,25179,27015,1006.6346955796497,1242.2707569868592,1015.2680805433099,1282.6688691467702,1015.2680805433099,1305.0094669627986,1015.2680805433099,1309.9844808439757
14,At most primary school,urban,2023-2024,30575,27490,1218.074156445898,1231.3840790590518,1269.1361351866994,1328.5481387171094,1270.1050640501498,1391.0987328725598,1278.505881711638,1399.96256214381
15,At most primary school,urban,2023-2024,19968,24558,1423.568376068376,1627.7811032385916,1450.8089610042734,1741.8225968455629,1459.527076655983,1806.9682045226268,1460.8542000534187,1825.2514523441105
16,At most primary school,urban,2023-2024,20964,26976,1492.9929482287096,1743.1313266113086,1543.3672088659926,1903.9531682483193,1543.3672088659926,1935.5988131425463,1543.3672088659926,1950.997686214907
17,At most primary school,urban,2023-2024,19499,28290,1324.9120467716293,2163.3089313067044,1393.3022206266987,2304.6242370684577,1399.7623809768022,2351.0246583009307,1403.767714583654,2363.3782579238837
18,At most primary school,urban,2023-2024,17784,24081,1539.6407632328685,1988.4911583129162,1547.4832058779427,2219.746920116828,1560.191258059679,2258.448939689659,1588.4188783925626,2285.328360533201
19,At most primary school,urban,2023-2024,25532,29405,1768.7821230873674,2118.123782803378,1982.4222609535746,2272.4810349713766,1992.3588111650738,2324.984668140339,2000.9323659198913,2328.680184775832
20,At most primary school,urban,2023-2024,26311,32312,2024.792691269811,1999.3502723446397,2120.3223176618144,2161.589533300322,2143.998885130427,2220.0489807708177,2215.9104557029377,2260.0991169431377
21,At most primary school,urban,2023-2024,26128,32420,1966.6787864870382,2441.992617725684,2002.2052714839763,2550.7836417849066,2023.5645412329047,2605.4866029200084,2035.8993289446826,2659.643501953527
22,At most primary school,urban,2023-2024,23275,25977,2083.8932044396706,2278.4387310569605,2092.28418188328,2339.701963916798,2229.320701754386,2462.0517669476844,2229.320701754386,2561.149045309312
23,At most primary school,urban,2023-2024,23638,26784,1726.2026186648616,2201.239630002987,1824.790147220577,2266.6197076612902,1859.328990044279,2323.634747734966,1943.5375807315904,2368.1750205346475
24,At most primary school,urban,2023-2024,24178,26602,1873.9000330879312,1954.31863205774,1993.9091322690049,2040.8508476806255,2006.4039622797584,2092.3047170638797,2006.4039622797584,2121.1697146831066
25,At most primary school,urban,2023-2024,25967,27791,1746.4431329507966,1785.2837309440706,1780.1563073644754,1888.0630479891572,1794.8353230382152,1947.8627643241816,1891.8430636320459,1995.7026885202642
26,At most primary school,urban,2023-2024,31908,29054,2211.0137478584265,2522.4108613845483,2270.2559441728304,2660.1978098253826,2376.637833772095,2715.8482509579862,2566.1242739542854,2758.3894386315137
27,At most primary school,urban,2023-2024,27819,37598,2317.802401236565,2194.3844818873345,2343.66961429239,2329.5620179264856,2756.538540805445,2400.9708805432915,2788.5220772373796,2431.4572184690674
28,At most primary school,urban,2023-2024,36832,27337,1714.0450966550825,2203.434411237517,1734.0928811902693,2326.7272012291037,1738.777892412395,2426.2565082732804,1773.158684477266,2497.1780919632733
29,At most primary school,urban,2023-2024,30546,32737,1764.014780986054,2398.1042347598536,1835.6401001767827,2493.682021362169,1917.1783266767063,2585.931285701194,1928.4072928261203,2818.890933805785
30,At most primary school,urban,2023-2024,41651,40000,1653.9851144030156,2340.7311458333334,1760.9483325730475,2416.5826458333336,1797.1562267412548,2521.437375,1823.4725216681472,2566.682375
31,At most primary school,urban,2023-2024,31920,38242,1830.7637426900585,2397.2216062618763,1843.5937865497076,2471.432683088402,1883.3483813700918,2568.2809890521767,1901.2211883876357,2615.3853943308404
32,At most primary school,urban,2023-2024,32907,34163,1972.002086688749,2367.067782884017,2015.2576250240575,2407.221896984067,2059.1159732984875,2474.2321980895513,2062.7344536623414,2530.5240928294747
33,At most primary school,urban,2023-2024,34077,35648,2321.1076336923243,2573.0810798174743,2357.995857420939,2709.318175867744,2364.432848157604,2804.044633172501,2399.6205113908695,2874.3792943035605
34,At most primary school,urban,2023-2024,31584,27069,2147.2898619554203,2377.0561404805003,2230.7158054711244,2462.6913689706553,2320.4076457489023,2578.364032657283,2664.2278922872338,2653.5065696306965
35,At most primary school,urban,2023-2024,30805,39734,1816.4437050262404,2361.8572087716648,1878.2973002218255,2425.8975772218587,1892.3948222691122,2533.1754752437037,2081.871638803225,2600.094654452106
36,At most primary school,urban,2023-2024,38712,40124,1884.349426534408,2136.878239956136,1927.0028673279603,2217.5023053534046,2026.5389715505958,2318.0291305286946,2100.542725769787,2486.218161200279
37,At most primary school,urban,2023-2024,33571,51979,2207.591224568824,2062.781979260855,2246.5844032051473,2129.335010292618,2334.052753864943,2182.5277099084888,2341.871009700833,2268.8401309503197
38,At most primary school,urban,2023-2024,47412,34090,1749.5410796141625,2690.625550014667,1779.2124708231393,2756.1909650924026,1919.2371041789704,2813.8214774616213,1996.1441178745185,2853.576048694632
39,At most primary school,urban,2023-2024,25703,43079,2035.752742870482,2267.3006182440013,2070.651392833521,2405.4797542499437,2615.47989858512,2582.694493450018,2731.7464822523957,2630.5855772727623
40,At most primary school,urban,2023-2024,40607,41767,1924.6379688231093,2169.3725648638083,1970.3176792178688,2249.2806023096387,2005.9502056295712,2401.0776949106557,2027.4254849328113,2526.824209303996
41,At most primary school,urban,2023-2024,59354,35576,2528.1953617279373,2546.3088833295856,2558.6439919803215,2637.787014654074,2616.439574417899,2741.723483996702,2648.401812290101,2809.694400719586
42,At most primary school,urban,2023-2024,27319,44328,2320.623589199214,2537.596361216387,2340.6627560794072,2601.8413079768993,2345.477475993509,2717.6909026649823,2403.4822833925105,2768.2454806593273
43,At most primary school,urban,2023-2024,32256,40369,2532.9007781498017,2665.85969844848,2533.471214657738,2705.935845987433,2552.022543609458,2805.35687449941,2592.4387969163363,2933.2413072737336
44,At most primary school,urban,2023-2024,31732,36707,2847.9964651876126,2629.019042689405,3291.4453495945204,2700.324788187539,3317.8812292533294,2795.533672051652,3347.840471238287,2832.342100961669
45,At most primary school,urban,2023-2024,41735,36097,2335.6774050557087,2580.337456482995,2362.515071283096,2634.7156042515076,2388.42118525618,2731.8521045146877,2488.984820893734,2833.7182983812136
46,At most primary school,urban,2023-2024,33609,28391,2608.466576413064,3048.7920291641717,2636.9244299641964,3102.777024409144,2678.3280222559433,3208.6023152877087,2708.18907137969,3331.380543129865
47,At most primary school,urban,2023-2024,38781,45935,2004.130153941363,2678.8872972678787,2018.3561924653825,2733.2365734189616,2122.475933231909,2872.8331410326186,2141.6066071873684,3069.0756576321614
48,At most primary school,urban,2023-2024,42331,29763,2347.626465631964,2661.8060007391728,2413.36386848094,2695.74528777341,2490.842351546936,2786.9167646630603,2609.0134318427,2854.9593006977343
49,At most primary school,urban,2023-2024,26854,38874,2365.291247734664,2375.458054655211,2405.660652665028,2441.6084379448134,2788.632152876046,2647.7230346761335,2970.0253655569622,2727.7589627171546
50,At most primary school,urban,2023-2024,31907,32166,2161.014009465008,2483.1360028187114,2176.2973328736643,2515.8355924475118,2269.0540424776173,2677.9711133909514,2293.591604768024,2691.477092789488
51,At most primary school,urban,2023-2024,41526,31898,1998.313434153703,2791.920198758543,2002.785331278396,2834.100774343219,2128.5244264637417,3094.0174880347777,2245.116441105171,3403.1246420883235
52,At most primary school,urban,2023-2024,20059,30138,2111.9370025092644,2607.8571404870927,2157.338069362049,2637.2174165505344,2298.889035678083,2829.8319065631426,2478.6686857104874,2931.3184020173867
53,At most primary school,urban,2023-2024,29298,34874,2428.8655653400688,1795.4091108944583,2452.6339113022505,1835.114908910172,2494.018988781942,1883.1725593087497,2812.1294400072816,1931.3526743897078
54,At most primary school,urban,2023-2024,24184,28135,2611.777580218326,2337.62638469285,2619.5554498842207,2377.9407262602926,2651.1810425625754,2524.153894911439,2749.0536029330683,2566.211237485931
55,At most primary school,urban,2023-2024,22556,30171,2847.4320099603947,2263.832642824788,2873.2158368800615,2309.0850375084246,2984.5825833481113,2466.2916431893764,3055.300175119702,2532.545109542276
56,At most primary school,urban,2023-2024,25537,22656,1976.6559501899205,2158.5360169491523,2023.1477072483065,2183.739495056497,2070.8196309929385,2513.532062882533,2179.9402011460497,2593.9967521480694
12,Secondary school or above,urban,2023-2024,9533,38755,731.5147382775622,934.6318432030276,803.5172558481066,1018.3469251279405,803.5172558481066,1048.1089020771515,803.5172558481066,1049.5641981679785
13,Secondary school or above,urban,2023-2024,14619,43347,454.9286544907312,1091.761352188925,466.97462206717285,1196.6902976753486,475.91732220626125,1240.3016683199914,475.91732220626125,1287.6961054590474
14,Secondary school or above,urban,2023-2024,25592,50215,887.7687167864958,1191.17835640081,908.0832682088153,1276.4062763450497,908.2407392935293,1481.4777274386804,908.2407392935293,1502.6064074479737
15,Secondary school or above,urban,2023-2024,35131,68498,1242.1430360650138,1653.9623225009004,1333.2039224616435,1772.7223592902958,1334.5802472649987,1834.7488649303632,1354.051179869631,1861.131898011621
16,Secondary school or above,urban,2023-2024,45089,71509,1622.1874958415578,2676.499194740056,1662.4035574086806,2832.5146333561743,1676.8217081771609,2996.1012681387424,1706.8622945729558,3025.445220182075
17,Secondary school or above,urban,2023-2024,63674,87341,2236.126616305975,2749.893221205772,2290.5533839034247,2873.5470378554555,2302.1018442901864,3008.9332902073484,2310.9904958591155,3064.960432862764
18,Secondary school or above,urban,2023-2024,81181,74384,2417.467080761919,3198.6844964418874,2486.4234129086035,3323.3342867193664,2506.9225444787985,3418.8786354144263,2552.3231513531496,3568.4601314350757
19,Secondary school or above,urban,2023-2024,65159,90975,2574.9053392470723,3290.386219657415,2592.4960020872018,3416.119673903087,2596.4961402108684,3577.179974351928,2618.016012113957,3639.776852615187
20,Secondary school or above,urban,2023-2024,80113,90718,2948.496041008742,3708.7893747657577,3013.272044903241,3801.877802641152,3026.950952612768,3877.3795865576108,3072.004759943247,3974.166516016667
21,Secondary school or above,urban,2023-2024,84281,106864,2982.1829208243853,3533.299578592105,3041.9361985500886,3641.0402583345813,3089.673035243214,3752.9245341430856,3136.2438875112225,3840.879642193193
22,Secondary school or above,urban,2023-2024,84060,102524,2919.240391783647,3753.818116571079,2968.6113767943534,3875.129760673923,3091.4613748116426,4028.005128067574,3178.5539634388138,4090.8278004824883
23,Secondary school or above,urban,2023-2024,72412,80527,3130.8609668747354,4029.799046696553,3186.662325765527,4132.39379131637,3277.63819993003,4298.885071673682,3294.708828186857,4393.177424963056
24,Secondary school or above,urban,2023-2024,71402,82059,3362.060059008618,4187.569422610561,3389.702562019738,4262.833135305085,3511.8511012763415,4419.835617259127,3531.4072761734033,4569.09525564939
25,Secondary school or above,urban,2023-2024,92602,79791,3421.3256121178088,4075.9358918925695,3459.2225257913797,4198.881186474665,3510.004960296034,4428.197958834121,3541.3706615407873,4611.710531262925
26,Secondary school or above,urban,2023-2024,67688,79487,3487.0098934326124,4497.262971722839,3538.2208318559665,4601.290611462671,3582.1598609305443,4804.7527079899855,3751.024356853012,5027.9829301227455
27,Secondary school or above,urban,2023-2024,59822,82270,3915.097061560407,4589.533747619626,3981.822012247445,4746.520206839269,4079.075391717651,5095.520923990114,4137.82969058206,5201.165565617276
28,Secondary school or above,urban,2023-2024,85186,64147,3781.8212959484736,4562.508194719421,3810.9897508589047,4660.1078174609365,4042.258728938245,4804.113122983149,4115.419616094977,4900.577826450705
29,Secondary school or above,urban,2023-2024,47253,79277,4321.485298993362,4651.324293300705,4360.982050522366,4747.809200650882,4506.861765390558,5002.8611787361615,4526.028096981498,5188.913690814065
30,Secondary school or above,urban,2023-2024,49709,72607,4940.509872457704,5036.131401471851,4970.996524774186,5133.801240468091,5018.801080622557,5379.817607117771,5176.6490893667815,5468.177489773713
31,Secondary school or above,urban,2023-2024,65651,74350,3701.0171106812286,4547.091670029142,3721.7724685584885,4633.178421878503,4788.15988078374,4837.391569154898,4847.303006300996,4953.716832548756
32,Secondary school or above,urban,2023-2024,53511,74378,4260.817813159911,5271.022604130254,4310.338472463605,5426.823445776978,4350.734528103256,5734.082043749496,4441.3684787551465,5886.847767485009
33,Secondary school or above,urban,2023-2024,59044,73357,4701.072620983221,5298.216308600407,4737.489530406702,5399.180020311627,5497.291542465506,5557.104156158694,5556.613347672921,5592.837442234552
34,Secondary school or above,urban,2023-2024,47932,62921,5129.103570335754,5890.186963282,5194.870490138808,6004.444206491739,5282.40432279062,6335.343066437809,5339.511613674928,6474.586774155953
35,Secondary school or above,urban,2023-2024,53323,55477,5072.122855053167,5167.037455462024,5152.343304015153,5226.099048554657,5279.956154004839,5463.6917671587635,5408.274765735861,5557.45374659769
36,Secondary school or above,urban,2023-2024,41727,50570,4900.863263993737,6117.835999604508,4939.632406275712,6177.426764880363,5434.000421389827,6419.99676685782,5716.230951582109,6529.152063146793
37,Secondary school or above,urban,2023-2024,47920,67225,5497.016993600445,5607.644222139581,5627.006768224819,5702.7235081194995,5768.044678631051,5945.630735093591,5875.198511407902,6072.680443783314
38,Secondary school or above,urban,2023-2024,71338,53071,5419.863324361957,5294.342355837777,5434.540495014344,5456.798329910246,5591.003565187323,5717.370330940313,5682.420014578485,5812.163312669191
39,Secondary school or above,urban,2023-2024,42102,50800,5829.330570202524,6506.377857611549,5998.298790239576,6650.71939304462,6214.970207274397,6936.131466535434,6443.955370291197,7028.800429790027
40,Secondary school or above,urban,2023-2024,59643,50491,4291.324864890543,5428.909033293062,4334.139277311112,5550.975183696104,4474.572493838337,5897.39653436586,4523.869142229599,5996.08976682313
41,Secondary school or above,urban,2023-2024,43496,44382,5117.58778585004,5735.3079777086805,5191.350890503341,5788.50690970814,5696.700041383116,6166.0695101617775,5824.222756115505,6249.410354047436
42,Secondary school or above,urban,2023-2024,31314,45314,5809.81661557131,5522.415037295317,5865.725793574758,5618.966853511056,5887.184885354794,5793.455238263377,5901.438573800856,5868.745398773006
43,Secondary school or above,urban,2023-2024,43444,36590,6923.310940521131,5490.756361027603,7040.236177607955,5635.6732782180925,7925.110767117822,5910.412961191582,7980.484658410828,6150.0522524369135
44,Secondary school or above,urban,2023-2024,25397,39294,3522.030436665748,5499.581157428615,3541.522108910501,5581.088257749275,4228.880195823654,6031.0958925026725,4302.6841884212045,6091.720076008212
45,Secondary school or above,urban,2023-2024,34813,37614,4939.905231762082,6284.576511848425,5113.659863652468,6396.585604207653,5243.9112544164545,6619.115424664575,5262.851161922271,6644.28006194502
46,Secondary school or above,urban,2023-2024,31839,33221,4073.680507134856,6023.771883748232,4193.992074709215,6071.573816260799,4353.280997099993,6399.948907819351,4402.378539945769,6450.486619909094
47,Secondary school or above,urban,2023-2024,22631,31359,4592.3184238434005,5815.049427596543,4704.49199107419,5856.7350680825275,4853.974264651732,6346.989646778702,4920.682732387728,6414.842405688956
48,Secondary school or above,urban,2023-2024,31518,24184,4628.28403346236,6586.386019682434,4688.535318442371,6716.838384882567,4838.93905598917,6888.159971468739,4987.774642003511,7071.748983487705
49,Secondary school or above,urban,2023-2024,24173,29372,4088.348667245825,4764.264191520269,4094.054868379321,4830.662530073994,4762.234931535183,5106.615393345137,4788.924488754671,5138.08470652322
50,Secondary school or above,urban,2023-2024,20946,22576,6031.973495337216,5557.443819395228,6051.686089627296,5668.257426765887,6409.532456475381,6147.3829656862745,6511.411096788567,6202.67253573116
51,Secondary school or above,urban,2023-2024,24087,22956,5092.798549701775,5720.463923738165,5121.162397420461,5775.571085264563,5295.15113269952,6289.614625079862,5337.874039938556,6365.531596677702
52,Secondary school or above,urban,2023-2024,19101,21128,3416.4258764811616,5987.508633882368,3422.050712877162,6031.362761106904,3930.7448475647,6224.018163101098,3953.705251033977,6511.582406443266
53,Secondary school or above,urban,2023-2024,19861,22194,3826.913381333602,6171.080427142471,3828.504439185674,6264.562178967289,4493.6853129248275,6634.942311735905,4569.864760082574,6734.572211708871
54,Secondary school or above,urban,2023-2024,19634,15859,4180.474915962107,5819.598403640414,4187.503539777937,5875.20708010173,4287.411013208381,6478.411359480421,4306.230408135548,6617.617950900645
55,Secondary school or above,urban,2023-2024,21134,18630,5026.528315352828,6193.982841295401,5211.959374309959,6218.610055466093,5599.9849886438915,6651.16775809626,5686.819788807924,6826.553694757559
56,Secondary school or above,urban,2023-2024,16432,16336,4922.161787974684,6764.484512732615,5248.51281037001,7298.966638099902,7279.452947500811,7814.759008733268,7293.863853050957,7838.947712618348
12,At most primary school,rural,2023-2024,33996,54710,647.6843354120093,628.4731615183086,692.5822645801468,686.6979650277219,696.8904429932934,729.9885121549991,696.8904429932934,737.4216444281972
13,At most primary school,rural,2023-2024,36440,58561,895.5402579582876,1068.4628393185453,917.0451975850714,1191.9145734077856,917.0451975850714,1223.7720325814107,917.5281833150384,1230.6309773854043
14,At most primary school,rural,2023-2024,43950,41472,868.1799772468714,1432.5112123842594,932.345164960182,1538.379267939815,932.5144861585135,1585.6444508744858,932.5144861585135,1721.2534079218108
15,At most primary school,rural,2023-2024,40717,42598,1016.2101087997643,1198.3535612000564,1076.5469459930741,1288.784919479788,1077.1670800893976,1303.893590465906,1080.4351663105501,1308.6747226004352
16,At most primary school,rural,2023-2024,40556,29929,1332.432398001118,1312.6395803401383,1457.0324571785516,1479.5632998095493,1465.3378456126509,1530.7948255315357,1470.3186129467076,1540.551249067237
17,At most primary school,rural,2023-2024,26624,35666,1251.163361378205,1441.529533262304,1270.380608974359,1698.1248901848635,1270.7687299679487,1790.862301164508,1271.5011518429487,1826.176045346642
18,At most primary school,rural,2023-2024,39540,45843,1330.1221927162367,1562.2931018185257,1419.2708017197774,1745.324709697591,1428.4897361321869,1817.191268750591,1442.8017577137075,1915.9348064771796
19,At most primary school,rural,2023-2024,37664,40889,1322.1346378504672,1815.9913098062234,1361.086687553101,1979.4920557281096,1361.086687553101,2045.3131608338022,1420.9815916171056,2135.7596541857224
20,At most primary school,rural,2023-2024,43042,40344,1522.8979833650853,1829.955272159429,1594.3605083406906,1947.916431191751,1923.9268814955935,2039.1449286139202,1964.4853282840018,2108.990093528984
21,At most primary school,rural,2023-2024,44138,49427,1526.3510353890072,1949.4633230150864,1551.4550274140197,2053.8151954734594,1615.033652030752,2122.889115935285,1632.9229990786473,2364.2733795968466
22,At most primary school,rural,2023-2024,36877,48613,1501.7356889117877,2075.1379260691583,1547.5460856360332,2222.9197951165324,1569.838300295577,2312.167784337523,1612.1275320660573,2461.685073951412
23,At most primary school,rural,2023-2024,45887,44306,1583.7715111760047,1699.9964414150077,1618.015087788117,1809.711491295385,1626.8026165725948,1848.5666971365804,1663.1506018407536,2027.9216377766743
24,At most primary school,rural,2023-2024,47114,49181,1477.8503770995176,1846.2798641751897,1529.4561630654725,1960.8500233830139,1535.8078755783845,2001.5623580922172,1537.4606044204838,2120.053509824255
25,At most primary school,rural,2023-2024,34344,38793,1770.7012384501902,1637.0424775947552,1797.1428294122213,1776.4214377164267,1835.8424567124775,1847.645885426065,1852.340243807749,1887.7086974454155
26,At most primary school,rural,2023-2024,41379,39370,1732.6248580197685,1679.6497163660995,1810.194591459436,1832.7203285073238,1852.1223909873768,1969.3415079163492,1898.7499073604163,2013.8322368978072
27,At most primary school,rural,2023-2024,46578,52643,1604.4495684657993,1799.444775816981,1669.7042809910258,1945.2748956809705,1741.5355317961269,1980.5686194429143,1791.0839595230939,2335.0961602998814
28,At most primary school,rural,2023-2024,41084,41979,1588.6258721968002,1812.1776999610918,1645.719631324441,1877.1263647696865,1812.2515334436764,1967.9417129199521,1835.8353292441502,2185.0859993488807
29,At most primary school,rural,2023-2024,33449,45495,1733.3125355018087,2264.7921529838445,1776.0746509611647,2381.1081437520606,1814.9576270341913,2464.5771971278896,1868.5166970611976,2651.5054309997436
30,At most primary school,rural,2023-2024,50133,53538,1557.0945285540463,1632.68762996999,1630.1650409909641,1687.3044441954,1662.503088451386,1768.1460815993623,1830.7089940757585,1946.0486928287694
31,At most primary school,rural,2023-2024,40754,54596,2015.0689830037131,1975.9356668376195,2040.9465655722954,2037.5127054485067,2094.176923328589,2175.2174670916065,2184.3902030066574,2222.3866736268837
32,At most primary school,rural,2023-2024,42970,39527,2003.2203087425337,2285.7115178654253,2043.6227290357615,2480.8788718260093,2126.009219610581,2590.4089082568034,2195.472410984408,2628.2817546655874
33,At most primary school,rural,2023-2024,41853,38857,1742.3402364625397,2152.3460766399876,1781.2382843921982,2256.493926448259,1913.4127900031062,2382.645402801726,1974.7543903662822,2485.6114063532095
34,At most primary school,rural,2023-2024,42653,45566,1889.4273380535953,1775.4669307524618,1910.9051239068765,1902.3625327363973,2228.6217362592706,2004.4541251517946,2300.1377687384243,2050.2137558706054
35,At most primary school,rural,2023-2024,42607,47036,1958.884119197941,1994.3709357371658,1980.6563631954061,2049.1833134903763,2021.217634426268,2226.907326303257,2103.6865714553946,2319.843658757831
36,At most primary school,rural,2023-2024,48697,42184,1814.6712237577947,2196.0579248056133,1831.1387679596962,2270.486144035653,1877.067623946718,2429.7939384600795,1895.6936857848873,2463.547399487957
37,At most primary school,rural,2023-2024,44929,53293,1642.622534072277,1871.6472973311068,1707.8928494587756,1910.922624297125,1792.9244177850978,2020.5945011539977,1846.7389547953437,2167.336568592498
38,At most primary school,rural,2023-2024,49841,38804,1561.4992743591285,1810.41071367213,1588.5081626238102,1869.2404734907054,1656.5797134888946,1926.7912092395973,1838.0206289333412,2089.902400525719
39,At most primary school,rural,2023-2024,38867,49970,1896.9425476625415,1915.4102528183575,1909.782489000952,2033.9205590020679,2051.2573691477774,2152.4574478020145,2204.023434618914,2246.214702154626
40,At most primary school,rural,2023-2024,43311,38804,1858.8147853124303,2437.217597842147,1890.6859035041136,2451.5269473937396,1919.6220667574828,2575.0458715596333,1993.4324151678172,2777.881489880768
41,At most primary school,rural,2023-2024,39884,34887,1803.5631874101562,2049.9892223464326,1815.473978704911,2170.711955742827,1845.3223932738274,2246.074005599029,2099.069677063484,2447.3987588500013
42,At most primary school,rural,2023-2024,28057,36656,2050.9925984008746,1828.2153717445074,2057.6077033657675,1876.940273534119,2850.0666411234274,2023.3181630110575,2929.3864781219186,2160.285280718027
43,At most primary school,rural,2023-2024,44034,42782,1989.3830146402024,2320.254717716173,2006.722343340752,2358.3165194084736,2089.0377511317015,2564.841498761161,2177.0992490651165,2928.0844747791125
44,At most primary school,rural,2023-2024,38542,30369,2084.1191081590646,1820.0945124962955,2100.4986421739054,1858.6417152359313,2191.436071904243,1954.515989440987,2366.9312632971823,2015.5255715806688
45,At most primary school,rural,2023-2024,37904,40906,1738.265930596595,1891.2536873156341,1746.9650124876882,1959.9685457716064,1883.9856215702828,2108.167424501703,2114.9559677078937,2255.043351423589
46,At most primary school,rural,2023-2024,30158,41698,1871.445829741141,1938.3780437111293,1912.4896655392708,1961.2890706188946,1975.598403961359,2191.1185588437497,2317.7199637464905,2297.1083745023743
47,At most primary school,rural,2023-2024,31992,33582,1919.9832666499958,2335.820032557124,1941.1598107860298,2345.4251781708454,2070.368024297741,2442.5177798622276,2169.111460156706,2547.4041277073034
48,At most primary school,rural,2023-2024,33516,31756,2697.278046306242,2243.865117353151,2720.4783088674067,2312.0596317756226,2822.8791522456936,2451.866072553218,2859.8065401599238,2504.2855628332704
49,At most primary school,rural,2023-2024,24872,44155,1578.04291304814,1688.4363039293398,1600.9401468853866,1709.5838523383536,2244.4095133751475,1765.5646491526063,2322.9635768467892,1926.891792171517
50,At most primary school,rural,2023-2024,44340,31388,1892.3209442189145,1928.4858544666752,1913.164426402045,1995.056773289155,2036.9311720042099,2238.751125695595,2307.9062133513758,2345.212937003526
51,At most primary school,rural,2023-2024,36052,27396,1962.1806464736123,1581.7712439772229,1971.5199341691632,1611.3288436268067,2091.8204144938795,1659.11866695868,2346.0130806427755,1899.6379641796855
52,At most primary school,rural,2023-2024,20419,32728,1491.0798112868733,2000.1933818137375,1511.8741694826713,2052.5277743827914,1557.200989274695,2172.6794793449035,1649.763635176388,2323.2764605230996
53,At most primary school,rural,2023-2024,27590,29571,1733.7369699166366,2574.216056271347,1775.897172888728,2605.066889858307,1858.7001208167212,2846.1558508899484,1942.7039869517941,2896.311972315219
54,At most primary school,rural,2023-2024,23550,24907,1905.4445152158528,2164.235061093936,1905.4445152158528,2183.868095983726,2027.2166312809625,2303.77100145876,2173.390728945506,2547.313646765969
55,At most primary school,rural,2023-2024,24823,26084,1717.7319723643395,1543.5238524254971,1768.727822986746,1653.4958659203598,1840.1687917119875,1798.1726153964116,2011.6434724516241,1831.8203176915606
56,At most primary school,rural,2023-2024,24592,30228,1655.168252548254,2039.0457853645626,1726.1758973107785,2054.4821357681617,1766.4903627195836,2299.3103992986635,1905.9178188028625,2566.328836950289
12,Secondary school or above,rural,2023-2024,6229,20975,514.7476855568042,524.9904648390942,577.0498207309895,535.5172824791418,581.9088136137422,570.8279698053238,581.9088136137422,593.9030591974573
13,Secondary school or above,rural,2023-2024,12630,38288,838.2181314330958,762.3437804708177,850.3163103721298,851.5757852765009,855.1043811031934,920.2341660572504,929.1344681974135,938.7634702778939
14,Secondary school or above,rural,2023-2024,20829,31949,633.9317778097844,1030.9232161674336,635.5737193336214,1147.0226245996223,642.6227855393922,1217.3976754619341,642.6227855393922,1228.3766315064636
15,Secondary school or above,rural,2023-2024,21097,35800,1215.2590415698915,1609.40802141527,1267.3783002322605,1760.6852001862198,1306.902087184592,1894.486294227188,1306.902087184592,1904.0663687150839
16,Secondary school or above,rural,2023-2024,33461,41537,1337.2754251217837,1985.0061591673286,1377.1620095036012,2122.9482349070304,1394.4887979040277,2190.5777981077113,1413.8426725640797,2211.9563280930256
17,Secondary school or above,rural,2023-2024,36461,33424,1668.7134106762476,1961.6276976623583,1768.4475924046696,2154.5511957475665,1782.644154027591,2362.6204723153023,1793.606552206467,2425.1184777405456
18,Secondary school or above,rural,2023-2024,39023,38993,1582.2757647199514,2668.249292608075,1655.636090681564,2817.435813265629,1682.2346137747822,2984.989049316544,1723.1028197046187,3064.7264380786296
19,Secondary school or above,rural,2023-2024,27339,37562,2155.8741541387762,2053.14437019683,2218.5933465013354,2468.199345970218,2224.9965921699163,2663.313233232167,2250.848549690918,2721.0249276751324
20,Secondary school or above,rural,2023-2024,42785,34931,2089.031218106034,2513.3930391342933,2132.6100424603637,2637.575570410237,2160.674784776596,2748.163515215711,2188.5926687702076,2990.7601581212484
21,Secondary school or above,rural,2023-2024,42124,49493,1965.2865626879372,2411.604092161181,2028.8576385591746,2522.1134571218827,2049.9248053366255,2659.845905818331,2088.293273035166,2771.6579465783043
22,Secondary school or above,rural,2023-2024,29919,36148,2077.9741858573702,2625.749121666482,2137.768965094644,2778.767601250415,2257.282484931537,2855.802003799196,2310.848223536883,3032.556826564863
23,Secondary school or above,rural,2023-2024,34898,34474,2594.6860374042444,3270.5794028349865,2750.0956310772344,3436.3859526986516,2957.6935951439427,3564.0310620564287,2974.5162210823923,3647.1623107269243
24,Secondary school or above,rural,2023-2024,32357,43176,2260.4110908510265,2576.179219937002,2314.786990965376,2780.5683249953677,2420.928887103254,2858.7924541411894,2502.5567677267154,2990.4520180964732
25,Secondary school or above,rural,2023-2024,32377,41223,2322.1748900968796,3500.249565372082,2435.6004699838363,3692.0913769821054,2477.4561725916546,3820.9198020522526,2737.182923062668,3863.0128083836694
26,Secondary school or above,rural,2023-2024,35096,26976,2518.431592394195,2270.766076018189,2562.582093875845,2575.516594998023,2593.851801724793,2736.4604030743376,2705.427536851303,3226.2575066725976
27,Secondary school or above,rural,2023-2024,31118,47902,2449.111896651456,2827.103200283913,2478.6076868693362,2997.5401340236313,2510.4897701223304,3365.5077380206812,2566.9147760138826,3704.2459952959516
28,Secondary school or above,rural,2023-2024,42231,33841,2807.4129588848637,3973.8636466613475,2836.5402350563963,4217.191562503078,3225.347430402627,4375.321739901303,3267.058574664741,4566.014686327236
29,Secondary school or above,rural,2023-2024,22679,33633,3547.9274806355365,3244.449122389716,3565.1601628525655,3397.030515664179,4275.640122286403,3582.3776201944515,4476.402354601173,3769.0905707687884
30,Secondary school or above,rural,2023-2024,21826,25824,2930.742921286539,3274.517270755886,2934.0399065334923,3316.0329151177198,2972.226014844681,3619.886162097274,3011.8118299276093,3709.596199271995
31,Secondary school or above,rural,2023-2024,24019,26715,3104.4664640492942,3248.391652629609,3149.758940838503,3303.046341006925,3245.6458775691467,3447.3652317674214,3327.509679836796,3752.459124087591
32,Secondary school or above,rural,2023-2024,19949,27588,2819.559226026367,4733.38186892852,2901.7483081858736,4973.7457952733075,2940.2176550203017,5218.424565632401,3007.4140391331225,5303.446108815428
33,Secondary school or above,rural,2023-2024,17505,27521,2740.512167952014,4093.635478361978,2756.263096258212,4207.003451909451,2957.7686184899553,4364.11244746436,3003.7400552223176,4565.415573562007
34,Secondary school or above,rural,2023-2024,19668,25685,3381.077130364043,4131.893316462267,3488.8097417124263,4198.172857050158,3966.6866653108264,4323.479375121666,3982.6160938241474,4660.720306923626
35,Secondary school or above,rural,2023-2024,9833,25228,4817.503474694057,4608.069037048782,4884.666090375945,4655.109626869616,5036.947523644869,4759.564581021088,5401.393776060206,5491.4299686855875
36,Secondary school or above,rural,2023-2024,15513,19559,3914.86739079052,5012.452391908243,3982.711779367842,5125.651430713908,4768.365209824019,5242.514192102527,4804.947431186747,5283.767153228692
37,Secondary school or above,rural,2023-2024,7652,17997,4077.1467807980484,4632.806203811747,4145.534130510542,4647.703131077402,4193.173092002091,4787.638953714509,4424.033738456177,5043.912480783835
38,Secondary school or above,rural,2023-2024,14247,12992,5151.64826513184,4586.677378386699,5251.753550455066,4715.117957204433,5401.289733511148,4848.6642420977005,5559.241115088556,4927.245933394909
39,Secondary school or above,rural,2023-2024,9856,14187,4917.351748511905,4675.846620145203,4932.236082927489,4859.824910128991,5535.77707318723,5502.865487183101,5542.833789908009,5539.715420220389
40,Secondary school or above,rural,2023-2024,11453,15712,3346.2395587764486,3960.5051871181263,3354.1850752350183,3991.1161850814665,3449.7766233010275,4223.103280931772,3480.9757268837857,4469.365161447726
41,Secondary school or above,rural,2023-2024,10620,11836,3843.530320150659,4170.998986143967,3856.505838041431,4177.234200743494,3983.6168706842436,4379.840374000225,3990.377699309479,4576.232736284781
42,Secondary school or above,rural,2023-2024,9775,14718,4507.664177323103,4122.489910313901,4567.6948678601875,4167.577558092132,4816.523512361467,4374.174355664266,4918.510008525149,4435.289996376319
43,Secondary school or above,rural,2023-2024,5882,13668,2444.015867618724,6507.452394888304,2452.6863878499375,6593.137937762171,2475.855944690015,7155.180665300947,2649.1207072424345,7577.968685981856
44,Secondary school or above,rural,2023-2024,6785,3573,2982.3259641365757,5551.240787386882,3072.112257430607,5708.251702584195,3157.034880864652,5755.271014087134,3386.912060918693,5755.271014087134
45,Secondary school or above,rural,2023-2024,5047,5822,2369.9804504326003,4982.172907362877,2372.4135790238424,4982.172907362877,2460.8159302555973,5389.278140387038,2688.541972128657,5460.6968968281235
46,Secondary school or above,rural,2023-2024,3707,8003,5026.644411473788,4623.654129701362,5026.644411473788,4654.332625265525,5124.185100260767,4797.9662626515055,5136.162440428018,4885.766670831771
47,Secondary school or above,rural,2023-2024,2470,8785,5438.3535762483125,4922.673211914247,5438.3535762483125,5141.711345095807,6923.994601889338,5170.638493644469,6923.994601889338,5170.638493644469
48,Secondary school or above,rural,2023-2024,4013,6312,4728.4763684691425,4163.825253485425,4861.877813771908,4163.825253485425,5372.493313398123,4617.773817068019,5488.823573386494,5103.277619349387
49,Secondary school or above,rural,2023-2024,4515,1149,2822.9158361018826,5783.289817232376,2919.1351052048726,5783.289817232376,3037.3337024732373,5918.429068755439,3486.7393872277594,11349.238468233245
50,Secondary school or above,rural,2023-2024,2516,1106,2495.6147323794385,4178.571428571428,2495.6147323794385,4178.571428571428,2693.5479597244307,4178.571428571428,2797.2045574986755,4178.571428571428
51,Secondary school or above,rural,2023-2024,4025,2423,2919.0573084886128,2903.3924886504333,2919.0573084886128,2903.3924886504333,3092.6804968944098,3182.6606135644515,3149.0945755693583,3182.6606135644515
52,Secondary school or above,rural,2023-2024,1309,3296,5833.670741023682,3907.078276699029,5927.635599694423,3919.305218446602,6329.698242933537,4077.1379449838187,6361.732874968169,4121.391585760518
53,Secondary school or above,rural,2023-2024,2334,3687,2780.380605541274,6489.740891420305,2850.6462439303054,6489.740891420305,3128.7096543844614,6651.514239218876,3278.752499285918,6725.467769641081
54,Secondary school or above,rural,2023-2024,4710,3778,3704.9766454352443,14014.425622022234,3733.6815286624205,14014.425622022234,3888.0056617126684,17057.49955884948,4002.2944090587403,17432.124580907006
55,Secondary school or above,rural,2023-2024,1566,1287,2132.42656449553,5429.039368039368,2152.9246487867176,5429.039368039368,2839.3869731800764,5429.039368039368,2839.3869731800764,7024.9989639989635
56,Secondary school or above,rural,2023-2024,3384,931,5222.641843971631,1871.858216970999,5297.109929078014,1871.858216970999,6483.746798660362,2162.9430719656284,6483.746798660362,2162.9430719656284
12,At most primary school,indigenous,2023-2024,30405,77080,684.3737872060516,746.740295796575,737.3507646768624,827.5123378308251,740.191251438908,863.7642049385919,740.191251438908,885.5337949749178
13,At most primary school,indigenous,2023-2024,35850,85576,868.9304044630404,1123.3312708391761,879.6941422594142,1220.5642800941073,879.6941422594142,1249.4174155136955,880.1850767085076,1255.6816328955158
14,At most primary school,indigenous,2023-2024,38093,68962,1037.9881649296894,1352.3368425123015,1087.7329999387462,1454.7352648318397,1087.8019102372264,1508.093599856926,1087.8019102372264,1593.1787385323319
15,At most primary school,indigenous,2023-2024,41455,67156,979.2909661078278,1355.3891436853494,996.878350018092,1454.4543947425893,996.9792626542837,1487.860866241785,996.9792626542837,1497.579531240693
16,At most primary school,indigenous,2023-2024,39324,56905,1407.1515486725664,1516.7155903113378,1541.6694003661887,1680.746694783704,1547.6962541959108,1722.693470111004,1552.833066320822,1735.124715168556
17,At most primary school,indigenous,2023-2024,24673,63956,1039.7057512260365,1760.7980799299519,1084.658533619746,1966.400994433673,1085.3252543265917,2038.6419165780642,1088.4906578040773,2063.7995770529737
18,At most primary school,indigenous,2023-2024,31874,69924,1291.4816046516491,1709.0706803100509,1339.2097216121813,1908.7101174131915,1339.866474242329,1969.155200646416,1357.0372090104788,2043.149585025647
19,At most primary school,indigenous,2023-2024,37609,70294,1305.9200811862409,1942.3777064898854,1453.2611431660862,2102.053596324011,1455.0745388958317,2162.303809713489,1512.6480363742721,2216.461110953045
20,At most primary school,indigenous,2023-2024,36721,72656,1483.0377077603187,1905.2896044373485,1541.1036645697736,2042.9423791565735,1913.3472944636583,2119.5976335975924,1981.3025062861395,2176.1921795859944
21,At most primary school,indigenous,2023-2024,34361,81847,1314.495697641706,2144.5566035814795,1355.2871763530359,2250.666845862809,1417.2079101306713,2314.0483585226093,1444.0406565583073,2481.270940494663
22,At most primary school,indigenous,2023-2024,28730,74590,1252.0825849866574,2145.9402455646423,1308.7846385891635,2263.5908019394915,1370.1990718180764,2364.366956026277,1370.1990718180764,2496.3247787907226
23,At most primary school,indigenous,2023-2024,39952,71090,1191.7217494326526,1888.8457530360577,1230.5409574823123,1981.8570767102735,1249.2220205913763,2027.5542153139213,1280.8316187758644,2156.116132132977
24,At most primary school,indigenous,2023-2024,35231,75783,1194.1415703972825,1884.204561049312,1231.4772974558389,1988.9326003193328,1240.706515568675,2033.4155208512025,1242.6139266555022,2120.4453296473703
25,At most primary school,indigenous,2023-2024,33666,66584,1604.08954632765,1698.9157905803197,1633.228143131547,1823.0186981857505,1635.1673894532564,1889.4746623312908,1713.4125032178854,1932.783505296568
26,At most primary school,indigenous,2023-2024,37535,68424,1621.2264197859774,2037.5005042090495,1637.3527019226499,2184.0814114930436,1647.261409351272,2286.3210313632644,1792.240761955508,2329.9839517810515
27,At most primary school,indigenous,2023-2024,38736,90241,1770.5673877874156,1963.9924101387767,1782.3807913396668,2105.384238686776,1838.359536348616,2155.724969803083,1883.8318790444719,2375.2440206410242
28,At most primary school,indigenous,2023-2024,37790,69316,1593.8244861956427,1966.4824018504626,1649.0507365264182,2054.440953988497,1827.91873511511,2148.6929328485967,1857.6394725235955,2308.1695808567524
29,At most primary school,indigenous,2023-2024,31251,78232,1335.8248589378472,2320.5779902512186,1371.1805275564514,2428.2158622217676,1417.6086418567938,2515.3590868613014,1426.0563715294443,2721.5496482683984
30,At most primary school,indigenous,2023-2024,37520,93538,1337.7551350390902,1935.4708906184294,1389.865476190476,1999.1683718560014,1408.0784292821606,2090.2788162743127,1454.379068941009,2211.452563842146
31,At most primary school,indigenous,2023-2024,33622,92838,1815.1177800249836,2149.4725471610045,1841.9173457854977,2216.2538220699857,1877.7572224535522,2337.128917217806,1966.5235064342792,2384.2714307000724
32,At most primary school,indigenous,2023-2024,33645,73690,1843.5902511517313,2323.4286312027866,1881.0793282805766,2446.7311824309045,1956.8025660078267,2536.5488872302894,1993.8135136473968,2582.9608834305877
33,At most primary school,indigenous,2023-2024,37522,74505,1596.0799175594761,2353.6528532760667,1626.5553719595614,2473.154269288415,1762.459108434163,2584.26998859137,1832.5575395767814,2671.6230521441516
34,At most primary school,indigenous,2023-2024,34144,72635,1928.6561865432677,1999.662130286134,1946.1701567869416,2111.1811638099175,2342.857532314121,2218.3340354741745,2585.2899753006873,2275.0438402055943
35,At most primary school,indigenous,2023-2024,39615,86770,1549.3497749169087,2162.651442510852,1573.6802053094368,2221.689531712189,1593.3063443981657,2367.154631016864,1774.7045521477555,2448.177104221889
36,At most primary school,indigenous,2023-2024,38551,82308,1848.8784121466804,2167.2086552947467,1864.0852809697979,2244.657262963503,1962.2372312002285,2375.3101561614103,2003.844452802781,2474.5990790688634
37,At most primary school,indigenous,2023-2024,39407,105272,1715.6609104981349,1966.0217713795373,1770.0583525769534,2018.7657108886185,1817.2117770954399,2100.5504843009853,1822.6989578839632,2217.4548684993792
38,At most primary school,indigenous,2023-2024,50766,72894,1385.1904588372795,2222.0567170594745,1395.918899131965,2284.036509634995,1482.3320086278218,2341.6245541471176,1600.226137244087,2447.0461251954894
39,At most primary school,indigenous,2023-2024,33573,93049,1821.257220584001,2078.3253303814836,1835.339965646998,2205.9417367910096,2001.5312378995027,2351.6447758707777,2209.3083206743513,2424.1673177573107
40,At most primary school,indigenous,2023-2024,42183,80571,1710.5966147500178,2298.370078357391,1750.5670767844867,2346.68496833021,1763.1027546642013,2484.8629417946077,1792.9014887513927,2647.7365315477446
41,At most primary school,indigenous,2023-2024,41939,70463,1577.9544417686004,2300.575604690878,1582.8865574604386,2406.533057538472,1654.3733001104779,2496.3220200672695,1913.61100248774,2630.317876048423
42,At most primary school,indigenous,2023-2024,25309,80984,2163.4194489443807,2216.5073862326713,2171.6378692691665,2273.7274543942835,2186.1350013829074,2403.3951510998054,2206.109450524846,2493.062863240475
43,At most primary school,indigenous,2023-2024,41667,83151,1718.4317005463959,2488.0425671368957,1728.197702418381,2527.0823141032583,1751.3816369469046,2681.6093693000284,1823.5650594795243,2930.588066689918
44,At most primary school,indigenous,2023-2024,32711,67076,2697.3001742533093,2262.774349245632,3128.0794228241266,2319.2484979724495,3198.98555277022,2414.758640696126,3339.009876901756,2462.524264764347
45,At most primary school,indigenous,2023-2024,33119,77003,1818.4414384492286,2214.278203446619,1820.5459705908995,2276.2723854914743,1966.5720432380206,2400.5345516841335,2125.103399861107,2526.3110885290184
46,At most primary school,indigenous,2023-2024,30893,70089,1845.654366145513,2388.1742094574993,1894.218765847711,2423.6723903418033,1932.3266435762146,2603.271412061807,2259.1127116175185,2716.0617215254892
47,At most primary school,indigenous,2023-2024,30594,79517,1879.2237312327036,2534.0014881513807,1894.1449576169618,2569.454208953222,1940.4962301976423,2691.1002982590726,2026.4130766381209,2848.760840449212
48,At most primary school,indigenous,2023-2024,37971,61519,2257.7982166214565,2446.0656490948595,2310.9290269767275,2497.6874244813253,2417.851854046509,2613.9641845066835,2509.4357821319777,2673.9421316991497
49,At most primary school,indigenous,2023-2024,20095,83029,1360.13036410384,2010.098416416754,1361.070896574604,2052.3161957468674,1409.441390893257,2178.5893161826993,1644.9394418180311,2301.8560864276337
50,At most primary school,indigenous,2023-2024,35111,63554,1624.433055167896,2209.2058197228603,1632.8492210418387,2258.633755021976,1683.8158459362214,2461.0494880993588,1858.08886578755,2520.4644213319907
51,At most primary school,indigenous,2023-2024,33529,59294,1753.8096473699384,2232.7870526528823,1756.1091492936462,2269.135350962998,1927.109564357223,2431.041670882945,2089.297640351139,2708.4587226363547
52,At most primary school,indigenous,2023-2024,17966,62866,1463.1765186092248,2291.5077704959754,1487.6950536198003,2332.8283571405846,1552.2030130988162,2487.7187669010273,1601.1450888715722,2614.772150287914
53,At most primary school,indigenous,2023-2024,28580,64445,2058.01603685561,2152.769653709882,2079.901971075344,2188.4122947215974,2125.7959528808024,2325.0435953138335,2477.293503615582,2374.130413530918
54,At most primary school,indigenous,2023-2024,19240,53042,1726.7762647262646,2256.2067983861843,1736.552772002772,2286.8097922401116,1772.0079868329867,2420.668416852054,1841.2300935550934,2557.337471563415
55,At most primary school,indigenous,2023-2024,17091,56255,1620.9487839603692,1929.843939797944,1652.8076570514697,2005.105161022724,1676.2681040703685,2156.501993896839,1705.9425916174207,2207.6370041181526
56,At most primary school,indigenous,2023-2024,20284,52884,1460.4860974166832,2090.2365176612966,1518.1847761782687,2109.857196883746,1543.2915927167555,2391.0849626856266,1761.7402221784,2578.1820304818093
12,Secondary school or above,indigenous,2023-2024,7846,59730,805.7264848330359,790.7807146046097,853.98037216416,848.7947444053798,857.8379641430877,880.5052262961103,857.8379641430877,889.5526061722195
13,Secondary school or above,indigenous,2023-2024,9946,81635,864.2861451839935,937.2597292827832,877.2953951337221,1034.826581735775,877.2953951337221,1090.18536371246,877.2953951337221,1124.0416345113413
14,Secondary school or above,indigenous,2023-2024,17225,82164,493.6876632801161,1128.8640645538192,495.67314949201744,1226.0961856774256,500.27402031930336,1378.7917143355564,500.27402031930336,1395.9737324132223
15,Secondary school or above,indigenous,2023-2024,17194,104298,1318.1265460819666,1638.6691818954662,1382.8758772439999,1768.5906377239576,1431.5532259315264,1855.2535722960492,1440.1317998526617,1875.869036319009
16,Secondary school or above,indigenous,2023-2024,23224,113046,966.1972528418877,2422.4207999398477,997.4403634171547,2571.7954615820113,999.3973906303823,2700.1241581598056,999.3973906303823,2726.5413393662757
17,Secondary school or above,indigenous,2023-2024,23537,120765,1353.9177890130434,2531.7258145986007,1465.3737944512895,2674.551326957314,1485.8489682910595,2830.0539822520323,1489.6897296455227,2887.8720586814616
18,Secondary school or above,indigenous,2023-2024,32927,113377,1579.735880381855,3016.2554332007376,1689.835312458874,3149.343978496521,1701.5145068383597,3269.6538664514555,1743.881966167583,3395.2143416801177
19,Secondary school or above,indigenous,2023-2024,19390,128537,1502.3441292762593,2928.83057148266,1555.571566099364,3139.1116267430134,1556.0337459171394,3310.1233095010257,1565.7294653601514,3371.2926044640844
20,Secondary school or above,indigenous,2023-2024,34285,125649,2017.0722667833359,3376.4636944981658,2100.3524184531625,3478.1964261554012,2121.521296971465,3563.4523241994234,2192.334383355209,3700.775024738226
21,Secondary school or above,indigenous,2023-2024,33870,156357,1782.0562050979233,3178.2398453539017,1859.4555555555555,3286.8569203809234,1906.846068300364,3406.9231363695476,1946.8834661942722,3502.429880551132
22,Secondary school or above,indigenous,2023-2024,25019,138672,2044.1634690968199,3459.761363745625,2073.0990780340276,3589.3381131975693,2494.1554085561643,3722.443814060036,2630.0213371171244,3814.9654838996576
23,Secondary school or above,indigenous,2023-2024,30819,115001,2119.591161296603,3802.2067822598647,2214.8668029462347,3923.7506123135163,2381.2560974290755,4078.5969252441287,2389.2706339163074,4169.543499621743
24,Secondary school or above,indigenous,2023-2024,24918,125235,1851.0586055595688,3632.026775661756,1867.5334430264602,3751.807739449834,1974.851278861332,3881.650608189936,2025.756916017872,4024.842447531973
25,Secondary school or above,indigenous,2023-2024,29072,121014,2093.51409145111,3879.8303385007794,2230.9508003118694,4026.244993003564,2329.4660383415885,4221.330757873744,2489.0472734360665,4356.669244880757
26,Secondary school or above,indigenous,2023-2024,30391,106463,2278.7547355028355,3933.1047171317737,2302.786850273656,4087.9922837041977,2311.3673510798153,4280.680934534376,2437.5892808177864,4571.45488730044
27,Secondary school or above,indigenous,2023-2024,21720,130172,3124.7578806015963,3940.976853061078,3161.429151319828,4102.912952990402,3205.557757826888,4458.8932956652225,3277.427002762431,4650.314067157299
28,Secondary school or above,indigenous,2023-2024,38268,97988,3059.679512473433,4359.214728674259,3070.9288591860914,4507.142872936822,3487.422731350824,4656.026324651998,3487.422731350824,4785.033563633642
29,Secondary school or above,indigenous,2023-2024,19577,112910,3675.6214775842404,4232.252177250317,3700.9062505320876,4345.446792430549,3820.001787812229,4579.735472205,3867.4077574023945,4765.984712012517
30,Secondary school or above,indigenous,2023-2024,18116,98431,2576.571373371605,4573.96071020986,2580.2739567233384,4656.898138459091,2610.6706594538896,4918.088379169165,2658.339386913962,5006.802483465575
31,Secondary school or above,indigenous,2023-2024,24927,101065,3043.3559059119298,4203.800016491037,3076.4537516214014,4281.578179059681,4204.942940051618,4469.959187981332,4278.749334724062,4636.1825755701775
32,Secondary school or above,indigenous,2023-2024,18467,101966,3620.38145520839,5125.558110056293,3707.63168534864,5304.238405448875,3728.924171043844,5594.565356752904,3833.46473890363,5729.002162485534
33,Secondary school or above,indigenous,2023-2024,19967,100878,3657.641750555082,4969.588966375226,3671.8612126675675,5073.936742897362,4857.284035324952,5231.638496500724,4990.926879350928,5312.541666666667
34,Secondary school or above,indigenous,2023-2024,18612,88606,3607.5413353392073,5380.494929801594,3662.0013611290206,5480.84445466447,4127.699566587864,5752.146455469532,4129.891700694892,5948.785358779315
35,Secondary school or above,indigenous,2023-2024,11019,80705,3368.696539310887,4992.306580550565,3438.0403999152977,5047.610465068253,3449.6506488792083,5243.584950333519,3449.6506488792083,5536.815026950003
36,Secondary school or above,indigenous,2023-2024,10796,70129,3596.5053877979494,5809.5441662270005,3697.0565178461156,5884.0862957312,4035.9011516611085,6091.596509052365,4054.056023835988,6181.813822859777
37,Secondary school or above,indigenous,2023-2024,8188,85222,3087.831440319166,5401.780010834448,3111.9643177007,5479.926557500802,3172.184965803615,5701.088503164285,3665.7120786516853,5855.427421909835
38,Secondary school or above,indigenous,2023-2024,20956,66063,4731.19144079659,5155.172421274642,4731.19144079659,5310.938901755395,4927.421454476045,5546.529928502591,5153.383788254756,5638.134785482544
39,Secondary school or above,indigenous,2023-2024,9156,64987,4641.965377894277,6106.763370622843,4641.965377894277,6259.757815665697,5368.616389981069,6623.242050974298,5778.675367700596,6703.725429701325
40,Secondary school or above,indigenous,2023-2024,13268,66203,3214.8744347301777,5080.411816685045,3220.451763641845,5180.772857725481,3509.1620691387798,5500.035454083149,3576.210983820721,5633.751247425847
41,Secondary school or above,indigenous,2023-2024,8981,56218,4052.0930482871245,5405.962194789332,4072.6698214749654,5449.273500776738,4164.883290650632,5790.001203647705,4164.883290650632,5897.143637269202
42,Secondary school or above,indigenous,2023-2024,9665,60032,5246.491877909984,5179.196453558102,5253.941438178997,5263.130838552772,5279.011277806519,5445.491218572317,5279.011277806519,5517.306222792288
43,Secondary school or above,indigenous,2023-2024,5411,50258,3022.488141440276,5767.25366276679,3022.488141440276,5896.062210659662,3173.1934947329514,6248.935882512899,3181.559169592805,6538.383698449335
44,Secondary school or above,indigenous,2023-2024,4767,42867,2658.9166491853716,5503.887030427446,2658.9166491853716,5591.687436334088,2699.7896650583875,6008.105660142612,2699.7896650583875,6063.676767676768
45,Secondary school or above,indigenous,2023-2024,4287,43436,3879.503576704766,6110.007173389201,4932.258416919369,6207.00298331645,5143.114882202006,6454.27260605642,5147.815138791696,6485.636973554962
46,Secondary school or above,indigenous,2023-2024,4478,41224,3745.758597588209,5751.9607449543955,3745.758597588209,5796.438427857559,3745.758597588209,6088.948832395368,3775.8315468214973,6146.7205187916425
47,Secondary school or above,indigenous,2023-2024,5556,40144,4887.684740220782,5619.7643275873515,4887.684740220782,5700.261288527965,5593.7322564194865,6089.560270526105,5619.350206983441,6142.564322605287
48,Secondary school or above,indigenous,2023-2024,6717,30496,4270.095826509851,6084.96932384575,4270.095826509851,6188.420924055614,4299.642747258201,6418.240067003323,4937.427472582006,6664.3187877098635
49,Secondary school or above,indigenous,2023-2024,3819,30521,3241.4419132408134,4802.626645042212,3241.4419132408134,4866.5253377455965,3282.3557650344765,5137.177102104562,3768.451601640918,5371.9111103830155
50,Secondary school or above,indigenous,2023-2024,5584,23682,2998.118015759312,5493.047532584523,2998.118015759312,5598.685907721758,3087.3013968481373,6055.43526025392,3134.0062679083094,6108.142689243588
51,Secondary school or above,indigenous,2023-2024,4313,25379,6300.822320117473,5451.510691253924,6300.822320117473,5501.356626869984,6462.851843264548,5992.985539225344,6462.851843264548,6061.654517514481
52,Secondary school or above,indigenous,2023-2024,4259,24424,4474.007591766455,5706.756158559886,4502.887610550208,5746.342221448847,4560.510683258981,5934.298330194344,4598.673006182985,6189.027995004913
53,Secondary school or above,indigenous,2023-2024,1746,25881,4396.716303932799,6216.4767074945585,4490.645284459718,6296.641075177415,4490.645284459718,6637.30314387646,4490.645284459718,6733.275195445823
54,Secondary school or above,indigenous,2023-2024,3925,19637,4201.763057324841,7396.21689073348,4201.763057324841,7441.126907538491,4201.763057324841,8513.742378333418,4201.763057324841,8698.241572032388
55,Secondary school or above,indigenous,2023-2024,2212,19917,2841.337402049427,6144.553597429332,2841.337402049427,6167.589446201737,2841.337402049427,6572.196063664206,2890.3880349608194,6839.37686398554
56,Secondary school or above,indigenous,2023-2024,1343,17267,3186.8950111690247,6500.684484855505,3631.8689501116905,7006.34846817629,3631.8689501116905,7510.025086388294,3631.8689501116905,7532.909586687516
12,At most primary school,p99,2023-2024,54026,77080,709.8597897308704,746.740295796575,760.3948099063415,827.5123378308251,773.5985297202582,863.7642049385919,773.5985297202582,885.5337949749178
13,At most primary school,p99,2023-2024,61619,85576,940.9361073694802,1123.3312708391761,957.1814213148541,1220.5642800941073,957.1814213148541,1249.4174155136955,957.4670475015823,1255.6816328955158
14,At most primary school,p99,2023-2024,74525,68962,1011.7293167840769,1352.3368425123015,1070.5187163144358,1454.7352648318397,1071.0160885608857,1508.093599856926,1074.4626501174102,1593.1787385323319
15,At most primary school,p99,2023-2024,60685,67156,1150.2486666117381,1355.3891436853494,1199.6953997418361,1454.4543947425893,1202.980121391887,1487.860866241785,1205.6095465655983,1497.579531240693
16,At most primary school,p99,2023-2024,61520,56702,1387.146171976593,1509.615192879734,1486.4525113784136,1670.653427862627,1491.9276956003469,1712.750377705666,1495.2111806458604,1725.2261281201136
17,At most primary school,p99,2023-2024,46123,63956,1282.3414204048595,1760.7980799299519,1322.3470575056551,1966.400994433673,1325.3021991920157,2038.6419165780642,1327.418280106093,2063.7995770529737
18,At most primary school,p99,2023-2024,57324,69924,1395.122511222757,1709.0706803100509,1459.0469756704579,1908.7101174131915,1469.3483619426418,1969.155200646416,1487.9775108738631,2043.149585025647
19,At most primary school,p99,2023-2024,63196,70294,1502.5859890921367,1942.3777064898854,1612.1142820220691,2102.053596324011,1616.1287766103342,2162.303809713489,1655.289192881406,2216.461110953045
20,At most primary school,p99,2023-2024,69353,72656,1713.305776246161,1905.2896044373485,1793.898829178262,2042.9423791565735,2007.4173503669633,2119.5976335975924,2059.8704814499733,2176.1921795859944
21,At most primary school,p99,2023-2024,70266,81847,1690.0843271757797,2144.5566035814795,1719.0638620859781,2250.666845862809,1766.9434672055713,2314.0483585226093,1782.767383941024,2481.270940494663
22,At most primary school,p99,2023-2024,60152,74590,1726.9936383384315,2145.9402455646423,1758.3250986390035,2263.5908019394915,1825.0160648579156,2364.366956026277,1850.942052356253,2496.3247787907226
23,At most primary school,p99,2023-2024,69525,71090,1632.1970634064485,1888.8457530360577,1688.3171209397099,1981.8570767102735,1705.8599113028886,2027.5542153139213,1758.480158216469,2156.116132132977
24,At most primary school,p99,2023-2024,71292,75783,1612.1668303128918,1884.204561049312,1686.970945781668,1988.9326003193328,1695.4060378443587,2033.4155208512025,1696.498259505508,2120.4453296473703
25,At most primary school,p99,2023-2024,60311,66584,1760.2568713280607,1698.9157905803197,1789.8292544754136,1823.0186981857505,1818.1867680301548,1889.4746623312908,1869.3482476938977,1932.783505296568
26,At most primary school,p99,2023-2024,73287,68424,1940.9078099344586,2037.5005042090495,2010.49802375137,2184.0814114930436,2080.4881140811694,2286.3210313632644,2189.3141450734784,2329.9839517810515
27,At most primary school,p99,2023-2024,74397,90241,1871.1910023253627,1963.9924101387767,1921.7176902294448,2105.384238686776,2121.0719204627426,2155.724969803083,2164.052372183466,2375.2440206410242
28,At most primary school,p99,2023-2024,77916,69316,1647.9133211834967,1966.4824018504626,1687.4949218816844,2054.440953988497,1777.5194996320824,2148.6929328485967,1806.207188938515,2308.1695808567524
29,At most primary school,p99,2023-2024,63995,78046,1747.9672865067582,2287.5004142855923,1804.5063442456442,2395.394809898436,1863.7494621975675,2482.74571513381,1897.1035888220433,2689.427671928521
30,At most primary school,p99,2023-2024,91784,93538,1601.0628649873615,1935.4708906184294,1689.5136734071298,1999.1683718560014,1723.6078328830006,2090.2788162743127,1827.4251285627124,2211.452563842146
31,At most primary school,p99,2023-2024,72674,91786,1934.1181165203511,2154.058487496278,1954.2649365660345,2221.6051721758586,2001.5764464136646,2343.865670327356,2060.016218546752,2391.5485050370794
32,At most primary school,p99,2023-2024,75877,73690,1989.6813175709813,2323.4286312027866,2031.3211030132102,2446.7311824309045,2096.998372365803,2536.5488872302894,2137.9054544416185,2582.9608834305877
33,At most primary school,p99,2023-2024,75930,74505,2002.088117344923,2353.6528532760667,2040.084166337416,2473.154269288415,2115.828311163791,2584.26998859137,2165.432156811098,2671.6230521441516
34,At most primary school,p99,2023-2024,74237,72635,1999.134491560812,1999.662130286134,2046.96801123429,2111.1811638099175,2267.6718886808467,2218.3340354741745,2455.039266134138,2275.0438402055943
35,At most primary school,p99,2023-2024,73412,86770,1899.113550918106,2162.651442510852,1937.7046531902142,2221.689531712189,1967.1612576962896,2367.154631016864,2094.532632040175,2448.177104221889
36,At most primary school,p99,2023-2024,87409,82308,1845.5305470069827,2167.2086552947467,1873.5953915882044,2244.657262963503,1943.266010937089,2375.3101561614103,1986.4179365587834,2474.5990790688634
37,At most primary school,p99,2023-2024,78500,105272,1884.2348131634822,1966.0217713795373,1938.2675520169853,2018.7657108886185,2024.3412250530787,2100.5504843009853,2058.4851740976646,2217.4548684993792
38,At most primary school,p99,2023-2024,97253,72894,1653.1719021521187,2222.0567170594745,1681.4787924279972,2284.036509634995,1784.6283310883298,2341.6245541471176,1915.1077198989576,2447.0461251954894
39,At most primary school,p99,2023-2024,64570,92851,1952.1979053740126,2042.240726181373,1973.8186270713952,2170.1292680387573,2275.854111816633,2316.14301138383,2414.0910433121676,2384.9817961034346
40,At most primary school,p99,2023-2024,83918,79925,1890.665902031348,2132.750281513919,1929.2188465724475,2181.455680325305,1961.3953065293897,2320.75048795746,2009.8812888772372,2484.940516108852
41,At most primary school,p99,2023-2024,98747,70463,2242.612238008918,2300.575604690878,2265.7248186442794,2406.533057538472,2312.519892587454,2496.3220200672695,2432.562796844461,2630.317876048423
42,At most primary school,p99,2023-2024,55376,80612,2184.0113978378117,1968.3128339039679,2197.249082033131,2025.7969553747166,2601.1344069031106,2156.0630292843084,2669.9387625806608,2246.1445307977306
43,At most primary school,p99,2023-2024,76290,83151,2219.186514178354,2488.0425671368957,2229.435826014768,2527.0823141032583,2284.7912898151785,2681.6093693000284,2352.7080110980028,2930.588066689918
44,At most primary school,p99,2023-2024,70274,67076,2429.0454862395763,2262.774349245632,2638.266819876483,2319.2484979724495,2700.078780914705,2414.758640696126,2809.8576797013593,2462.524264764347
45,At most primary school,p99,2023-2024,79154,76805,1941.3640287709193,2204.5187748193475,1959.680222519814,2266.6727752099473,2038.9538010292174,2391.2552839441873,2202.580697122066,2517.3560673133256
46,At most primary school,p99,2023-2024,63767,69838,2259.8995797199177,2345.722130740666,2294.309854627001,2381.3478932195458,2345.9786906498134,2561.5923995532517,2523.520397175132,2655.61991084128
47,At most primary school,p99,2023-2024,70773,79517,1966.0926648109682,2534.0014881513807,1983.4605876063845,2569.454208953222,2098.9212411512863,2691.1002982590726,2154.0398127346116,2848.760840449212
48,At most primary school,p99,2023-2024,75389,61519,2298.6290694486815,2446.0656490948595,2345.8549246795505,2497.6874244813253,2419.696046505458,2613.9641845066835,2502.466189806647,2673.9421316991497
49,At most primary school,p99,2023-2024,51726,83029,1986.7496906778022,2010.098416416754,2018.717753160886,2052.3161957468674,2526.9474007269073,2178.5893161826993,2658.891297413293,2301.8560864276337
50,At most primary school,p99,2023-2024,76247,63554,2004.760641948754,2209.2058197228603,2023.277370475778,2258.633755021976,2134.0673797001846,2461.0494880993588,2301.9159945090732,2520.4644213319907
51,At most primary school,p99,2023-2024,77578,59294,1981.5218274940491,2232.7870526528823,1988.2556953431817,2269.135350962998,2111.4673608067583,2431.041670882945,2292.005064795002,2708.4587226363547
52,At most primary school,p99,2023-2024,40478,62866,1798.7475418745985,2291.5077704959754,1831.735831809872,2332.8283571405846,1924.7468295535023,2487.7187669010273,2060.53013571158,2614.772150287914
53,At most primary school,p99,2023-2024,56888,63765,2091.7365056485255,1823.80993230351,2124.4246824169127,1859.8326720510204,2185.896931983312,1997.9210303458008,2390.4684877888712,2033.3124415170284
54,At most primary school,p99,2023-2024,47734,53042,2263.301783494644,2256.2067983861843,2267.2423709166073,2286.8097922401116,2343.3425650479744,2420.668416852054,2465.045125068086,2557.337471563415
55,At most primary school,p99,2023-2024,47379,56255,2255.554932916834,1929.843939797944,2294.5479466993115,2005.105161022724,2384.9966159409587,2156.501993896839,2508.503275009322,2207.6370041181526
56,At most primary school,p99,2023-2024,50129,52884,1818.9423420907394,2090.2365176612966,1877.4609640460947,2109.857196883746,1921.5235076835102,2391.0849626856266,2045.5118577403634,2578.1820304818093
12,Secondary school or above,p99,2023-2024,15762,59730,645.8503573996533,790.7807146046097,714.0193714841603,848.7947444053798,715.9396015734045,880.5052262961103,715.9396015734045,889.5526061722195
13,Secondary school or above,p99,2023-2024,27249,81438,632.5845719108958,939.5269775780348,644.6547396234723,1037.3298460178296,651.6717555384295,1092.82254189281,685.9849413434132,1126.7607116252036
14,Secondary school or above,p99,2023-2024,46421,81791,773.872643846535,1134.012140700077,785.8088365179552,1231.6876795735473,789.0585510867926,1385.079561524699,789.0585510867926,1402.3399365455857
15,Secondary school or above,p99,2023-2024,55942,103961,1212.2814164670551,1641.3775518383495,1289.1220728611777,1771.7201610860482,1304.8917092703157,1855.3791365672382,1317.119254465935,1876.0614276828169
16,Secondary school or above,p99,2023-2024,78550,113046,1500.8196690006366,2422.4207999398477,1540.8953787396563,2571.7954615820113,1556.5525610014854,2700.1241581598056,1582.040785062593,2726.5413393662757
17,Secondary school or above,p99,2023-2024,99825,120586,2021.8490942482679,2533.2573267211783,2092.993376742633,2676.2948518070093,2105.544916937975,2832.0283380049646,2115.2186058936472,2889.9322406138913
18,Secondary school or above,p99,2023-2024,120204,113377,2146.3307564640113,3016.2554332007376,2216.7168001896775,3149.343978496521,2239.1960368761993,3269.6538664514555,2283.125246109392,3395.2143416801177
19,Secondary school or above,p99,2023-2024,92498,127682,2451.0551633548835,2906.5342948366515,2481.984156414193,3118.2234601066193,2486.6945645671617,3290.380292445294,2509.4948413299026,3351.9591968066497
20,Secondary school or above,p99,2023-2024,122199,124684,2607.2395355117474,3339.5318304674215,2664.9643941439786,3442.051929277213,2683.758396822669,3527.9676709388,2723.0701942459978,3666.353189529798
21,Secondary school or above,p99,2023-2024,126267,155627,2627.6152115490722,3123.4403252648963,2688.7074525938424,3232.5668907066256,2727.5991793844264,3353.196301627181,2771.484528155945,3449.15103955826
22,Secondary school or above,p99,2023-2024,112508,137962,2596.430093859992,3365.06908544865,2649.2185622355746,3487.5496743064514,2770.1210388002037,3620.470578251016,2849.4366104336286,3713.4683964908213
23,Secondary school or above,p99,2023-2024,106778,114033,2940.523088401481,3728.388994121585,3029.15718905892,3850.9645818900376,3158.7016528061336,4006.0613301997378,3175.7762780410444,4097.779929201781
24,Secondary school or above,p99,2023-2024,101638,124293,2854.9886263011867,3545.2488816747523,2891.7186977311635,3665.9376493446935,3011.3204542920303,3794.16454064187,3051.0455899040385,3938.4416117560922
25,Secondary school or above,p99,2023-2024,123702,118504,3083.6473601881944,3610.115638150048,3141.70389929023,3741.0374045039266,3180.154507068062,3930.553725331353,3266.4266206959737,4068.7587788879136
26,Secondary school or above,p99,2023-2024,99833,104112,2893.0567430943006,3713.4788577045233,2943.299368278358,3871.86401023257,2984.0833441847885,4067.13652284719,3137.799670449651,4354.189574688797
27,Secondary school or above,p99,2023-2024,88898,128315,3221.217579885562,3785.4901784670537,3276.443456733185,3946.6812395277248,3353.048086008684,4298.6276721349805,3412.3366301829064,4492.818722804556
28,Secondary school or above,p99,2023-2024,124836,96486,3282.507200780758,4199.400339600218,3312.264786733528,4348.84878807979,3601.609173235285,4492.246534903164,3665.643479578541,4622.039057479841
29,Secondary school or above,p99,2023-2024,69394,111860,3865.8193383673897,4108.551332022171,3898.3460697850915,4222.8084748793135,4217.1161243527295,4456.00653346445,4295.779313293176,4643.126758150069
30,Secondary school or above,p99,2023-2024,68315,96255,3565.1582778306374,4130.313438262948,3585.826081387689,4185.634346267727,3632.810882187904,4358.71363998407,3760.3153346019662,4445.433477914567
31,Secondary school or above,p99,2023-2024,89670,100057,3541.225095721348,4165.493530354365,3568.5529645738075,4244.055250174068,4374.982186535816,4427.288074131079,4440.21127095647,4593.737864417283
32,Secondary school or above,p99,2023-2024,72329,98794,3691.2304746367295,4700.9220018422175,3734.979040218999,4866.303654574165,3775.4753602750397,5103.252705967299,3861.062247968772,5199.000592141223
33,Secondary school or above,p99,2023-2024,74037,98495,4216.1328885107,4596.530152968848,4248.899208053631,4679.827731526135,4902.479231105168,4841.08942839738,4960.657259208234,4923.949979694401
34,Secondary school or above,p99,2023-2024,63316,83152,3830.4815107292525,4646.6677540327755,3907.0249594625902,4715.608609333911,4115.060395476657,4944.525553604644,4139.960368100744,5141.376942226285
35,Secondary school or above,p99,2023-2024,60200,79180,4926.422790697675,4756.66712027448,5008.449451827243,4813.036152858466,5146.3578128460695,5012.7850898796,5319.546074197121,5295.631768333755
36,Secondary school or above,p99,2023-2024,55532,68538,4033.201443912219,5527.781576157266,4071.1334470815627,5604.054081920492,4662.0780525943,5815.675135204801,4884.3667029820645,5907.98669959244
37,Secondary school or above,p99,2023-2024,52859,83857,4843.364072343405,4936.5131543381385,4961.686590741407,5015.931747896219,5047.800024593731,5218.965245397919,5175.410409454083,5375.816448438015
38,Secondary school or above,p99,2023-2024,80835,63693,4458.6873590235255,4702.261614306125,4483.00405352467,4806.25107939648,4644.185115770809,5014.217417926617,4748.287711593575,5099.21406852663
39,Secondary school or above,p99,2023-2024,51648,62903,5531.028523208385,5571.7866847898085,5659.602717756093,5713.002525051799,5950.2006111885585,6056.135338007196,6138.209524086122,6139.285161280066
40,Secondary school or above,p99,2023-2024,71053,65181,4134.775739002341,4791.617626302143,4171.995560825487,4887.809185192004,4303.772802227445,5210.987590964647,4348.689366857604,5346.799969827608
41,Secondary school or above,p99,2023-2024,51604,54930,4386.181116450922,5189.146853571212,4439.8630015761055,5233.473724133746,4608.465936103145,5567.22631834456,4717.343697516989,5668.033406153286
42,Secondary school or above,p99,2023-2024,40415,58122,5421.655693018269,4886.703305116824,5479.494119345128,4963.430688895772,5556.303967173904,5132.427941800581,5592.014916079013,5206.602924308639
43,Secondary school or above,p99,2023-2024,43430,49751,4419.849685317369,5655.175381734371,4489.080631667818,5785.2965853282685,4726.733751630977,6141.766304529892,4805.591837439558,6434.163810777673
44,Secondary school or above,p99,2023-2024,31664,41715,3296.4593439447535,5202.756610332015,3328.490357082702,5290.99681169843,3896.1076301162207,5691.44269447441,3991.0624684183936,5748.548451795917
45,Secondary school or above,p99,2023-2024,39091,42691,3993.810480673301,5861.934714967245,4148.864073571922,5924.777702950661,4276.2746881208805,6176.362424164344,4322.5433518371665,6208.27413076917
46,Secondary school or above,p99,2023-2024,35192,39448,4111.465233575813,5059.304795764889,4220.313835530803,5098.252220222403,4374.7007227021295,5400.002598357331,4416.432271538986,5443.475355742581
47,Secondary school or above,p99,2023-2024,23415,38946,4117.579183571785,5354.7339435799995,4166.291547441099,5432.469012649994,4402.712645028116,5820.742134408326,4467.187525802548,5860.355821736079
48,Secondary school or above,p99,2023-2024,34113,29098,4320.019694349173,5440.1857344147365,4391.380759045916,5537.225393497835,4570.653323757317,5765.92152381607,4721.851791594602,5973.003339290215
49,Secondary school or above,p99,2023-2024,27722,30085,3663.5650626457928,4715.149337986815,3684.2116970877523,4779.974067918675,4068.4642762667436,5054.548191235943,4163.842195127817,5292.684028585674
50,Secondary school or above,p99,2023-2024,21544,22973,4896.639443309816,5394.939058895225,4915.80487219953,5478.843120184564,5074.091015286545,5945.480977669438,5185.247253682387,5999.815080021474
51,Secondary school or above,p99,2023-2024,27779,24232,4742.0873441568565,4717.851319192253,4766.681462015671,4770.056667492022,4931.1114270972075,5260.67720369759,4976.33023746955,5332.596566523605
52,Secondary school or above,p99,2023-2024,20182,23222,3480.003253724441,4445.721661212069,3491.4213490569155,4477.54880788333,3998.9462061903346,4673.857911319726,4022.754550259307,4941.772704762725
53,Secondary school or above,p99,2023-2024,20779,24681,3179.659030752202,5174.54250908256,3189.072380769046,5220.3564550328865,3697.0928501532,5521.08069635212,3786.760302869885,5621.718947098308
54,Secondary school or above,p99,2023-2024,24078,18179,3934.790451864773,5077.710238003558,3946.1369092117284,5120.611277664705,4057.792777639339,5968.2660808258615,4095.495244621646,6089.707157526083
55,Secondary school or above,p99,2023-2024,21099,18650,4164.172681959651,5392.28435210009,4330.436485931403,5416.885156389634,4755.936114665782,5830.2122341376235,4842.914960424665,6115.544137622878
56,Secondary school or above,p99,2023-2024,19710,15848,4894.45539489261,4926.9667465926295,5163.181929646542,4957.462708228167,7060.086419753086,5455.429907033485,7072.100625739895,5480.363442285041
12,At most primary school,p90,2023-2024,53821,77080,712.5635904200963,746.740295796575,763.2910945541703,827.5123378308251,776.5451063091854,863.7642049385919,776.5451063091854,885.5337949749178
13,At most primary school,p90,2023-2024,60950,85125,935.8210336341264,1129.282782183064,952.244659557014,1227.0309407733723,952.244659557014,1255.240320117474,952.5334208367515,1261.537725893294
14,At most primary school,p90,2023-2024,74525,67998,1011.7293167840769,1297.9161642009078,1070.5187163144358,1400.262556741865,1071.0160885608857,1442.3475813014109,1074.4626501174102,1458.4653298626429
15,At most primary school,p90,2023-2024,60416,65741,1148.6914117673023,1358.9421112142093,1198.3583046433616,1460.139628745126,1201.6576513947741,1494.2651364191802,1204.2987839865818,1504.1929845910468
16,At most primary school,p90,2023-2024,59413,55492,1366.9353929274737,1436.921850597083,1467.7184875363976,1571.6582089910858,1471.4774852866094,1614.1444757802926,1474.87741459501,1626.8922592445758
17,At most primary school,p90,2023-2024,44088,62724,1162.852325651727,1730.6406160321408,1204.704530333273,1922.2887889802946,1207.6308746144075,1995.948638745403,1208.073171838142,2021.6004360372424
18,At most primary school,p90,2023-2024,56259,68450,1338.5494380158434,1673.6859252495738,1403.6840120395552,1875.7544131969807,1410.4002707714915,1937.5011188215242,1426.7359800209745,2013.0888957876793
19,At most primary school,p90,2023-2024,60060,68431,1422.0219918969917,1861.0300667825986,1472.5173298923298,1997.7700968859144,1476.7414391164389,2056.854846487703,1517.9465950715949,2112.4865533651905
20,At most primary school,p90,2023-2024,67684,70363,1587.3026933987353,1829.8980287935422,1666.1185139767153,1960.9193041797537,1870.8958616512027,2036.6759400063481,1916.4720982802435,2093.139327487458
21,At most primary school,p90,2023-2024,69768,80132,1675.5165739785193,2095.712324664304,1704.7029631540727,2204.0935581290873,1752.9243301609142,2268.831573736668,1768.861197110423,2430.8475806585802
22,At most primary school,p90,2023-2024,58737,73806,1691.2486394152463,2022.8664731412982,1722.308278143816,2141.7667658004316,1780.118431879962,2243.6134088014524,1805.5566848834635,2376.9729459664522
23,At most primary school,p90,2023-2024,68463,68424,1600.2936622701313,1756.0841651564754,1657.284255729372,1839.4305786955845,1675.0991703547902,1886.155552145446,1714.3815467235345,2017.5714296153396
24,At most primary school,p90,2023-2024,68802,75101,1466.5960194955571,1871.9614152940705,1534.2553171903917,1977.6405007922663,1542.9956820538162,2022.5273753567417,1544.1274320998418,2110.3475109075334
25,At most primary school,p90,2023-2024,58240,64854,1729.9894774496338,1698.1378326703057,1759.7377604166668,1825.5512227464767,1787.730033768315,1893.5419493529055,1838.7327810210625,1938.0060687595728
26,At most primary school,p90,2023-2024,69633,66847,1845.3479863474693,1938.917595404431,1896.6563889726613,2088.956520113094,1918.2701413123086,2192.273703382351,2001.9129543463587,2228.0657608668553
27,At most primary school,p90,2023-2024,73456,88837,1846.5720567414508,1906.5552538169156,1897.7460112175997,2050.1816707377934,2086.233314274305,2101.186296250436,2129.7643623393596,2324.17467571695
28,At most primary school,p90,2023-2024,77205,68833,1629.936070634458,1926.8885442544517,1669.8821881138958,2015.46430006925,1760.7358245364073,2110.3776434752713,1789.6877058912419,2270.973336432622
29,At most primary school,p90,2023-2024,63566,77539,1733.2530991410501,2257.602720351479,1790.173732813139,2365.2095504627778,1849.8166761056748,2453.131612263936,1883.3959060923553,2661.16498901628
30,At most primary school,p90,2023-2024,90738,90384,1598.9297464494848,1729.7719858234495,1688.40018882203,1795.6922261314687,1722.887375373787,1889.7077275845281,1827.9014451865078,2014.399597827049
31,At most primary school,p90,2023-2024,71389,89194,1787.6731709366989,2101.4661374830894,1808.1826331787809,2170.975745752704,1855.6546993701177,2288.382395863698,1915.14638576438,2337.450905703672
32,At most primary school,p90,2023-2024,75168,72141,1935.1831807861502,2242.8135988319173,1973.2778753370228,2368.763682695462,2039.5746261707109,2456.6168683550272,2080.867552238541,2499.1645643023157
33,At most primary school,p90,2023-2024,72977,73429,1835.2688278498706,2226.100212450122,1873.3635700289133,2347.3527557232155,1949.1399961631748,2460.096721549615,1997.852923980615,2548.7298229128364
34,At most primary school,p90,2023-2024,72166,71529,1981.4825852894714,1943.0236990125215,2030.688818141507,2056.132857535638,2257.7263947011056,2164.942554767996,2450.4707895684946,2222.529221248258
35,At most primary school,p90,2023-2024,71771,84860,1802.9523623747752,2080.668591405452,1840.837441306377,2141.0354898263804,1870.7481050842262,2289.738726529971,1941.9688952826814,2372.5848259879012
36,At most primary school,p90,2023-2024,87409,81825,1845.5305470069827,2145.4263366941645,1873.5953915882044,2222.9145126794992,1943.266010937089,2354.3386291883085,1986.4179365587834,2454.213638863428
37,At most primary school,p90,2023-2024,77912,104093,1854.2706236951092,1958.1918628854328,1905.9849937536367,2011.53320188037,1992.7082627408702,2093.8561886966463,2027.1098953520213,2212.0846798856155
38,At most primary school,p90,2023-2024,96600,70444,1626.8736404416838,2161.4504760282402,1655.3718806073152,2221.3655149243846,1759.0151043823325,2280.956437027994,1890.3765122498273,2388.3031710767896
39,At most primary school,p90,2023-2024,60322,90677,1762.785773294431,1973.9409203362852,1785.929070930451,2097.5314559737676,2108.153860393665,2247.04590928975,2220.7654890973995,2317.5351182402005
40,At most primary school,p90,2023-2024,81222,77351,1807.4204382228133,2020.8106714845314,1845.5417107844346,2067.2787843725355,1867.2429432091471,2211.0509506448957,1915.9273718943145,2378.1777018612124
41,At most primary school,p90,2023-2024,94883,66449,1911.8796904257524,2114.3518437699086,1935.9335040699248,2217.742112998941,1984.6342530625436,2312.702904984775,2109.565765205569,2454.7930794042545
42,At most primary school,p90,2023-2024,51555,76994,1955.72190217567,1868.181340970292,1969.940697636828,1928.3666800876258,2401.7233326867745,2062.5379629148592,2465.5214124074614,2133.3441296291485
43,At most primary school,p90,2023-2024,70431,76607,1888.981307946785,2039.478365771622,1900.0832374948532,2078.5359453661763,1952.494841286744,2188.7865860822117,2017.33182121509,2459.0337915160057
44,At most primary school,p90,2023-2024,62416,64416,1703.412466354781,2139.7502781400067,1729.9540582542938,2192.8141132120386,1775.529291367598,2288.4457109517307,1898.2532029714605,2338.1837729239114
45,At most primary school,p90,2023-2024,76457,75217,1798.4349329252607,2187.943569937647,1815.3490153506764,2250.580181341984,1897.4189479053584,2377.7929069669535,2054.015335417293,2506.5559614182966
46,At most primary school,p90,2023-2024,59427,64928,2064.3270987934775,2065.4574631386563,2086.6173035825464,2099.988512916872,2125.577147873301,2267.452363900526,2307.598451321229,2360.504565313373
47,At most primary school,p90,2023-2024,64695,73835,1739.632627457042,2239.4079546737094,1758.6322410284154,2265.217584253177,1879.8487982069712,2388.7497110674703,1940.1456784398588,2554.467776122435
48,At most primary school,p90,2023-2024,70349,58688,2173.9613391803723,2178.671380861505,2224.570587357319,2229.6855575245368,2302.8596651456787,2341.3173505089057,2389.5525581979373,2404.1885223555073
49,At most primary school,p90,2023-2024,48724,80788,1783.344166461429,1877.1106032661614,1817.2818563062694,1920.4994729002656,2319.108199586788,2007.4172752554007,2454.1120991024272,2128.043894720338
50,At most primary school,p90,2023-2024,70084,57976,1749.576598557921,1857.6664826824892,1766.1430759279342,1910.8719987581067,1869.1728568574854,2130.744092383055,2051.781631090311,2148.3385567591185
51,At most primary school,p90,2023-2024,70677,57291,1686.429017454995,1762.186407987293,1691.1929434846793,1799.7416260843763,1754.339930246049,1963.235135827035,1941.3902294947438,2211.8111192566603
52,At most primary school,p90,2023-2024,38284,56589,1511.182783059938,2071.046510805987,1546.061583603246,2115.305289013766,1582.1466974889422,2278.0634899597685,1642.428712604047,2411.6908380309483
53,At most primary school,p90,2023-2024,52028,59376,1590.0330078675584,1666.3026082367737,1622.6224789216062,1703.724967439145,1686.6751684990131,1847.0368695544778,1800.4248161246508,1884.2407341911437
54,At most primary school,p90,2023-2024,41642,50314,1926.678129452636,2024.2756687999365,1931.195203560508,2056.537941725961,2003.2154395402079,2181.7650985146615,2096.031586699326,2325.381189463503
55,At most primary school,p90,2023-2024,44606,52577,2094.0451321944734,1704.1171836861492,2118.133147259711,1784.0517558374702,2207.1167107564006,1939.6824593770407,2332.382863291934,1994.3945958625761
56,At most primary school,p90,2023-2024,46869,47396,1602.8022929157155,1888.6718851098547,1662.9588996280413,1910.5644498832532,1709.7416611548501,2059.2908719441866,1835.2762077990428,2260.530428024869
12,Secondary school or above,p90,2023-2024,14835,56957,603.5789237164364,780.9413022104394,666.8266486911583,838.1763742823533,666.8266486911583,870.8161361494929,666.8266486911583,880.3039954117434
13,Secondary school or above,p90,2023-2024,26784,79336,631.5911364994026,920.6312981076267,643.870855734767,1019.230546872374,649.7589481282357,1075.9729357836711,684.667848964556,1110.8102941917919
14,Secondary school or above,p90,2023-2024,45745,76943,738.1028964914199,1068.6819723691565,750.2154771013226,1158.0218733348063,753.5132145589682,1254.922533563807,753.5132145589682,1271.0855806679403
15,Secondary school or above,p90,2023-2024,51084,98834,1064.1469018348864,1559.50147047912,1127.8091052645318,1693.848031379215,1145.078406807089,1774.7582233846651,1153.198366089839,1795.481371963764
16,Secondary school or above,p90,2023-2024,64667,99503,1189.7440992572203,2224.688562991401,1235.3430446234813,2373.9781120502234,1248.4982087721198,2496.4699380923194,1276.2088906758213,2518.078499308229
17,Secondary school or above,p90,2023-2024,85068,103344,1761.2678484663252,2359.0317265637095,1843.2349571323336,2502.4438549891624,1856.8949017256784,2633.1916632799193,1866.792975423583,2678.3853852183
18,Secondary school or above,p90,2023-2024,104147,96101,1966.7099844450631,2731.1869812315517,2038.375265250079,2858.133214881566,2061.8378789915537,2981.1072864312896,2112.2710807800513,3110.255821132628
19,Secondary school or above,p90,2023-2024,82199,108778,2330.36179069494,2556.903139881226,2358.650091039226,2777.309646711651,2362.2484113756454,2933.528477725275,2382.156196141884,2993.5956236555185
20,Secondary school or above,p90,2023-2024,97603,106697,2252.2199881151196,2810.737347348098,2321.414275175968,2925.7348261900524,2339.257647476683,3019.4898989662315,2382.2300526964677,3159.3800552030516
21,Secondary school or above,p90,2023-2024,106828,132036,2391.1415148650167,2728.0331689842164,2440.1259945894335,2836.4415197370413,2472.903683959262,2927.750676583154,2522.3788964503688,3019.6585501933814
22,Secondary school or above,p90,2023-2024,94084,113684,2308.853666227343,2943.03228979745,2360.8255743094824,3068.524944876441,2412.7121862732597,3182.3786717274784,2442.736845088786,3266.3455594748016
23,Secondary school or above,p90,2023-2024,89457,94080,2485.88628428556,3319.243243339002,2570.004598112315,3435.4634814342403,2714.4139651825276,3569.5314909297053,2732.0074570277716,3641.1136231575965
24,Secondary school or above,p90,2023-2024,81014,107741,2388.2757918384477,2973.9246773899135,2426.079640555953,3098.5430585075937,2542.804321886752,3201.296699182917,2582.8910147217352,3301.3021134015835
25,Secondary school or above,p90,2023-2024,99305,104449,2722.5247394391017,3220.0333687573197,2785.346450329792,3361.5050726510863,2827.4266116174076,3529.9865843617454,2888.073178591209,3665.58531356611
26,Secondary school or above,p90,2023-2024,88087,86282,2516.416996832677,3084.2316126190863,2559.0631534732706,3246.046997056165,2582.6623981593957,3439.4624274665243,2732.564903636935,3768.7547557234802
27,Secondary school or above,p90,2023-2024,71836,106030,2741.129778244891,3169.504594611588,2789.3168989086253,3318.5572306579897,2827.572996130074,3563.2282121412177,2900.750785353676,3767.259926435914
28,Secondary school or above,p90,2023-2024,98927,77047,2730.9002058757133,3260.36984351543,2752.204986168252,3359.0460152028418,3025.7972562259715,3495.6125481848744,3105.4312624460463,3615.8068451724275
29,Secondary school or above,p90,2023-2024,52939,97269,2850.2339736929925,3494.2922376776432,2865.765245534168,3599.6072506828145,3181.0066082346348,3751.5934316174735,3271.0300943853617,3908.8545836803096
30,Secondary school or above,p90,2023-2024,55225,79378,2818.1966304511843,3223.629994036971,2840.8617458880335,3271.0286939286284,2894.5406352799155,3461.4328035895755,3052.267510185604,3541.032331586418
31,Secondary school or above,p90,2023-2024,74586,80989,2928.2591371034778,3231.644059687118,2958.885394041777,3293.2132851374877,3505.7195854449897,3446.9530111085046,3541.417866623763,3619.303371445505
32,Secondary school or above,p90,2023-2024,59864,81685,3058.766309189719,3677.3482544734857,3109.203800837454,3796.4171777764177,3157.84140718963,4031.859869213034,3261.24936522785,4121.778581338884
33,Secondary school or above,p90,2023-2024,62899,77909,3151.673375835334,3609.3897356745265,3168.5404166467933,3693.0179429419795,3317.1687069746736,3851.6809878619074,3379.5310126817067,3956.435894227026
34,Secondary school or above,p90,2023-2024,52778,66521,3052.0397956219135,3725.2036913155243,3134.6011848371168,3801.806568602396,3190.351465888565,3970.224187349358,3220.2231295868232,4188.263653583079
35,Secondary school or above,p90,2023-2024,42890,65281,3727.7656096992305,3789.2782483928454,3804.7539519701563,3850.574490791093,3874.111222507189,4036.644263517205,3951.0817673117276,4321.735637730223
36,Secondary school or above,p90,2023-2024,42432,51090,3113.064308776395,4011.82108207738,3162.3440976150073,4109.919829386051,3550.6379756630217,4259.783476870882,3800.862648865636,4303.310259672474
37,Secondary school or above,p90,2023-2024,42330,67897,3333.2382786046146,3864.017359628064,3392.632561619025,3941.2416847087006,3418.9583353019925,4084.806545208183,3541.7966454051502,4257.454575803546
38,Secondary school or above,p90,2023-2024,58636,51299,3384.661143893399,3965.559794862798,3409.620895581782,4073.510047304366,3597.7367714941906,4213.085867495793,3730.2128385292317,4296.437557262325
39,Secondary school or above,p90,2023-2024,35514,48017,3629.6458110416547,4021.639787297554,3762.82146008147,4154.097875058139,3995.7892098890575,4495.516365731581,4182.963216384149,4549.1669478170925
40,Secondary school or above,p90,2023-2024,56663,51471,2947.5792830712576,3969.137446329001,2981.4417682908893,4044.035194575586,3078.803097553371,4297.352920414732,3120.9297645730016,4410.106768860135
41,Secondary school or above,p90,2023-2024,39425,43185,3175.577180300148,3903.510030488981,3226.679272880998,3941.3246652001076,3424.202735151131,4153.717780093396,3554.099873176918,4252.9150322256955
42,Secondary school or above,p90,2023-2024,26925,41872,4455.512033426184,3917.356292192077,4506.495877437325,4004.5111689593678,4564.161739399567,4201.034103935804,4581.010690188796,4265.163155967392
43,Secondary school or above,p90,2023-2024,33351,36116,3329.2062257003786,3333.9521080222985,3405.290900822564,3360.896121755824,3537.6929777218074,3619.1401594861004,3625.1295363457366,3913.4178572747073
44,Secondary school or above,p90,2023-2024,23692,29628,2368.8873600090046,3653.1137887583814,2409.7197084810628,3741.536564511048,2752.742669818223,4066.686760271815,2876.5474703134673,4136.3562170919395
45,Secondary school or above,p90,2023-2024,25343,29611,3187.4906154230625,4422.451141467698,3228.5867760985943,4495.003571307961,3313.034158018651,4664.024768385622,3375.660261216115,4690.703232469916
46,Secondary school or above,p90,2023-2024,26649,29459,3482.7410784644826,3813.183158514093,3623.0165109384966,3855.8926191203595,3786.856930216268,4142.222170361067,3819.0457553128945,4191.638873802008
47,Secondary school or above,p90,2023-2024,14405,27106,3299.2533379613556,4128.314801151037,3378.4341779474717,4212.065631225559,3741.6066874927683,4691.418972429228,3821.433136642369,4710.878673848349
48,Secondary school or above,p90,2023-2024,21086,18205,3463.5727536438076,3611.3518355763067,3569.037991242214,3658.9025084683694,3728.2953183787026,3856.539238304495,3750.2293030130572,4114.554435594617
49,Secondary school or above,p90,2023-2024,20330,19466,2512.4089194949993,3229.8038545840614,2540.5626824069523,3257.6267252303164,2996.3890473848173,3548.6895612863455,3105.410198393179,3580.783982328162
50,Secondary school or above,p90,2023-2024,12664,13986,3614.479311433986,3664.187127603794,3639.77937460518,3738.0781614948282,3787.973731311855,3938.5286119452785,3977.072752158349,3995.487904571238
51,Secondary school or above,p90,2023-2024,14178,17612,2150.302816570273,3568.6553202362024,2153.9704706822777,3601.5692425618895,2261.470353129261,4089.0794250132485,2324.6198335449285,4183.302114088879
52,Secondary school or above,p90,2023-2024,14757,15373,2702.084773327912,3181.357471974674,2703.087687199295,3224.3933140354297,3386.308079781347,3371.303914872395,3415.309005895507,3647.9664617619633
53,Secondary school or above,p90,2023-2024,15181,16530,2456.5087938870956,3559.341641459972,2467.3117712930634,3616.6419439403107,3154.33880069385,3939.7343012704177,3177.4071097643982,4033.680258116556
54,Secondary school or above,p90,2023-2024,16068,11662,2785.7180628163637,3682.1616718115815,2794.306561696125,3708.0489981706964,2954.673958592648,4682.40731292517,3011.1713447016846,4871.7125207225745
55,Secondary school or above,p90,2023-2024,13968,12717,2867.9899770904926,3257.348889937354,2871.512313860252,3281.7980524756886,3262.806701030928,3731.0431574532777,3337.811473844979,3920.745131189222
56,Secondary school or above,p90,2023-2024,11694,8812,3691.0585200387663,3225.2748051898925,3979.291802063736,3262.6556494931156,4406.593908557095,3823.255305265547,4426.843609258309,3846.062840444848
12,At most primary school,p50,2023-2024,33937,51972,595.2214397265521,571.55531504143255,673.864366325839,630.23266053516,674.4061790965612,656.2409470484107,674.4061790965612,678.4759966905257
13,At most primary school,p50,2023-2024,32090,53586,589.0179806793393,830.983322758432,599.5147086319726,918.4187536545616,599.5147086319726,935.4657761977631,600.0631660953568,945.4696329265107
14,At most primary school,p50,2023-2024,42830,42278,781.2212390069267,1025.1860305596292,877.7708537629388,1145.1027721273476,877.8321425791892,1177.6543355882493,883.8292240641296,1197.8139457874072
15,At most primary school,p50,2023-2024,32323,43950,774.115397704421,998.6754645430412,833.7891594220833,1076.1742358740992,834.2898348956883,1104.078653773227,838.4066144850416,1109.9732309442547
16,At most primary school,p50,2023-2024,33588,31774,989.4649130641895,1038.440339061287,1136.2175032749792,1196.1781120832547,1139.8596770672066,1245.704192106754,1139.8596770672066,1255.6389395942174
17,At most primary school,p50,2023-2024,24105,36720,1018.3779298900643,1003.0762708787217,1050.6799419207632,1212.1370007262162,1053.2319712369494,1291.7346654865648,1054.0409320334647,1316.0347744190267
18,At most primary school,p50,2023-2024,34700,38740,1003.7362247838616,1052.5990363104456,1088.1722766570606,1222.3325933574256,1091.5891834774254,1261.7716313887454,1103.2496061479346,1318.4959473412493
19,At most primary school,p50,2023-2024,37832,33127,914.9615404948192,1268.0291001298035,959.263718545147,1426.9185860476348,961.066425248467,1521.1275143136013,1017.4177063508846,1632.76656000644
20,At most primary school,p50,2023-2024,37244,40398,1189.1246733254575,1206.4285236892915,1258.4464432749796,1263.65474775979,1610.952327891741,1314.012830668185,1671.6815728707982,1385.7907239632325
21,At most primary school,p50,2023-2024,39960,40557,976.3109776443109,1414.5660428532683,1009.0931598264931,1514.584288778756,1037.9524357691023,1577.9695654675313,1040.7285452118786,1854.5383452096228
22,At most primary school,p50,2023-2024,34668,44318,1100.3334294834815,1362.7826146637183,1152.956886273605,1497.5093622606314,1203.7309911157265,1585.4847522451373,1227.369505019038,1697.4208354017178
23,At most primary school,p50,2023-2024,40294,39630,1193.248457173111,1385.9576751619143,1217.9428285435386,1462.9045588358986,1237.4376664846711,1509.8404870047943,1259.417514601016,1618.7966649844393
24,At most primary school,p50,2023-2024,43055,46656,1041.1892772809972,1304.7680719878829,1063.8650408392366,1408.6122720907636,1076.6151182595904,1458.011152549154,1078.1759125924207,1591.6541280864196
25,At most primary school,p50,2023-2024,38288,40261,1095.8277049380135,1203.238825000207,1127.6381938640477,1268.5422203455785,1148.8773114291682,1352.213970509095,1205.0454755188744,1385.5262743929195
26,At most primary school,p50,2023-2024,41876,42065,1331.6252666602986,1362.1667894924522,1368.1172429713122,1491.9751812670866,1395.858640191677,1629.510553112247,1508.7347506129206,1679.2896648044693
27,At most primary school,p50,2023-2024,42180,51480,1171.3167852062588,1246.5334757834758,1190.799573257468,1367.0765993265993,1249.768018018018,1425.2530918155917,1291.2564801643748,1702.3061609686608
28,At most primary school,p50,2023-2024,50742,46590,1307.2291921222393,1406.0278994061673,1354.897001826232,1463.2704407240467,1487.5392574198888,1570.6719610789155,1531.5901422884394,1785.1657723402734
29,At most primary school,p50,2023-2024,39598,47171,1174.1372922874893,1447.6253029756986,1229.9085181069752,1523.4217881042732,1269.843826287523,1635.4388201084003,1306.51823745307,1781.2805448969355
30,At most primary school,p50,2023-2024,55522,62085,1188.833351344212,1452.5517623687956,1267.0761199764659,1517.5113339239217,1283.3975781371948,1606.0655740785483,1321.3531032743776,1707.1391023059784
31,At most primary school,p50,2023-2024,48116,53917,1278.8541441516336,1600.3227924402322,1291.4381079058942,1636.0553072314854,1339.4314988777123,1736.7796458754506,1413.8173996175908,1787.3308016642864
32,At most primary school,p50,2023-2024,47764,46005,1352.715071322893,1682.6715755533817,1388.0109008179102,1872.7572184182877,1463.819599140217,1993.796516682969,1517.8053066465677,2042.4745589247543
33,At most primary school,p50,2023-2024,49575,42367,1301.228764498235,1556.3678413230423,1313.813736762481,1639.3523103673456,1416.3972213817449,1720.8786555573913,1478.2124508320726,1809.3903116419226
34,At most primary school,p50,2023-2024,38373,46168,1386.5625287745722,1385.9372870097613,1423.6718764930201,1505.8204311788827,1829.1836186902246,1618.3317846415987,2167.604209557067,1660.4735278403512
35,At most primary school,p50,2023-2024,43842,50124,1159.2897373903259,1353.0673429893864,1165.7230661618235,1415.2211016678636,1194.4157371926462,1496.0866883462347,1254.3793185377797,1554.5195082861171
36,At most primary school,p50,2023-2024,55935,48827,1196.607610023539,1515.626405472382,1229.3892315485234,1565.6704384869026,1312.1218229492565,1708.6100347485337,1335.593114031167,1825.8679043698498
37,At most primary school,p50,2023-2024,51805,65983,1216.7054563587812,1416.7412730046628,1266.281945114693,1465.2446753961879,1341.7677412090209,1553.913436036555,1361.5599105620436,1685.7351426377502
38,At most primary school,p50,2023-2024,59593,42230,1139.804826070176,1501.3689083589866,1157.0701089054082,1562.4163864551267,1256.8933893242495,1620.3315237982479,1424.7989039540437,1681.5573506196229
39,At most primary school,p50,2023-2024,37093,52219,1085.7135847734073,1424.8248242976695,1085.7135847734073,1517.1073076849423,1232.1181175244205,1720.6076300452582,1319.3490955166742,1815.906595300561
40,At most primary school,p50,2023-2024,49533,44751,1251.6636282882118,1406.8416553075162,1272.0834292289987,1433.5999400385838,1293.2009165606767,1567.4278247041034,1329.7274073176804,1690.0189027433278
41,At most primary school,p50,2023-2024,43720,32861,1312.3414493748094,1396.8298286722863,1316.6911291552303,1551.4012050759259,1335.4542619701128,1631.1005700780054,1534.4347438243367,1673.8204102127143
42,At most primary school,p50,2023-2024,28725,37820,1202.578021467943,1189.9115547329454,1208.844340005802,1228.2722104706504,1220.8115433710473,1335.5926537986954,1322.4691006672467,1472.2042349726776
43,At most primary school,p50,2023-2024,35273,39861,1229.2740292386056,1375.9921142637331,1242.3072274355268,1424.617086040658,1283.9474810761774,1578.5827835060168,1394.8453349587505,1763.084761211878
44,At most primary school,p50,2023-2024,35451,30059,1164.707591699341,1173.2396619980705,1195.5366233204518,1175.7706843208357,1236.4729626808837,1253.0290761502379,1398.61325961656,1265.3637069319227
45,At most primary school,p50,2023-2024,34306,33603,1045.6762714005324,1257.1301074308842,1052.8164218115392,1297.031306728566,1111.6161458636973,1453.6632542729321,1182.0797188052625,1567.0099792677242
46,At most primary school,p50,2023-2024,28697,36662,1044.3936183805508,1241.4804384194354,1058.675250606916,1260.500131834961,1101.9698458607752,1339.0551411088686,1398.6303562509438,1437.7270629898353
47,At most primary school,p50,2023-2024,35209,34703,1319.3800259403372,1206.9503597191406,1326.863339865754,1227.8875697586184,1490.638345309438,1328.6069480064164,1562.6485320988004,1636.373615633615
48,At most primary school,p50,2023-2024,31080,28216,1076.938492063492,1306.0077142992154,1084.4919026169025,1351.1034046876475,1126.8055555555554,1519.2691321708721,1225.9451415701415,1590.6234465078915
49,At most primary school,p50,2023-2024,21674,32387,894.9515548583556,1058.3791644795751,922.2497001015041,1072.5240374224227,1294.428389621974,1149.0114243369253,1401.4844629510012,1379.174761478371
50,At most primary school,p50,2023-2024,38636,28523,947.834610208096,1077.1136626582056,950.3405632053007,1120.2012761630965,979.4359880249852,1400.519615748694,1184.7881638886013,1411.303310778436
51,At most primary school,p50,2023-2024,36234,30756,1020.3033844823462,1175.717919538735,1023.0190658865522,1201.4122881172239,1112.9007492962412,1320.3177591364288,1217.5640673584662,1635.081274114536
52,At most primary school,p50,2023-2024,15715,26976,841.1797009226854,1050.5552713523132,906.8876232898505,1081.3107577105575,944.7384027998728,1259.277314402926,1018.8885777919186,1351.5729352016608
53,At most primary school,p50,2023-2024,22793,27311,1076.8377425817869,1129.9046904177803,1110.3524181400724,1181.361612537073,1180.1435820939178,1266.4713973612586,1403.1711197882391,1292.2754079552806
54,At most primary school,p50,2023-2024,16732,21827,977.6871862299785,1374.3815916067256,977.6871862299785,1405.6135520227242,993.3463024942226,1519.676448129992,1099.210315562993,1681.1652769505658
55,At most primary school,p50,2023-2024,18771,21046,923.4095146768952,884.0635750261332,938.5925097224442,922.1563242421363,1030.8598369825795,1038.8540815356837,1101.466055795287,1149.9694161994362
56,At most primary school,p50,2023-2024,20026,24159,864.9207530210726,1364.3666128564923,898.4311894537102,1383.6807400968582,941.1502380239023,1542.370910771693,1107.9367488931057,1882.2635663727804
12,Secondary school or above,p50,2023-2024,5270,25518,254.35863377609107,475.90716357081277,327.1100569259962,512.8330198291402,327.1100569259962,548.3443092457612,327.1100569259962,548.3443092457612
13,Secondary school or above,p50,2023-2024,12039,31665,254.001162887283,398.93071214274437,266.55536174100837,445.5417969366809,268.0205997175845,472.93314648139375,345.68485754630785,492.5249144691826
14,Secondary school or above,p50,2023-2024,19861,27033,495.4113757279761,519.6663953932847,509.97207257103537,569.0131197671981,509.97207257103537,738.3493631240829,509.97207257103537,747.7822784497959
15,Secondary school or above,p50,2023-2024,18601,38569,731.0330089780119,975.4582717553822,853.6296435675501,1090.736681877501,899.6679389996954,1131.6126336349573,899.6679389996954,1162.5153015807168
16,Secondary school or above,p50,2023-2024,27086,30458,792.1224987078195,1177.6511370849475,853.7637524920623,1289.553264604811,869.2513352531444,1353.2590233545648,895.8948657362968,1384.2672970429226
17,Secondary school or above,p50,2023-2024,23781,29872,955.4828084044686,1190.8344268880558,1018.2976605973957,1322.755623995715,1046.5597185428144,1468.3086502410283,1050.3610725649328,1525.5093733261917
18,Secondary school or above,p50,2023-2024,31762,19768,1108.9200669563209,1458.1306994469176,1184.7255892785927,1545.5001854849588,1226.9432288059106,1725.5907569472547,1293.7106447956676,1932.1299448603804
19,Secondary school or above,p50,2023-2024,20482,27097,840.6137177358983,1186.2128279883382,885.2036015363084,1284.1748164003395,891.0759935553169,1625.6115221857278,924.5086010480748,1686.8310913877303
20,Secondary school or above,p50,2023-2024,29813,29829,1196.5423081653419,1503.3251868986556,1205.674901329398,1558.9440477387777,1224.9665414416531,1622.0708147552157,1298.172860832523,1741.7893213539396
21,Secondary school or above,p50,2023-2024,25662,33100,1265.0884446522746,1542.6617472306143,1391.6035253162913,1597.7759466263847,1419.110149897384,1758.1843303121852,1461.5490608682098,1802.0308559919436
22,Secondary school or above,p50,2023-2024,27507,28545,1171.2542261969681,1540.6554446196064,1191.7459192205622,1589.882279441817,1326.1610983870773,1726.94025807205,1348.2057900413229,1794.0646814970514
23,Secondary school or above,p50,2023-2024,23215,21527,1229.2061167348697,1872.6848376457472,1290.5558475123844,1978.8405955311932,1562.0075669466582,2050.885972654496,1578.8872137267572,2196.1926417986715
24,Secondary school or above,p50,2023-2024,23560,27969,1083.6095783814376,1619.6167065918219,1089.5034663271083,1674.1445767337648,1094.02295557442,1770.5802138081447,1211.0532328805887,1920.5992825390015
25,Secondary school or above,p50,2023-2024,27995,31038,1490.7665654581176,1870.0912591017463,1612.7022682621898,1976.737628068819,1716.4565845091386,2138.4523675279765,1828.0382002738586,2228.0291766007263
26,Secondary school or above,p50,2023-2024,30623,25564,1421.536307132983,1589.8323879935324,1435.6123284241694,1853.3909077869919,1462.6776061565927,2095.837779690189,1639.7169992053905,2820.717819329265
27,Secondary school or above,p50,2023-2024,20814,32146,1470.2045177925113,1487.8932059976357,1494.7485746773004,1555.5134386859952,1520.6846433490277,1682.8826551774196,1567.047668236123,1897.5886631825629
28,Secondary school or above,p50,2023-2024,29544,19371,1492.4737228089177,1634.6451912652935,1502.2111991154436,1727.0214237778123,1563.851464482354,1840.7180149020014,1636.538642928062,2051.36210486466
29,Secondary school or above,p50,2023-2024,13359,25742,1486.2074756094519,1603.133420091679,1510.1381590438407,1668.1108888198276,1653.3939541382838,1888.126220443892,1756.6077675474712,2042.579383886256
30,Secondary school or above,p50,2023-2024,15207,26381,1601.0585475986934,1848.9482582161404,1605.7905789000677,1895.2993821310793,1700.4969641174018,2108.607097279608,1793.590057210495,2215.935149034027
31,Secondary school or above,p50,2023-2024,22898,24710,1503.5351267941887,1664.4371374612167,1526.0095787113867,1719.382503709699,1625.2736337962558,1871.8262511803587,1684.3189652662531,2055.8779171725346
32,Secondary school or above,p50,2023-2024,22657,20721,1781.0183901958187,1722.3948329392083,1841.0859189948653,1727.2739410903594,1881.0834914890172,1813.379763685794,2143.366700504627,1928.9437969531716
33,Secondary school or above,p50,2023-2024,21479,24890,2037.7793038161303,1680.7754519887505,2041.5467045331097,1738.113338690237,2341.799082825085,1915.3012990491495,2485.3639601471205,1972.3791080755323
34,Secondary school or above,p50,2023-2024,13998,16844,1420.908415487927,2063.4182102430145,1530.4401343049008,2142.6167379086523,1550.7541077296758,2450.1340041953617,1614.0536267085774,3151.512932399272
35,Secondary school or above,p50,2023-2024,5086,13170,1508.3570258225193,1502.4061503416856,1562.7730698649889,1558.9072892938495,1580.881603093459,1662.7871614781068,1580.881603093459,1808.0794925335358
36,Secondary school or above,p50,2023-2024,7497,12373,1067.001467253568,1829.3688946361701,1088.109910630919,1846.3623481236025,1411.9408874660976,2095.139355855492,1467.438642123516,2160.3512419515614
37,Secondary school or above,p50,2023-2024,7973,16141,2202.9836113549895,1788.0498936455815,2214.316861072787,1806.3845693162339,2233.9982858815165,2006.6008921380335,2315.086542079518,2219.089792040972
38,Secondary school or above,p50,2023-2024,19676,10723,1764.3641153350954,1868.7630171904627,1789.6080673578642,1986.5863875159314,2161.327420885004,2210.1012620846154,2291.2106966185543,2275.8384624949485
39,Secondary school or above,p50,2023-2024,7887,9140,2296.7520392206584,1605.4230123997083,2408.1378639956047,1622.819073668855,2463.545496809095,2053.9733406272794,2815.0606483242464,2090.9809992706055
40,Secondary school or above,p50,2023-2024,15208,11110,1680.6238383307032,1614.1658715871586,1712.3834385411187,1727.3305880588057,1801.6348193933018,1974.471114611461,1905.961818341224,2073.1119786978697
41,Secondary school or above,p50,2023-2024,9612,10326,1251.360278818144,1812.4655884821486,1272.0635663753642,1839.039285944864,1399.837876265779,2364.489282716767,1409.610382854765,2550.673026018465
42,Secondary school or above,p50,2023-2024,2954,7925,2100.5839539607314,2084.4540483701367,2100.5839539607314,2084.4540483701367,2100.5839539607314,2418.77476340694,2100.5839539607314,2492.4374342797055
43,Secondary school or above,p50,2023-2024,5536,10686,883.8851156069364,1469.598633726371,883.8851156069364,1469.598633726371,1028.5428106936415,1582.0105121966435,1081.1674494219653,1650.0247364152474
44,Secondary school or above,p50,2023-2024,4252,6837,1434.2078237692067,1780.5841255911462,1434.2078237692067,1807.9294524889083,2093.685716525557,2153.180781044318,2093.685716525557,2173.730729852274
45,Secondary school or above,p50,2023-2024,6721,4701,1493.6646332391012,1936.7601928667657,1507.7875316173188,1936.7601928667657,1563.5704012299757,2144.2940509111536,1684.3857560878837,2225.4292703680067
46,Secondary school or above,p50,2023-2024,5040,5335,1445.9887566137568,1320.4245548266167,1445.9887566137568,1367.472352389878,1445.9887566137568,1763.279709465792,1445.9887566137568,1799.9713683223993
47,Secondary school or above,p50,2023-2024,2316,4197,1123.071387449626,1526.6545151298546,1123.071387449626,1526.6545151298546,1255.6275187104204,1631.4079104121993,1609.4703511801958,1631.4079104121993
48,Secondary school or above,p50,2023-2024,2027,3302,2045.6832757770103,2105.776700989299,2045.6832757770103,2117.2606501110436,2045.6832757770103,2950.232586311326,2045.6832757770103,3393.6002422774072
49,Secondary school or above,p50,2023-2024,4373,3658,1369.830017531824,1371.4158921086203,1369.830017531824,1456.7029342081282,1369.830017531824,2392.3918352469473,1794.3440811037426,2412.2569710224166
50,Secondary school or above,p50,2023-2024,2799,1636,1156.5880671668453,635.0855745721271,1156.5880671668453,635.0855745721271,1370.2715255448375,1144.763651181744,1487.7420507324046,1313.3638956805216
51,Secondary school or above,p50,2023-2024,4706,1899,1119.1372715682107,2172.2661049675266,1119.1372715682107,2172.2661049675266,1119.1372715682107,2214.1829032824294,1167.3877319733672,2214.1829032824294
52,Secondary school or above,p50,2023-2024,793,3735,1436.3366960907945,1420.7041499330655,1436.3366960907945,1464.6720214190093,1436.3366960907945,1603.9535921463632,1436.3366960907945,1603.9535921463632
53,Secondary school or above,p50,2023-2024,1490,1629,1638.993288590604,1820.2259054634744,1638.993288590604,1820.2259054634744,1681.5436241610737,2089.767546552077,1681.5436241610737,2089.767546552077
54,Secondary school or above,p50,2023-2024,3940,908,1352.9225888324872,1258.7665198237885,1352.9225888324872,1267.2687224669603,1558.1002538071066,1934.0455212922172,1694.7246192893401,2890.8737151248165
55,Secondary school or above,p50,2023-2024,2203,2288,473.93554244212436,902.6369463869463,473.93554244212436,946.4306526806527,473.93554244212436,1039.6197552447552,473.93554244212436,1039.6197552447552
56,Secondary school or above,p50,2023-2024,2473,1520,713.9911039223615,483.09473684210525,713.9911039223615,483.09473684210525,713.9911039223615,1140.9894736842107,713.9911039223615,1140.9894736842107
