education,age,n,weights_total,avg_labor_income,avg_add_labor_income,avg_no_labor_income,avg_remittances,year,sample
At most primary school,13,66,62415,282.98934550989344,26.08155090923656,6.069053913322118,0,2019,general
At most primary school,14,48,49631,442.6391301135715,22.377445548145314,22.283972382852113,0,2019,general
At most primary school,15,66,65257,498.129396080114,61.34912729668848,16.248703842755052,0,2019,general
At most primary school,16,66,63423,466.45724737082764,18.379136906169688,16.216514513662236,0,2019,general
At most primary school,17,82,78692,829.4404767956082,69.46354140192142,23.221759094528878,0,2019,general
At most primary school,18,90,84873,971.8618995440246,44.62526362918714,0,0,2019,general
At most primary school,19,86,82783,967.2209189487374,103.17673918558158,43.16476007553886,0,2019,general
At most primary school,20,76,70438,1080.0704638594698,103.45992220108464,11.329112126976916,0,2019,general
At most primary school,21,62,57460,1164.2689378118112,82.457361642882,0,0,2019,general
At most primary school,22,78,71500,1252.1196829836829,44.68377622377622,19.874032634032634,0,2019,general
At most primary school,23,107,99732,1304.8548476583912,87.61699354269442,77.12344082140136,0,2019,general
At most primary school,24,81,69842,1274.4680039708676,107.72271698977693,34.63191918902666,84.93981653828165,2019,general
At most primary school,25,69,58047,1391.5965108733728,43.65858700708047,29.13595879201337,14.1221768566851,2019,general
At most primary school,26,59,53835,1367.3863100213616,47.26664809139036,41.19485464846289,0,2019,general
At most primary school,27,77,67248,1286.0673526845903,60.97475017844397,31.369966393052582,12.714132762312634,2019,general
At most primary school,28,74,65766,1468.5229044389705,72.06489675516224,15.47623392026275,0,2019,general
At most primary school,29,73,64720,1638.3470488257108,63.88550679851669,20.783065512978986,0,2019,general
At most primary school,30,122,108923,1454.2532522974946,47.203253674614174,79.69098965936182,0,2019,general
At most primary school,31,61,50032,1864.8084825711544,51.483050847457626,63.859296716767936,38.679245283018865,2019,general
At most primary school,32,87,73493,1566.5969344019159,48.14635407453771,117.07922976791441,0,2019,general
At most primary school,33,64,57536,1362.8060924175008,54.86982063403782,25.823832035595107,7.708217463848721,2019,general
At most primary school,34,81,69018,1639.3785823987946,20.957895041873133,29.787881422237678,23.286678837404736,2019,general
At most primary school,35,121,100744,1864.612139019032,67.35016477408084,36.98971320045528,47.72625003308716,2019,general
At most primary school,36,84,70090,1894.2230132686545,20.02025966614353,55.87411423407999,60.61449564845199,2019,general
At most primary school,37,91,76294,1929.8603559912967,76.68047290743702,77.07864751269213,0,2019,general
At most primary school,38,115,90296,1947.2890087416204,37.01946930096571,65.66179564986267,3.162930805351289,2019,general
At most primary school,39,87,78646,1829.5640507251906,93.87953614932736,48.02850748925565,95.05887139841823,2019,general
At most primary school,40,154,134532,2195.8561123004192,32.29447269051229,69.33102657112558,51.4022686052389,2019,general
At most primary school,41,71,59123,2127.712554053978,75.45253116384487,90.18912549543607,41.15149772508161,2019,general
At most primary school,42,108,86924,1830.0296350835213,64.73770190051079,90.24786978663354,25.946037151227888,2019,general
At most primary school,43,87,72044,1842.4407167841875,59.90380878352118,61.02867691966021,6.017156182333019,2019,general
At most primary school,44,63,52805,2074.121162768677,62.037023009184736,85.48836442256099,40.14771328472683,2019,general
At most primary school,45,120,94947,2017.3168293890276,21.711481142110863,60.44389677047897,45.58802981312382,2019,general
At most primary school,46,77,58534,1921.4215470211045,67.04342775139236,72.88553091650438,0,2019,general
At most primary school,47,72,59660,2408.721812493016,51.43848474689909,63.67298022125377,45.79114984914516,2019,general
At most primary school,48,93,75697,2241.4857127759356,58.75080914699394,82.25050750580165,77.9079752169835,2019,general
At most primary school,49,83,67354,4153.717556987459,69.98233215547704,201.72848556383684,0,2019,general
At most primary school,50,124,106748,2015.2359669502005,29.552216434968337,51.59597057243852,0.6087545746368395,2019,general
At most primary school,51,42,34102,1768.4337135651867,42.65673567532696,47.05619416261021,7.719488593044396,2019,general
At most primary school,52,79,59760,1833.2844991075413,34.27225568942436,17.31892012494422,19.200133868808567,2019,general
At most primary school,53,81,67072,1574.0246998250636,58.560353053435115,68.81296715966921,0,2019,general
At most primary school,54,73,59823,3417.4139238531443,14.059642612373167,190.3949985791418,60.41990538755997,2019,general
At most primary school,55,79,64022,1690.7346485062428,35.96376245665552,82.03523788697635,67.48617662678454,2019,general
At most primary school,56,61,49325,2424.9805203581686,49.67095793208312,33.083797938841016,143.07653319817535,2019,general
At most primary school,57,67,53667,1856.8074794566494,63.707678834292956,126.35604747796597,48.82888926155738,2019,general
At most primary school,58,85,62841,1890.5471693109064,143.6474594611798,33.74044546288782,65.47821751192161,2019,general
At most primary school,59,55,41402,1818.411316683574,19.014781894594464,110.93689515804388,256.0514387388693,2019,general
Secondary school or above,13,9,10040,84.18326693227091,0,0,0,2019,general
Secondary school or above,14,35,32887,342.73340022906723,33.23957794873354,0,0,2019,general
Secondary school or above,15,61,55355,402.19250293559753,33.620178845632736,4.9801282630295365,0,2019,general
Secondary school or above,16,65,59248,514.3973917544333,23.438765865514448,3.9292465568458006,0,2019,general
Secondary school or above,17,115,99522,889.2467712331612,37.05502300998774,10.439316600014736,7.4053978014911275,2019,general
Secondary school or above,18,134,112115,1191.031909943659,64.2350532934933,4.3861808559663436,0,2019,general
Secondary school or above,19,186,145220,1549.3940940182713,79.25445530918606,34.32711288619566,8.28398292246247,2019,general
Secondary school or above,20,223,172439,1758.4477080784122,43.026067188976974,28.692445831086165,22.16629262135209,2019,general
Secondary school or above,21,169,124363,2118.0534229098153,43.6377379124016,29.75261934819842,27.395608018462084,2019,general
Secondary school or above,22,189,141913,1858.3636594251407,63.71063961723028,13.157169063675163,13.840404567117412,2019,general
Secondary school or above,23,185,130845,2380.8880169921154,35.959501700485305,6.774555135210874,24.33540958131122,2019,general
Secondary school or above,24,190,139251,2703.16188752684,46.263516958585576,68.80190686841267,28.702367188266752,2019,general
Secondary school or above,25,218,157447,2698.0216617867177,43.52593571169981,50.914725801910066,19.092138941993177,2019,general
Secondary school or above,26,170,123113,3304.2060004494515,75.94998091184522,52.65877689602235,2.616891257083601,2019,general
Secondary school or above,27,161,110524,2987.6120148866607,78.48001339075675,70.8342381141954,5.770089151074275,2019,general
Secondary school or above,28,165,113907,3009.2738783978743,39.740665630733844,35.653436575451906,4.1802376792763685,2019,general
Secondary school or above,29,146,98399,3824.9513324999916,49.71026128314312,46.91032767948183,13.390786491732639,2019,general
Secondary school or above,30,190,131632,3648.0372813348326,37.4048103804546,108.98818929540943,33.92918641870265,2019,general
Secondary school or above,31,123,83983,3717.594303807517,42.81104509245919,64.81619295968629,12.83593108129026,2019,general
Secondary school or above,32,128,82088,3931.9440052139166,26.372380859565343,33.27599649157002,13.592193743299873,2019,general
Secondary school or above,33,132,89697,4130.177900784493,48.91635171744874,41.35682724431512,4.487329565091363,2019,general
Secondary school or above,34,124,83526,3536.9172872319195,38.64387136939396,71.74652204104112,44.10602686588607,2019,general
Secondary school or above,35,125,80405,3876.0842402006506,51.37590945836702,23.954356072383558,0,2019,general
Secondary school or above,36,124,78719,4418.793535656364,16.180337656728362,24.392078151399282,0,2019,general
Secondary school or above,37,103,66507,4834.833062685131,33.429187905032556,133.98933696202405,41.90536334521178,2019,general
Secondary school or above,38,135,87985,4708.847021272566,27.05608910609763,135.1056051220852,32.88382489439488,2019,general
Secondary school or above,39,91,61124,5225.707321728508,134.35933512204699,194.71421482014705,51.66083153371289,2019,general
Secondary school or above,40,138,83097,4557.927845369468,100.37982117284619,268.6044622549551,12.881427729039556,2019,general
Secondary school or above,41,62,39000,5224.15182051282,81.58707692307692,185.36952991452992,10.976410256410256,2019,general
Secondary school or above,42,113,69805,4364.372575985483,23.91304347826087,71.7852111835351,7.8389800157581835,2019,general
Secondary school or above,43,67,38072,4452.642348707712,43.27589829796176,28.396196679974786,55.28200952581074,2019,general
Secondary school or above,44,59,39373,5138.401061641226,95.89007695628985,35.7303333925956,5.211693292357707,2019,general
Secondary school or above,45,114,72098,5176.080745420585,42.93919387500347,91.21750025428352,6.981853403238185,2019,general
Secondary school or above,46,71,44060,5030.265093054925,2.4058102587380845,76.7379709487063,61.90649114843395,2019,general
Secondary school or above,47,62,32566,4564.113216237794,14.634281152121845,48.104362422976934,20.69643186145059,2019,general
Secondary school or above,48,68,40828,4545.386781130596,49.78299206426962,207.6230364782339,0,2019,general
Secondary school or above,49,44,28881,3329.6761769560153,39.300162736747346,65.03410546726221,52.30878432187251,2019,general
Secondary school or above,50,70,43264,5815.029346955128,40.5624075443787,45.938886834319526,2.661951429980276,2019,general
Secondary school or above,51,35,21008,6074.814951447068,74.762947448591,11.590822543792841,20.934881949733434,2019,general
Secondary school or above,52,55,34285,3708.0336347285015,27.539740411258567,266.2009625200525,48.826017208691844,2019,general
Secondary school or above,53,62,38617,4900.890216743921,29.636688505062537,466.2635626796489,9.607167827640676,2019,general
Secondary school or above,54,47,27457,6230.08959463889,12.128054776559711,217.8679389590997,34.31547510653021,2019,general
Secondary school or above,55,40,27957,4879.76957470401,63.02178345316021,192.25746682405122,11.711557034016526,2019,general
Secondary school or above,56,39,26272,4219.804151441332,35.37606577344702,193.2995108861145,0,2019,general
Secondary school or above,57,33,19927,5299.7302738328235,11.316304511466853,368.4155500911661,0,2019,general
Secondary school or above,58,31,18207,5455.254114717783,19.77261492832427,665.5297413082881,6.590871642774757,2019,general
Secondary school or above,59,31,17196,4916.084515778863,37.39241684112584,239.84841435992868,0,2019,general
At most primary school,13,45,42242,374.7474077931916,38.53700108896359,6.155011599829553,0,2019,males
At most primary school,14,33,33241,490.7646179918374,21.07562949369754,4.268699297052836,0,2019,males
At most primary school,15,48,47158,556.020823614233,36.87094448449892,22.484873545669167,0,2019,males
At most primary school,16,44,40632,585.8475585745225,0,25.312561527859813,0,2019,males
At most primary school,17,64,61032,881.3995936557872,57.965165814654604,29.94112378205968,0,2019,males
At most primary school,18,62,58190,1111.2542533081285,38.36672967863894,0,0,2019,males
At most primary school,19,57,54703,1104.3200433857985,54.73886258523299,62.24536740824696,0,2019,males
At most primary school,20,46,43500,1257.848429118774,101.83356321839081,18.344827586206897,0,2019,males
At most primary school,21,42,39303,1219.7470464510766,91.97262295499071,0,0,2019,males
At most primary school,22,56,50765,1289.3488821038118,33.46971338520634,23.32302439344693,0,2019,males
At most primary school,23,70,63231,1525.7203217830918,72.12098495990891,99.3822913866089,0,2019,males
At most primary school,24,52,45173,1521.643666201787,107.24636397848272,42.703606136408915,47.897342808019545,2019,males
At most primary school,25,53,43264,1513.7761110083825,22.638914571005916,30.35445173816568,0,2019,males
At most primary school,26,33,30479,1826.362708750287,4.189770005577611,62.525837461858984,0,2019,males
At most primary school,27,52,46177,1517.7600753621932,52.760898282694846,45.684377503952184,0,2019,males
At most primary school,28,42,39259,1783.1949871367076,60.88540207340992,12.75656537354492,0,2019,males
At most primary school,29,45,41873,1902.1907752808092,43.866692140520144,12.688446811389998,0,2019,males
At most primary school,30,75,68177,1706.23892221717,45.5640465259545,110.41600050848038,0,2019,males
At most primary school,31,42,37015,1940.693826826962,66.03809266513575,41.695934080778066,21.104957449682562,2019,males
At most primary school,32,58,49173,1802.3763074587002,65.7783743111057,99.52708803611738,0,2019,males
At most primary school,33,43,37459,1569.750731911334,41.42529165220641,21.765129875330363,11.83961130836381,2019,males
At most primary school,34,52,44530,2067.1617112059284,16.199236469795643,44.92476981810016,6.838086683134965,2019,males
At most primary school,35,77,63444,1986.0149370573524,61.030909148225206,48.25607359771347,27.772523800516993,2019,males
At most primary school,36,48,44547,2191.689649882895,14.13159135295306,61.462612521606395,0,2019,males
At most primary school,37,56,49982,2260.581716084457,101.271257652755,109.93734411054646,0,2019,males
At most primary school,38,63,49496,2539.5017711868973,32.12344431873283,62.90525160282313,5.770163245514789,2019,males
At most primary school,39,59,54296,2223.8501792642796,69.91270075143657,69.56773979667011,0,2019,males
At most primary school,40,112,100804,2391.9183944420197,25.0853140748383,85.06449810192717,50.39482560215865,2019,males
At most primary school,41,45,39337,2396.6038589623,49.05559651218954,85.08660209641474,0,2019,males
At most primary school,42,62,52194,2213.662074823415,41.26719546308005,93.59144090636217,0,2019,males
At most primary school,43,55,46004,2092.227610642553,39.734588296669855,36.611671448859525,2.0433005825580386,2019,males
At most primary school,44,30,27471,2740.2074187324815,65.05041680317426,83.67598861830052,0,2019,males
At most primary school,45,78,61596,2196.162348204429,24.187284888629133,34.535521787129035,30.791718076931403,2019,males
At most primary school,46,47,36300,2288.2967998163454,19.01818181818182,36.88062442607897,0,2019,males
At most primary school,47,46,37499,2714.1862005209027,65.0049334648924,46.399370649884,0,2019,males
At most primary school,48,57,45835,2690.5973673684593,29.093051161775936,79.61419584742373,128.6658666957565,2019,males
At most primary school,49,54,45255,5609.822612602659,67.00806540713734,200.06250690531434,0,2019,males
At most primary school,50,83,77744,2091.067675104617,19.874974274542087,64.9023290114564,0.8358630033614599,2019,males
At most primary school,51,23,20836,2021.3813431880717,67.59838740641197,39.15764382159084,0,2019,males
At most primary school,52,45,35190,2091.3004546746233,32.12418300653595,20.465435256228094,12.85024154589372,2019,males
At most primary school,53,54,46672,1711.9585547366016,28.534453205347962,43.231202148325906,0,2019,males
At most primary school,54,39,33563,4678.07266434268,11.055030837529422,293.9114501087507,86.39871286833716,2019,males
At most primary school,55,56,46867,1901.6106997816516,17.205965818166302,38.432728074480266,90.76749098512813,2019,males
At most primary school,56,43,35091,2786.253127582571,59.329172722350464,20.711863440768287,184.01441965176255,2019,males
At most primary school,57,49,40039,2045.462827909455,32.46334823547041,135.757636304603,65.44868752965859,2019,males
At most primary school,58,56,42886,2183.2623155963875,80.23014503567597,25.536888495079978,41.69892272536492,2019,males
At most primary school,59,35,28475,1861.0840854550777,25.36611062335382,41.32780801872988,357.3192859233245,2019,males
Secondary school or above,13,6,6715,125.867460908414,0,0,0,2019,males
Secondary school or above,14,23,22320,384.7595579450418,48.97625448028674,0,0,2019,males
Secondary school or above,15,46,42754,406.7798568554989,41.62335687888852,4.542849791832343,0,2019,males
Secondary school or above,16,48,43978,585.9217487531645,31.577152212469873,5.293555868843512,0,2019,males
Secondary school or above,17,83,72190,901.0391744008865,33.664357944313615,3.5209170245186314,10.209170245186314,2019,males
Secondary school or above,18,93,81313,1295.695394135419,65.17758537995155,6.047700449702589,0,2019,males
Secondary school or above,19,122,94715,1589.5213394569673,81.26349575040912,12.06285523236376,12.70126167977617,2019,males
Secondary school or above,20,136,106657,1880.5911535732926,51.70773601357623,39.012129224210945,35.83762278456485,2019,males
Secondary school or above,21,111,81050,2274.656215299198,37.88180135718692,33.14157927205429,19.61752004935225,2019,males
Secondary school or above,22,118,88378,2004.7518952680532,57.01735726085678,13.263180127784441,0,2019,males
Secondary school or above,23,116,80487,2490.212907053313,38.865903810553256,11.013165687212428,35.1564020690712,2019,males
Secondary school or above,24,114,86110,2718.9770564781484,27.645871559633026,73.29657027832617,43.57798165137615,2019,males
Secondary school or above,25,142,104897,2716.409933871639,29.164590026406856,48.22035742998688,16.501901865639628,2019,males
Secondary school or above,26,111,84402,3540.70152760993,90.31089310679842,42.26890358048387,0,2019,males
Secondary school or above,27,98,68196,3009.0495825757134,52.33958003401959,58.06523354253426,9.351477114982305,2019,males
Secondary school or above,28,94,68646,3207.7354810671172,36.62092474434053,33.19445658402043,4.3579863842515705,2019,males
Secondary school or above,29,92,66426,3786.3349868023565,60.53051515972661,50.756671584419756,12.47463342667028,2019,males
Secondary school or above,30,102,72604,4061.052181468422,55.63701724422897,62.49977044423631,11.872624097845849,2019,males
Secondary school or above,31,72,50551,3807.4999818664983,54.32929121085636,69.9409177530283,7.7545449150363,2019,males
Secondary school or above,32,75,46719,3417.6430253216035,24.39084740683662,44.09683426443203,0,2019,males
Secondary school or above,33,89,60479,4472.041157536776,64.22807916797566,36.468581380864975,0,2019,males
Secondary school or above,34,65,45768,4087.79843267494,41.07717182310785,66.99477072772825,54.14263240692187,2019,males
Secondary school or above,35,75,47464,4517.017932889488,66.08376875105343,15.137788639811225,0,2019,males
Secondary school or above,36,66,39163,5166.3031837023045,17.07989684140643,8.09233204810663,0,2019,males
Secondary school or above,37,62,42062,5053.971038784018,32.69875421996101,134.49730160239648,11.625695402025581,2019,males
Secondary school or above,38,75,52368,4238.509605102353,17.291666666666668,129.25132396374377,38.96972705978205,2019,males
Secondary school or above,39,48,30596,7162.956513923388,166.16485815139234,285.177528652983,7.852333638384103,2019,males
Secondary school or above,40,87,54863,4867.488911774177,128.61126806773234,197.00283737066266,0,2019,males
Secondary school or above,41,30,18656,5304.597734419668,157.57718696397941,27.88021726700972,0,2019,males
Secondary school or above,42,67,43983,4584.444482337873,26.490916945183365,42.62555987540641,12.441170452220176,2019,males
Secondary school or above,43,35,19520,4100.070013661202,59.50563524590164,13.017418032786885,64.74880464480874,2019,males
Secondary school or above,44,33,22783,5604.092744590264,148.9544836061976,24.57973050081201,9.006715533511828,2019,males
Secondary school or above,45,76,47795,4973.791653589985,39.62736687938069,100.03346235659238,3.8869686508351644,2019,males
Secondary school or above,46,43,27548,5197.351979575045,0,34.54576254779536,12.436474517206332,2019,males
Secondary school or above,47,37,20542,4794.458394184273,11.493525460033103,0,0,2019,males
Secondary school or above,48,41,26464,3148.7552051844013,73.96236396614269,320.3156489318823,0,2019,males
Secondary school or above,49,23,13590,2863.62092224675,8.859455481972038,0,83.80426784400294,2019,males
Secondary school or above,50,42,26984,6278.12233175215,65.03453898606581,0,4.267961260994169,2019,males
Secondary school or above,51,21,13331,5163.873677893632,108.88305453454355,0,0,2019,males
Secondary school or above,52,30,18235,3064.5115528745087,41.8590622429394,482.0839045791061,0,2019,males
Secondary school or above,53,37,24085,5168.617922635112,34.78845754619058,428.21673240606185,0,2019,males
Secondary school or above,54,25,14977,8300.732456433198,12.352273486011885,229.15136542698804,29.912532549909862,2019,males
Secondary school or above,55,24,18140,5505.942006615215,97.12789415656009,185.36615214994487,0,2019,males
Secondary school or above,56,30,19487,4453.963685191837,18.18648329655668,209.30097415370932,0,2019,males
Secondary school or above,57,24,15534,5376.945742671988,14.516544354319556,350.2049268271748,0,2019,males
Secondary school or above,58,21,11845,5260.246798930632,30.39257070493879,963.2165470662727,10.130856901646265,2019,males
Secondary school or above,59,17,9214,5076.244048911077,69.78510961580204,251.39280804572752,0,2019,males
At most primary school,13,21,20173,90.84915481088584,0,5.889059634164477,0,2019,females
At most primary school,14,15,16390,345.0345332519829,25.01769371568029,58.821232458816354,0,2019,females
At most primary school,15,18,18099,347.289905519642,125.12846013591911,0,0,2019,females
At most primary school,16,22,22791,253.6071256197622,51.14562766004124,0,0,2019,females
At most primary school,17,18,17660,649.8725934314836,109.20130237825595,0,0,2019,females
At most primary school,18,28,26683,667.8765506127497,58.273807293033016,0,0,2019,females
At most primary school,19,29,28080,700.136396011396,197.5391737891738,5.993589743589744,0,2019,females
At most primary school,20,30,26938,792.9911896453585,106.08619793600118,0,0,2019,females
At most primary school,21,20,18157,1044.1799306052762,61.86043949991739,0,0,2019,females
At most primary school,22,22,20735,1160.9723334137127,72.13889558717145,11.429949360983844,0,2019,females
At most primary school,23,37,36501,922.2476644475494,114.46086408591546,38.564240249125596,0,2019,females
At most primary school,24,29,24669,821.8486764765495,108.59499777048117,19.85133163079168,152.77068385423001,2019,females
At most primary school,25,16,14783,1034.0250963945073,105.17486301833186,25.56991138469864,55.45220861800717,2019,females
At most primary school,26,26,23356,768.4335074499058,103.48090426442884,13.358451789690015,0,2019,females
At most primary school,27,25,21071,778.3138120323351,78.97536899055574,0,40.57709648331831,2019,females
At most primary school,28,32,26507,1002.468228518253,88.62262798506055,19.50428188780322,0,2019,females
At most primary school,29,28,22847,1154.7856027778994,100.57513021403248,35.61853489152478,0,2019,females
At most primary school,30,47,40746,1032.62592647131,49.94600697000933,28.281303686251412,0,2019,females
At most primary school,31,19,13017,1649.0217408004917,10.094491818391335,126.88279429464035,88.65329953138203,2019,females
At most primary school,32,29,24320,1089.870819627193,12.495888157894736,152.56818804824562,0,2019,females
At most primary school,33,21,20077,976.6956550613472,79.95417642078,33.39642376849131,0,2019,females
At most primary school,34,29,24488,861.4799085266253,29.611238157464882,2.262332571055211,53.197484482195364,2019,females
At most primary school,35,44,37300,1658.1167202859694,78.09865951742627,17.8266309204647,81.66577301161752,2019,females
At most primary school,36,36,25543,1375.4411058476555,30.290099048663038,46.127771470331076,166.3261950436519,2019,females
At most primary school,37,35,26312,1301.625519408128,29.968075402858013,14.660611128002433,0,2019,females
At most primary school,38,52,40800,1228.8536437908497,42.95901960784314,69.00586192810457,0,2019,females
At most primary school,39,28,24350,950.3788501026694,147.3211498973306,0,307.02258726899385,2019,females
At most primary school,40,42,33728,1609.8782218532574,53.840725806451616,22.30787476280835,54.41324715370019,2019,females
At most primary school,41,26,19786,1593.1235890697126,127.93288183564137,100.3335691903366,122.96573334681088,2019,females
At most primary school,42,46,34730,1253.487407620693,100.0103656780881,85.22298205202034,64.93905365198195,2019,females
At most primary school,43,32,26040,1401.1505376344087,95.53609831029186,104.16538658474141,13.03763440860215,2019,females
At most primary school,44,33,25334,1351.8485039867371,58.769440277887426,87.45361964158838,83.68200836820084,2019,females
At most primary school,45,42,33351,1687.0068363767202,17.13891637432161,108.29410412481384,72.91535486192318,2019,females
At most primary school,46,30,22234,1322.448277412971,145.45111091121706,131.66839075290096,0,2019,females
At most primary school,47,26,22161,1891.8403952890212,28.48246920265331,92.90194485808402,123.27512296376517,2019,females
At most primary school,48,36,29862,1552.1469984149307,104.27231933561048,86.29696604380149,0,2019,females
At most primary school,49,29,22099,1171.8616226978597,76.07312548079099,205.1401270042385,0,2019,females
At most primary school,50,41,29004,1811.972268192893,55.49165632326576,15.928837401737692,0,2019,females
At most primary school,51,19,13266,1371.1461505603295,3.482587064676617,59.46190763354942,19.843962008141112,2019,females
At most primary school,52,34,24570,1463.7451634784968,37.348799348799346,12.812372812372812,28.294668294668295,2019,females
At most primary school,53,27,20400,1258.4536764705883,127.25490196078431,127.34003267973857,0,2019,females
At most primary school,54,34,26260,1806.1614749936532,17.8998476770754,58.09025133282559,27.216298552932216,2019,females
At most primary school,55,23,17155,1114.626930923929,87.20955989507432,201.15612552219957,3.882250072865054,2019,females
At most primary school,56,18,14234,1534.3371973209687,25.860615427848813,63.5842583485551,42.15259238443164,2019,females
At most primary school,57,18,13628,1302.5389516681341,155.50337540358086,98.7342236571764,0,2019,females
At most primary school,58,29,19955,1261.4626409421198,279.939864695565,51.37100141986136,116.58314541050697,2019,females
At most primary school,59,20,12927,1724.4137077434827,5.02436760269204,264.2685851318945,32.98329078672546,2019,females
Secondary school or above,13,3,3325,0,0,0,0,2019,females
Secondary school or above,14,12,10567,253.96422825778367,0,0,0,2019,females
Secondary school or above,15,15,12601,386.62804539322275,6.466153479882549,6.463772716451075,0,2019,females
Secondary school or above,16,17,15270,308.40537000654876,0,0,0,2019,females
Secondary school or above,17,32,27332,858.1003646519343,46.0105370993707,28.712376213473828,0,2019,females
Secondary school or above,18,41,30802,914.7348548795533,61.746899551977144,0,0,2019,females
Secondary school or above,19,64,50505,1474.1411081411081,75.48678348678348,76.08058608058609,0,2019,females
Secondary school or above,20,87,65782,1560.4079180728265,28.949864704630446,11.960414703110274,0,2019,females
Secondary school or above,21,58,43313,1825.0084635867597,54.408607115646575,23.41098515457253,41.95045367441646,2019,females
Secondary school or above,22,71,53535,1616.6993368824133,74.76021294480246,12.98216120295134,36.68877058622085,2019,females
Secondary school or above,23,69,50358,2206.154460727855,31.314210254577226,0,7.040258416405205,2019,females
Secondary school or above,24,76,53141,2677.5348914522997,76.43166293445739,61.51872690891528,4.597830927783318,2019,females
Secondary school or above,25,76,52550,2661.316151284491,72.19314938154139,56.2930542340628,24.262607040913416,2019,females
Secondary school or above,26,59,38711,2788.5723179458037,44.63873317661646,75.31192684249955,8.322526758113543,2019,females
Secondary school or above,27,63,42328,2953.073261198261,120.59570497070497,91.4067914067914,0,2019,females
Secondary school or above,28,71,45261,2708.273123292312,44.47228298093281,39.382897711790136,3.9106515543182874,2019,females
Secondary school or above,29,54,31973,3905.1793179662004,27.23047571388359,38.91929648974656,15.294154442811122,2019,females
Secondary school or above,30,88,59028,3140.0320328205826,14.979331842515416,166.1685979535136,61.05859366176504,2019,females
Secondary school or above,31,51,33432,3581.6520349764696,25.394831299353914,57.06733070112467,20.51926298157454,2019,females
Secondary school or above,32,53,35369,4611.285447708446,28.989793321835506,18.982724985156494,31.54615623851395,2019,females
Secondary school or above,33,43,29218,3422.547402286262,17.222260250530496,51.475118077897186,13.77575467177767,2019,females
Secondary school or above,34,59,37758,2869.171954729241,35.69436940515917,77.50631212811413,31.94025107262037,2019,females
Secondary school or above,35,50,32941,2952.5762474322783,30.18366169818767,36.657964239094134,0,2019,females
Secondary school or above,36,58,39556,3678.7106064819495,15.289715845889372,40.52988168672262,0,2019,females
Secondary school or above,37,41,24445,4457.766932569714,34.68602986295766,133.11529283425375,94.00695438740028,2019,females
Secondary school or above,38,60,35617,5400.388414708332,41.412808490327656,143.71320811223103,23.935667424731633,2019,females
Secondary school or above,39,43,30528,3284.142978031097,102.48296645702307,104.04939727463312,95.56691125087352,2019,females
Secondary school or above,40,51,28234,3956.4031309768366,45.52178224835305,407.73742060399985,37.91202096762768,2019,females
Secondary school or above,41,32,20344,5150.380734696553,11.902084152575698,329.79150281819375,21.042076287848996,2019,females
Secondary school or above,42,46,25822,3989.520796220277,19.522112926961505,121.45328273048821,0,2019,females
Secondary school or above,43,32,18552,4823.611084159838,26.199331608451917,44.57740405347133,45.321259163432515,2019,females
Secondary school or above,44,26,16590,4498.867992766727,23.0168776371308,51.04342475386779,0,2019,females
Secondary school or above,45,38,24303,5573.908468090359,49.452330987943874,73.8797679298852,13.068345471752458,2019,females
Secondary school or above,46,28,16512,4751.503613533592,6.419573643410852,147.12986514857883,144.44040697674419,2019,females
Secondary school or above,47,25,12024,4170.587713461965,20,130.28664892437348,56.05455755156354,2019,females
Secondary school or above,48,27,14364,7118.518083402952,5.235310498468393,0,0,2019,females
Secondary school or above,49,21,15291,3743.8865563621302,66.35458766594729,122.83369302203911,24.31691844876071,2019,females
Secondary school or above,50,28,16280,5047.455569205569,0,122.08230958230958,0,2019,females
Secondary school or above,51,14,7677,7656.651361208806,15.51387260648691,31.71811905692328,57.28800312622118,2019,females
Secondary school or above,52,25,16050,4439.16292834891,11.271028037383177,20.92834890965732,104.29906542056075,2019,females
Secondary school or above,53,25,14532,4457.164521974493,21.09826589595376,529.3214973850812,25.529865125240846,2019,females
Secondary school or above,54,22,12480,3745.1522435897436,11.85897435897436,204.32692307692307,39.59935897435897,2019,females
Secondary school or above,55,16,9817,3722.7187531832537,0,204.9913415503718,33.35234796781094,2019,females
Secondary school or above,56,9,6785,3547.2814050601814,84.7457627118644,147.3421763694424,0,2019,females
Secondary school or above,57,9,4393,5026.690188936946,0,432.8097731239092,0,2019,females
Secondary school or above,58,10,6362,5818.3257361416745,0,111.28575919522163,0,2019,females
Secondary school or above,59,14,7982,4731.2047941201035,0,226.5221748935104,0,2019,females
At most primary school,13,23,18179,297.4531052313109,0,14.30221684361076,0,2019,urban
At most primary school,14,10,8133,721.7025287921637,50.416820361490224,0,0,2019,urban
At most primary school,15,15,15226,390.415736240641,36.23801392355182,0,0,2019,urban
At most primary school,16,20,16353,308.67302635602033,8.662630709961475,0,0,2019,urban
At most primary school,17,26,22512,794.9915600568586,153.31045664534471,55.09061833688699,0,2019,urban
At most primary school,18,27,22202,990.4864426628232,91.77911899828844,0,0,2019,urban
At most primary school,19,27,23474,1075.579790406407,108.96736815199796,18.57374116043282,0,2019,urban
At most primary school,20,24,18647,928.0826227632685,64.36102322089344,42.79508768166461,0,2019,urban
At most primary school,21,24,17158,1688.8567529238062,28.77957803939853,0,0,2019,urban
At most primary school,22,34,24791,1640.706519839189,39.9657133637207,12.816479098597611,0,2019,urban
At most primary school,23,30,20289,1314.9643813560713,106.29227660308541,0,0,2019,urban
At most primary school,24,39,27454,1376.8429008523349,91.7225176659139,11.400888759379326,19.9120953837935,2019,urban
At most primary school,25,28,19168,1860.8509842793544,0,50.42779632721202,0,2019,urban
At most primary school,26,24,18127,1999.1161251172284,75.88128206542726,17.211893859987864,0,2019,urban
At most primary school,27,36,24236,1447.163214501843,48.803432909721074,30.09985146063707,35.27809869615448,2019,urban
At most primary school,28,41,31911,1703.5184419165805,69.1407351696907,16.201309893140298,0,2019,urban
At most primary school,29,31,20818,1889.0743267044545,27.39168027668364,0,0,2019,urban
At most primary school,30,55,43359,1310.151602512358,48.24742268041237,82.14672847621026,0,2019,urban
At most primary school,31,34,21473,2365.187879352365,44.404601126996695,84.77157360406092,90.12247939272575,2019,urban
At most primary school,32,45,30403,1743.9133364032057,40.8979377035161,186.24176342246926,0,2019,urban
At most primary school,33,32,23945,1492.5876244170668,73.86677803299227,34.048861975360204,0,2019,urban
At most primary school,34,42,28791,1898.2725388721012,14.597339446354763,4.508353304852211,10.576221735959153,2019,urban
At most primary school,35,62,43686,1970.3255123685694,38.924827175754245,34.689984586976756,2.447771215797586,2019,urban
At most primary school,36,43,26371,1920.2091059623576,38.09563535702097,16.453364175293565,42.24337340260134,2019,urban
At most primary school,37,43,27770,2237.0100348097467,36.82120993878286,163.81646861121112,0,2019,urban
At most primary school,38,72,48156,2202.349371487111,24.410665337652627,39.90255627543815,0,2019,urban
At most primary school,39,47,35024,2254.474864854576,93.11671996345363,44.26250571037003,0,2019,urban
At most primary school,40,83,64287,2745.8562410233276,40.96224742171823,65.93764421007876,10.418124970833917,2019,urban
At most primary school,41,34,23316,2422.0348544633157,81.7421513124035,27.290701664093326,104.34894493051982,2019,urban
At most primary school,42,71,50624,2108.167298777918,55.86599241466498,99.87314975769068,44.55067425200168,2019,urban
At most primary school,43,44,29512,2174.453318424144,89.65031173759826,48.79258154874853,3.1851450257522362,2019,urban
At most primary school,44,30,22122,1573.5421601422413,35.62245728234337,170.84484901907604,0,2019,urban
At most primary school,45,76,50858,2171.2682567147745,27.367179204844863,49.11714971095993,1.480724107646126,2019,urban
At most primary school,46,35,20741,2462.1443999807148,39.29222313292512,69.83751988814426,0,2019,urban
At most primary school,47,37,25670,2859.528983248929,0.6603038566419945,57.275029216984805,41.93221659524737,2019,urban
At most primary school,48,58,40581,2807.814814814815,50.75182967398536,80.80177094370929,0,2019,urban
At most primary school,49,40,23768,2123.2913160552002,72.06916863009089,77.88623359138337,0,2019,urban
At most primary school,50,69,48870,1920.3306254689312,41.40249641907101,28.207489257213012,1.3297183002523703,2019,urban
At most primary school,51,26,16570,1973.8758298129148,22.48038624019312,28.79883323274995,15.887145443572722,2019,urban
At most primary school,52,53,33394,2205.009263141083,55.90405462059053,23.297598370964845,13.541354734383422,2019,urban
At most primary school,53,45,30922,1662.4724144621953,32.82323264989328,85.59493780048726,0,2019,urban
At most primary school,54,42,28585,5574.109218121393,10.363827182088508,250.7206576875984,0,2019,urban
At most primary school,55,40,25160,2247.0574854266033,65.8891891891892,106.26099629040804,2.6470588235294117,2019,urban
At most primary school,56,37,28436,2256.622227692596,21.230834153889436,39.81924321282881,176.18511745674496,2019,urban
At most primary school,57,35,22991,2069.8450118162177,59.107911791570615,270.69722935061543,36.536035840111346,2019,urban
At most primary school,58,48,28931,2092.7611097669164,184.06553523901698,65.89356284492989,19.725093037456936,2019,urban
At most primary school,59,31,18243,1884.0670211405286,8.691004768952475,141.2706243490654,23.371978293043906,2019,urban
Secondary school or above,13,2,2204,0,0,0,0,2019,urban
Secondary school or above,14,18,15236,416.9383915288352,8.132055657652927,0,0,2019,urban
Secondary school or above,15,28,19326,463.82800372555107,39.508692952499224,6.006157508020284,0,2019,urban
Secondary school or above,16,30,25080,494.31419457735245,55.37081339712919,9.282296650717702,0,2019,urban
Secondary school or above,17,51,38041,1059.3790690745948,19.828343103493598,0,19.373833495439133,2019,urban
Secondary school or above,18,66,42165,1479.124769753745,95.05865053954702,0.8775050397248904,0,2019,urban
Secondary school or above,19,114,71583,1823.1235442307066,66.48159479205957,54.61806574186608,16.805666149784166,2019,urban
Secondary school or above,20,141,89996,1967.9165222158024,43.83497044313081,25.778923507711454,8.189252855682474,2019,urban
Secondary school or above,21,117,74819,2407.536805490584,53.62808912174715,38.22725510899638,45.53656156858552,2019,urban
Secondary school or above,22,120,73665,2025.7548044073394,32.97413968641825,17.30446390189823,0,2019,urban
Secondary school or above,23,134,82443,2774.1566405476106,44.12346712273935,10.75187301125222,1.3366811008818213,2019,urban
Secondary school or above,24,135,85849,3113.98102870544,41.65759647753614,53.12913759430318,28.15214310397714,2019,urban
Secondary school or above,25,148,89997,3024.8727827964635,51.064457704145696,43.771597942153626,33.40111337044568,2019,urban
Secondary school or above,26,131,86050,3654.2917857834595,83.49889599070308,53.06101104009297,3.7440247917877207,2019,urban
Secondary school or above,27,125,76046,3168.7531406429443,69.8218841227678,49.933811990987905,5.9087043806818675,2019,urban
Secondary school or above,28,127,78592,3138.3930425488597,36.35408184039088,44.522767372421285,3.80647309310532,2019,urban
Secondary school or above,29,112,65533,4194.070236878112,49.99069171257229,57.95502520358699,20.10651122335312,2019,urban
Secondary school or above,30,153,94996,3899.6534985683606,34.75567392311255,106.69010625008772,10.759049503838758,2019,urban
Secondary school or above,31,96,58350,4119.386882319338,30.068551842330763,92.75164238788919,18.474721508140533,2019,urban
Secondary school or above,32,108,64220,4114.834545312987,22.199563998754282,42.534412955465584,17.37396449704142,2019,urban
Secondary school or above,33,103,61962,3646.2927573889374,60.937348697588845,9.386398114973694,6.495916852264291,2019,urban
Secondary school or above,34,103,65552,3736.760032747539,46.104893824749816,78.05813196647954,37.80205028069319,2019,urban
Secondary school or above,35,104,60626,4032.997448839332,34.273743938244316,31.76937287632369,0,2019,urban
Secondary school or above,36,103,59945,4982.765512831207,21.247810492951874,31.44048711318709,0,2019,urban
Secondary school or above,37,84,47555,4997.127589107349,37.70244979497424,77.6762800967301,58.60582483440227,2019,urban
Secondary school or above,38,118,71020,5083.980428048437,28.889467755561814,167.37914202572045,27.747348164836197,2019,urban
Secondary school or above,39,79,50288,5422.172851044649,110.72482500795418,182.24119074132994,62.792647682681086,2019,urban
Secondary school or above,40,124,71545,4741.258410790411,77.46260395555245,302.9928716192606,14.9613250401845,2019,urban
Secondary school or above,41,54,30305,5306.281559698619,104.99574327668701,218.99395039322445,14.125721828081176,2019,urban
Secondary school or above,42,99,56039,4607.95209883593,29.787290993772196,89.41927348215826,9.764628205356983,2019,urban
Secondary school or above,43,60,30536,4594.874727098069,28.43692690594708,35.40411317788839,49.64402672255698,2019,urban
Secondary school or above,44,52,33413,5371.775007731522,105.71424295932721,30.88019633076946,6.141322239846766,2019,urban
Secondary school or above,45,95,56648,5325.137151061525,44.679953396412934,51.183625194181616,5.606552746787177,2019,urban
Secondary school or above,46,64,37646,5327.941680391011,2.815704191680391,89.81233065929979,72.45391276629655,2019,urban
Secondary school or above,47,58,29359,4754.952745892798,16.232841718042167,53.3589926995697,22.957185190231275,2019,urban
Secondary school or above,48,56,29113,4851.889539610025,21.308006732387593,75.45884427346317,0,2019,urban
Secondary school or above,49,37,21532,3226.058285342746,47.12186513096786,87.23063347575702,36.02684376741594,2019,urban
Secondary school or above,50,65,38845,5998.572257261767,37.5001158450251,51.16488608572532,2.9647745312567038,2019,urban
Secondary school or above,51,30,16749,6113.460256333711,93.77395665412861,14.538181383963222,0,2019,urban
Secondary school or above,52,48,27904,4091.2169999522175,33.83744266055046,118.89693233944953,59.991399082568805,2019,urban
Secondary school or above,53,54,31623,4999.838139961421,31.770546753944913,479.1638996932612,11.73196723903488,2019,urban
Secondary school or above,54,43,24437,6376.068529961397,13.626877276261407,244.79273233211933,38.55628759667717,2019,urban
Secondary school or above,55,35,23335,5349.236940218556,75.50460681379901,203.62331262052712,14.031283479751446,2019,urban
Secondary school or above,56,32,17509,5122.378243569974,32.84025358387115,232.94580406267255,0,2019,urban
Secondary school or above,57,31,18129,5449.824434147867,1.1749131226212146,190.65677459687058,0,2019,urban
Secondary school or above,58,26,14363,5328.15300888858,0,824.4308292139525,0,2019,urban
Secondary school or above,59,29,15143,5425.27526469876,31.592154790992538,272.3656695062625,0,2019,urban
At most primary school,13,43,44236,277.0453928926666,36.79989149109323,2.6855954426259157,0,2019,rural
At most primary school,14,38,41498,387.94679261651163,16.882138898260155,26.651304480537213,0,2019,rural
At most primary school,15,51,50031,530.9100357778177,68.99122544022705,21.193693243522347,0,2019,rural
At most primary school,16,46,47070,521.274442319949,21.754833227108563,21.85043552156363,0,2019,rural
At most primary school,17,56,56180,843.244571021716,35.86507653969384,10.451524860567224,0,2019,rural
At most primary school,18,63,62671,965.2639179205693,27.920409758899652,0,0,2019,rural
At most primary school,19,59,59309,924.3333951564406,100.88485727292654,52.89767713725292,0,2019,rural
At most primary school,20,52,51791,1134.7926602434143,117.53721689096561,0,0,2019,rural
At most primary school,21,38,40302,940.9331794948141,105.30991017815494,0,0,2019,rural
At most primary school,22,44,46709,1045.875570018626,47.18790811192704,23.61985912779122,0,2019,rural
At most primary school,23,77,79443,1302.2729672008022,82.84750072378938,96.82004707777904,0,2019,rural
At most primary school,24,42,42388,1208.1614922462334,118.08577899405492,49.67826979333774,127.05718599603661,2019,rural
At most primary school,25,41,38879,1160.2461740271096,65.18300367807814,18.63872527585586,21.084647238869312,2019,rural
At most primary school,26,35,35708,1046.6916097233113,32.74056233897166,53.36969306597961,0,2019,rural
At most primary school,27,41,43012,1195.2945612077249,67.83293034501999,32.08563889147215,0,2019,rural
At most primary school,28,33,33855,1247.0211293260475,74.82114901787033,14.792792792792794,0,2019,rural
At most primary school,29,42,43902,1519.4540491701214,81.19060635050795,30.638239715730492,0,2019,rural
At most primary school,30,67,65564,1549.5510290199907,46.5127203953389,78.06695239257317,0,2019,rural
At most primary school,31,27,28559,1488.5821865844975,56.80521026646591,48.13573070952532,0,2019,rural
At most primary school,32,42,43090,1441.4878471416416,53.26061731260153,68.28023903457878,0,2019,rural
At most primary school,33,32,33591,1270.2926577555495,41.32803429490042,19.960703759935697,13.202941264029056,2019,rural
At most primary school,34,39,40227,1454.084727504744,25.510229447883262,47.88077659283566,32.38372237551893,2019,rural
At most primary school,35,59,57058,1783.6735427109256,89.11379648778436,38.75048196571909,82.39335413088436,2019,rural
At most primary school,36,41,43719,1878.5483809480243,9.117317413481553,79.65243944280519,71.69583018824767,2019,rural
At most primary school,37,48,48524,1754.0804000769378,99.49169483142363,27.439102299892838,0,2019,rural
At most primary school,38,43,42140,1655.815662078785,51.428334124347415,95.09848125296631,6.777408637873754,2019,rural
At most primary school,39,40,43622,1488.404169150123,94.4919994498189,51.05222135619641,171.38141304846178,2019,rural
At most primary school,40,71,70245,1692.5055780957125,24.361876290127412,72.43659097919188,88.91024272190191,2019,rural
At most primary school,41,37,35807,1936.0623527988012,71.35699723517747,131.14591187942767,0,2019,rural
At most primary school,42,37,36300,1442.1386960514233,77.11019283746556,76.82444903581268,0,2019,rural
At most primary school,43,43,42532,1612.0646258503402,39.26337816232484,69.51902880968056,7.982225148123765,2019,rural
At most primary school,44,33,30683,2435.0313963215244,81.08154352573086,23.947571402187965,69.09363491184044,2019,rural
At most primary school,45,44,44089,1839.7291841502415,15.187461725146862,73.50964337287456,96.46714600013608,2019,rural
At most primary school,46,42,37793,1624.6699609275088,82.27343687984548,74.55829562793815,0,2019,rural
At most primary school,47,35,33990,2068.262263410807,89.78729037952338,68.50485436893204,48.70550161812298,2019,rural
At most primary school,48,35,35116,1587.0204749971524,67.99464631507006,83.92470668641076,167.9405399248206,2019,rural
At most primary school,49,43,43586,5260.934803224277,68.84435369155233,269.26124023004326,0,2019,rural
At most primary school,50,55,57878,2095.3704573988966,19.54628701751961,71.3443219645922,0,2019,rural
At most primary school,51,16,17532,1574.2644307551905,61.72598676705453,64.31175374553199,0,2019,rural
At most primary school,52,26,26366,1362.4744873448128,6.874383675946294,9.746592834205668,26.36729120837442,2019,rural
At most primary school,53,36,36150,1498.3682618718303,80.57538035961272,54.45799907791609,0,2019,rural
At most primary school,54,31,31238,1443.8837687005143,17.441577565785263,135.19271400217684,115.70843203790255,2019,rural
At most primary school,55,39,38862,1330.5606333522037,16.589470433842827,66.3510198480092,109.46425814420256,2019,rural
At most primary school,56,24,20889,2654.1650868878355,88.38623198812772,23.91489938883304,98.00612762698071,2019,rural
At most primary school,57,32,30676,1697.1404463858826,67.1551049680532,18.17544660320772,58.042117616377624,2019,rural
At most primary school,58,37,33910,1718.0242701268062,109.16396343261574,6.3083652806448445,104.51341787083456,2019,rural
At most primary school,59,24,23159,1766.6924593750448,27.147113433222504,87.0421578364063,439.33963757790343,2019,rural
Secondary school or above,13,7,7836,107.86115364982133,0,0,0,2019,rural
Secondary school or above,14,17,17651,278.68109455554924,54.91190300832814,0,0,2019,rural
Secondary school or above,15,33,36029,369.1311443559355,30.461572622054454,4.42976491159899,0,2019,rural
Secondary school or above,16,35,34168,529.138862873644,0,0,0,2019,rural
Secondary school or above,17,64,61481,783.9784323612173,47.713927880158096,16.898581133466706,0,2019,rural
Secondary school or above,18,68,69950,1017.3730760066715,45.65496783416726,6.501167500595663,0,2019,rural
Secondary school or above,19,72,73637,1283.299939794759,91.67103494167334,14.60214747115354,0,2019,rural
Secondary school or above,20,82,82443,1529.7884477760392,42.14305641473503,31.872889956293033,37.423836266673135,2019,rural
Secondary school or above,21,52,49544,1680.889342469993,28.550783142257387,16.954626190860647,0,2019,rural
Secondary school or above,22,69,68248,1677.6862960575156,96.88676591255421,8.68069393974915,28.77935372953542,2019,rural
Secondary school or above,23,51,48402,1711.0345991212484,22.053840750382214,0,63.509083646681276,2019,rural
Secondary school or above,24,55,53402,2042.7294608191953,53.66798996292274,93.997434553013,29.58690685742107,2019,rural
Secondary school or above,25,70,67450,2261.9116493699034,33.46745737583395,60.445638744749196,0,2019,rural
Secondary school or above,26,39,37063,2491.403965320311,58.42349512991393,51.724900844508,0,2019,rural
Secondary school or above,27,36,34478,2588.0801960670574,97.57671558675098,116.93302009010576,5.464354080863159,2019,rural
Secondary school or above,28,38,35315,2721.9247817263677,47.277360894803905,15.915125772806643,5.012034546226816,2019,rural
Secondary school or above,29,34,32866,3088.9484979411345,49.15109839956186,24.88780705490984,0,2019,rural
Secondary school or above,30,37,36636,2995.604314517597,44.27393820286058,114.94704662081013,94.00862539578557,2019,rural
Secondary school or above,31,27,25633,2802.9687447170963,71.81757890219639,1.2249834198104006,0,2019,rural
Secondary school or above,32,20,17868,3274.6107566599508,41.37004701141706,0,0,2019,rural
Secondary school or above,33,29,27735,5211.212379063759,22.060573282855596,112.78108286761612,0,2019,rural
Secondary school or above,34,21,17974,2808.081654983124,11.433181261822632,48.72779199584585,67.09691777011238,2019,rural
Secondary school or above,35,21,19779,3395.1185600889835,103.79695636786491,0,0,2019,rural
Secondary school or above,36,21,18774,2618.04248783779,0,1.8866517524235644,0,2019,rural
Secondary school or above,37,19,18952,4427.598142676235,22.70657450401013,275.2919656676516,0,2019,rural
Secondary school or above,38,17,16965,3138.438854504372,19.381078691423518,0,54.38648197268887,2019,rural
Secondary school or above,39,12,10836,4313.944813584349,244.04300479881874,252.59936015749972,0,2019,rural
Secondary school or above,40,14,11552,3422.5066799399815,242.31301939058173,55.62673130193906,0,2019,rural
Secondary school or above,41,8,8695,4937.902050987158,0,68.17711328349627,0,2019,rural
Secondary school or above,42,14,13766,3372.802557024553,0,0,0,2019,rural
Secondary school or above,43,7,7536,3876.3143356334044,103.40366242038216,0,78.12721160651098,2019,rural
Secondary school or above,44,7,5960,3830.0581655480987,40.81375838926174,62.92121085011186,0,2019,rural
Secondary school or above,45,19,15450,4629.559886731392,36.55663430420712,238.00319309600863,12.024444444444446,2019,rural
Secondary school or above,46,7,6414,3283.097521047708,0,0,0,2019,rural
Secondary school or above,47,4,3207,2817.0418875376777,0,0,0,2019,rural
Secondary school or above,48,12,11715,3783.6953762981934,120.54630815194196,536.0648740930432,0,2019,rural
Secondary school or above,49,7,7349,3633.268562616229,16.38318138522248,0,100.01360729350932,2019,rural
Secondary school or above,50,5,4419,4201.60451082447,67.48133061778682,0,0,2019,rural
Secondary school or above,51,5,4259,5922.837911872897,0,0,103.26367691946466,2019,rural
Secondary school or above,52,7,6381,2032.3795643316096,0,910.3588779188215,0,2019,rural
Secondary school or above,53,8,6994,4453.502430654847,19.988561624249357,407.93537317700884,0,2019,rural
Secondary school or above,54,4,3020,5048.868653421633,0,0,0,2019,rural
Secondary school or above,55,5,4622,2509.5789701427952,0,134.8749459108611,0,2019,rural
Secondary school or above,56,7,8763,2416.406938263152,40.442770740613945,114.08383734641866,0,2019,rural
Secondary school or above,57,2,1798,3786.3503893214684,113.5706340378198,2160.734149054505,0,2019,rural
Secondary school or above,58,5,3844,5930.163891779396,93.65244536940686,71.80020811654526,31.21748178980229,2019,rural
Secondary school or above,59,2,2053,1160.2756941061862,80.17535314174378,0,0,2019,rural
At most primary school,13,47,44685,238.0579612845474,36.430121964865165,2.6586102719033233,0,2019,indigenous
At most primary school,14,24,24983,384.34802332252593,21.570267782091822,26.03370291798423,0,2019,indigenous
At most primary school,15,51,51543,426.35566420270453,61.01507479192131,7.987020545951924,0,2019,indigenous
At most primary school,16,44,43544,375.1965827668565,0,23.619786882234063,0,2019,indigenous
At most primary school,17,49,49331,672.7031683930996,47.272506132046786,34.1603994783537,0,2019,indigenous
At most primary school,18,54,52741,854.3818850609582,46.14019453556057,0,0,2019,indigenous
At most primary school,19,52,51567,724.6207070413249,108.69897415013477,55.5267903892024,0,2019,indigenous
At most primary school,20,37,33677,833.4753689461651,41.77925587196009,23.695697360216172,0,2019,indigenous
At most primary school,21,42,40375,1122.327281733746,105.11950464396284,0,0,2019,indigenous
At most primary school,22,45,40508,1124.0393584806293,45.083934037720944,5.8506961587834505,0,2019,indigenous
At most primary school,23,45,42421,958.855354659249,84.85005068244502,27.900685980999977,0,2019,indigenous
At most primary school,24,32,29296,1162.5008192244675,40.5202075368651,55.815213681048604,183.83738394320045,2019,indigenous
At most primary school,25,38,33623,1231.2467953484222,75.37251286321863,15.715085903498599,24.380632305267227,2019,indigenous
At most primary school,26,25,23642,1420.4928517045935,6.466457998477286,20.38145390970871,0,2019,indigenous
At most primary school,27,37,34497,826.2387453981505,92.77415427428473,2.8002434994347336,0,2019,indigenous
At most primary school,28,33,27762,1213.780707441827,46.566169584323895,12.50810460341474,0,2019,indigenous
At most primary school,29,29,25889,1622.6136196840357,38.65734481826258,0,0,2019,indigenous
At most primary school,30,70,65791,1297.1139466897703,34.60382119134836,33.31940032324583,0,2019,indigenous
At most primary school,31,25,24319,1780.9130446701483,53.92080266458325,66.01868223748235,47.452609071096674,2019,indigenous
At most primary school,32,42,41336,1378.4267224695182,26.4466808592994,135.70706325398362,0,2019,indigenous
At most primary school,33,34,33403,1118.5783013501782,60.04221177738526,31.428314822021974,0,2019,indigenous
At most primary school,34,35,32575,1312.094029163469,20.21157329240215,35.1880276285495,41.50933742645178,2019,indigenous
At most primary school,35,53,48521,1392.0634364501968,23.866676284495373,29.997149000776293,96.89000638898621,2019,indigenous
At most primary school,36,41,41209,1663.2259943216288,9.672644325268752,65.11259676284307,76.06275328205004,2019,indigenous
At most primary school,37,37,33804,1740.3617520609,8.270175127203881,4.1765274326509685,0,2019,indigenous
At most primary school,38,46,41112,1386.161137056496,10.214779139910489,13.68821755205293,0,2019,indigenous
At most primary school,39,40,38805,1456.1821414766139,25.616028862260016,36.41283339775802,192.65558562040974,2019,indigenous
At most primary school,40,77,71930,2295.4140924046524,20.20075072987627,60.152810602900956,96.13860697900736,2019,indigenous
At most primary school,41,26,24490,1671.0409146590446,20.865659452837892,95.5583911800735,0,2019,indigenous
At most primary school,42,46,41512,1707.6253934605254,35.81253613412989,88.19981772338923,0,2019,indigenous
At most primary school,43,35,32983,1339.2193655317387,11.217900130370191,88.93824091198496,0,2019,indigenous
At most primary school,44,27,23335,1799.7004071137776,84.60424255410328,76.99644668237983,0,2019,indigenous
At most primary school,45,52,41179,1645.920809150295,6.969571869156609,36.294794272161376,21.83507774998583,2019,indigenous
At most primary school,46,17,12974,1524.1700323724372,15.099429628487744,39.96454447356251,0,2019,indigenous
At most primary school,47,23,22035,2323.551622418879,29.017472203312913,63.11776718856365,48.849557522123895,2019,indigenous
At most primary school,48,37,31583,2581.5388975081532,52.37152898711332,60.29430389766647,186.7270366969572,2019,indigenous
At most primary school,49,32,29532,1333.1540024380333,67.58092916158743,75.24477685222809,0,2019,indigenous
At most primary school,50,48,47356,1471.450305487513,5.845088267590168,22.00706703831968,1.372230199622716,2019,indigenous
At most primary school,51,12,10135,1569.2679329057721,106.77651702022693,77.9654990955435,25.974346324617663,2019,indigenous
At most primary school,52,26,23551,1481.4552672922594,46.79546516071505,24.27831797658981,0,2019,indigenous
At most primary school,53,31,25163,1532.066989892567,66.44676707864723,9.442435321702499,0,2019,indigenous
At most primary school,54,27,23818,1736.7985137291125,0,108.60133792369916,140.46099588546477,2019,indigenous
At most primary school,55,33,28360,1039.3253878702399,34.33638928067701,44.33474377056887,150,2019,indigenous
At most primary school,56,20,16818,2752.584274784953,7.016292068022357,24.882566298014034,69.03317873706743,2019,indigenous
At most primary school,57,26,22477,1620.792039269772,53.078702673844376,21.355163055567914,0,2019,indigenous
At most primary school,58,19,15726,2057.8066895586926,85.99771079740557,3.857730298020264,0,2019,indigenous
At most primary school,59,16,13546,1678.3301343570058,26.775431861804222,61.33736896500812,249.42172351001525,2019,indigenous
Secondary school or above,13,7,8411,67.05504696231127,0,0,0,2019,indigenous
Secondary school or above,14,21,21758,357.2111407298465,44.54683334865337,0,0,2019,indigenous
Secondary school or above,15,30,30035,372.98471782919927,36.540702513733976,0,0,2019,indigenous
Secondary school or above,16,23,22181,237.44195482620262,0,0,0,2019,indigenous
Secondary school or above,17,46,41910,858.49343832021,37.329754235266044,2.8913147220233832,0,2019,indigenous
Secondary school or above,18,49,48396,747.6174339477092,45.86825357467559,4.697357908367082,0,2019,indigenous
Secondary school or above,19,66,57613,1116.7574621468534,85.36615000086786,17.25608803568639,0,2019,indigenous
Secondary school or above,20,61,55565,1069.1834188188006,29.475389183838747,40.75257206274933,0,2019,indigenous
Secondary school or above,21,35,31370,1186.8895441504621,87.32228243544787,47.38603761555626,0,2019,indigenous
Secondary school or above,22,50,45982,1232.9119945485916,69.28450263146449,9.473272149971729,0,2019,indigenous
Secondary school or above,23,47,38268,1606.7904689732065,13.483850736908122,0,2.879690603114874,2019,indigenous
Secondary school or above,24,40,34610,1833.2645092940384,39.373013579890205,22.642617740537418,12.915342386593471,2019,indigenous
Secondary school or above,25,50,44044,2277.2555323464417,34.36790482245028,51.299268912905276,0,2019,indigenous
Secondary school or above,26,31,25479,2576.3542198150108,18.76839750382668,68.49091408611012,0,2019,indigenous
Secondary school or above,27,29,25372,1785.3775158967892,117.18429765095381,83.49624257711913,7.425508434494718,2019,indigenous
Secondary school or above,28,33,28870,2540.4746795981987,16.62625562868029,12.94166955316938,7.400127006119385,2019,indigenous
Secondary school or above,29,31,24760,2745.0045907377494,105.5048465266559,61.11978998384491,0,2019,indigenous
Secondary school or above,30,33,28404,2590.796660094822,9.264540205604844,0,0,2019,indigenous
Secondary school or above,31,25,21077,2790.678124654046,54.58082269772738,15.372206670778574,0,2019,indigenous
Secondary school or above,32,22,17938,3434.779564797265,0,18.51711450551901,0,2019,indigenous
Secondary school or above,33,21,17036,3150.5216208812712,96.33716834937779,0,0,2019,indigenous
Secondary school or above,34,17,14387,2533.398484743171,14.28372836588587,25.06661106091147,0,2019,indigenous
Secondary school or above,35,19,16198,3221.67546404906,3.759723422644771,0,0,2019,indigenous
Secondary school or above,36,13,11339,6280.07405120969,0,37.3577916923891,0,2019,indigenous
Secondary school or above,37,11,9648,3898.328841901603,44.603544776119406,60.87617468214482,0,2019,indigenous
Secondary school or above,38,22,20278,3924.911184534964,0,196.09922083045666,45.50087122332906,2019,indigenous
Secondary school or above,39,13,10446,2918.560373986853,186.27225732337737,128.30269959793222,0,2019,indigenous
Secondary school or above,40,7,5594,4296.961685138839,31.748301751877012,0,0,2019,indigenous
Secondary school or above,41,5,5909,2872.218931573306,40.97749196141479,0,0,2019,indigenous
Secondary school or above,42,9,7702,4576.463645806284,0,0,0,2019,indigenous
Secondary school or above,43,4,2927,4787.620999886118,0,0,0,2019,indigenous
Secondary school or above,44,8,6170,3201.196650459211,0,0,0,2019,indigenous
Secondary school or above,45,13,9180,5379.693355119825,30.745098039215687,85.7516339869281,0,2019,indigenous
Secondary school or above,46,3,2250,7537.55,0,19.885185185185183,0,2019,indigenous
Secondary school or above,47,5,3880,1453.206701030928,0,0,0,2019,indigenous
Secondary school or above,48,6,4924,1599.7516923910102,0,446.1481180611969,0,2019,indigenous
Secondary school or above,49,2,1984,249.7983870967742,0,0,0,2019,indigenous
Secondary school or above,50,12,9606,3130.3532861406065,112.67874245263377,0,0,2019,indigenous
Secondary school or above,51,4,3043,3546.4596341329834,0,0,0,2019,indigenous
Secondary school or above,52,6,5548,2231.847332372026,14.617880317231435,1119.1420331651045,0,2019,indigenous
Secondary school or above,53,9,6545,3817.869875222817,0,0,0,2019,indigenous
Secondary school or above,54,7,4921,4023.7180789812373,0,0,100.42674253200569,2019,indigenous
Secondary school or above,55,6,5218,3261.5615178229205,111.07704101188195,165.17669605212726,0,2019,indigenous
Secondary school or above,56,1,557,1800,0,0,0,2019,indigenous
Secondary school or above,57,3,2652,4885.1274509803925,76.99849170437406,0,0,2019,indigenous
Secondary school or above,58,3,2198,3742.8571428571427,0,0,0,2019,indigenous
Secondary school or above,59,3,2261,3741.264927023441,0,0,0,2019,indigenous
At most primary school,13,19,17730,396.2301184433164,0,14.664410603496897,0,2019,non-indigenous
At most primary school,14,24,24648,501.7224926971762,23.195593962999027,18.483277885967762,0,2019,non-indigenous
At most primary school,15,15,13714,767.8853726119294,62.6046375966166,47.29959651937193,0,2019,non-indigenous
At most primary school,16,22,19879,666.3593742139947,58.63775843855325,0,0,2019,non-indigenous
At most primary school,17,33,29361,1092.7832839480943,106.74789686999762,4.843159292939614,0,2019,non-indigenous
At most primary school,18,36,32132,1164.6918959292916,42.13867795344205,0,0,2019,non-indigenous
At most primary school,19,34,31216,1367.9822313343586,94.05433111225013,22.7434114983769,0,2019,non-indigenous
At most primary school,20,39,36761,1305.9778932383051,159.96599657245451,0,0,2019,non-indigenous
At most primary school,21,20,17085,1263.3847917276364,28.902546093064093,0,0,2019,non-indigenous
At most primary school,22,33,30992,1419.5266843056272,44.160751161590085,38.20319222164859,0,2019,non-indigenous
At most primary school,23,62,57311,1560.9600367585049,89.66505557397359,113.55760674216118,0,2019,non-indigenous
At most primary school,24,49,40546,1355.3684786004374,156.27904108913333,19.32619740541607,13.482628783768233,2019,non-indigenous
At most primary school,25,31,24424,1612.3399798012883,0,47.61163882519926,0,2019,non-indigenous
At most primary school,26,34,30193,1325.8023382903323,79.21438744079754,57.49235474006117,0,2019,non-indigenous
At most primary school,27,40,32751,1770.4100434592328,27.480076944215444,61.462779762450005,26.10607309700467,2019,non-indigenous
At most primary school,28,41,38004,1654.6126021822265,90.69176928744342,17.64445847805494,0,2019,non-indigenous
At most primary school,29,44,38831,1648.8366768818728,80.70536427081456,34.6393345522907,0,2019,non-indigenous
At most primary school,30,52,43132,1693.944248663019,66.42168227765927,150.42346749513123,0,2019,non-indigenous
At most primary school,31,36,25713,1944.1556281517778,49.177458872943646,61.81697973787578,30.381519075953797,2019,non-indigenous
At most primary school,32,45,32157,1808.4790714307926,76.04005348757657,93.13420613448602,0,2019,non-indigenous
At most primary school,33,30,24133,1700.846986836835,47.71060373762069,18.066547880495587,18.37732565366925,2019,non-indigenous
At most primary school,34,46,36443,1931.925692176824,21.625003430013994,24.96089784046319,6.998143219091001,2019,non-indigenous
At most primary school,35,68,52223,2303.662664598612,107.75118242919787,43.486586369990235,2.047629077864798,2019,non-indigenous
At most primary school,36,43,28881,2223.822270696998,34.78480662026938,42.69213900719043,38.57207160416883,2019,non-indigenous
At most primary school,37,54,42490,2080.620789205303,131.10602494704636,135.07778300776653,0,2019,non-indigenous
At most primary school,38,69,49184,2416.3254649208416,59.42501626545218,109.1055526187378,5.806766428106702,2019,non-indigenous
At most primary school,39,47,39841,2193.2367745120187,160.36796265153987,59.34213498657162,0,2019,non-indigenous
At most primary school,40,77,62602,2081.4635128803125,46.19021756493403,79.87684099549536,0,2019,non-indigenous
At most primary school,41,45,34633,2450.6383314565105,114.05249328674964,86.39236181291446,70.25091675569543,2019,non-indigenous
At most primary school,42,62,45412,1941.9217534278753,91.17876332246983,92.12003435215361,49.66381866760621,2019,non-indigenous
At most primary school,43,52,39061,2267.359429268751,101.01405493970968,37.46191853767185,11.098026164204706,2019,non-indigenous
At most primary school,44,36,29470,2291.4136070580253,44.16779776043434,92.21245334238208,71.93756362402443,2019,non-indigenous
At most primary school,45,68,53768,2301.755839904776,33.00178544859396,78.93883598670833,63.77957149233745,2019,non-indigenous
At most primary school,46,60,45560,2034.5458040678957,81.83538191395961,82.26035264852209,0,2019,non-indigenous
At most primary school,47,49,37625,2458.601550387597,64.56930232558139,63.99813953488372,44,2019,non-indigenous
At most primary school,48,56,44114,1998.0278596363967,63.31799428752777,97.96984328482266,0,2019,non-indigenous
At most primary school,49,51,37822,6356.0570126734,71.8573845909788,300.4889129783371,0,2019,non-indigenous
At most primary school,50,76,59392,2448.821530396911,48.45501077586207,75.18857758620689,0,2019,non-indigenous
At most primary school,51,30,23967,1852.6555680727668,15.542203863645847,33.98548003504819,0,2019,non-indigenous
At most primary school,52,53,36209,2062.120706638313,26.126929768842,12.79239967963766,31.688254301416777,2019,non-indigenous
At most primary school,53,50,41909,1599.2169462406644,53.82519267937675,104.46021936417793,0,2019,non-indigenous
At most primary school,54,46,36005,4529.173341665509,23.360366615747814,244.50307827616535,7.47118455770032,2019,non-indigenous
At most primary school,55,46,35662,2208.7641093227153,37.25792159721833,112.0163385863571,1.8675340698783018,2019,non-indigenous
At most primary school,56,41,32507,2255.489643256324,71.73901005937182,37.32683216948144,181.38400959793276,2019,non-indigenous
At most primary school,57,41,31190,2026.8914502511489,71.3674254568772,202.02468739980762,84.01731324142354,2019,non-indigenous
At most primary school,58,66,47115,1834.7194453288055,162.8897378754112,43.71466977961725,87.33347483108706,2019,non-indigenous
At most primary school,59,39,27856,1886.5309209266707,15.240881677197013,135.05648094964582,259.2753805284319,2019,non-indigenous
Secondary school or above,13,2,1629,172.62124002455494,0,0,0,2019,non-indigenous
Secondary school or above,14,14,11129,314.4283703237787,11.133075748045647,0,0,2019,non-indigenous
Secondary school or above,15,31,25320,436.83925750394945,30.15580568720379,10.88763823064771,0,2019,non-indigenous
Secondary school or above,16,42,37067,680.1283261841171,37.46459114576308,6.280519060080395,0,2019,non-indigenous
Secondary school or above,17,69,57612,911.6183636510912,36.855169062000975,15.93013029692888,12.792473790182601,2019,non-indigenous
Secondary school or above,18,85,63719,1527.8150826284154,78.18504684630958,4.149834952421307,0,2019,non-indigenous
Secondary school or above,19,120,87607,1833.9089646565533,75.23522092983437,45.5535326324761,13.73177942401863,2019,non-indigenous
Secondary school or above,20,162,116874,2086.142235798096,49.46841898112497,22.958741892978765,32.70473615460524,2019,non-indigenous
Secondary school or above,21,134,92993,2432.1696561389927,28.901315152753433,23.804211069650403,36.63716623831901,2019,non-indigenous
Secondary school or above,22,139,95931,2158.157453447443,61.038955082298735,14.922948091162745,20.47443822469622,2019,non-indigenous
Secondary school or above,23,138,92577,2700.8720839589387,45.25012692137356,9.57491241525073,33.20443162628587,2019,non-indigenous
Secondary school or above,24,150,104641,2990.8803560108686,48.54255024321251,84.06908700541216,33.92392401958442,2019,non-indigenous
Secondary school or above,25,168,113403,2861.4408253455967,47.08277558794741,50.76537510765442,26.5072352583265,2019,non-indigenous
Secondary school or above,26,139,97634,3494.1494168698064,90.87233955384394,48.52715242640883,3.2998067613058297,2019,non-indigenous
Secondary school or above,27,132,85152,3345.8313603908305,66.9476348177377,67.06145089565327,5.276838281347864,2019,non-indigenous
Secondary school or above,28,132,85037,3168.430867347939,47.587991109752224,43.3640650540353,3.0870875814841385,2019,non-indigenous
Secondary school or above,29,115,73639,4188.06709080786,30.950175857901385,42.132610890062786,17.89323592118307,2019,non-indigenous
Secondary school or above,30,157,103228,3938.945393530179,45.14782810865269,138.97715090221,43.26507020059157,2019,non-indigenous
Secondary school or above,31,98,62906,4028.162648766943,38.867516612087876,81.38267149927405,17.13668012590214,2019,non-indigenous
Secondary school or above,32,106,64150,4070.9640478046244,33.74678098207327,37.402961808261885,17.392922837100546,2019,non-indigenous
Secondary school or above,33,111,72661,4359.866790070785,37.7981310469165,51.05329314671327,5.539422799025612,2019,non-indigenous
Secondary school or above,34,107,69139,3745.7375624948777,43.71292613430914,81.46005390107851,53.28396418808487,2019,non-indigenous
Secondary school or above,35,106,64207,4041.1770393674624,63.38841559331537,29.99750805986886,0,2019,non-indigenous
Secondary school or above,36,111,67380,4105.569140199862,18.903235381418817,22.210151380231522,0,2019,non-indigenous
Secondary school or above,37,92,56859,4993.741814547096,31.533090627693067,146.39539035157142,49.01598691500026,2019,non-indigenous
Secondary school or above,38,113,67707,4943.632950310406,35.159289290619874,116.83823927609652,29.105065453596627,2019,non-indigenous
Secondary school or above,39,78,50678,5701.267861136325,123.6587868503098,208.4032847915598,62.309417630266914,2019,non-indigenous
Secondary school or above,40,131,77503,4576.763822045598,105.33349676786705,287.9917551578649,13.811181502651511,2019,non-indigenous
Secondary school or above,41,57,33091,5644.1322212484765,88.8386570366565,218.47063149093913,12.936447976791273,2019,non-indigenous
Secondary school or above,42,104,62103,4338.069089523319,26.878733716567638,80.68799682248309,8.811168542582484,2019,non-indigenous
Secondary school or above,43,63,35145,4424.744140939916,46.88006828851899,30.761132451273298,59.886090956513485,2019,non-indigenous
Secondary school or above,44,51,33203,5498.385135881295,113.70900219859651,42.36997911835275,6.18016444297202,2019,non-indigenous
Secondary school or above,45,101,62918,5146.372811966899,44.718363584347884,92.01499305974973,8.000535087998136,2019,non-indigenous
Secondary school or above,46,68,41810,4895.3358646256875,2.5352786414733317,79.7974966116559,65.23798134417603,2019,non-indigenous
Secondary school or above,47,57,28686,4984.887018057589,16.613679146622047,54.61084384949685,23.495781914522762,2019,non-indigenous
Secondary school or above,48,62,35904,4949.361468545751,56.6104055258467,174.9108734402852,0,2019,non-indigenous
Secondary school or above,49,42,26897,3556.8568117881796,42.19905565676469,69.8312079414061,56.16723054615756,2019,non-indigenous
Secondary school or above,50,58,33658,6581.236437102621,19.98039099174045,59.04985441796898,3.421672905896567,2019,non-indigenous
Secondary school or above,51,31,17965,6503.080202245106,87.42666295574729,13.554133036459783,24.48093515168383,2019,non-indigenous
Secondary school or above,52,49,28737,3993.027948869634,30.034450360162857,101.53112711834916,58.25242718446602,2019,non-indigenous
Secondary school or above,53,53,32072,5121.904438970649,35.68470940384136,561.4149413818908,11.567722624095785,2019,non-indigenous
Secondary school or above,54,40,22536,6711.876700982133,14.776357827476039,265.4419595314164,19.879304224352147,2019,non-indigenous
Secondary school or above,55,34,22739,5251.10558951581,51.99437090461322,198.47178855710453,14.39905009015348,2019,non-indigenous
Secondary school or above,56,38,25715,4272.218342083091,36.14232937973945,197.48647676453433,0,2019,non-indigenous
Secondary school or above,57,30,17275,5363.378707187651,1.2329956584659914,424.97346840328026,0,2019,non-indigenous
Secondary school or above,58,28,16009,5690.362400316489,22.48735086513836,756.9054906615029,7.4957836217127864,2019,non-indigenous
Secondary school or above,59,28,14935,5093.939694230554,43.05323066622029,276.1589108358442,0,2019,non-indigenous
At most primary school,13,66,62415,282.98934550989344,26.08155090923656,6.069053913322118,0,2019,p99
At most primary school,14,48,49631,442.6391301135715,22.377445548145314,22.283972382852113,0,2019,p99
At most primary school,15,66,65257,498.129396080114,61.34912729668848,16.248703842755052,0,2019,p99
At most primary school,16,66,63423,466.45724737082764,18.379136906169688,16.216514513662236,0,2019,p99
At most primary school,17,82,78692,829.4404767956082,69.46354140192142,23.221759094528878,0,2019,p99
At most primary school,18,90,84873,971.8618995440246,44.62526362918714,0,0,2019,p99
At most primary school,19,85,81589,944.789730641794,104.68666119207246,43.79644723349144,0,2019,p99
At most primary school,20,75,68964,1103.1553177503238,105.67121976683487,11.571254567600487,0,2019,p99
At most primary school,21,62,57460,1164.2689378118112,82.457361642882,0,0,2019,p99
At most primary school,22,78,71500,1252.1196829836829,44.68377622377622,19.874032634032634,0,2019,p99
At most primary school,23,107,99732,1304.8548476583912,87.61699354269442,77.12344082140136,0,2019,p99
At most primary school,24,81,69842,1274.4680039708676,107.72271698977693,34.63191918902666,84.93981653828165,2019,p99
At most primary school,25,69,58047,1391.5965108733728,43.65858700708047,29.13595879201337,14.1221768566851,2019,p99
At most primary school,26,59,53835,1367.3863100213616,47.26664809139036,41.19485464846289,0,2019,p99
At most primary school,27,77,67248,1286.0673526845903,60.97475017844397,31.369966393052582,12.714132762312634,2019,p99
At most primary school,28,73,65016,1396.6389401583199,72.89621016365203,15.654761904761905,0,2019,p99
At most primary school,29,73,64720,1638.3470488257108,63.88550679851669,20.783065512978986,0,2019,p99
At most primary school,30,122,108923,1454.2532522974946,47.203253674614174,79.69098965936182,0,2019,p99
At most primary school,31,61,50032,1864.8084825711544,51.483050847457626,63.859296716767936,38.679245283018865,2019,p99
At most primary school,32,87,73493,1566.5969344019159,48.14635407453771,117.07922976791441,0,2019,p99
At most primary school,33,64,57536,1362.8060924175008,54.86982063403782,25.823832035595107,7.708217463848721,2019,p99
At most primary school,34,81,69018,1639.3785823987946,20.957895041873133,29.787881422237678,23.286678837404736,2019,p99
At most primary school,35,121,100744,1864.612139019032,67.35016477408084,36.98971320045528,47.72625003308716,2019,p99
At most primary school,36,84,70090,1894.2230132686545,20.02025966614353,55.87411423407999,60.61449564845199,2019,p99
At most primary school,37,91,76294,1929.8603559912967,76.68047290743702,77.07864751269213,0,2019,p99
At most primary school,38,115,90296,1947.2890087416204,37.01946930096571,65.66179564986267,3.162930805351289,2019,p99
At most primary school,39,86,77894,1739.744109516351,94.78586283924308,48.4921816827997,95.97658356227694,2019,p99
At most primary school,40,153,133780,2144.118063238152,32.4760053819704,69.72074799421937,51.69120944834803,2019,p99
At most primary school,41,71,59123,2127.712554053978,75.45253116384487,90.18912549543607,41.15149772508161,2019,p99
At most primary school,42,108,86924,1830.0296350835213,64.73770190051079,90.24786978663354,25.946037151227888,2019,p99
At most primary school,43,87,72044,1842.4407167841875,59.90380878352118,61.02867691966021,6.017156182333019,2019,p99
At most primary school,44,63,52805,2074.121162768677,62.037023009184736,85.48836442256099,40.14771328472683,2019,p99
At most primary school,45,120,94947,2017.3168293890276,21.711481142110863,60.44389677047897,45.58802981312382,2019,p99
At most primary school,46,77,58534,1921.4215470211045,67.04342775139236,72.88553091650438,0,2019,p99
At most primary school,47,71,58971,2395.971635775777,52.039477031083074,64.41691678960845,46.32616031608757,2019,p99
At most primary school,48,93,75697,2241.4857127759356,58.75080914699394,82.25050750580165,77.9079752169835,2019,p99
At most primary school,49,82,65890,2044.4981079577074,71.53725906814388,95.11641245510194,0,2019,p99
At most primary school,50,124,106748,2015.2359669502005,29.552216434968337,51.59597057243852,0.6087545746368395,2019,p99
At most primary school,51,42,34102,1768.4337135651867,42.65673567532696,47.05619416261021,7.719488593044396,2019,p99
At most primary school,52,79,59760,1833.2844991075413,34.27225568942436,17.31892012494422,19.200133868808567,2019,p99
At most primary school,53,81,67072,1574.0246998250636,58.560353053435115,68.81296715966921,0,2019,p99
At most primary school,54,70,56698,1769.9792085552695,14.834562065681329,110.18378073300646,63.75004409326608,2019,p99
At most primary school,55,79,64022,1690.7346485062428,35.96376245665552,82.03523788697635,67.48617662678454,2019,p99
At most primary school,56,61,49325,2424.9805203581686,49.67095793208312,33.083797938841016,143.07653319817535,2019,p99
At most primary school,57,67,53667,1856.8074794566494,63.707678834292956,126.35604747796597,48.82888926155738,2019,p99
At most primary school,58,85,62841,1890.5471693109064,143.6474594611798,33.74044546288782,65.47821751192161,2019,p99
At most primary school,59,55,41402,1818.411316683574,19.014781894594464,110.93689515804388,256.0514387388693,2019,p99
Secondary school or above,13,9,10040,84.18326693227091,0,0,0,2019,p99
Secondary school or above,14,34,32135,350.7537990768114,34.01742648202894,0,0,2019,p99
Secondary school or above,15,61,55355,402.19250293559753,33.620178845632736,4.9801282630295365,0,2019,p99
Secondary school or above,16,65,59248,514.3973917544333,23.438765865514448,3.9292465568458006,0,2019,p99
Secondary school or above,17,114,98247,874.8319762096214,37.53590440420572,10.574792784173223,7.501501318106405,2019,p99
Secondary school or above,18,134,112115,1191.031909943659,64.2350532934933,4.3861808559663436,0,2019,p99
Secondary school or above,19,184,143643,1546.1290166129456,78.0221242942573,34.528773881544296,8.374929512750361,2019,p99
Secondary school or above,20,221,171275,1742.089085778232,43.31847613487082,28.88744222254659,22.316936700238408,2019,p99
Secondary school or above,21,169,124363,2118.0534229098153,43.6377379124016,29.75261934819842,27.395608018462084,2019,p99
Secondary school or above,22,189,141913,1858.3636594251407,63.71063961723028,13.157169063675163,13.840404567117412,2019,p99
Secondary school or above,23,183,129451,2325.5433915793105,36.346733513066724,6.847507293622041,24.59746673773603,2019,p99
Secondary school or above,24,184,134007,2532.1893333930316,48.07391404926609,71.49428263697668,28.00226853821069,2019,p99
Secondary school or above,25,215,154992,2642.6474694392828,44.21536595437184,51.72119098620144,19.39454939609786,2019,p99
Secondary school or above,26,164,117618,2982.742338190866,79.49829107789624,55.11894437926168,2.7391499033594635,2019,p99
Secondary school or above,27,159,109478,2885.594977986445,78.70827928898957,71.51101895662447,5.825219069889231,2019,p99
Secondary school or above,28,164,113556,2982.513998966736,39.863503469653736,35.763640846806865,4.193158735190861,2019,p99
Secondary school or above,29,141,95658,3130.8869740812756,51.134667252085556,48.254503892338676,13.77448828116833,2019,p99
Secondary school or above,30,180,125150,3416.366054734319,39.342149420695165,104.13370621920363,35.68650952190705,2019,p99
Secondary school or above,31,118,81279,3256.2036001509205,44.23528832785836,43.391179353420526,13.262958451752604,2019,p99
Secondary school or above,32,126,81177,3848.6055512439893,26.668342018059302,33.649432721090946,13.744730650307353,2019,p99
Secondary school or above,33,128,87529,3436.035300681298,50.127957591198346,37.78842821617216,4.5984759336905485,2019,p99
Secondary school or above,34,122,82733,3440.294521734576,39.01427483591795,72.43421609273204,44.52878536980407,2019,p99
Secondary school or above,35,123,79388,3830.397373238609,52.03406056330932,24.26122335869401,0,2019,p99
Secondary school or above,36,119,76334,3871.002545829294,16.685880472659626,25.15419079309351,0,2019,p99
Secondary school or above,37,102,65821,4520.4454885219,33.77759377706203,135.38580139064027,42.34210966105042,2019,p99
Secondary school or above,38,125,82511,3549.165202215462,13.241022409133327,125.69758375650925,35.065425620018345,2019,p99
Secondary school or above,39,88,58703,4037.443588913684,139.90051615760694,159.30551533425324,53.79140191585893,2019,p99
Secondary school or above,40,134,79845,4402.607929947607,104.46818210282422,181.08700189951364,13.406074268895987,2019,p99
Secondary school or above,41,60,37036,5001.145399071174,85.91359758073226,195.19958058825648,11.558483637541851,2019,p99
Secondary school or above,42,113,69805,4364.372575985483,23.91304347826087,71.7852111835351,7.8389800157581835,2019,p99
Secondary school or above,43,67,38072,4452.642348707712,43.27589829796176,28.396196679974786,55.28200952581074,2019,p99
Secondary school or above,44,57,38382,5017.306680214684,98.36590068261164,36.652868966355754,5.346256057526966,2019,p99
Secondary school or above,45,110,69667,4760.176787431639,44.43753857637045,94.40049569140817,7.225482174726437,2019,p99
Secondary school or above,46,69,43281,4888.661229330807,2.4491116194172964,78.11915159076732,63.02072502945865,2019,p99
Secondary school or above,47,61,31905,4410.058329415452,14.937470615890927,49.10097685838166,21.12521548346654,2019,p99
Secondary school or above,48,66,39592,3600.063602916414,51.33713881592241,214.1047012864552,0,2019,p99
Secondary school or above,49,42,27066,3066.813628414493,41.93556491539201,69.39518214734353,55.816522574447646,2019,p99
Secondary school or above,50,66,41104,4780.268984364863,42.69394706111327,48.35295834955235,2.8018359932528867,2019,p99
Secondary school or above,51,33,19243,4434.077110291188,81.6203294704568,6.7193265083406954,22.85506417918204,2019,p99
Secondary school or above,52,55,34285,3708.0336347285015,27.539740411258567,266.2009625200525,48.826017208691844,2019,p99
Secondary school or above,53,57,35694,3761.986444967408,32.063652154423714,317.21577856222336,10.3939037373228,2019,p99
Secondary school or above,54,46,26893,5312.147027107426,12.382404343137619,222.43706540735508,35.03513925556836,2019,p99
Secondary school or above,55,34,24322,3167.364334073404,72.44058876737111,156.59863498067594,0,2019,p99
Secondary school or above,56,37,24633,3927.971068620685,37.72987455851906,206.16103397880892,0,2019,p99
Secondary school or above,57,31,18869,5122.050726941898,11.950818803328211,389.0729061776812,0,2019,p99
Secondary school or above,58,29,16483,5022.666484660964,21.8406843414427,358.5087666080204,7.280228113814233,2019,p99
Secondary school or above,59,29,16228,4555.3974200969515,14.481143702243036,240.35206638731412,0,2019,p99
At most primary school,13,66,62415,282.98934550989344,26.08155090923656,6.069053913322118,0,2019,p90
At most primary school,14,47,48804,410.60068846815835,22.75663880009835,22.661581700953473,0,2019,p90
At most primary school,15,66,65257,498.129396080114,61.34912729668848,16.248703842755052,0,2019,p90
At most primary school,16,65,62554,465.99127154138824,18.634459826709723,16.44179428973367,0,2019,p90
At most primary school,17,81,78295,817.6739255380293,59.67462800945143,23.339506567043443,0,2019,p90
At most primary school,18,90,84873,971.8618995440246,44.62526362918714,0,0,2019,p90
At most primary school,19,84,80958,944.359412699589,105.50260628968107,44.13780396419543,0,2019,p90
At most primary school,20,74,68374,1100.0761010520569,103.13145347646767,11.67110305086729,0,2019,p90
At most primary school,21,60,55467,1103.5731726371837,85.42015973461697,0,0,2019,p90
At most primary school,22,78,71500,1252.1196829836829,44.68377622377622,19.874032634032634,0,2019,p90
At most primary school,23,107,99732,1304.8548476583912,87.61699354269442,77.12344082140136,0,2019,p90
At most primary school,24,80,69060,1220.958504681919,108.94251375615407,35.02407326962062,85.90163143160537,2019,p90
At most primary school,25,66,55974,1311.698336132252,45.275485046628795,30.21501054060814,14.645192410762139,2019,p90
At most primary school,26,55,50566,1100.7720998299253,50.32235098682909,43.85802713285607,0,2019,p90
At most primary school,27,76,66935,1268.9107691541544,61.259878987077016,31.51665795174423,12.773586315081795,2019,p90
At most primary school,28,72,64608,1389.0397061251444,73.35655027241208,15.753621842496285,0,2019,p90
At most primary school,29,72,64407,1607.4311953669633,64.19597248746254,20.88406539661838,0,2019,p90
At most primary school,30,121,108237,1445.723985328492,47.50242523351534,80.19606665619582,0,2019,p90
At most primary school,31,59,48167,1756.970498474059,53.4764465297818,66.33189389692805,40.17688458903399,2019,p90
At most primary school,32,83,71072,1493.5472502063635,49.78641377757767,121.06742223848117,0,2019,p90
At most primary school,33,63,57185,1349.6880533939552,55.20661012503279,25.982338025706042,7.7555302964064,2019,p90
At most primary school,34,79,68098,1608.5161238215512,21.24103497900085,29.097770859643454,23.60128050750389,2019,p90
At most primary school,35,118,97970,1669.8896124664013,69.25717056241707,38.037069170834606,49.077608791807016,2019,p90
At most primary school,36,82,69067,1865.184038687072,20.31679383786758,56.70170510760083,61.51229965106346,2019,p90
At most primary school,37,89,75007,1912.7456904022292,56.231551721839296,78.40119366636891,0,2019,p90
At most primary school,38,108,85621,1901.0904840323442,39.04077270763014,69.24700131976968,3.3356302776188085,2019,p90
At most primary school,39,84,76114,1726.8186886337162,97.00252253199149,43.963659773497646,98.22108941850382,2019,p90
At most primary school,40,150,130448,1818.4927927858866,33.30553170612045,71.50160728157324,53.01154483012388,2019,p90
At most primary school,41,69,57160,1974.6734196407745,64.61651504548635,93.28641824119431,42.56473058082575,2019,p90
At most primary school,42,106,85778,1784.1275851616965,65.60260206579775,91.45358755547267,26.292677998243523,2019,p90
At most primary school,43,86,71386,1813.3359342167932,60.45597175916846,61.59120836018267,6.072619281091531,2019,p90
At most primary school,44,61,51053,1827.5393806436448,64.16596478169745,88.42209240070775,41.52547352751063,2019,p90
At most primary school,45,111,88229,1959.9205589998753,23.364653345271964,65.04626218892504,49.05922844718479,2019,p90
At most primary school,46,73,55825,1857.0003313927452,55.69834303627407,67.23657262277952,0,2019,p90
At most primary school,47,65,55922,2110.6468831586853,54.87679267551232,67.92907978970709,48.8519723901148,2019,p90
At most primary school,48,85,70430,1664.078053859624,59.94121823086753,88.4014861091391,83.73420417435752,2019,p90
At most primary school,49,75,61197,1930.7101709778801,64.89190646600323,102.41058249042709,0,2019,p90
At most primary school,50,118,102051,1691.4641600768243,30.91238694378301,53.97072705477327,0.6367731167096191,2019,p90
At most primary school,51,38,31995,1688.4698598739385,45.4658540396937,50.1550346408293,8.227848101265822,2019,p90
At most primary school,52,69,52882,1691.8337367472234,25.691728754585682,19.571473595300226,21.69736394236224,2019,p90
At most primary school,53,77,65127,1506.372523428583,57.4707878452869,70.86804755836033,0,2019,p90
At most primary school,54,60,49145,1417.0980499881305,6.028080170922779,113.65550920744735,73.54766507274392,2019,p90
At most primary school,55,73,60088,1524.8693083477567,38.31833311143656,85.21601650911995,71.90454000798829,2019,p90
At most primary school,56,56,46014,2123.2417561321918,53.24509931759899,35.464387650135464,140.33229017255618,2019,p90
At most primary school,57,62,50001,1790.7955907548514,63.65872682546349,135.6202875942481,52.40895182096358,2019,p90
At most primary school,58,79,59542,1751.7802503554915,122.66383393235027,33.479728594941385,69.10612116937064,2019,p90
At most primary school,59,49,37055,1573.1268474789729,14.876534880582918,67.69691899428777,274.58282732874557,2019,p90
Secondary school or above,13,8,8852,95.48124717577949,0,0,0,2019,p90
Secondary school or above,14,34,32135,350.7537990768114,34.01742648202894,0,0,2019,p90
Secondary school or above,15,59,54298,403.9369037533611,34.27465100003683,5.077074662050167,0,2019,p90
Secondary school or above,16,65,59248,514.3973917544333,23.438765865514448,3.9292465568458006,0,2019,p90
Secondary school or above,17,108,94357,768.3132906585274,37.045370242801276,11.010753485874568,7.810761257776318,2019,p90
Secondary school or above,18,118,103393,1035.081098333543,63.57889799115994,4.75618916818998,0,2019,p90
Secondary school or above,19,166,132681,1383.4900525822586,80.717148649769,37.38151405752645,9.06685961064508,2019,p90
Secondary school or above,20,190,152410,1520.6401176650702,44.666307985040355,28.634582157776176,25.07928176191413,2019,p90
Secondary school or above,21,138,106450,1837.7264991388759,44.564584311883515,28.145843118835135,17.069046500704555,2019,p90
Secondary school or above,22,165,129070,1668.057369386121,65.70208414038893,14.46636192247101,15.217582190542599,2019,p90
Secondary school or above,23,150,110230,2054.313252593063,39.80922616347637,8.041519247633737,28.886570504097495,2019,p90
Secondary school or above,24,140,104784,2173.201519315926,50.53477630172545,87.73605066931339,15.078637959993893,2019,p90
Secondary school or above,25,176,132740,2394.434146326151,44.87929787554618,60.3915235297072,22.645773692933556,2019,p90
Secondary school or above,26,124,92832,2444.299638055843,87.5406109962082,66.20971216821786,3.4704986786165692,2019,p90
Secondary school or above,27,122,87637,2406.69026400569,56.75542293780025,83.47824929348715,7.276987269456203,2019,p90
Secondary school or above,28,131,93192,2554.178463101268,36.34925744699116,18.387307923426903,2.8169442298337484,2019,p90
Secondary school or above,29,108,77426,2502.552200380578,30.854493322656474,54.12871645183788,17.018055950197606,2019,p90
Secondary school or above,30,140,101675,2803.1317932956313,30.209687730513892,119.26825670027047,1.5742971887550203,2019,p90
Secondary school or above,31,88,63881,2734.951144837015,48.1786446674285,30.357618071100955,12.022354064588844,2019,p90
Secondary school or above,32,89,58058,3108.207579776545,27.54755589238348,30.616969237658893,19.217954459333768,2019,p90
Secondary school or above,33,101,71736,2965.7467171294747,56.63056206088993,46.10771904390171,5.610850897736143,2019,p90
Secondary school or above,34,98,68470,3144.8198724502213,23.933810427924637,64.19064310403583,53.80458595005112,2019,p90
Secondary school or above,35,100,65996,3410.1081126128856,54.024183283835384,29.18434450572762,0,2019,p90
Secondary school or above,36,91,61046,3318.5974538326286,20.86459391278708,31.45365789732333,0,2019,p90
Secondary school or above,37,77,50428,3890.5906969672933,28.570932815102722,176.7119226091325,55.266915205838025,2019,p90
Secondary school or above,38,105,70872,3286.912095044587,15.415537871091546,126.18006170749145,40.82406780298755,2019,p90
Secondary school or above,39,64,43498,3705.965814520208,132.97347004459976,172.76759851027634,16.993884776311553,2019,p90
Secondary school or above,40,98,61138,3588.2811726476716,121.54080931662796,62.78787333573228,0,2019,p90
Secondary school or above,41,43,26795,3574.188754120794,109.85989923493189,244.6692168936991,15.976114946818436,2019,p90
Secondary school or above,42,80,52871,3667.513848171335,22.219174973047608,87.71601318933504,0,2019,p90
Secondary school or above,43,47,29244,3910.4368816395386,53.0775543701272,8.68896183832581,53.25867414398395,2019,p90
Secondary school or above,44,41,26770,3037.908790935126,17.330220395965632,31.632813472792925,7.665296974224878,2019,p90
Secondary school or above,45,79,49781,3945.623673355966,62.18898776641691,132.11063123146045,10.111843206578145,2019,p90
Secondary school or above,46,50,32726,3738.428772230031,0,46.84578011367109,0,2019,p90
Secondary school or above,47,42,22763,3326.2965924233768,20.936607652769847,46.61365666505587,0,2019,p90
Secondary school or above,48,46,28455,3034.3115328296144,52.88842031277456,220.69934985064137,0,2019,p90
Secondary school or above,49,34,22135,2284.550320006024,37.80076801445674,16.896318048339733,55.93629997741134,2019,p90
Secondary school or above,50,41,26220,3280.4768497330283,66.92951945080091,0,4.392321383168064,2019,p90
Secondary school or above,51,23,12173,3197.444480955119,129.02489115255074,10.62186806867658,36.12913825679783,2019,p90
Secondary school or above,52,36,24291,2794.944005324331,31.42316084146392,365.71158042073193,0,2019,p90
Secondary school or above,53,35,24787,3060.3834267963043,9.634082381893734,382.01476580465567,14.967523298503247,2019,p90
Secondary school or above,54,26,13713,2601.0293152483046,24.283526580616932,50.46306424560636,0,2019,p90
Secondary school or above,55,22,16673,2669.0338871228932,96.14946320398249,193.5699634139027,0,2019,p90
Secondary school or above,56,23,17237,2411.1474154435227,53.918895399431456,93.74928448492584,0,2019,p90
Secondary school or above,57,16,9682,2986.584228465193,23.290642429250155,624.7727742202025,0,2019,p90
Secondary school or above,58,16,9596,3653.574406002501,37.51563151313047,367.8303459774906,12.505210504376823,2019,p90
Secondary school or above,59,16,9982,3104.405196019502,16.489681426567824,258.5086489013558,0,2019,p90
At most primary school,13,51,50748,255.16828249389138,32.07771734846693,2.3409789548356588,0,2019,p50
At most primary school,14,38,38679,355.03906512577885,28.713643062126735,28.59370287063609,0,2019,p50
At most primary school,15,47,50352,378.60660946933587,65.45718144264379,21.058580923630966,0,2019,p50
At most primary school,16,47,47858,380.9576246395587,24.356638388566175,21.49065986877847,0,2019,p50
At most primary school,17,61,59436,645.0740292078875,28.280755770913252,30.74511519393409,0,2019,p50
At most primary school,18,55,54039,748.9119339736117,55.29932086085975,0,0,2019,p50
At most primary school,19,56,55993,741.5151893986748,109.05291732895184,18.819465528429152,0,2019,p50
At most primary school,20,43,41958,892.0333825889381,68.80428047094713,19.01901901901902,0,2019,p50
At most primary school,21,38,37143,840.3865331287187,69.74127022588375,0,0,2019,p50
At most primary school,22,51,49540,1043.4988359574754,53.5149374243036,23.899744314358767,0,2019,p50
At most primary school,23,65,65121,993.660119879404,89.79610263970147,72.67049031802337,0,2019,p50
At most primary school,24,44,43370,953.9031204365538,130.2912151256629,9.190204442394895,124.18030896933364,2019,p50
At most primary school,25,38,35469,893.5519091789074,63.13259466012575,20.43065775747836,23.111731371056415,2019,p50
At most primary school,26,39,37584,802.8753991060025,29.676458067262665,59.00715730097914,0,2019,p50
At most primary school,27,55,52745,1045.3602047587449,54.25405251682624,26.164897146648972,16.210067304957818,2019,p50
At most primary school,28,47,46049,1173.3392545621693,85.67330452344243,22.10276010336815,0,2019,p50
At most primary school,29,47,46781,1350.8729184925503,55.39065005023407,27.91688933541395,0,2019,p50
At most primary school,30,76,72324,1196.5637178990837,57.169127813727115,65.02820640451303,0,2019,p50
At most primary school,31,38,35537,1380.6092804682444,45.65101162169007,54.73614354991511,54.455919182823536,2019,p50
At most primary school,32,53,50149,1176.7225767213704,40.13439948952123,160.5715733780002,0,2019,p50
At most primary school,33,43,41850,851.4577060931899,70.1741935483871,19.48148148148148,10.5973715651135,2019,p50
At most primary school,34,57,49639,1205.4595714391237,29.13982956949173,39.91820947239066,27.24000617793805,2019,p50
At most primary school,35,68,61139,1177.4772076743159,42.86879078820393,46.775789594203374,76.89363581347422,2019,p50
At most primary school,36,45,41475,1091.2588426763111,19.22603978300181,82.01245730359653,102.43447860156721,2019,p50
At most primary school,37,49,44787,1172.6044239027694,19.39536026078996,31.144937891203547,0,2019,p50
At most primary school,38,52,42851,1092.9776667989079,49.74773050803949,136.30111704899923,6.664955310261138,2019,p50
At most primary school,39,50,48763,1224.0628345261775,98.52552139942169,38.06164509976826,153.31296269712692,2019,p50
At most primary school,40,91,86511,1248.2280615567192,33.38581220885205,66.52304331241113,36.24105605067564,2019,p50
At most primary school,41,34,31649,1346.6113621283453,72.40291952352365,133.85104321358233,76.87446680779803,2019,p50
At most primary school,42,54,50449,1310.0882871811136,64.82507086364447,72.18093189822065,34.83385861629236,2019,p50
At most primary school,43,46,44541,1154.9705439931747,5.144698143283716,84.17974450506276,7.622190790507622,2019,p50
At most primary school,44,28,24345,1222.0530567536114,45.935510371739575,138.25137605257754,0,2019,p50
At most primary school,45,61,53393,1387.0260208891302,27.745959208135897,52.85212168886059,31.926282471485028,2019,p50
At most primary school,46,34,27661,1022.106684501645,53.72184664328839,124.93456491088536,0,2019,p50
At most primary school,47,26,24030,1313.748508808434,77.51144402829796,85.8689138576779,68.8930503537245,2019,p50
At most primary school,48,40,36021,1006.38913411621,53.49879237111685,95.54889277551058,163.72116265511784,2019,p50
At most primary school,49,35,31282,1217.2245061057477,86.97301962790102,78.956868166997,0,2019,p50
At most primary school,50,57,57688,947.1383534415014,19.153030092913603,89.95400545462951,1.126461886932002,2019,p50
At most primary school,51,17,15547,808.5999656954182,79.46098925837782,61.4750112561909,0,2019,p50
At most primary school,52,29,26397,1131.4935788157745,41.75019888623707,39.20819285019762,43.467060650831534,2019,p50
At most primary school,53,33,31618,946.7677167014571,108.24214055284965,41.73635271048137,0,2019,p50
At most primary school,54,25,23194,830.7416716967031,0,195.53979477451065,155.83771665085797,2019,p50
At most primary school,55,40,36332,978.2632940658373,19.469888803258836,34.606774560534326,117.08686557304856,2019,p50
At most primary school,56,21,19458,997.1674375578168,7.1847055195806355,76.526792750197,255.47332716620414,2019,p50
At most primary school,57,30,26740,1228.4265270506107,35.73298429319372,162.5710545998504,66.58563949139865,2019,p50
At most primary school,58,37,29303,1034.8213834760945,110.94085929768283,21.119851209773742,111.55171825410368,2019,p50
At most primary school,59,20,16160,860.3225660066006,34.11200495049505,153.84958745874587,629.6204620462046,2019,p50
Secondary school or above,13,5,5527,152.9220191785779,0,0,0,2019,p50
Secondary school or above,14,20,19589,308.1831640206238,52.38654346827301,0,0,2019,p50
Secondary school or above,15,28,28143,255.75986923924245,39.440180506697935,6.901360906797428,0,2019,p50
Secondary school or above,16,36,35546,273.2301806110392,23.663422044674505,0,0,2019,p50
Secondary school or above,17,48,45491,522.8400782572377,43.884724450990305,5.587368930118045,16.201006792552374,2019,p50
Secondary school or above,18,51,48283,550.8148485664382,46.852204709732206,7.956699735586714,0,2019,p50
Secondary school or above,19,54,47186,792.5412551745574,67.98457169499427,32.71432910891649,0,2019,p50
Secondary school or above,20,56,51190,551.0673178355147,18.39226411408478,51.96223220681122,74.66953180959823,2019,p50
Secondary school or above,21,36,32159,964.5227359888886,55.18517366833546,46.223452221773066,56.500513075655334,2019,p50
Secondary school or above,22,41,34004,917.4376347880641,27.032113868956593,21.102615378582914,0,2019,p50
Secondary school or above,23,34,30429,807.7968056787932,33.49436392914654,0,104.6425011228324,2019,p50
Secondary school or above,24,41,35782,1104.3862463435992,31.34369235928679,126.02130493916869,0,2019,p50
Secondary school or above,25,42,35899,1368.389156615319,47.21858547591855,29.938438396612717,0,2019,p50
Secondary school or above,26,33,29149,1448.3246194838016,85.33809050053175,170.71700572918454,11.052637597630566,2019,p50
Secondary school or above,27,28,23824,1294.7827680770092,16.414120214909335,52.23514103425118,0,2019,p50
Secondary school or above,28,23,20088,1213.897351652728,61.76821983273596,0,0,2019,p50
Secondary school or above,29,21,19486,1743.185740189538,46.7361182387355,81.29101235074755,25.094939956892127,2019,p50
Secondary school or above,30,32,29986,1492.910902865782,18.29020209431068,155.07236710464883,0,2019,p50
Secondary school or above,31,25,19348,1658.769140651919,85.4093446351044,48.81512301013024,20.260492040520983,2019,p50
Secondary school or above,32,13,10310,2453.436016812156,71.69738118331716,75.07274490785645,0,2019,p50
Secondary school or above,33,29,24264,1923.6670513243214,37.84207055720409,136.31649082316736,0,2019,p50
Secondary school or above,34,25,18545,1573.7408465893773,21.598705850633593,18.269075222431923,133.62092208142357,2019,p50
Secondary school or above,35,23,14752,1782.694436912509,8.331073752711497,65.82158351409979,0,2019,p50
Secondary school or above,36,15,11933,1797.4681974356827,24.1724629179586,35.4981982736948,0,2019,p50
Secondary school or above,37,13,10015,1568.603161923781,42.96904643035447,234.81477783325013,0,2019,p50
Secondary school or above,38,14,11950,1854.9178242677824,63.910460251046025,31.297071129707113,84.51324965132495,2019,p50
Secondary school or above,39,10,7643,1737.5005451611496,364.3333769462253,310.82951720528587,0,2019,p50
Secondary school or above,40,20,16637,1993.1510087956563,179.82809400733305,0,0,2019,p50
Secondary school or above,41,5,3790,2167.3023746701847,0,771.1816182937555,51.187335092348285,2019,p50
Secondary school or above,42,9,7179,1765.084273575707,11.73561777406324,337.8511398987788,0,2019,p50
Secondary school or above,43,11,7791,1741.9941813203268,50.14118855089205,0,75.57010225473839,2019,p50
Secondary school or above,44,10,6314,1415.4714391299756,60.47671840354767,134.11631559497414,0,2019,p50
Secondary school or above,45,10,6355,2232.970102281668,161.90401258851298,258.8512981904013,49.97639653815893,2019,p50
Secondary school or above,46,7,6172,2105.6525437459495,0,0,0,2019,p50
Secondary school or above,47,8,5489,1254.1523046092184,0,62.3793040626708,0,2019,p50
Secondary school or above,48,8,6189,1765.7329670921529,0,1014.7035062207142,0,2019,p50
Secondary school or above,49,7,5531,890.3498463207377,0,0,205.91213162176822,2019,p50
Secondary school or above,50,7,5590,1732.9772808586763,184.2933810375671,0,0,2019,p50
Secondary school or above,51,1,805,1800,0,0,0,2019,p50
Secondary school or above,52,6,4398,1312.6793997271486,0,1683.174170077308,0,2019,p50
Secondary school or above,53,3,2655,1848.1920903954801,0,0,0,2019,p50
Secondary school or above,54,4,2732,1481.5300146412885,0,0,0,2019,p50
Secondary school or above,55,6,5195,899.3412897016362,0,280.0769971126083,0,2019,p50
Secondary school or above,56,5,3536,1121.370757918552,0,0,0,2019,p50
Secondary school or above,57,2,901,1488.978912319645,0,2110.247872733999,0,2019,p50
Secondary school or above,58,2,1291,2278.853601859024,278.853601859024,213.78776142525174,92.95120061967467,2019,p50
Secondary school or above,59,5,3198,1243.0456535334583,0,241.5051073587659,0,2019,p50
