education,age,n,weights_total,avg_labor_income,avg_add_labor_income,avg_no_labor_income,avg_remittances,year,sample
At most primary school,13,109,40302,485.1068102492846,17.62331894198799,3.407616247332639,8.274196483218368,2023,general
At most primary school,14,149,54026,709.8597897308704,50.53502017547107,13.203719813916756,0,2023,general
At most primary school,15,171,61619,940.9361073694802,16.24531394537399,0,0.28562618672811957,2023,general
At most primary school,16,192,74525,1011.7293167840769,58.78939953035894,0.4973722464497372,3.446561556524656,2023,general
At most primary school,17,165,60685,1150.2486666117381,49.446733130098046,3.284721650050809,2.629425173711241,2023,general
At most primary school,18,177,61520,1387.146171976593,99.30633940182055,5.4751842219332465,3.283485045513654,2023,general
At most primary school,19,124,46123,1282.3414204048595,40.005637100795695,2.9551416863603843,2.116080914077575,2023,general
At most primary school,20,165,57324,1395.122511222757,63.924464447700785,10.301386272183843,18.62914893122136,2023,general
At most primary school,21,157,63196,1502.5859890921367,109.52829292993228,4.01449458826508,39.16041627107201,2023,general
At most primary school,22,185,69353,1713.305776246161,80.59305293210099,213.51852118870127,52.453131083010106,2023,general
At most primary school,23,197,70266,1690.0843271757797,28.97953491019839,47.879605119593165,15.823916735452897,2023,general
At most primary school,24,167,60152,1726.9936383384315,31.331460300571884,66.6909662189121,25.925987498337545,2023,general
At most primary school,25,183,69525,1632.1970634064485,56.120057533261416,17.542790363178714,52.620246913580246,2023,general
At most primary school,26,185,71292,1612.1668303128918,74.8041154687763,8.435092062690531,1.092221661149451,2023,general
At most primary school,27,167,60311,1760.2568713280607,29.572383147352888,28.357513554741256,51.16147966374293,2023,general
At most primary school,28,192,73287,1940.9078099344586,69.5902138169116,69.99009032979929,108.82603099230877,2023,general
At most primary school,29,181,74397,1871.1910023253627,50.52668790408215,199.35423023329793,42.9804517207235,2023,general
At most primary school,30,199,77916,1647.9133211834967,39.58160069818779,90.02457775039787,28.687689306432567,2023,general
At most primary school,31,170,63995,1747.9672865067582,56.53905773888585,59.24311795192333,33.354126624475875,2023,general
At most primary school,32,241,91784,1601.0628649873615,88.45080841976815,34.09415947587089,103.81729567971178,2023,general
At most primary school,33,205,72674,1934.1181165203511,20.146820045683462,47.31150984763006,58.43977213308749,2023,general
At most primary school,34,208,75877,1989.6813175709813,41.63978544222887,65.67726935259257,40.90708207581568,2023,general
At most primary school,35,215,75930,2002.088117344923,37.99604899249309,75.74414482637518,49.60384564730673,2023,general
At most primary school,36,211,74237,1999.134491560812,47.833519673478186,220.7038774465563,187.36737745329148,2023,general
At most primary school,37,211,73412,1899.113550918106,38.5911022721081,29.4566045060753,127.37137434388566,2023,general
At most primary school,38,242,87409,1845.5305470069827,28.064844581221614,69.67061934888474,43.15192562169418,2023,general
At most primary school,39,215,78500,1884.2348131634822,54.03273885350318,86.07367303609341,34.14394904458599,2023,general
At most primary school,40,282,97253,1653.1719021521187,28.30689027587838,103.14953866033268,130.47938881062794,2023,general
At most primary school,41,171,64570,1952.1979053740126,21.620721697382685,302.03548474523774,138.23693149553455,2023,general
At most primary school,42,253,83918,1890.665902031348,38.55294454109964,32.1764599569421,48.485982347847504,2023,general
At most primary school,43,250,99238,2236.963881443264,22.998226485821963,46.56354588632043,121.09820162975205,2023,general
At most primary school,44,168,55376,2184.0113978378117,13.237684195319272,403.8853248699798,68.80435567754984,2023,general
At most primary school,45,196,76290,2219.186514178354,10.249311836413685,55.355463800410725,67.91672128282431,2023,general
At most primary school,46,178,70274,2429.0454862395763,209.22133363690696,61.81196103822182,109.77889878665414,2023,general
At most primary school,47,214,79639,2051.3407794338623,18.204648476249073,78.79080391935274,162.6304113981006,2023,general
At most primary school,48,186,63767,2259.8995797199177,34.410274907083604,51.668836022812215,177.54170652531874,2023,general
At most primary school,49,187,70773,1966.0926648109682,17.36792279541633,115.46065354490177,55.118571583325085,2023,general
At most primary school,50,221,75847,2502.133860491076,46.94068321753003,88.49141473404792,82.27033809291513,2023,general
At most primary school,51,144,51726,1986.7496906778022,31.96806248308394,508.22964756602096,131.94389668638595,2023,general
At most primary school,52,230,76247,2004.760641948754,18.516728527024014,110.79000922440665,167.84861480888867,2023,general
At most primary school,53,203,77578,1981.5218274940491,6.733867849132486,123.21166546357645,180.5377039882441,2023,general
At most primary school,54,136,40478,1798.7475418745985,32.988289935273485,93.01099774363028,135.78330615807764,2023,general
At most primary school,55,155,56888,2091.7365056485255,32.68817676838701,61.472249566399476,204.57155580555946,2023,general
At most primary school,56,125,47734,2263.301783494644,3.9405874219633805,76.10019413136688,121.70256002011145,2023,general
At most primary school,57,145,47379,2255.554932916834,38.99301378247747,90.44866924164714,123.50665906836362,2023,general
At most primary school,58,146,50129,1818.9423420907394,58.51862195535519,44.062543637415466,123.98835005685332,2023,general
At most primary school,59,121,39010,2329.7274609074598,44.790822865931815,104.27018713150474,125.96902503631549,2023,general
Secondary school or above,13,6,1691,192.25310467179185,0,0,0,2023,general
Secondary school or above,14,41,15762,645.8503573996533,68.16901408450704,1.920230089244174,0,2023,general
Secondary school or above,15,80,27249,632.5845719108958,12.070167712576609,7.017015914957123,34.31318580498367,2023,general
Secondary school or above,16,114,46421,773.872643846535,11.936192671420262,3.2497145688373794,0,2023,general
Secondary school or above,17,155,56228,1232.0560396955254,76.449811481824,15.689425197410543,12.1653505963814,2023,general
Secondary school or above,18,210,78550,1500.8196690006366,40.075709739019736,15.657182261828984,25.488224061107577,2023,general
Secondary school or above,19,273,100135,2029.521004976615,70.92403255604934,12.512682878114544,9.64374094971788,2023,general
Secondary school or above,20,314,120204,2146.3307564640113,70.38604372566637,22.4792366865218,43.929209233192466,2023,general
Secondary school or above,21,256,92498,2451.0551633548835,30.92899305930939,4.710408152969073,22.800276762740815,2023,general
Secondary school or above,22,331,122898,2649.286920861202,57.39654022034533,18.68710909317754,39.08820593771529,2023,general
Secondary school or above,23,346,126405,2643.3059603391216,61.02554487559828,38.8492675658927,43.83743786506335,2023,general
Secondary school or above,24,281,113979,2698.4116109107817,52.10718641153195,121.97418676539831,78.29193389425538,2023,general
Secondary school or above,25,283,107310,2956.492942565154,88.19468828627342,128.90223418134377,16.989976081756904,2023,general
Secondary school or above,26,265,103759,3018.513420522557,35.97924999277171,117.15690526444293,38.913090270080986,2023,general
Secondary school or above,27,300,124979,3136.5801514654463,57.463333840085134,48.46987960644054,90.52480550065744,2023,general
Secondary school or above,28,278,102784,3156.2850330142173,48.800124533001245,39.61303964300539,149.3030238169365,2023,general
Secondary school or above,29,245,90940,3413.4638268821936,53.985814822960194,74.88452092955062,57.95725753243897,2023,general
Secondary school or above,30,309,127417,3458.864088648558,29.15480665845217,283.48333294092106,62.737206704495215,2023,general
Secondary school or above,31,180,69932,4070.6199188735727,32.27649716867815,328.97999723540966,78.05801826536253,2023,general
Secondary school or above,32,193,71535,4327.31110994618,22.190829663800937,44.869877216281076,121.76510332937256,2023,general
Secondary school or above,33,222,89670,3541.225095721348,27.327868852459016,806.4292219620088,65.2290844206535,2023,general
Secondary school or above,34,189,73460,3869.425660223251,58.392186223795264,39.872833287957164,84.26918050639804,2023,general
Secondary school or above,35,198,76549,4252.7374274429885,31.69107369136109,632.1324140964175,56.268882241004675,2023,general
Secondary school or above,36,190,67600,4620.520966469428,77.97670118343196,201.10288461538465,45.1267258382643,2023,general
Secondary school or above,37,145,63156,5032.480186627821,78.18742478941034,131.45359638566936,165.08223024468512,2023,general
Secondary school or above,38,144,57240,4633.6418457372465,46.649021663172604,573.3112479617984,215.65571861169343,2023,general
Secondary school or above,39,140,55572,5301.50762074426,121.50741380551356,128.17731951342404,124.1876724489551,2023,general
Secondary school or above,40,190,85585,5375.214613152617,28.898054565636503,155.30997838406262,102.49225915756266,2023,general
Secondary school or above,41,111,51958,5656.335780822972,139.7397898302475,290.0573540167058,186.88718452083094,2023,general
Secondary school or above,42,159,71096,4139.079140645512,37.19731067851919,133.2095804733506,46.38127789655302,2023,general
Secondary school or above,43,128,54116,4867.560247123463,61.83383842116934,431.1217723655357,103.82378594131126,2023,general
Secondary school or above,44,100,41089,5500.036867125833,56.889678502762294,75.54990386721506,35.1251673197206,2023,general
Secondary school or above,45,110,49326,6389.166399735095,104.01613753395775,782.1184567976321,69.43207774128587,2023,general
Secondary school or above,46,88,32182,3408.243386572204,34.31203778509726,560.3453276158515,106.70923704762497,2023,general
Secondary school or above,47,93,39860,4614.506075430674,152.0622177621676,124.95254223114232,45.376024418799126,2023,general
Secondary school or above,48,76,35546,4173.062637146233,107.7645867326844,152.84935951536974,45.226373337834545,2023,general
Secondary school or above,49,58,25101,4675.57035908264,101.13541293175571,280.96357382839994,60.144190802491266,2023,general
Secondary school or above,50,91,35531,4639.600119144785,68.51312937997805,191.08736033323012,145.16431660615612,2023,general
Secondary school or above,51,68,28688,3889.191206543967,19.951408254322363,581.6223972857408,93.2178378880833,2023,general
Secondary school or above,52,61,23462,5652.744160770608,17.59867019009462,340.6977239792004,102.06930355468417,2023,general
Secondary school or above,53,61,28112,4781.568167804971,24.302788844621514,173.93639726807058,44.68317207361033,2023,general
Secondary school or above,54,47,20410,3571.456426588274,11.290543851053405,501.85529968969456,23.542381185693287,2023,general
Secondary school or above,55,46,22195,3716.8612300067584,8.81279567470151,624.4720582713825,83.94683487271908,2023,general
Secondary school or above,56,45,24344,4088.4770169240883,11.222477817942819,110.43583634571146,37.29050279329609,2023,general
Secondary school or above,57,52,22700,4826.873542584435,174.05286343612335,408.61380323054334,80.84434654919237,2023,general
Secondary school or above,58,36,19816,4973.475095882115,283.3366976180864,1886.7575444085587,11.949939442874445,2023,general
Secondary school or above,59,28,8797,3308.2738244098364,54.56405592815732,240.3660338751847,112.59690803683074,2023,general
At most primary school,13,79,30820,524.0982478909799,21.982965606748863,4.32539746917586,10.819813973610211,2023,males
At most primary school,14,107,36635,839.6435557981894,56.36972840180156,17.515467904098994,0,2023,males
At most primary school,15,131,48100,1087.634345114345,15.12099792099792,0,0.3659043659043659,2023,males
At most primary school,16,143,53216,1206.156528738224,25.350646422128683,0.6472051012226899,0,2023,males
At most primary school,17,127,46504,1264.0027381157176,28.38035437811801,0.08995641951946787,1.1604736510120994,2023,males
At most primary school,18,125,43764,1566.5838931541907,75.21661639703866,5.10312890351278,4.615665844072754,2023,males
At most primary school,19,85,29809,1684.7563934829527,39.69472307021369,2.5892627506234134,0,2023,males
At most primary school,20,113,39565,1677.2621803782804,71.34019967142676,5.687265680946965,14.691789881629388,2023,males
At most primary school,21,104,40035,1736.4581616085925,66.30323466966405,0,3.0972898713625576,2023,males
At most primary school,22,128,45848,2161.0647720002326,77.03105915198046,287.0687743558425,4.1775722677834,2023,males
At most primary school,23,135,47990,2038.449183857748,41.45605334444676,14.433041605890118,19.357157741196083,2023,males
At most primary school,24,123,44717,2000.4601456567598,37.77869713979024,37.78902132671393,0,2023,males
At most primary school,25,113,42464,1994.2239897324794,61.749976450640546,12.351639035418236,35.068136146696816,2023,males
At most primary school,26,129,47171,1954.1467427020839,57.15895359436942,5.397481150141683,0,2023,males
At most primary school,27,115,43434,2099.87478319596,24.577750149652346,9.669076453162653,0.7037497505794232,2023,males
At most primary school,28,129,50479,2269.6964942517347,86.5947819885497,74.79793577527288,12.197811631239395,2023,males
At most primary school,29,122,51087,2270.599376227481,72.54553996124258,261.55043031169055,11.456273937922889,2023,males
At most primary school,30,139,53075,1978.1629831998744,20.374941121055112,113.1237242895274,13.799026534777829,2023,males
At most primary school,31,108,40306,2170.818534047867,33.91698506425843,32.888734514298946,4.842124414892737,2023,males
At most primary school,32,153,54733,2086.240659200117,58.519522043374195,21.87932021510484,138.45090408589576,2023,males
At most primary school,33,138,50183,2373.5405748294575,20.42205527768368,42.795036831862056,16.93800689476516,2023,males
At most primary school,34,136,50538,2302.1988536678673,43.59931140923661,55.19699697917079,33.446779321170865,2023,males
At most primary school,35,131,47807,2409.0799429651165,49.9621394356475,93.13555023322944,19.072939109335454,2023,males
At most primary school,36,111,38781,2591.4075857593493,46.14984141718883,58.74424116620681,110.56221689315214,2023,males
At most primary school,37,124,41533,2313.148363951557,22.706040979462113,22.254412154190643,26.780279135466575,2023,males
At most primary school,38,146,52615,2104.394778105103,16.467927397130097,22.704393550635118,0,2023,males
At most primary school,39,135,49374,2234.323989684179,82.4255681127719,118.33573000634611,13.74070023359123,2023,males
At most primary school,40,176,57662,1982.3768484154787,34.5778849155423,72.56683344316882,53.58318014174558,2023,males
At most primary school,41,99,39363,2226.86815241047,18.870512918222698,435.66870114913326,110.822989440168,2023,males
At most primary school,42,161,51329,2297.1250073058113,25.579886613805062,24.727752992135702,55.179593082532946,2023,males
At most primary school,43,141,56893,2893.1774471376093,9.3775684179073,12.886438870628488,112.10523848862483,2023,males
At most primary school,44,97,33191,2472.9845389814504,20.19824651260884,669.3492462816225,8.205939361071776,2023,males
At most primary school,45,126,46131,2728.660152608875,5.391168628471093,73.30341852550346,68.53381312638645,2023,males
At most primary school,46,109,43749,2922.259804033616,315.1592036389403,72.07317119629401,105.8904736870176,2023,males
At most primary school,47,129,42771,2678.040557075277,24.111430642257606,114.38338282169383,51.47802638859663,2023,males
At most primary school,48,117,37587,2455.047707097312,46.07444063106925,74.67941043445872,144.90972942772768,2023,males
At most primary school,49,124,45415,2417.095258541598,22.666079489155564,112.75257807625967,48.31384637968366,2023,males
At most primary school,50,152,52390,2908.2915871349496,48.707959534262265,79.60790863396323,76.88910097346822,2023,males
At most primary school,51,98,35559,2383.6892066706037,24.928147585702636,388.9653135165031,58.08365439598039,2023,males
At most primary school,52,150,48817,2446.232658022137,18.477579531720508,133.25395524783033,156.76028159589214,2023,males
At most primary school,53,133,50709,2248.78423291066,8.16028712851762,99.3500085454916,193.8410801501377,2023,males
At most primary school,54,88,22668,2334.316907828951,12.391918122463384,137.44586715487324,197.89468266572555,2023,males
At most primary school,55,99,37086,2249.189550414352,27.26271369249852,42.59064516708911,304.9093098923223,2023,males
At most primary school,56,87,34844,2541.397935560403,2.2528986339111468,80.230455745609,125.75383614586922,2023,males
At most primary school,57,105,36096,2518.8959487662532,42.79061391843972,91.01654846335698,84.27633717494089,2023,males
At most primary school,58,98,35167,2031.1251741689653,64.33303949725595,37.38651766333969,124.92962152017516,2023,males
At most primary school,59,86,28314,2650.663049492595,61.71116762025853,138.10929810929812,161.2930587930588,2023,males
Secondary school or above,13,4,970,335.1546391752577,0,0,0,2023,males
Secondary school or above,14,25,10768,864.4366022783557,66.97622585438336,2.8107974244675584,0,2023,males
Secondary school or above,15,60,20385,732.682119205298,10.776060829040961,4.382307252064426,45.86705911209223,2023,males
Secondary school or above,16,73,27941,973.587929327273,16.58315736730969,3.866063013731315,0,2023,males
Secondary school or above,17,99,31970,1397.4673913043478,32.30653737879262,8.916744864977584,4.613700344072568,2023,males
Secondary school or above,18,143,54337,1885.522909496905,45.61586027936765,20.866015176889906,27.491396286140198,2023,males
Secondary school or above,19,171,59881,2347.180405025523,37.00673001452881,10.91420205630055,5.204923097476662,2023,males
Secondary school or above,20,204,78367,2405.039965801932,81.00506590784386,32.66128174699384,49.350704590792894,2023,males
Secondary school or above,21,169,63395,2562.5603833109867,28.509030680653048,2.536214738281147,16.315166811262717,2023,males
Secondary school or above,22,215,82833,2959.307989166958,62.61644513660015,16.95882075984209,37.61418355808273,2023,males
Secondary school or above,23,226,80469,2950.147517470496,33.418136176664305,37.704271210031195,17.221588437783495,2023,males
Secondary school or above,24,179,72443,2915.6264281343033,71.67186615684055,154.13785090807025,68.4720354853701,2023,males
Secondary school or above,25,166,60203,2965.707769269527,127.20037207448134,128.6334637255065,8.250973096578798,2023,males
Secondary school or above,26,164,64307,3454.9547483166684,44.670424681605425,109.18873528542771,16.57310505336381,2023,males
Secondary school or above,27,188,75339,3403.8357612480477,78.77420724989713,28.85039620913471,28.920567921881986,2023,males
Secondary school or above,28,159,55712,4041.4966434520393,67.44715680643309,37.672464340417385,52.82165422171166,2023,males
Secondary school or above,29,135,53374,3592.432545184297,63.603252519953536,74.53048300670739,30.809008131299883,2023,males
Secondary school or above,30,199,80278,3800.09206860327,27.04494382022472,203.56630500676812,57.0874959515683,2023,males
Secondary school or above,31,106,43628,4800.836041838575,40.1432566241863,484.4064209529049,72.95742795146847,2023,males
Secondary school or above,32,124,48379,4282.296569792678,30.65048884846731,31.381728987094952,139.1037433597222,2023,males
Secondary school or above,33,138,51718,3624.3524175979996,32.888936153756916,1166.2949392216767,62.48769609549222,2023,males
Secondary school or above,34,118,44828,4611.458708842688,83.29838493798519,45.08826328782606,17.999167187174685,2023,males
Secondary school or above,35,125,51189,4818.338659998567,43.50739416671551,933.7224957184811,27.767228636360674,2023,males
Secondary school or above,36,113,37828,5234.018240456804,108.37303055937402,305.01194000916433,56.03785555673046,2023,males
Secondary school or above,37,85,35900,4987.244405756732,108.77646239554318,156.42293407613744,197.58588672237696,2023,males
Secondary school or above,38,72,31614,5442.101632188271,65.69209843740116,509.9713998017756,134.8210708335969,2023,males
Secondary school or above,39,84,32908,5772.293500060776,136.00522669259755,142.96635063409101,26.943650986588874,2023,males
Secondary school or above,40,110,53014,5731.021538335785,29.305466480552308,46.275832798883314,77.90112045874675,2023,males
Secondary school or above,41,65,30920,6577.612052608883,197.1739974126779,369.9536438119879,11.974557999137561,2023,males
Secondary school or above,42,89,41264,4650.76885824609,42.4716459868166,103.52227930722502,17.223810908620912,2023,males
Secondary school or above,43,84,33741,5769.221086116791,82.1730239174891,635.876604131472,10.673463540894856,2023,males
Secondary school or above,44,60,22828,5774.9275670229545,67.21570001752234,92.23541265113019,5.306640967233222,2023,males
Secondary school or above,45,56,26688,7857.7166142086335,110.75014988009592,1125.4202887689846,2.445543565147882,2023,males
Secondary school or above,46,47,17637,3809.858233637618,51.51839882066111,531.9654703180813,13.738164086862845,2023,males
Secondary school or above,47,52,21506,4059.6898772435597,70.88719427136613,118.95091292352522,60.974906227719394,2023,males
Secondary school or above,48,45,20100,4296.263888888889,4.597014925373134,25.02072968490879,9.124378109452737,2023,males
Secondary school or above,49,35,14060,5386.41478781413,137.7524893314367,446.7520151730678,80.37714556661926,2023,males
Secondary school or above,50,65,24522,4777.560479705298,48.16654432754262,74.87698121414785,179.24720659000081,2023,males
Secondary school or above,51,39,13100,4496.295979643766,40.24167938931298,743.2251908396945,188.65648854961833,2023,males
Secondary school or above,52,43,15489,5265.571599199432,26.657627994060302,213.7011212258162,154.60972302924657,2023,males
Secondary school or above,53,41,19048,4019.9109617807644,35.867282654346916,96.92006159876802,11.920761584768304,2023,males
Secondary school or above,54,27,13247,4136.108225761807,16.278402657205405,735.1337409727988,20.83742230945371,2023,males
Secondary school or above,55,28,10552,3504.578278999242,18.53677028051554,226.96942127874655,119.4275966641395,2023,males
Secondary school or above,56,30,16151,4365.1638701422,16.915361277939446,128.16027903329,38.00383877159309,2023,males
Secondary school or above,57,36,17894,4429.94350992884,196.04336649156141,238.20461234678288,6.063484967028054,2023,males
Secondary school or above,58,23,13406,6670.071858371873,275.1454572579442,2775.8500547018743,17.663732657019246,2023,males
Secondary school or above,59,15,4435,5208.409770762871,108.22998872604285,475.86621570838025,169.15031942878616,2023,males
At most primary school,13,30,9482,358.3702453772059,3.4528580468255643,0.4244885045349083,0,2023,females
At most primary school,14,42,17391,436.4638797845629,38.2439192685872,4.120809614168248,0,2023,females
At most primary school,15,40,13519,418.9903099341667,20.245580294400472,0,0,2023,females
At most primary school,16,49,21309,526.1768032286827,142.2976207236379,0.12318738561171336,12.053827021446338,2023,females
At most primary school,17,38,14181,777.2129610041605,118.530075453071,13.761370848318172,7.446583456737889,2023,females
At most primary school,18,52,17756,944.8780693849966,158.68134715025906,6.392205451678306,0,2023,females
At most primary school,19,39,16314,547.0473213191124,40.573740345715336,3.6236770054350047,5.9825916390829965,2023,females
At most primary school,20,52,17759,766.5479287497419,47.40306323554254,20.581113801452783,27.401129943502823,2023,females
At most primary school,21,53,23161,1098.3257055682686,184.24506713872458,10.953758473295625,101.49741663428463,2023,females
At most primary school,22,57,23505,839.9233283698503,87.54094873431185,70.05406651067149,146.61768418067078,2023,females
At most primary school,23,62,22276,939.5891991380859,2.100915783803196,119.9347578859161,8.212126653498533,2023,females
At most primary school,24,44,15435,934.7291869128604,12.653061224489797,150.42328042328043,101.03660511823777,2023,females
At most primary school,25,70,27061,1064.106032051045,47.28561398322309,25.688721776726656,80.16294051710334,2023,females
At most primary school,26,56,24121,943.3913049486616,109.31097384022222,14.375440487541976,3.2281690919392507,2023,females
At most primary school,27,52,16877,886.2292370286979,42.426379095810866,76.45335861428768,181.01755841283008,2023,females
At most primary school,28,63,22808,1213.227873260844,31.95545422658716,59.34929629954402,322.6850227990179,2023,females
At most primary school,29,59,23310,995.8338338338339,2.2694122694122694,63.0428928928929,112.06992706992708,2023,females
At most primary school,30,60,24841,942.3056237671591,80.61833259530614,40.671202179193,60.498638004374484,2023,females
At most primary school,31,62,23689,1028.5007668819565,95.02971843471653,104.08417408923974,81.86629518623272,2023,females
At most primary school,32,88,37051,884.3416911824243,132.66632479555207,52.138336347197104,52.655348933452096,2023,females
At most primary school,33,67,22491,953.6576111926252,19.532701969676758,57.38888147851734,151.04050509092525,2023,females
At most primary school,34,72,25339,1366.3729297394002,37.73156004577923,86.57990975702803,55.78646881618585,2023,females
At most primary school,35,84,28123,1310.2324046747026,17.65458877075703,46.180054285341775,101.50410695871706,2023,females
At most primary school,36,100,35456,1351.319090327918,49.675090252707584,397.8517975330926,271.3751880264741,2023,females
At most primary school,37,87,31879,1359.6955048778193,59.28667775024311,38.83985539069607,258.42473101414726,2023,females
At most primary school,38,96,34794,1454.0796784886284,45.601540495487725,140.69228890038514,108.4056638117683,2023,females
At most primary school,39,80,29126,1290.768391357092,5.9015999450662635,31.383471812126622,68.73125958479251,2023,females
At most primary school,40,106,39591,1173.7039520766505,19.173549544088303,147.69147870307225,242.47426603689388,2023,females
At most primary school,41,72,25207,1523.2755848243212,25.91542031975245,93.35518572883193,181.0462702159453,2023,females
At most primary school,42,92,32589,1250.476285454192,58.98603823375986,43.908476275225794,37.943273292624305,2023,females
At most primary school,43,109,42345,1355.302330066517,41.29838233557681,91.81072145471721,133.18077695123392,2023,females
At most primary school,44,71,22185,1751.6784013222148,2.8239801667793554,6.724494778754413,159.46570505596875,2023,females
At most primary school,45,70,30159,1439.8991235341578,17.680294439470806,27.90239508383346,66.97282182212054,2023,females
At most primary school,46,69,26525,1615.5626138862708,34.492742695570215,44.88763744894753,116.19227144203582,2023,females
At most primary school,47,85,36868,1324.2990036526708,11.352121080611912,37.499434920979354,291.57959929116487,2023,females
At most primary school,48,69,26180,1979.722625413802,17.66386554621849,18.632225617519737,224.39190221543163,2023,females
At most primary school,49,63,25358,1158.3679706601467,7.879170281567947,120.31069090622289,67.30551831111812,2023,females
At most primary school,50,69,23457,1595.001520512711,42.99356268917594,108.33226755339558,94.28905372951927,2023,females
At most primary school,51,46,16167,1113.6889961031732,47.45221748005196,770.5492154800932,294.39805364837844,2023,females
At most primary school,52,80,27430,1219.0756471017135,18.58640174990886,70.81106452788917,187.58245230283146,2023,females
At most primary school,53,70,26869,1477.1260808614636,4.041832595184041,168.24500353567308,155.43066979294602,2023,females
At most primary school,54,48,17810,1117.0919333707654,59.20269511510387,36.4557130825379,56.72992700729927,2023,females
At most primary school,55,56,19802,1796.8519678146988,42.84920715079285,96.83449483217184,16.654883345116655,2023,females
At most primary school,56,38,12890,1511.5576157227824,8.502715283165244,64.93535040082752,110.7512283423843,2023,females
At most primary school,57,40,11283,1413.0877426216432,26.84392448816804,88.63193890513752,249.01031049661734,2023,females
At most primary school,58,48,14962,1320.2233435815176,44.85229247426815,59.75401572873502,121.77596577997593,2023,females
At most primary school,59,35,10696,1480.160309149838,0,14.69272001994515,32.460732984293195,2023,females
Secondary school or above,13,2,721,0,0,0,0,2023,females
Secondary school or above,14,16,4994,174.5374449339207,70.74088906688026,0,0,2023,females
Secondary school or above,15,20,6864,335.31060606060606,15.913461538461538,14.84168609168609,0,2023,females
Secondary school or above,16,41,18480,471.91134559884557,4.91017316017316,2.3178210678210673,0,2023,females
Secondary school or above,17,56,24258,1014.057815978234,134.62692719927446,24.61524720367164,22.11778932036167,2023,females
Secondary school or above,18,67,24213,637.4974875755448,27.642919093049187,3.9679098005203817,20.99285507785074,2023,females
Secondary school or above,19,102,40254,1556.977592288965,121.37869528494063,14.890549179377619,16.246832612908033,2023,females
Secondary school or above,20,110,41837,1661.7294559839377,50.4950163730669,3.4067332743743575,33.77393216530822,2023,females
Secondary school or above,21,87,29103,2208.1635913823316,36.200391712194616,9.446448819709309,36.926777308181286,2023,females
Secondary school or above,22,116,40065,2008.3290985481924,46.60456757768626,22.260285369607722,42.135696160406006,2023,females
Secondary school or above,23,120,45936,2105.7921746197608,109.38719087425984,40.85503018692674,90.46210669917566,2023,females
Secondary school or above,24,102,41536,2319.566921866975,17.98439907550077,65.87749181432974,95.418833461736,2023,females
Secondary school or above,25,117,47107,2944.7163443508043,38.345214087078354,129.24572427310872,28.158469017343496,2023,females
Secondary school or above,26,101,39452,2307.1114011963905,21.812582378586637,130.14507080333908,75.32740207509548,2023,females
Secondary school or above,27,112,49640,2730.9643096964815,25.119661563255438,78.24651658608649,184.0220185334408,2023,females
Secondary school or above,28,119,47072,2108.5940651200995,26.73045547246771,41.9098048379787,263.49341434398366,2023,females
Secondary school or above,29,110,37566,3159.183989511793,40.32130117659586,75.38754015155548,96.52965447479103,2023,females
Secondary school or above,30,110,47139,2877.750790216169,32.74791573856043,419.5825112963788,72.35869803488973,2023,females
Secondary school or above,31,74,26304,2859.478304947283,19.228634428223845,71.18863417477696,86.51789334955393,2023,females
Secondary school or above,32,69,23156,4421.358373639661,4.5163672482294,73.05018137847642,85.54010479645305,2023,females
Secondary school or above,33,84,37952,3427.945720910624,19.74968381112985,316.03253232152895,68.96483277121979,2023,females
Secondary school or above,34,71,28632,2707.6536043587594,19.397527242246436,31.707238986681567,188.0255425165316,2023,females
Secondary school or above,35,73,25360,3111.074907991588,7.839905362776025,23.374737118822292,113.79929022082018,2023,females
Secondary school or above,36,77,29772,3841.0175780375293,39.355434636571275,69.07709704868108,31.26315553764163,2023,females
Secondary school or above,37,60,27256,5092.062096419137,37.897343704138535,98.56545347813325,122.2703257998239,2023,females
Secondary school or above,38,72,25626,3636.2701260438616,23.156169515335986,651.451650667291,315.3789120424569,2023,females
Secondary school or above,39,56,22664,4617.9291828450405,100.45667137310272,106.70372985057067,265.38544240498885,2023,females
Secondary school or above,40,80,32571,4796.087526736464,28.23493291578398,332.77877559792455,142.5178840072457,2023,females
Secondary school or above,41,46,21038,4302.316276895775,55.32750261431695,172.63206261685204,443.96002471717844,2023,females
Secondary school or above,42,70,29832,3431.3034465227497,29.901783319924913,174.27343121480288,86.71225529632609,2023,females
Secondary school or above,43,44,20375,3374.4098977505114,28.152147239263805,92.04777096114519,258.0807198364008,2023,females
Secondary school or above,44,40,18261,5156.397148750524,43.98116203931877,54.69141887081759,72.40118284869394,2023,females
Secondary school or above,45,54,22638,4657.888542863033,96.07739199575934,377.39898989898995,148.40268574962454,2023,females
Secondary school or above,46,41,14545,2921.252595393606,13.447920247507735,594.758221611092,219.44425346625414,2023,females
Secondary school or above,47,41,18354,5264.602902182994,247.17772692601068,131.9848534379427,27.09828920126403,2023,females
Secondary school or above,48,31,15446,4012.7398895075316,242.017350770426,319.193750269757,92.20618067245026,2023,females
Secondary school or above,49,23,11041,3770.35591582888,54.50593243365637,69.84270748422547,34.37883041994988,2023,females
Secondary school or above,50,26,11009,4332.300277046053,113.83413570714869,449.9402004420626,69.24637417870227,2023,females
Secondary school or above,51,29,15588,3378.986399794714,2.89966641005902,445.8130185612865,13.012146095286974,2023,females
Secondary school or above,52,18,7973,6404.897152891007,0,587.4116810903465,0,2023,females
Secondary school or above,53,20,9064,6382.191122388938,0,335.7862606649015,113.53339217416888,2023,females
Secondary school or above,54,20,7163,2527.2092698589977,2.066173391037275,70.4383638140444,28.54483689329424,2023,females
Secondary school or above,55,18,11643,3909.25234046208,0,984.7269604053938,51.79077557330585,2023,females
Secondary school or above,56,15,8193,3543.0395256112943,0,75.49534155173114,35.88429146832662,2023,females
Secondary school or above,57,16,4806,6304.748283395756,92.17644610903038,1043.0919683728673,359.27313080871136,2023,females
Secondary school or above,58,13,6410,1425.1792771710868,300.46801872074883,27.291991679667184,0,2023,females
Secondary school or above,59,13,4362,1376.338262265016,0,0.9246523001681186,55.09705028274492,2023,females
At most primary school,13,44,16518,393.7880897606652,16.65486136336118,0.803668725027243,15.982564475118053,2023,urban
At most primary school,14,58,20030,815.3873356631719,60.102596105841236,28.301714095523383,0,2023,urban
At most primary school,15,65,25179,1006.6346955796497,8.633384963660193,0,0,2023,urban
At most primary school,16,73,30575,1218.074156445898,51.06197874080131,0.9689288634505315,8.400817661488144,2023,urban
At most primary school,17,63,19968,1423.568376068376,27.240584935897434,8.718115651709402,1.3271233974358974,2023,urban
At most primary school,18,63,20964,1492.9929482287096,50.37426063728296,0,0,2023,urban
At most primary school,19,51,19499,1324.9120467716293,68.39017385506949,6.460160350103424,4.005333606851633,2023,urban
At most primary school,20,59,17784,1539.6407632328685,7.842442645074224,12.708052181736392,28.22762033288349,2023,urban
At most primary school,21,68,25532,1768.7821230873674,213.6401378662071,9.936550211499295,8.573554754817485,2023,urban
At most primary school,22,77,26311,2024.792691269811,95.52962639200335,23.67656746861262,71.91157057251085,2023,urban
At most primary school,23,75,26128,1966.6787864870382,35.52648499693815,21.35926974892835,12.334787711777915,2023,urban
At most primary school,24,68,23275,2083.8932044396706,8.390977443609023,137.03651987110635,0,2023,urban
At most primary school,25,73,23638,1726.2026186648616,98.58752855571538,34.538842823701955,84.2085906873114,2023,urban
At most primary school,26,64,24178,1873.9000330879312,120.00909918107371,12.494830010753578,0,2023,urban
At most primary school,27,77,25967,1746.4431329507966,33.7131744136789,14.679015673739746,97.00774059383063,2023,urban
At most primary school,28,81,31908,2211.0137478584265,59.24219631440391,106.38188959926454,189.48644018219045,2023,urban
At most primary school,29,68,27819,2317.802401236565,25.867213055825154,412.8689265130546,31.983536431935008,2023,urban
At most primary school,30,96,36832,1714.0450966550825,20.047784535186793,4.685011222125688,34.38079206487112,2023,urban
At most primary school,31,81,30546,1764.014780986054,71.62531919072873,81.53822649992362,11.228966149414,2023,urban
At most primary school,32,107,41651,1653.9851144030156,106.96321817003194,36.20789416820725,26.31629492689251,2023,urban
At most primary school,33,83,31920,1830.7637426900585,12.830043859649123,39.7545948203843,17.87280701754386,2023,urban
At most primary school,34,92,32907,1972.002086688749,43.2555383353086,43.858348274429964,3.6184803638536884,2023,urban
At most primary school,35,101,34077,2321.1076336923243,36.888223728614605,6.436990736665003,35.18766323326584,2023,urban
At most primary school,36,95,31584,2147.2898619554203,83.42594351570415,89.69184027777779,343.8202465383316,2023,urban
At most primary school,37,90,30805,1816.4437050262404,61.85359519558513,14.097522047286695,189.47681653411243,2023,urban
At most primary school,38,106,38712,1884.349426534408,42.653440793552384,99.53610422263554,74.0037542191913,2023,urban
At most primary school,39,94,33571,2207.591224568824,38.993178636323016,87.46835065979566,7.818255835890104,2023,urban
At most primary school,40,137,47412,1749.5410796141625,29.67139120897663,140.02463335583116,76.90701369554824,2023,urban
At most primary school,41,71,25703,2035.752742870482,34.89864996303933,544.8285057515983,116.2665836672762,2023,urban
At most primary school,42,114,40607,1924.6379688231093,45.679710394759525,35.632526411702415,21.475279303239997,2023,urban
At most primary school,43,142,59354,2528.1953617279373,30.448630252384,57.79558243757792,31.96223787220182,2023,urban
At most primary school,44,84,27319,2320.623589199214,20.03916688019327,4.814719914101297,58.00480739900191,2023,urban
At most primary school,45,90,32256,2532.9007781498017,0.5704365079365079,18.55132895171958,40.41625330687831,2023,urban
At most primary school,46,79,31732,2847.9964651876126,443.44888440690784,26.435879658809196,29.95924198495735,2023,urban
At most primary school,47,114,41735,2335.6774050557087,26.837666227387086,25.906113973084143,100.5636356375544,2023,urban
At most primary school,48,93,33609,2608.466576413064,28.457853551132136,41.40359229174725,29.861049123746614,2023,urban
At most primary school,49,92,38781,2004.130153941363,14.226038524019494,104.11974076652656,19.130673955459287,2023,urban
At most primary school,50,118,42331,2347.626465631964,65.73740284897593,77.47848306599576,118.17108029576433,2023,urban
At most primary school,51,62,26854,2365.291247734664,40.36940493036419,382.9715002110176,181.39321268091658,2023,urban
At most primary school,52,110,31907,2161.014009465008,15.283323408656408,92.75670960395315,24.537562290406495,2023,urban
At most primary school,53,101,41526,1998.313434153703,4.471897124692964,125.73909518534572,116.59201464142947,2023,urban
At most primary school,54,67,20059,2111.9370025092644,45.40106685278429,141.55096631603436,179.77965003240442,2023,urban
At most primary school,55,77,29298,2428.8655653400688,23.76834596218172,41.38507747969145,318.1104512253396,2023,urban
At most primary school,56,59,24184,2611.777580218326,7.777869665894807,31.62559267835484,97.87256037049289,2023,urban
At most primary school,57,71,22556,2847.4320099603947,25.78382691966661,111.3667464680499,70.7175917715907,2023,urban
At most primary school,58,76,25537,1976.6559501899205,46.49175705838587,47.671923744631975,109.12057015311117,2023,urban
At most primary school,59,62,19744,2898.671254558347,20.76023095623987,118.33561250675311,79.54830159373311,2023,urban
Secondary school or above,13,4,1040,175.96153846153845,0,0,0,2023,urban
Secondary school or above,14,21,9533,731.5147382775622,72.00251757054443,0,0,2023,urban
Secondary school or above,15,42,14619,454.9286544907312,12.045967576441617,8.9427001390884,0,2023,urban
Secondary school or above,16,61,25592,887.7687167864958,20.314551422319475,0.15747108471397311,0,2023,urban
Secondary school or above,17,89,35131,1242.1430360650138,91.06088639662975,1.3763248033550615,19.470932604632186,2023,urban
Secondary school or above,18,114,45089,1622.1874958415578,40.2160615671228,14.418150768480118,30.040586395794982,2023,urban
Secondary school or above,19,164,63674,2236.126616305975,54.42676759744951,11.548460386761734,8.888651568929234,2023,urban
Secondary school or above,20,190,81181,2417.467080761919,68.95633214668457,20.499131570194997,45.40060687435073,2023,urban
Secondary school or above,21,167,65159,2574.9053392470723,17.59066284012953,4.000138123666723,21.51987190308834,2023,urban
Secondary school or above,22,206,80113,2948.496041008742,64.77600389449903,13.678907709526959,45.05380733047903,2023,urban
Secondary school or above,23,217,84281,2982.1829208243853,59.7532777257033,47.736836693125774,46.57085226800821,2023,urban
Secondary school or above,24,191,84060,2919.240391783647,49.37098501070664,122.84999801728925,87.09258862717107,2023,urban
Secondary school or above,25,174,72412,3130.8609668747354,55.80135889079158,90.97587416450313,17.070628256826677,2023,urban
Secondary school or above,26,175,71402,3362.060059008618,27.642503011120137,122.14853925660346,19.556174897061705,2023,urban
Secondary school or above,27,205,92602,3421.3256121178088,37.896913673570765,50.782434504654326,31.365701244753538,2023,urban
Secondary school or above,28,174,67688,3487.0098934326124,51.210938423354214,43.939029074577476,168.8644959224678,2023,urban
Secondary school or above,29,148,59822,3915.097061560407,66.72495068703822,97.25337947020606,58.75429886440885,2023,urban
Secondary school or above,30,199,85186,3781.8212959484736,29.16845491043129,231.2689780793401,73.16088715673155,2023,urban
Secondary school or above,31,121,47253,4321.485298993362,39.49675152900345,145.8797148681918,19.166331590939553,2023,urban
Secondary school or above,32,126,49709,4940.509872457704,30.486652316481926,47.80455584837086,157.84800874422473,2023,urban
Secondary school or above,33,155,65651,3701.0171106812286,20.755357877260057,1066.3874122252516,59.143125517255385,2023,urban
Secondary school or above,34,128,53511,4260.817813159911,49.520659303694565,40.39605563965042,90.63395065189088,2023,urban
Secondary school or above,35,135,59044,4701.072620983221,36.416909423480796,759.8020120588036,59.321805207415935,2023,urban
Secondary school or above,36,128,47932,5129.103570335754,65.76691980305432,87.53383265181229,57.10729088430832,2023,urban
Secondary school or above,37,113,53323,5072.122855053167,80.22044896198638,127.6128499896855,128.31861173102288,2023,urban
Secondary school or above,38,101,41727,4900.863263993737,38.7691422819757,494.36801511411477,282.23053019228155,2023,urban
Secondary school or above,39,111,47920,5497.016993600445,129.98977462437395,141.0379104062326,107.15383277685031,2023,urban
Secondary school or above,40,147,71338,5419.863324361957,14.677170652387227,156.46307017297934,91.41644939116134,2023,urban
Secondary school or above,41,85,42102,5829.330570202524,168.96822003705287,216.6714170348202,228.98516301680047,2023,urban
Secondary school or above,42,127,59643,4291.324864890543,42.814412420569056,140.43321652722588,49.296648391261336,2023,urban
Secondary school or above,43,95,43496,5117.58778585004,73.76310465330145,505.3491508797744,127.52271473238919,2023,urban
Secondary school or above,44,73,31314,5809.81661557131,55.909178003448936,21.45909178003449,14.253688446062464,2023,urban
Secondary school or above,45,87,43444,6923.310940521131,116.92523708682442,884.8745895098671,55.373891293005556,2023,urban
Secondary school or above,46,68,25397,3522.030436665748,19.491672244753317,687.3580869131524,73.80399259755089,2023,urban
Secondary school or above,47,79,34813,4939.905231762082,173.75463189038578,130.25139076398665,18.93990750581679,2023,urban
Secondary school or above,48,65,31839,4073.680507134856,120.31156757435849,159.2889223907786,49.09754284577615,2023,urban
Secondary school or above,49,51,22631,4592.3184238434005,112.17356723078963,149.48227357754115,66.70846773599635,2023,urban
Secondary school or above,50,76,31518,4628.28403346236,60.25128498001142,150.40373754679865,148.835586014341,2023,urban
Secondary school or above,51,56,24173,4088.348667245825,5.706201133496049,668.1800631558626,26.689557219487305,2023,urban
Secondary school or above,52,54,20946,6031.973495337216,19.712594290079252,357.84636684808555,101.8786403131863,2023,urban
Secondary school or above,53,50,24087,5092.798549701775,28.36384771868643,173.98873527905786,42.722907239036275,2023,urban
Secondary school or above,54,41,19101,3416.4258764811616,5.62483639600021,508.69413468753817,22.96040346927735,2023,urban
Secondary school or above,55,37,19861,3826.913381333602,1.5910578520718996,665.1808737391539,76.17944715774634,2023,urban
Secondary school or above,56,35,19634,4180.474915962107,7.028623815829683,99.90747343044379,18.81939492716716,2023,urban
Secondary school or above,57,47,21134,5026.528315352828,185.4310589571307,388.02561433393265,86.83480016403269,2023,urban
Secondary school or above,58,29,16432,4922.161787974684,326.3510223953262,2030.9401371308015,14.410905550146056,2023,urban
Secondary school or above,59,21,6611,3404.4490243533505,72.60626229012253,110.55311853980739,124.81949276458427,2023,urban
At most primary school,13,65,23784,548.5277077026573,18.295913218970735,5.216059115371678,2.920731023657361,2023,rural
At most primary school,14,91,33996,647.6843354120093,44.89792916813743,4.308178413146645,0,2023,rural
At most primary school,15,106,36440,895.5402579582876,21.504939626783756,0,0.4829857299670692,2023,rural
At most primary school,16,119,43950,868.1799772468714,64.16518771331059,0.16932119833143724,0,2023,rural
At most primary school,17,102,40717,1016.2101087997643,60.33683719330992,0.620134096323403,3.2680862211525077,2023,rural
At most primary school,18,114,40556,1332.432398001118,124.60005917743368,8.305388434099353,4.980767334056613,2023,rural
At most primary school,19,73,26624,1251.163361378205,19.217247596153847,0.3881209935897436,0.732421875,2023,rural
At most primary school,20,106,39540,1330.1221927162367,89.14860900354071,9.218934412409373,14.312021581520824,2023,rural
At most primary school,21,89,37664,1322.1346378504672,38.952049702633815,0,59.89490406400453,2023,rural
At most primary school,22,108,43042,1522.8979833650853,71.46252497560522,329.5663731549029,40.558446788408226,2023,rural
At most primary school,23,122,44138,1526.3510353890072,25.10399202501246,63.57862461673238,17.88934704789524,2023,rural
At most primary school,24,99,36877,1501.7356889117877,45.810396724245464,22.292214659543887,42.28923177048024,2023,rural
At most primary school,25,110,45887,1583.7715111760047,34.24357661211236,8.78752878447781,36.34798526815874,2023,rural
At most primary school,26,121,47114,1477.8503770995176,51.605785965954915,6.351712512911944,1.6527288420993054,2023,rural
At most primary school,27,90,34344,1770.7012384501902,26.441590962031214,38.69962730025623,16.497787095271374,2023,rural
At most primary school,28,111,41379,1732.6248580197685,77.56973343966746,41.9277995279409,46.62751637303946,2023,rural
At most primary school,29,113,46578,1604.4495684657993,65.2547125252265,71.83125080510112,49.54842772696695,2023,rural
At most primary school,30,103,41084,1588.6258721968002,57.09375912764093,166.53190211923538,23.583795800473826,2023,rural
At most primary school,31,89,33449,1733.3125355018087,42.76211545935603,38.8829760730266,53.559070027006285,2023,rural
At most primary school,32,134,50133,1557.0945285540463,73.0705124369178,32.33804746042194,168.2059056243725,2023,rural
At most primary school,33,122,40754,2015.0689830037131,25.877582568582223,53.23035775629386,90.21327967806842,2023,rural
At most primary school,34,116,42970,2003.2203087425337,40.402420293227834,82.38649057481965,69.46319137382669,2023,rural
At most primary school,35,114,41853,1742.3402364625397,38.89804792965857,132.174505610908,61.34160036317588,2023,rural
At most primary school,36,116,42653,1889.4273380535953,21.47778585328113,317.7166123523941,71.51603247915348,2023,rural
At most primary school,37,121,42607,1958.884119197941,21.772243997465207,40.561271230861905,82.46893702912666,2023,rural
At most primary school,38,136,48697,1814.6712237577947,16.467544201901553,45.92885598702179,18.62606183816936,2023,rural
At most primary school,39,121,44929,1642.622534072277,65.2703153864987,85.03156832632227,53.8145370102458,2023,rural
At most primary school,40,145,49841,1561.4992743591285,27.008888264681687,68.0715508650843,181.4409154444467,2023,rural
At most primary school,41,100,38867,1896.9425476625415,12.839941338410476,141.4748801468255,152.7660654711366,2023,rural
At most primary school,42,139,43311,1858.8147853124303,31.871118191683404,28.936163253369045,73.81034841033456,2023,rural
At most primary school,43,108,39884,1803.5631874101562,11.91079129475479,29.848414568916528,253.74728378965665,2023,rural
At most primary school,44,84,28057,2050.9925984008746,6.615104964892897,792.4589377576599,79.31983699849116,2023,rural
At most primary school,45,106,44034,1989.3830146402024,17.339328700549576,82.31540779094942,88.06149793341508,2023,rural
At most primary school,46,99,38542,2084.1191081590646,16.379534014840953,90.93742973033747,175.49519139293932,2023,rural
At most primary school,47,100,37904,1738.265930596595,8.699081891093288,137.02060908259463,230.97034613761082,2023,rural
At most primary school,48,93,30158,1871.445829741141,41.04383579812985,63.10873842208811,342.12155978513164,2023,rural
At most primary school,49,95,31992,1919.9832666499958,21.176544136034007,129.20821351171125,98.74343585896474,2023,rural
At most primary school,50,103,33516,2697.278046306242,23.200262561164816,102.40084337828698,36.927387914230025,2023,rural
At most primary school,51,82,24872,1578.04291304814,22.897233837246702,643.4693664897609,78.55406347164147,2023,rural
At most primary school,52,120,44340,1892.3209442189145,20.843482183130355,123.76674560216509,270.97504134716587,2023,rural
At most primary school,53,102,36052,1962.1806464736123,9.33928769555087,120.30048032471616,254.19266614889605,2023,rural
At most primary school,54,69,20419,1491.0798112868733,20.794358195798033,45.32681979202377,92.56264590169287,2023,rural
At most primary school,55,78,27590,1733.7369699166366,42.16020297209134,82.80294792799324,84.00386613507308,2023,rural
At most primary school,56,66,23550,1905.4445152158528,0,121.7721160651097,146.17409766454352,2023,rural
At most primary school,57,74,24823,1717.7319723643395,50.995850622406635,71.44096872524138,171.47468073963663,2023,rural
At most primary school,58,70,24592,1655.168252548254,71.0076447625244,40.314465408805034,139.4274560832791,2023,rural
At most primary school,59,59,19266,1746.6678604796014,69.41762690750545,89.85579085781515,173.5414720232534,2023,rural
Secondary school or above,13,2,651,218.27956989247312,0,0,0,2023,rural
Secondary school or above,14,20,6229,514.7476855568042,62.30213517418526,4.858992882752716,0,2023,rural
Secondary school or above,15,38,12630,838.2181314330958,12.098178939034046,4.788070731063605,74.03008709422011,2023,rural
Secondary school or above,16,53,20829,633.9317778097844,1.6419415238369581,7.0490662057708,0,2023,rural
Secondary school or above,17,66,21097,1215.2590415698915,52.119258662369056,39.5237869523313,0,2023,rural
Secondary school or above,18,96,33461,1337.2754251217837,39.88658438181764,17.326788400426366,19.353874660052,2023,rural
Secondary school or above,19,109,36461,1668.7134106762476,99.73418172842214,14.196561622921294,10.96239817887606,2023,rural
Secondary school or above,20,124,39023,1582.2757647199514,73.36032596161239,26.59852309321853,40.86820592983625,2023,rural
Secondary school or above,21,89,27339,2155.8741541387762,62.719192362558985,6.4032456685809045,25.851957521001744,2023,rural
Secondary school or above,22,125,42785,2089.031218106034,43.57882435432979,28.064742316232323,27.91788399361147,2023,rural
Secondary school or above,23,129,42124,1965.2865626879372,63.5710758712373,21.0671667774507,38.36846769854082,2023,rural
Secondary school or above,24,90,29919,2077.9741858573702,59.79477923727397,119.51351983689294,53.565738605345544,2023,rural
Secondary school or above,25,109,34898,2594.6860374042444,155.40959367298984,207.5979640667087,16.822625938449196,2023,rural
Secondary school or above,26,90,32357,2260.4110908510265,54.37590011434929,106.14189613787845,81.62788062346117,2023,rural
Secondary school or above,27,95,32377,2322.1748900968796,113.4255798869568,41.8557026078183,259.72675047101336,2023,rural
Secondary school or above,28,104,35096,2518.431592394195,44.15050148165033,31.26970784894765,111.57573512651014,2023,rural
Secondary school or above,29,97,31118,2449.111896651456,29.495790217880327,31.88208325299398,56.42500589155258,2023,rural
Secondary school or above,30,110,42231,2807.4129588848637,29.12727617153276,388.8071953462307,41.711144262113926,2023,rural
Secondary school or above,31,59,22679,3547.9274806355365,17.23268221702897,710.4799594338375,200.76223231476993,2023,rural
Secondary school or above,32,67,21826,2930.742921286539,3.296985246953175,38.18610831118849,39.58581508292862,2023,rural
Secondary school or above,33,67,24019,3104.4664640492942,45.29247678920854,95.88693673064378,81.86380226764922,2023,rural
Secondary school or above,34,61,19949,2819.559226026367,82.18908215950674,38.46934683442779,67.19638411282104,2023,rural
Secondary school or above,35,63,17505,2740.512167952014,15.75092830619823,201.5055222317433,45.971436732362186,2023,rural
Secondary school or above,36,62,19668,3381.077130364043,107.73261134838316,477.87692359840014,15.929428513321131,2023,rural
Secondary school or above,37,32,9833,4817.503474694057,67.16261568188752,152.2814332689244,364.4462524153361,2023,rural
Secondary school or above,38,43,15513,3914.86739079052,67.84438857732225,785.6534304561765,36.582221362728035,2023,rural
Secondary school or above,39,29,7652,4077.1467807980484,68.38734971249346,47.63896149154905,230.86064645408607,2023,rural
Secondary school or above,40,43,14247,5151.64826513184,100.10528532322594,149.536183056082,157.9513815774081,2023,rural
Secondary school or above,41,26,9856,4917.351748511905,14.884334415584416,603.5409902597403,7.056716720779221,2023,rural
Secondary school or above,42,32,11453,3346.2395587764486,7.945516458569807,95.59154806600891,31.199103582758525,2023,rural
Secondary school or above,43,33,10620,3843.530320150659,12.975517890772128,127.1110326428123,6.760828625235405,2023,rural
Secondary school or above,44,27,9775,4507.664177323103,60.030690537084396,248.82864450127877,101.98649616368286,2023,rural
Secondary school or above,45,23,5882,2444.015867618724,8.670520231213873,23.169556840077075,173.26476255241982,2023,rural
Secondary school or above,46,20,6785,2982.3259641365757,89.78629329403095,84.92262343404569,229.8771800540408,2023,rural
Secondary school or above,47,14,5047,2369.9804504326003,2.433128591242322,88.40235123175484,227.7260418730599,2023,rural
Secondary school or above,48,11,3707,5026.644411473788,0,97.5406887869796,11.977340167251146,2023,rural
Secondary school or above,49,7,2470,5438.3535762483125,0,1485.6410256410256,0,2023,rural
Secondary school or above,50,15,4013,4728.4763684691425,133.401445302766,510.6154996262148,116.33025998837113,2023,rural
Secondary school or above,51,12,4515,2822.9158361018826,96.21926910299004,118.19859726836471,449.405684754522,2023,rural
Secondary school or above,52,7,2516,2495.6147323794385,0,197.93322734499205,103.65659777424483,2023,rural
Secondary school or above,53,11,4025,2919.0573084886128,0,173.62318840579712,56.414078674948236,2023,rural
Secondary school or above,54,6,1309,5833.670741023682,93.96485867074102,402.0626432391138,32.03463203463203,2023,rural
Secondary school or above,55,9,2334,2780.380605541274,70.26563838903171,278.0634104541559,150.04284490145673,2023,rural
Secondary school or above,56,10,4710,3704.9766454352443,28.70488322717622,154.3241330502477,114.28874734607218,2023,rural
Secondary school or above,57,5,1566,2132.42656449553,20.49808429118774,686.4623243933589,0,2023,rural
Secondary school or above,58,7,3384,5222.641843971631,74.46808510638297,1186.6368695823485,0,2023,rural
Secondary school or above,59,7,2186,3017.4164379383956,0,632.9521195486428,75.63281488258615,2023,rural
At most primary school,13,55,23910,453.8362470375017,29.705353408615643,5.194845253032203,0,2023,indigenous
At most primary school,14,73,30405,684.3737872060516,52.97697747081072,2.840486762045716,0,2023,indigenous
At most primary school,15,95,35850,868.9304044630404,10.76373779637378,0,0.4909344490934449,2023,indigenous
At most primary school,16,99,38093,1037.9881649296894,49.74483500905678,0.0689102984800357,0,2023,indigenous
At most primary school,17,99,41455,979.2909661078278,17.58738391026414,0.10091263619185463,0,2023,indigenous
At most primary school,18,106,39324,1407.1515486725664,134.51785169362222,6.026853829722307,5.136812124910996,2023,indigenous
At most primary school,19,65,24673,1039.7057512260365,44.952782393709725,0.6667207068455396,3.1654034774855107,2023,indigenous
At most primary school,20,86,31874,1291.4816046516491,47.7281169605321,0.656752630147874,17.17073476814959,2023,indigenous
At most primary school,21,83,37609,1305.9200811862409,147.34106197984525,1.8133957297455396,57.57349747844044,2023,indigenous
At most primary school,22,94,36721,1483.0377077603187,58.06595680945508,372.2436298938845,67.95521182248123,2023,indigenous
At most primary school,23,78,34361,1314.495697641706,40.7914787113297,61.920733777635505,26.832746427635982,2023,indigenous
At most primary school,24,77,28730,1252.0825849866574,56.70205360250609,61.41443322891287,0,2023,indigenous
At most primary school,25,95,39952,1191.7217494326526,38.81920804965959,18.681063109064212,31.609598184488053,2023,indigenous
At most primary school,26,85,35231,1194.1415703972825,37.33572705855639,9.229218112836232,1.9074110868269423,2023,indigenous
At most primary school,27,82,33666,1604.08954632765,29.13859680389711,1.939246321709341,78.245113764629,2023,indigenous
At most primary school,28,88,37535,1621.2264197859774,16.12628213667244,9.908707428622174,144.97935260423606,2023,indigenous
At most primary school,29,93,38736,1770.5673877874156,11.813403552251136,55.97874500894947,45.4723426958557,2023,indigenous
At most primary school,30,96,37790,1593.8244861956427,55.226250330775336,178.8679985886919,29.720737408485487,2023,indigenous
At most primary school,31,81,31251,1335.8248589378472,35.355668618604206,46.428114300342386,8.447729672650475,2023,indigenous
At most primary school,32,106,37520,1337.7551350390902,52.110341151385924,18.212953091684437,46.30063965884862,2023,indigenous
At most primary school,33,87,33622,1815.1177800249836,26.79956576051395,35.83987666805464,88.76628398072691,2023,indigenous
At most primary school,34,86,33645,1843.5902511517313,37.489077128845295,75.72323772725022,37.01094763957002,2023,indigenous
At most primary school,35,92,37522,1596.0799175594761,30.475454400085283,135.90373647460157,70.09843114261855,2023,indigenous
At most primary school,36,96,34144,1928.6561865432677,17.513970243673853,396.68737552717903,242.43244298656668,2023,indigenous
At most primary school,37,102,39615,1549.3497749169087,24.330430392528083,19.626139088729015,181.3982077495898,2023,indigenous
At most primary school,38,98,38551,1848.8784121466804,15.206868823117428,98.15195023043069,41.607221602552464,2023,indigenous
At most primary school,39,95,39407,1715.6609104981349,54.397442078818486,47.15342451848657,5.48718078852319,2023,indigenous
At most primary school,40,128,50766,1385.1904588372795,10.72844029468542,86.41310949585682,117.89412861626548,2023,indigenous
At most primary school,41,81,33573,1821.257220584001,14.082745062997052,166.1912722525045,207.77708277484885,2023,indigenous
At most primary school,42,115,42183,1710.5966147500178,39.97046203446886,12.535677879714576,29.798734087191523,2023,indigenous
At most primary school,43,103,41939,1577.9544417686004,4.9321156918381455,71.48674265003935,259.2377023772622,2023,indigenous
At most primary school,44,69,25309,2163.4194489443807,8.218420324785649,14.49713211374083,19.974449141938965,2023,indigenous
At most primary school,45,87,41667,1718.4317005463959,9.766001871985024,23.18393452852377,72.18342253261973,2023,indigenous
At most primary school,46,79,32711,2697.3001742533093,430.7792485708172,70.90612994609356,140.0243241315358,2023,indigenous
At most primary school,47,90,33119,1818.4414384492286,2.104532141670944,146.026072647121,158.53135662308645,2023,indigenous
At most primary school,48,82,30893,1845.654366145513,48.56439970219791,38.107877728503766,326.78606804130385,2023,indigenous
At most primary school,49,81,30594,1879.2237312327036,14.921226384258352,46.3512725806803,85.91684644047852,2023,indigenous
At most primary school,50,101,37971,2257.7982166214565,53.13081035527113,106.92282706978132,91.58392808546873,2023,indigenous
At most primary school,51,48,20095,1360.13036410384,0.9405324707638716,48.370494318653066,235.49805092477402,2023,indigenous
At most primary school,52,89,35111,1624.433055167896,8.416165873942639,50.966624894382576,174.27301985132866,2023,indigenous
At most primary school,53,80,33529,1753.8096473699384,2.299501923707835,171.00041506357678,162.1880759939157,2023,indigenous
At most primary school,54,56,17966,1463.1765186092248,24.518535010575533,64.50795947901592,48.94207577275595,2023,indigenous
At most primary school,55,67,28580,2058.01603685561,21.88593421973408,45.89398180545836,351.49755073477957,2023,indigenous
At most primary school,56,48,19240,1726.7762647262646,9.776507276507276,35.455214830214835,69.22210672210672,2023,indigenous
At most primary school,57,52,17091,1620.9487839603692,31.85887309110058,23.460447018898837,29.67448754705206,2023,indigenous
At most primary school,58,50,20284,1460.4860974166832,57.698678761585484,25.10681653848682,218.44862946164466,2023,indigenous
At most primary school,59,52,15746,2017.2531859943267,71.04026419408103,103.54989626995216,57.63791862483593,2023,indigenous
Secondary school or above,13,2,569,571.3532513181019,0,0,0,2023,indigenous
Secondary school or above,14,16,7846,805.7264848330359,48.25388733112414,3.8575919789276916,0,2023,indigenous
Secondary school or above,15,30,9946,864.2861451839935,13.009249949728535,0,0,2023,indigenous
Secondary school or above,16,38,17225,493.6876632801161,1.9854862119013061,4.600870827285922,0,2023,indigenous
Secondary school or above,17,46,17194,1318.1265460819666,64.74933116203327,48.67734868752666,8.57857392113528,2023,indigenous
Secondary school or above,18,66,23224,966.1972528418877,31.243110575266964,1.9570272132276956,0,2023,indigenous
Secondary school or above,19,67,23537,1353.9177890130434,111.45600543824617,20.475173839770004,3.8407613544631856,2023,indigenous
Secondary school or above,20,92,32927,1579.735880381855,110.09943207701886,11.679194379485933,42.36745932922323,2023,indigenous
Secondary school or above,21,62,19390,1502.3441292762593,53.227436823104696,0.4621798177754856,9.695719443011862,2023,indigenous
Secondary school or above,22,97,34285,2017.0722667833359,83.28015166982645,21.168878518302463,70.8130863837441,2023,indigenous
Secondary school or above,23,94,33870,1782.0562050979233,77.39935045763212,47.390512744808575,40.037397893908086,2023,indigenous
Secondary school or above,24,71,25019,2044.1634690968199,28.93560893720772,421.05633052213653,135.86592856096033,2023,indigenous
Secondary school or above,25,79,30819,2119.591161296603,95.27564164963172,166.38929448284068,8.014536487231902,2023,indigenous
Secondary school or above,26,71,24918,1851.0586055595688,16.474837466891405,107.3178358348717,50.90563715654011,2023,indigenous
Secondary school or above,27,86,29072,2093.51409145111,137.4367088607595,98.51523802971931,159.58123509447805,2023,indigenous
Secondary school or above,28,87,30391,2278.7547355028355,24.032114770820307,8.58050080615972,126.22192973797068,2023,indigenous
Secondary school or above,29,67,21720,3124.7578806015963,36.671270718232044,44.128606507059544,71.86924493554328,2023,indigenous
Secondary school or above,30,97,38268,3059.679512473433,11.249346712658095,416.4938721647329,0,2023,indigenous
Secondary school or above,31,51,19577,3675.6214775842404,25.284772947846964,119.09553728014167,47.40596959016533,2023,indigenous
Secondary school or above,32,51,18116,2576.571373371605,3.7025833517332742,30.39670273055126,47.668727460072134,2023,indigenous
Secondary school or above,33,65,24927,3043.3559059119298,33.097845709471656,1128.4891884302165,73.80639467244353,2023,indigenous
Secondary school or above,34,48,18467,3620.38145520839,87.25023014025018,21.29248569520406,104.54056785978592,2023,indigenous
Secondary school or above,35,60,19967,3657.641750555082,14.219462112485601,1185.4228226573846,133.6428440259762,2023,indigenous
Secondary school or above,36,52,18612,3607.5413353392073,54.460025789813024,465.69820545884386,2.1921341070277243,2023,indigenous
Secondary school or above,37,31,11019,3368.696539310887,69.34386060441057,11.61024896391082,0,2023,indigenous
Secondary school or above,38,28,10796,3596.5053877979494,100.55113004816599,338.84463381499324,18.154872174879586,2023,indigenous
Secondary school or above,39,26,8188,3087.831440319166,24.13287738153395,60.22064810291483,493.5271128480704,2023,indigenous
Secondary school or above,40,48,20956,4731.19144079659,0,196.23001367945537,225.96233377871096,2023,indigenous
Secondary school or above,41,22,9156,4641.965377894277,0,726.651012086792,410.0589777195282,2023,indigenous
Secondary school or above,42,31,13268,3214.8744347301777,5.577328911667169,288.71030549693495,67.04891468194151,2023,indigenous
Secondary school or above,43,23,8981,4052.0930482871245,20.576773187841,92.21346917566716,0,2023,indigenous
Secondary school or above,44,27,9665,5246.491877909984,7.449560269011899,25.069839627521986,0,2023,indigenous
Secondary school or above,45,15,5411,3022.488141440276,0,150.70535329267543,8.365674859853385,2023,indigenous
Secondary school or above,46,15,4767,2658.9166491853716,0,40.87301587301588,0,2023,indigenous
Secondary school or above,47,14,4287,3879.503576704766,1052.7548402146024,210.85646528263743,4.70025658968976,2023,indigenous
Secondary school or above,48,13,4478,3745.758597588209,0,0,30.072949233288675,2023,indigenous
Secondary school or above,49,12,5556,4887.684740220782,0,706.0475161987041,25.617950563954885,2023,indigenous
Secondary school or above,50,18,6717,4270.095826509851,0,29.546920748349958,637.7847253238052,2023,indigenous
Secondary school or above,51,7,3819,3241.4419132408134,0,40.91385179366326,486.0958366064415,2023,indigenous
Secondary school or above,52,16,5584,2998.118015759312,0,89.18338108882521,46.70487106017192,2023,indigenous
Secondary school or above,53,10,4313,6300.822320117473,0,162.02952314707474,0,2023,indigenous
Secondary school or above,54,10,4259,4474.007591766455,28.880018783752053,57.623072708773584,38.162322924004066,2023,indigenous
Secondary school or above,55,6,1746,4396.716303932799,93.92898052691866,0,0,2023,indigenous
Secondary school or above,56,6,3925,4201.763057324841,0,0,0,2023,indigenous
Secondary school or above,57,5,2212,2841.337402049427,0,0,49.050632911392405,2023,indigenous
Secondary school or above,58,3,1343,3186.8950111690247,444.97393894266565,0,0,2023,indigenous
Secondary school or above,59,5,1036,4702.344755469756,0,1782.3359073359072,0,2023,indigenous
At most primary school,13,54,16392,530.7192532942898,0,0.8006954612005857,20.343256873271514,2023,non-indigenous
At most primary school,14,76,23621,742.6654248338343,47.39172769992803,26.543294808292053,0,2023,non-indigenous
At most primary school,15,76,25769,1041.1109084558966,23.8713182506112,0,0,2023,non-indigenous
At most primary school,16,93,36432,984.2732808154003,68.24632191480018,0.9453685404772361,7.050258014931928,2023,non-indigenous
At most primary school,17,66,19230,1518.7900849367306,118.12740509620384,10.148205928237129,8.297798578609811,2023,non-indigenous
At most primary school,18,71,22196,1351.7032348170842,36.92313930437917,4.497807412747041,0,2023,non-indigenous
At most primary school,19,59,21450,1561.434654234654,34.31515151515151,5.5874125874125875,0.9090909090909091,2023,non-indigenous
At most primary school,20,79,25450,1524.9240929927962,84.2090373280943,22.380484610347086,20.455690897184024,2023,non-indigenous
At most primary school,21,74,25587,1791.6549745313375,53.949271114237696,7.249775276507601,12.09598624301403,2023,non-indigenous
At most primary school,22,91,32632,1972.4279184032034,105.94293944594263,34.90413295742421,35.00853967475689,2023,non-indigenous
At most primary school,23,119,35905,2049.521756487026,17.675532655618994,34.442278234229214,5.288492781878103,2023,non-indigenous
At most primary school,24,90,31422,2161.2178940445124,8.134428107695244,71.51544565378822,49.63083190121571,2023,non-indigenous
At most primary school,25,88,29573,2227.2624860514657,79.49284820613397,16.005027108060283,81.00483549183377,2023,non-indigenous
At most primary school,26,100,36061,2020.570588724661,111.41011064585008,7.65924405867835,0.2957950879528207,2023,non-indigenous
At most primary school,27,85,26645,1957.5745355601425,30.120472884218426,61.73703634202789,16.941264777631826,2023,non-indigenous
At most primary school,28,104,35752,2276.5321380622063,125.72046319087045,133.06781205713432,70.86969493548148,2023,non-indigenous
At most primary school,29,88,35661,1980.491255620052,92.57816662460391,355.09279044334147,40.27368834300777,2023,non-indigenous
At most primary school,30,103,40126,1698.8532871454918,24.84772965159747,6.353320374154746,27.71478177075545,2023,non-indigenous
At most primary school,31,89,32744,2141.3176103510054,76.75656608844369,71.47380690609985,57.12488802019708,2023,non-indigenous
At most primary school,32,135,54264,1783.1229053024717,113.57786009140499,45.074972971644804,143.58629416678954,2023,non-indigenous
At most primary school,33,118,39052,2036.5720065553621,14.419107856191744,57.1880654853358,32.33002150978183,2023,non-indigenous
At most primary school,34,122,42232,2106.0678000884004,44.94653343436257,57.67393998231989,44.01101850097872,2023,non-indigenous
At most primary school,35,123,38408,2398.7304749878494,45.34315767548427,16.97232130458932,29.582031521210862,2023,non-indigenous
At most primary school,36,115,40093,2059.1552245196585,73.65425385977602,70.8328137081286,140.4728672503097,2023,non-indigenous
At most primary school,37,109,33797,2309.087571875216,55.306684025209336,40.979339882238065,64.04406702764545,2023,non-indigenous
At most primary school,38,144,48858,1842.8889417632051,38.21032379548897,47.19766124960771,44.370761526600894,2023,non-indigenous
At most primary school,39,120,39093,2054.162723079153,53.66510628501266,125.30653399159269,63.030892146079005,2023,non-indigenous
At most primary school,40,154,46487,1945.820297430823,47.50338804396928,121.42650992033616,144.22308745814243,2023,non-indigenous
At most primary school,41,90,30997,2094.020391758342,29.7851404974675,449.1690056026927,62.91765869815359,2023,non-indigenous
At most primary school,42,138,41735,2072.668124276187,37.120210854199115,52.02807395870773,67.37382692384489,2023,non-indigenous
At most primary school,43,147,57299,2719.314304496297,36.22140002443324,28.321448309161884,19.989412264321075,2023,non-indigenous
At most primary school,44,99,30067,2201.344741189122,17.462666711012073,731.6541668052461,109.90709637365438,2023,non-indigenous
At most primary school,45,109,34623,2821.8191808913152,10.830950524218006,94.07224484687443,62.78196574531381,2023,non-indigenous
At most primary school,46,99,37563,2195.4411655086124,16.28197960759258,53.89248285103248,83.44026479958114,2023,non-indigenous
At most primary school,47,124,46520,2217.1488893665805,29.666809974204643,30.923975351103465,165.54865290914302,2023,non-indigenous
At most primary school,48,104,32874,2649.1822159355925,21.109083166027865,64.41260570663746,37.290868163290135,2023,non-indigenous
At most primary school,49,106,40179,2032.2383666426076,19.23094153662361,168.08347644291794,31.667454806407992,2023,non-indigenous
At most primary school,50,120,37876,2747.082343260464,40.735030098215226,70.01377301369381,72.93338789734925,2023,non-indigenous
At most primary school,51,96,31631,2384.837495916453,51.67968132528216,800.37563360838,66.15651312530956,2023,non-indigenous
At most primary school,52,141,41136,2329.383403020874,27.13790840140023,161.85133864903412,162.36516271230388,2023,non-indigenous
At most primary school,53,123,44049,2154.8506587361044,10.109196576539762,86.83606135591425,194.50498308701674,2023,non-indigenous
At most primary school,54,80,22512,2066.554445036721,39.74769012082445,115.75822524283345,205.08810116086235,2023,non-indigenous
At most primary school,55,88,28308,2125.780980641515,43.59421364985163,77.20020253403044,56.233809052800154,2023,non-indigenous
At most primary school,56,77,28494,2625.579841370113,0,103.54489834117125,157.13892983318127,2023,non-indigenous
At most primary school,57,93,30288,2613.6523210512414,43.018687268885365,128.2489764923402,176.45454745553795,2023,non-indigenous
At most primary school,58,96,29845,2062.565276148992,59.07589210923103,56.94570558999274,59.788909365052774,2023,non-indigenous
At most primary school,59,69,23264,2541.2224717732693,27.02415749656121,104.75770861989913,172.21823418156808,2023,non-indigenous
Secondary school or above,13,4,1122,0,0,0,0,2023,non-indigenous
Secondary school or above,14,25,7916,487.3879905676268,87.90803436078828,0,0,2023,non-indigenous
Secondary school or above,15,50,17303,499.3993527134023,11.53037045599029,11.050492207517001,54.0368722186904,2023,non-indigenous
Secondary school or above,16,76,29196,939.1756404986985,17.806891354980134,2.4525619947938075,0,2023,non-indigenous
Secondary school or above,17,109,39034,1194.1430334238526,81.60373008146743,1.1586480162593293,13.745281891001008,2023,non-indigenous
Secondary school or above,18,144,55326,1725.2362361276796,43.78333875573871,21.408048054561448,36.18732603116076,2023,non-indigenous
Secondary school or above,19,206,76598,2237.1200662332353,58.46938562364553,10.06597213156131,11.426877986370402,2023,non-indigenous
Secondary school or above,20,222,87277,2360.0900456783193,55.40337087663416,26.553769416150114,44.518410730585764,2023,non-indigenous
Secondary school or above,21,194,73108,2702.67614807317,25.014909449034306,5.837140486221298,26.275920555889915,2023,non-indigenous
Secondary school or above,22,234,88613,2893.8952674363054,47.3819868416598,17.726894849890346,26.813624035600494,2023,non-indigenous
Secondary school or above,23,252,92535,2958.5437537148105,55.03234451829038,35.7229696871454,45.228342428990835,2023,non-indigenous
Secondary school or above,24,210,88960,2882.4115463878898,58.623932104316545,37.86069581834533,62.09989508393286,2023,non-indigenous
Secondary school or above,25,204,76491,3293.6891616878675,85.34170033075787,113.7983172312211,20.60627176181947,2023,non-indigenous
Secondary school or above,26,194,78841,3387.4919859802217,42.14369427074745,120.26658083991832,35.122799896838785,2023,non-indigenous
Secondary school or above,27,214,95907,3452.761624108077,33.22124558165723,33.29978086410099,69.5919380232934,2023,non-indigenous
Secondary school or above,28,191,72393,3524.6773260766463,59.197878247896895,52.640678887001044,158.9926005737203,2023,non-indigenous
Secondary school or above,29,178,69220,3504.054597659636,59.418809592603296,84.535177694308,53.59192429933545,2023,non-indigenous
Secondary school or above,30,212,89149,3630.217613209346,36.8408843621353,226.3873776860462,89.66770986401045,2023,non-indigenous
Secondary school or above,31,129,50355,4224.1872803098,34.99473736471055,410.5788071360011,89.97491146195347,2023,non-indigenous
Secondary school or above,32,142,53419,4921.039953012973,28.460753664426516,49.778168816338756,146.89342743218705,2023,non-indigenous
Secondary school or above,33,157,64743,3732.9120007825813,25.10634354293128,682.431434028904,61.926694777813815,2023,non-indigenous
Secondary school or above,34,141,54993,3953.0562920129228,48.70147109632135,46.112232465950214,77.46191939580189,2023,non-indigenous
Secondary school or above,35,138,56582,4462.738406206921,37.85656215757661,436.88393246379883,28.964688416811,2023,non-indigenous
Secondary school or above,36,138,48988,5005.382093573937,86.91138646199069,100.57524291663265,61.438855774203205,2023,non-indigenous
Secondary school or above,37,114,52137,5384.115915760401,80.05648579703474,156.7821316915051,199.97186898619663,2023,non-indigenous
Secondary school or above,38,116,46444,4874.726274294491,34.1193695633451,627.8134778801711,261.5651824419372,2023,non-indigenous
Secondary school or above,39,114,47384,5684.032957679105,138.33382576397096,139.92029658393832,60.365467949800205,2023,non-indigenous
Secondary school or above,40,142,64629,5584.039592649327,38.26826966222593,142.041627339636,62.45699814840603,2023,non-indigenous
Secondary school or above,41,89,42802,5873.325066585674,169.6322601747582,196.66331791349316,139.14733735183714,2023,non-indigenous
Secondary school or above,42,128,57828,4351.127768266814,44.45216849968873,97.53164556962025,41.639315441193425,2023,non-indigenous
Secondary school or above,43,105,45135,5029.822591484804,70.04320372216684,498.55802961485915,124.48272958901075,2023,non-indigenous
Secondary school or above,44,73,31424,5578.019056559742,72.09585030549898,91.07592922606925,45.92852596741344,2023,non-indigenous
Secondary school or above,45,95,43915,6803.992679039053,116.83251736308779,859.9182132149226,76.95639303199363,2023,non-indigenous
Secondary school or above,46,73,27415,3538.5385008207186,40.27831479117272,650.6726852696213,125.26414979634019,2023,non-indigenous
Secondary school or above,47,79,35573,4703.083246657109,43.51727433727827,114.60002436304687,50.27797299449957,2023,non-indigenous
Secondary school or above,48,63,31068,4234.652294965881,123.29728337839578,174.88036994120424,47.41051886185142,2023,non-indigenous
Secondary school or above,49,46,19545,4615.273224183508,129.8848810437452,160.12620448537564,69.95886415963162,2023,non-indigenous
Secondary school or above,50,73,28814,4725.737425094282,84.48462552925662,228.74499664514934,30.326693042733854,2023,non-indigenous
Secondary school or above,51,61,24869,3988.662618789122,23.01523985684989,664.6561314621952,32.885654161137694,2023,non-indigenous
Secondary school or above,52,45,17878,6481.887934892046,23.095424544132452,419.2555095648283,119.36178543461237,2023,non-indigenous
Secondary school or above,53,51,23799,4506.239659929689,28.707088533131643,176.09423365127387,52.780929170693454,2023,non-indigenous
Secondary school or above,54,37,16151,3333.454729325326,6.652219676800198,618.9988236022538,19.687119476606195,2023,non-indigenous
Secondary school or above,55,40,20449,3658.813063393483,1.5453078390141328,677.7914486445956,91.11447992566873,2023,non-indigenous
Secondary school or above,56,39,20419,4066.700842352711,13.37969538175229,131.66413634360154,44.4585924873892,2023,non-indigenous
Secondary school or above,57,47,20488,5041.243219608225,192.8445919562671,452.7300533645712,84.2769751399193,2023,non-indigenous
Secondary school or above,58,33,18473,5103.360715639041,271.585557299843,2023.9261354409139,12.818708385210849,2023,non-indigenous
Secondary school or above,59,23,7761,3122.1821500665724,61.847700038654814,34.53163252158227,127.62723875789203,2023,non-indigenous
At most primary school,13,109,40302,485.1068102492846,17.62331894198799,3.407616247332639,8.274196483218368,2023,p99
At most primary school,14,149,54026,709.8597897308704,50.53502017547107,13.203719813916756,0,2023,p99
At most primary school,15,171,61619,940.9361073694802,16.24531394537399,0,0.28562618672811957,2023,p99
At most primary school,16,192,74525,1011.7293167840769,58.78939953035894,0.4973722464497372,3.446561556524656,2023,p99
At most primary school,17,165,60685,1150.2486666117381,49.446733130098046,3.284721650050809,2.629425173711241,2023,p99
At most primary school,18,177,61520,1387.146171976593,99.30633940182055,5.4751842219332465,3.283485045513654,2023,p99
At most primary school,19,124,46123,1282.3414204048595,40.005637100795695,2.9551416863603843,2.116080914077575,2023,p99
At most primary school,20,165,57324,1395.122511222757,63.924464447700785,10.301386272183843,18.62914893122136,2023,p99
At most primary school,21,157,63196,1502.5859890921367,109.52829292993228,4.01449458826508,39.16041627107201,2023,p99
At most primary school,22,185,69353,1713.305776246161,80.59305293210099,213.51852118870127,52.453131083010106,2023,p99
At most primary school,23,197,70266,1690.0843271757797,28.97953491019839,47.879605119593165,15.823916735452897,2023,p99
At most primary school,24,167,60152,1726.9936383384315,31.331460300571884,66.6909662189121,25.925987498337545,2023,p99
At most primary school,25,183,69525,1632.1970634064485,56.120057533261416,17.542790363178714,52.620246913580246,2023,p99
At most primary school,26,185,71292,1612.1668303128918,74.8041154687763,8.435092062690531,1.092221661149451,2023,p99
At most primary school,27,167,60311,1760.2568713280607,29.572383147352888,28.357513554741256,51.16147966374293,2023,p99
At most primary school,28,192,73287,1940.9078099344586,69.5902138169116,69.99009032979929,108.82603099230877,2023,p99
At most primary school,29,181,74397,1871.1910023253627,50.52668790408215,199.35423023329793,42.9804517207235,2023,p99
At most primary school,30,199,77916,1647.9133211834967,39.58160069818779,90.02457775039787,28.687689306432567,2023,p99
At most primary school,31,170,63995,1747.9672865067582,56.53905773888585,59.24311795192333,33.354126624475875,2023,p99
At most primary school,32,241,91784,1601.0628649873615,88.45080841976815,34.09415947587089,103.81729567971178,2023,p99
At most primary school,33,205,72674,1934.1181165203511,20.146820045683462,47.31150984763006,58.43977213308749,2023,p99
At most primary school,34,208,75877,1989.6813175709813,41.63978544222887,65.67726935259257,40.90708207581568,2023,p99
At most primary school,35,215,75930,2002.088117344923,37.99604899249309,75.74414482637518,49.60384564730673,2023,p99
At most primary school,36,211,74237,1999.134491560812,47.833519673478186,220.7038774465563,187.36737745329148,2023,p99
At most primary school,37,211,73412,1899.113550918106,38.5911022721081,29.4566045060753,127.37137434388566,2023,p99
At most primary school,38,242,87409,1845.5305470069827,28.064844581221614,69.67061934888474,43.15192562169418,2023,p99
At most primary school,39,215,78500,1884.2348131634822,54.03273885350318,86.07367303609341,34.14394904458599,2023,p99
At most primary school,40,282,97253,1653.1719021521187,28.30689027587838,103.14953866033268,130.47938881062794,2023,p99
At most primary school,41,171,64570,1952.1979053740126,21.620721697382685,302.03548474523774,138.23693149553455,2023,p99
At most primary school,42,253,83918,1890.665902031348,38.55294454109964,32.1764599569421,48.485982347847504,2023,p99
At most primary school,43,249,98747,2242.612238008918,23.112580635361073,46.79507394317465,120.04290425700695,2023,p99
At most primary school,44,168,55376,2184.0113978378117,13.237684195319272,403.8853248699798,68.80435567754984,2023,p99
At most primary school,45,196,76290,2219.186514178354,10.249311836413685,55.355463800410725,67.91672128282431,2023,p99
At most primary school,46,178,70274,2429.0454862395763,209.22133363690696,61.81196103822182,109.77889878665414,2023,p99
At most primary school,47,213,79154,1941.3640287709193,18.31619374889456,79.2735785094036,163.62689609284854,2023,p99
At most primary school,48,186,63767,2259.8995797199177,34.410274907083604,51.668836022812215,177.54170652531874,2023,p99
At most primary school,49,187,70773,1966.0926648109682,17.36792279541633,115.46065354490177,55.118571583325085,2023,p99
At most primary school,50,220,75389,2298.6290694486815,47.22585523086922,73.84112182590741,82.77014330118894,2023,p99
At most primary school,51,144,51726,1986.7496906778022,31.96806248308394,508.22964756602096,131.94389668638595,2023,p99
At most primary school,52,230,76247,2004.760641948754,18.516728527024014,110.79000922440665,167.84861480888867,2023,p99
At most primary school,53,203,77578,1981.5218274940491,6.733867849132486,123.21166546357645,180.5377039882441,2023,p99
At most primary school,54,136,40478,1798.7475418745985,32.988289935273485,93.01099774363028,135.78330615807764,2023,p99
At most primary school,55,155,56888,2091.7365056485255,32.68817676838701,61.472249566399476,204.57155580555946,2023,p99
At most primary school,56,125,47734,2263.301783494644,3.9405874219633805,76.10019413136688,121.70256002011145,2023,p99
At most primary school,57,145,47379,2255.554932916834,38.99301378247747,90.44866924164714,123.50665906836362,2023,p99
At most primary school,58,146,50129,1818.9423420907394,58.51862195535519,44.062543637415466,123.98835005685332,2023,p99
At most primary school,59,120,38606,2247.8279088742684,45.259545148422525,105.05612253708405,127.2872524132691,2023,p99
Secondary school or above,13,5,1497,217.1676686706747,0,0,0,2023,p99
Secondary school or above,14,41,15762,645.8503573996533,68.16901408450704,1.920230089244174,0,2023,p99
Secondary school or above,15,80,27249,632.5845719108958,12.070167712576609,7.017015914957123,34.31318580498367,2023,p99
Secondary school or above,16,114,46421,773.872643846535,11.936192671420262,3.2497145688373794,0,2023,p99
Secondary school or above,17,153,55942,1212.2814164670551,76.84065639412249,15.769636409138036,12.227545195619273,2023,p99
Secondary school or above,18,210,78550,1500.8196690006366,40.075709739019736,15.657182261828984,25.488224061107577,2023,p99
Secondary school or above,19,272,99825,2021.8490942482679,71.14428249436514,12.551540195341849,9.673688955672427,2023,p99
Secondary school or above,20,314,120204,2146.3307564640113,70.38604372566637,22.4792366865218,43.929209233192466,2023,p99
Secondary school or above,21,256,92498,2451.0551633548835,30.92899305930939,4.710408152969073,22.800276762740815,2023,p99
Secondary school or above,22,330,122199,2607.2395355117474,57.72485863223103,18.79400267869077,39.31179742332861,2023,p99
Secondary school or above,23,345,126267,2627.6152115490722,61.09224104477021,38.891726790583974,43.88534877151855,2023,p99
Secondary school or above,24,277,112508,2596.430093859992,52.788468375582184,120.90247656462948,79.3155716334246,2023,p99
Secondary school or above,25,281,106778,2940.523088401481,88.6341006574388,129.54446374721385,17.07462523491106,2023,p99
Secondary school or above,26,261,101638,2854.9886263011867,36.730071429976974,119.60175656086635,39.72513561200863,2023,p99
Secondary school or above,27,298,123702,3083.6473601881944,58.056539102035536,38.45060777783167,86.27211362791225,2023,p99
Secondary school or above,28,275,99833,2893.0567430943006,50.242625184057374,40.783975906430406,153.71632626486232,2023,p99
Secondary school or above,29,243,88898,3221.217579885562,55.22587684762312,76.60462927549926,59.28854417422214,2023,p99
Secondary school or above,30,306,124836,3282.507200780758,29.757585952770036,289.344386501757,64.0343063432557,2023,p99
Secondary school or above,31,178,69394,3865.8193383673897,32.52673141770182,318.77005456763794,78.66318894044633,2023,p99
Secondary school or above,32,189,68315,3565.1582778306374,20.667803557051894,46.9848008002147,127.5044524140623,2023,p99
Secondary school or above,33,222,89670,3541.225095721348,27.327868852459016,806.4292219620088,65.2290844206535,2023,p99
Secondary school or above,34,186,72329,3691.2304746367295,43.748565582269904,40.496320056040226,85.5868876937328,2023,p99
Secondary school or above,35,195,74037,4216.1328885107,32.766319542931235,653.5800230515373,58.178028103065586,2023,p99
Secondary school or above,36,186,63316,3830.4815107292525,76.54344873333754,208.03543601406702,24.899972624086594,2023,p99
Secondary school or above,37,143,60200,4926.422790697675,82.02666112956811,137.90836101882616,173.18826135105206,2023,p99
Secondary school or above,38,140,55532,4033.201443912219,37.9320031693438,590.9446055127374,222.2886503877644,2023,p99
Secondary school or above,39,136,52859,4843.364072343405,118.32251839800223,86.1134338523241,127.61038486035174,2023,p99
Secondary school or above,40,184,80835,4458.6873590235255,24.316694501144305,161.18106224613925,104.10259582276655,2023,p99
Secondary school or above,41,110,51648,5531.028523208385,128.57419454770755,290.5978934324659,188.008912897563,2023,p99
Secondary school or above,42,158,71053,4134.775739002341,37.219821823146106,131.77724140195818,44.9165646301587,2023,p99
Secondary school or above,43,124,51604,4386.181116450922,53.681885125184095,168.60293452703925,108.87776141384388,2023,p99
Secondary school or above,44,99,40415,5421.655693018269,57.83842632685884,76.80984782877644,35.71094890510949,2023,p99
Secondary school or above,45,105,43430,4419.849685317369,69.230946350449,237.6531199631591,78.85808580858087,2023,p99
Secondary school or above,46,86,31664,3296.4593439447535,32.031013137948456,567.6172730335186,94.95483830217282,2023,p99
Secondary school or above,47,92,39091,3993.810480673301,155.05359289862116,127.4106145489584,46.26866371628593,2023,p99
Secondary school or above,48,74,35192,4111.465233575813,108.84860195498977,154.3868871713268,41.73154883685687,2023,p99
Secondary school or above,49,54,23415,4117.579183571785,48.712363869314544,236.42109758701687,64.47488077443234,2023,p99
Secondary school or above,50,88,34113,4320.019694349173,71.36106469674317,179.27256471140035,151.19846783728588,2023,p99
Secondary school or above,51,64,27722,3663.5650626457928,20.646634441959456,384.25257917899137,95.37791886107303,2023,p99
Secondary school or above,52,58,21544,4896.639443309816,19.165428889714075,158.28614308701574,111.15623839584107,2023,p99
Secondary school or above,53,59,27779,4742.0873441568565,24.59411785881421,164.4299650815364,45.218810372343626,2023,p99
Secondary school or above,54,46,20182,3480.003253724441,11.418095332474483,507.5248571334192,23.808344068972353,2023,p99
Secondary school or above,55,45,20779,3179.659030752202,9.413350016843928,508.0204693841539,89.66745271668512,2023,p99
Secondary school or above,56,44,24078,3934.790451864773,11.346457346955727,111.65586842761027,37.7024669823075,2023,p99
Secondary school or above,57,50,21099,4164.172681959651,166.26380397175222,425.49962873437914,86.97884575888273,2023,p99
Secondary school or above,58,35,19710,4894.45539489261,268.726534753932,1896.904490106545,12.014205986808726,2023,p99
Secondary school or above,59,26,7805,2795.1486013239373,61.49903907751441,270.9160794362588,126.90775144138372,2023,p99
At most primary school,13,106,39688,492.6117382248203,17.895963515420277,3.2367151279983872,8.402203856749312,2023,p90
At most primary school,14,148,53821,712.5635904200963,50.72750413407406,13.25401175501508,0,2023,p90
At most primary school,15,169,60950,935.8210336341264,16.423625922887613,0,0.2887612797374898,2023,p90
At most primary school,16,192,74525,1011.7293167840769,58.78939953035894,0.4973722464497372,3.446561556524656,2023,p90
At most primary school,17,164,60416,1148.6914117673023,49.66689287605932,3.2993467514124295,2.6411325918079096,2023,p90
At most primary school,18,171,59413,1366.9353929274737,100.78309460892397,3.758997750211794,3.399929308400518,2023,p90
At most primary school,19,119,44088,1162.852325651727,41.852204681546,2.9263442811347002,0.4422972237343495,2023,p90
At most primary school,20,162,56259,1338.5494380158434,65.13457402371176,6.7162587319362235,16.335709249483045,2023,p90
At most primary school,21,152,60060,1422.0219918969917,50.495337995338,4.224109224109224,41.20515595515595,2023,p90
At most primary school,22,181,67684,1587.3026933987353,78.81582057798002,204.77734767448732,45.576236629040835,2023,p90
At most primary school,23,194,69768,1675.5165739785193,29.186389175553263,48.221367006841724,15.936866949508847,2023,p90
At most primary school,24,162,58737,1691.2486394152463,31.059638728569727,57.81015373614587,25.438253003501483,2023,p90
At most primary school,25,179,68463,1600.2936622701313,56.990593459240756,17.81491462541811,39.28237636874419,2023,p90
At most primary school,26,178,68802,1466.5960194955571,67.65929769483445,8.740364863424514,1.1317500460257939,2023,p90
At most primary school,27,159,58240,1729.9894774496338,29.748282967032967,27.99227335164835,51.002747252747255,2023,p90
At most primary school,28,183,69633,1845.3479863474693,51.30840262519208,21.613752339647387,83.64281303404995,2023,p90
At most primary school,29,179,73456,1846.5720567414508,51.173954476148985,188.48730305670514,43.53104806505482,2023,p90
At most primary school,30,198,77205,1629.936070634458,39.94611747943786,90.8536364225115,28.95188135483453,2023,p90
At most primary school,31,168,63566,1733.2530991410501,56.920633672088854,59.64294329253585,33.57922998668051,2023,p90
At most primary school,32,238,90738,1598.9297464494848,89.47044237254514,34.48718655175708,105.01406981272086,2023,p90
At most primary school,33,200,71389,1787.6731709366989,20.509462242082112,47.47206619133667,59.49168639426242,2023,p90
At most primary school,34,205,75168,1935.1831807861502,38.09469455087271,66.2967508336881,41.29292606783028,2023,p90
At most primary school,35,208,72977,1835.2688278498706,38.09474217904271,75.77642613426148,48.7129278174402,2023,p90
At most primary school,36,207,72166,1981.4825852894714,49.20623285203558,227.0375765595987,192.74439486738908,2023,p90
At most primary school,37,205,71771,1802.9523623747752,37.8850789316019,29.910663777848992,71.22079019845526,2023,p90
At most primary school,38,242,87409,1845.5305470069827,28.064844581221614,69.67061934888474,43.15192562169418,2023,p90
At most primary school,39,213,77912,1854.2706236951092,51.71437005852757,86.72326898723345,34.401632611151044,2023,p90
At most primary school,40,279,96600,1626.8736404416838,28.49824016563147,103.64322377501725,131.36140786749482,2023,p90
At most primary school,41,163,60322,1762.785773294431,23.143297636020026,322.2247894632141,112.61162870373441,2023,p90
At most primary school,42,240,81222,1807.4204382228133,38.12127256162123,21.701232424712515,48.6844286851674,2023,p90
At most primary school,43,240,94883,1911.8796904257524,24.053813644172298,48.70074899261898,124.93151214302526,2023,p90
At most primary school,44,159,51555,1955.72190217567,14.218795461157987,431.78263504994663,63.798079720686644,2023,p90
At most primary school,45,185,70431,1888.981307946785,11.101929548068322,52.41160379189088,64.83697992834594,2023,p90
At most primary school,46,164,62416,1703.412466354781,26.541591899512945,45.57523311330428,122.72391160386226,2023,p90
At most primary school,47,203,76457,1798.4349329252607,16.914082425415593,82.06993255468215,156.5963875119348,2023,p90
At most primary school,48,176,59427,2064.3270987934775,22.29020478906894,38.95984429075448,182.02130344792772,2023,p90
At most primary school,49,177,64695,1739.632627457042,18.999613571373366,121.21655717855579,60.29688023288765,2023,p90
At most primary school,50,207,70349,2173.9613391803723,50.609248176946366,78.28907778835993,86.6928930522585,2023,p90
At most primary school,51,134,48724,1783.344166461429,33.93768984484033,501.8263432805188,135.00389951563912,2023,p90
At most primary school,52,211,70084,1749.576598557921,16.56647737001313,103.02978092955121,182.60877423282537,2023,p90
At most primary school,53,185,70677,1686.429017454995,4.763926029684338,63.14698676136981,187.05029924869476,2023,p90
At most primary school,54,129,38284,1511.182783059938,34.87880054330791,36.08511388569637,60.28201511510465,2023,p90
At most primary school,55,140,52028,1590.0330078675584,32.58947105404782,64.05268957740704,113.74964762563748,2023,p90
At most primary school,56,116,41642,1926.678129452636,4.51707410787186,72.02023597969998,92.8161471591182,2023,p90
At most primary school,57,133,44606,2094.0451321944734,24.08801506523786,88.98356349668954,125.26615253553334,2023,p90
At most primary school,58,129,46869,1602.8022929157155,60.156606712325846,46.78276152680876,125.53454664419269,2023,p90
At most primary school,59,107,35814,1839.9950927011782,39.73446138381639,56.02222594516111,83.90205878520504,2023,p90
Secondary school or above,13,5,1497,217.1676686706747,0,0,0,2023,p90
Secondary school or above,14,39,14835,603.5789237164364,63.24772497472194,0,0,2023,p90
Secondary school or above,15,78,26784,631.5911364994026,12.279719235364396,5.888092393468737,34.90890083632019,2023,p90
Secondary school or above,16,112,45745,738.1028964914199,12.112580609902722,3.297737457645644,0,2023,p90
Secondary school or above,17,142,51084,1064.1469018348864,63.66220342964529,17.269301542557358,8.11995928274998,2023,p90
Secondary school or above,18,188,64667,1189.7440992572203,45.598945366261,13.15516414863841,27.710681903701527,2023,p90
Secondary school or above,19,237,85068,1761.2678484663252,81.96710866600837,13.65994459334493,9.898073697904422,2023,p90
Secondary school or above,20,285,104147,1966.7099844450631,71.66528080501598,23.462613741474392,50.43320178849767,2023,p90
Secondary school or above,21,226,82199,2330.36179069494,28.288300344286426,3.5983203364193397,19.90778476623803,2023,p90
Secondary school or above,22,283,97603,2252.2199881151196,69.19428706084854,17.8433723007148,42.97240521978491,2023,p90
Secondary school or above,23,296,106828,2391.1415148650167,48.98447972441682,32.77768936982814,49.4752124911072,2023,p90
Secondary school or above,24,238,94084,2308.853666227343,51.971908082139365,51.88661196377705,30.02465881552655,2023,p90
Secondary school or above,25,242,89457,2485.88628428556,84.11831382675476,144.4093670702125,17.593491845244085,2023,p90
Secondary school or above,26,216,81014,2388.2757918384477,37.803848717505616,116.7246813307988,40.08669283498325,2023,p90
Secondary school or above,27,252,99305,2722.5247394391017,62.8217108906903,42.080161287615596,60.64656697380125,2023,p90
Secondary school or above,28,237,88087,2516.416996832677,42.64615664059396,23.599244686124702,149.90250547753925,2023,p90
Secondary school or above,29,199,71836,2741.129778244891,48.18712066373406,38.256097221448854,73.1777892236019,2023,p90
Secondary school or above,30,255,98927,2730.9002058757133,21.304780292538943,273.5922700577193,79.63400622007474,2023,p90
Secondary school or above,31,146,52939,2850.2339736929925,15.531271841175693,315.2413627004666,90.02348615072692,2023,p90
Secondary school or above,32,155,55225,2818.1966304511843,22.665115436849252,53.678889391881704,157.72687490568885,2023,p90
Secondary school or above,33,185,74586,2928.2591371034778,30.626256938299413,546.8341914032123,35.6982811787735,2023,p90
Secondary school or above,34,157,59864,3058.766309189719,50.437491647734866,48.63760635217605,103.40795803821996,2023,p90
Secondary school or above,35,168,62899,3151.673375835334,16.867040811459642,148.62829032788014,62.36230570703297,2023,p90
Secondary school or above,36,158,52778,3052.0397956219135,82.5613892152033,55.750281051448205,29.871663698258114,2023,p90
Secondary school or above,37,108,42890,3727.7656096992305,76.98834227092563,69.35727053703272,76.97054480453873,2023,p90
Secondary school or above,38,105,42432,3113.064308776395,49.27978883861237,388.2938780480141,250.22467320261435,2023,p90
Secondary school or above,39,111,42330,3333.2382786046146,59.39428301441058,26.325773682967164,122.83831010315774,2023,p90
Secondary school or above,40,144,58636,3384.661143893399,24.959751688382564,188.11587591240877,132.47606703504104,2023,p90
Secondary school or above,41,84,35514,3629.6458110416547,133.17564903981528,232.96774980758764,187.17400649509113,2023,p90
Secondary school or above,42,126,56663,2947.5792830712576,33.86248521963186,97.36132926248169,42.12666701963069,2023,p90
Secondary school or above,43,98,39425,3175.577180300148,51.102092580849714,197.52346227013317,129.89713802578737,2023,p90
Secondary school or above,44,68,26925,4455.512033426184,50.98384401114206,57.6658619622408,16.84895078922934,2023,p90
Secondary school or above,45,77,33351,3329.2062257003786,76.08467512218525,132.4020768992434,87.43655862392933,2023,p90
Secondary school or above,46,62,23692,2368.8873600090046,40.83234847205808,343.02296133716027,123.80480049524454,2023,p90
Secondary school or above,47,57,25343,3187.4906154230625,41.096160675531706,84.44738192005683,62.626103197464126,2023,p90
Secondary school or above,48,55,26649,3482.7410784644826,140.27543247401402,163.8404192777715,32.188825096626516,2023,p90
Secondary school or above,49,34,14405,3299.2533379613556,79.18083998611593,363.17250954529675,79.82644914960083,2023,p90
Secondary school or above,50,60,21086,3463.5727536438076,105.46523759840653,159.25732713648867,21.933984634354548,2023,p90
Secondary school or above,51,44,20330,2512.4089194949993,28.15376291195278,455.8263649778651,109.02115100836203,2023,p90
Secondary school or above,52,37,12664,3614.479311433986,25.300063171193937,148.19435670667508,189.099020846494,2023,p90
Secondary school or above,53,35,14178,2150.302816570273,3.667654112004514,107.49988244698359,63.14948041566747,2023,p90
Secondary school or above,54,30,14757,2702.084773327912,1.0029138713830725,683.2203925820515,29.00092611416051,2023,p90
Secondary school or above,55,29,15181,2456.5087938870956,10.802977405967987,687.0270294007861,23.06830907054871,2023,p90
Secondary school or above,56,29,16068,2785.7180628163637,8.588498879761016,160.36739689652313,56.4973861090366,2023,p90
Secondary school or above,57,32,13968,2867.9899770904926,3.52233676975945,391.2943871706758,75.00477281405117,2023,p90
Secondary school or above,58,22,11694,3691.0585200387663,288.2332820249701,427.30210649335845,20.249700701214298,2023,p90
Secondary school or above,59,18,6075,2587.1700960219478,0,343.758573388203,65.11934156378601,2023,p90
At most primary school,13,60,22949,353.8399494531352,30.753627609046145,0.6655337196972998,14.530771130187228,2023,p50
At most primary school,14,91,33937,595.2214397265521,78.64292659928691,0.5418127707222206,0,2023,p50
At most primary school,15,99,32090,589.0179806793393,10.496727952633218,0,0.5484574633842318,2023,p50
At most primary school,16,111,42830,781.2212390069267,96.54961475601215,0.06128881625029185,5.997081484940463,2023,p50
At most primary school,17,88,32323,774.115397704421,59.673761717662344,0.5006754736049666,4.116779589353298,2023,p50
At most primary school,18,98,33588,989.4649130641895,146.75259021078958,3.6421737922273825,0,2023,p50
At most primary school,19,66,24105,1018.3779298900643,32.302012030699025,2.55202931618613,0.8089607965152458,2023,p50
At most primary school,20,95,34700,1003.7362247838616,84.43605187319885,3.4169068203650332,11.660422670509124,2023,p50
At most primary school,21,89,37832,914.9615404948192,44.30217805032777,1.8027067033199409,56.3512811024177,2023,p50
At most primary school,22,97,37244,1189.1246733254575,69.32176994952206,352.50588461676153,60.72924497905703,2023,p50
At most primary school,23,110,39960,976.3109776443109,32.78218218218218,28.859275942609276,2.7761094427761095,2023,p50
At most primary school,24,94,34668,1100.3334294834815,52.623456790123456,50.77410484212146,23.63851390331141,2023,p50
At most primary school,25,102,40294,1193.248457173111,24.69437137042736,19.494837941132676,21.979848116344865,2023,p50
At most primary school,26,112,43055,1041.1892772809972,22.67576355823946,12.750077420353811,1.560794332830101,2023,p50
At most primary school,27,98,38288,1095.8277049380135,31.810488926034267,21.23911756512049,56.16816408970608,2023,p50
At most primary school,28,107,41876,1331.6252666602986,36.49197631101347,27.741397220364888,112.87611042124367,2023,p50
At most primary school,29,116,42180,1171.3167852062588,19.482788051209102,58.96844476055002,41.48846214635688,2023,p50
At most primary school,30,132,50742,1307.2291921222393,47.667809703992745,132.64225559365678,44.05088486855071,2023,p50
At most primary school,31,102,39598,1174.1372922874893,55.771225819485835,39.935308180547835,36.67441116554708,2023,p50
At most primary school,32,147,55522,1188.833351344212,78.24276863225388,16.32145816072908,37.95552513718287,2023,p50
At most primary school,33,134,48116,1278.8541441516336,12.583963754260537,47.99339097181811,74.38590073987862,2023,p50
At most primary school,34,130,47764,1352.715071322893,35.295829495017166,75.80869832230691,53.985707506350664,2023,p50
At most primary school,35,137,49575,1301.228764498235,12.584972264246092,102.58348461926374,61.815229450327784,2023,p50
At most primary school,36,114,38373,1386.5625287745722,37.109347718447864,405.5117421972046,338.42059086684213,2023,p50
At most primary school,37,132,43842,1159.2897373903259,6.433328771497651,28.6926710308228,59.963581345133285,2023,p50
At most primary school,38,148,55935,1196.607610023539,32.78162152498436,82.732591400733,23.471291081910554,2023,p50
At most primary school,39,138,51805,1216.7054563587812,49.57648875591159,75.48579609432808,19.792169353022555,2023,p50
At most primary school,40,163,59593,1139.804826070176,17.265282835232327,99.82328041884114,167.90551462979434,2023,p50
At most primary school,41,97,37093,1085.7135847734073,0,146.40453275101322,87.2309779922537,2023,p50
At most primary school,42,142,49533,1251.6636282882118,20.41980094078695,21.11748733167787,36.52649075700375,2023,p50
At most primary school,43,119,43720,1312.3414493748094,4.3496797804208605,18.763132814882585,198.98048185422383,2023,p50
At most primary school,44,87,28725,1202.578021467943,6.266318537859008,11.967203365245142,101.6575572961996,2023,p50
At most primary school,45,89,35273,1229.2740292386056,13.033198196921157,41.64025364065055,110.89785388257307,2023,p50
At most primary school,46,91,35451,1164.707591699341,30.82903162111083,40.936339360431774,162.14029693567647,2023,p50
At most primary school,47,96,34306,1045.6762714005324,7.140150411006821,58.79972405215803,70.46357294156513,2023,p50
At most primary school,48,87,28697,1044.3936183805508,14.281632226365126,43.29459525385929,296.6605103901685,2023,p50
At most primary school,49,90,35209,1319.3800259403372,7.483313925416796,163.7750054436839,72.01018678936256,2023,p50
At most primary school,50,102,31080,1076.938492063492,7.553410553410553,42.313652938652936,99.13958601458602,2023,p50
At most primary school,51,58,21674,894.9515548583556,27.298145243148472,372.17868952047,107.0560733290271,2023,p50
At most primary school,52,112,38636,947.834610208096,2.5059529972046795,29.095424819684574,205.35217586361597,2023,p50
At most primary school,53,98,36234,1020.3033844823462,2.7156814042059945,89.88168340968889,104.66331806222516,2023,p50
At most primary school,54,55,15715,841.1797009226854,65.70792236716512,37.85077951002227,74.15017499204582,2023,p50
At most primary school,55,64,22793,1076.8377425817869,33.51467555828544,69.79116395384548,223.02753769432138,2023,p50
At most primary school,56,48,16732,977.6871862299785,0,15.659116264244163,105.86401306877042,2023,p50
At most primary school,57,57,18771,923.4095146768952,15.182995045548985,92.26732726013532,70.60621881270754,2023,p50
At most primary school,58,52,20026,864.9207530210726,33.51043643263757,42.719048570192086,166.7865108692034,2023,p50
At most primary school,59,57,19555,744.5813858348248,62.2577345947328,83.3594136197051,67.44055228841728,2023,p50
Secondary school or above,13,2,651,218.27956989247312,0,0,0,2023,p50
Secondary school or above,14,14,5270,254.35863377609107,72.75142314990512,0,0,2023,p50
Secondary school or above,15,35,12039,254.001162887283,12.554198853725392,1.4652379765761276,77.66425782872332,2023,p50
Secondary school or above,16,49,19861,495.4113757279761,14.560696843059262,0,0,2023,p50
Secondary school or above,17,59,18601,731.0330089780119,122.5966345895382,46.038295432145226,0,2023,p50
Secondary school or above,18,73,27086,792.1224987078195,61.641253784242785,15.487582761081985,26.643530483152432,2023,p50
Secondary school or above,19,71,23781,955.4828084044686,62.81485219292713,28.26205794541861,3.801354022118498,2023,p50
Secondary school or above,20,95,31762,1108.9200669563209,75.8055223222719,42.217639527317765,66.76741598975715,2023,p50
Secondary school or above,21,66,20482,840.6137177358983,44.589883800410114,5.872392019008561,33.43260749275787,2023,p50
Secondary school or above,22,91,29813,1196.5423081653419,9.13259316405595,19.29164011225528,73.20631939086975,2023,p50
Secondary school or above,23,80,25662,1265.0884446522746,126.51508066401684,27.506624581092666,42.43891097082587,2023,p50
Secondary school or above,24,69,27507,1171.2542261969681,20.491693023593996,134.4151791665152,22.044691654245586,2023,p50
Secondary school or above,25,63,23215,1229.2061167348697,61.34973077751454,271.45171943427385,16.879646780099073,2023,p50
Secondary school or above,26,66,23560,1083.6095783814376,5.893887945670628,4.519489247311828,117.03027730616863,2023,p50
Secondary school or above,27,78,27995,1490.7665654581176,121.93570280407215,103.75431624694886,111.5816157647199,2023,p50
Secondary school or above,28,83,30623,1421.536307132983,14.076021291186363,27.065277732423343,177.03939304879776,2023,p50
Secondary school or above,29,61,20814,1470.2045177925113,24.544056884789086,25.936068671727366,46.36302488709522,2023,p50
Secondary school or above,30,88,29544,1492.4737228089177,9.73747630652586,61.64026536691037,72.6871784457081,2023,p50
Secondary school or above,31,42,13359,1486.2074756094519,23.9306834343888,143.25579509444322,103.21381340918731,2023,p50
Secondary school or above,32,45,15207,1601.0585475986934,4.732031301374367,94.70638521733412,93.0930930930931,2023,p50
Secondary school or above,33,58,22898,1503.5351267941887,22.47445191719801,99.26405508486914,59.04533146999738,2023,p50
Secondary school or above,34,64,22657,1781.0183901958187,60.067528799046656,39.99757249415192,262.2832090156096,2023,p50
Secondary school or above,35,53,21479,2037.7793038161303,3.7674007169793753,300.2523782919751,143.56487732203547,2023,p50
Secondary school or above,36,49,13998,1420.908415487927,109.53171881697385,20.313973424774968,63.299518978901745,2023,p50
Secondary school or above,37,18,5086,1508.3570258225193,54.41604404246952,18.10853322847031,0,2023,p50
Secondary school or above,38,24,7497,1067.001467253568,21.10844337735094,323.83097683517855,55.49775465741852,2023,p50
Secondary school or above,39,24,7973,2202.9836113549895,11.333249717797568,19.681424808729464,81.08825619800159,2023,p50
Secondary school or above,40,47,19676,1764.3641153350954,25.243952022768855,371.7193535271397,129.8832757335502,2023,p50
Secondary school or above,41,18,7887,2296.7520392206584,111.38582477494612,55.40763281349055,351.5151515151515,2023,p50
Secondary school or above,42,37,15208,1680.6238383307032,31.75960021041557,89.25138085218306,104.32699894792215,2023,p50
Secondary school or above,43,22,9612,1251.360278818144,20.70328755722014,127.77430989041477,9.772506588985989,2023,p50
Secondary school or above,44,6,2954,2100.5839539607314,0,0,0,2023,p50
Secondary school or above,45,15,5536,883.8851156069364,0,144.6576950867052,52.6246387283237,2023,p50
Secondary school or above,46,13,4252,1434.2078237692067,0,659.47789275635,0,2023,p50
Secondary school or above,47,15,6721,1493.6646332391012,14.122898378217528,55.78286961265685,120.81535485790805,2023,p50
Secondary school or above,48,13,5040,1445.9887566137568,0,0,0,2023,p50
Secondary school or above,49,9,2316,1123.071387449626,0,132.55613126079447,353.8428324697755,2023,p50
Secondary school or above,50,6,2027,2045.6832757770103,0,0,0,2023,p50
Secondary school or above,51,13,4373,1369.830017531824,0,0,424.5140635719186,2023,p50
Secondary school or above,52,9,2799,1156.5880671668453,0,213.68345837799214,117.47052518756699,2023,p50
Secondary school or above,53,9,4706,1119.1372715682107,0,0,48.25046040515654,2023,p50
Secondary school or above,54,2,793,1436.3366960907945,0,0,0,2023,p50
Secondary school or above,55,4,1490,1638.993288590604,0,42.5503355704698,0,2023,p50
Secondary school or above,56,8,3940,1352.9225888324872,0,205.1776649746193,136.62436548223351,2023,p50
Secondary school or above,57,3,2203,473.93554244212436,0,0,0,2023,p50
Secondary school or above,58,5,2473,713.9911039223615,0,0,0,2023,p50
Secondary school or above,59,5,1404,435.8974358974359,0,0,142.687559354226,2023,p50
